ax_media,ax_varianza,ax_curtosis,ax_simetria,ax_entropia,ax_energia,ay_media,ay_varianza,ay_curtosis,ay_simetria,ay_entropia,ay_energia,az_media,az_varianza,az_curtosis,az_simetria,az_entropia,az_energia,gx_media,gx_varianza,gx_curtosis,gx_simetria,gx_entropia,gx_energia,gy_media,gy_varianza,gy_curtosis,gy_simetria,gy_entropia,gy_energia,gz_media,gz_varianza,gz_curtosis,gz_simetria,gz_entropia,gz_energia,clase,ventana_id
0.021812000000000005,0.018648846656,4.8346640993799035,1.144856743939941,1.5210350016709118,0.019124609999999997,-0.641501,0.08512312609900001,-0.1722670596860989,-0.8744054303691664,1.8782955299043005,0.4966466590999999,0.613997,0.21667814049099998,-0.23068348530978877,-1.0233571008775442,1.7438478966910016,0.5936704565,-17.993771000000006,8368.487698033061,5.363831761203908,0.13930044306123546,1.2600186102485917,8692.263492833501,4.243162999999999,2354.802393377931,9.426249127129259,2.536114264200665,1.297562144730784,2372.8068256224997,2.993162,920.4050635151559,4.308771432753624,-0.25718411430612126,1.495275963252753,929.3640822733998,reposo,0
-0.023683,0.00038483101099999993,24.214063802850752,-3.5374751777016393,0.9375609297258072,0.0009457155,-0.05733,0.006642092300000001,4.475817648074087,-0.7155119850399371,1.2027728853978406,0.0099288212,1.0282119999999997,0.0034700334559999995,32.5179480556348,5.267401986509887,0.6173034623998639,1.0606899504,1.1071730000000002,475.2602044803711,11.30186509882859,-2.131050681510446,0.8262749986023508,476.4860365323,2.7813719999999993,12.038454213216003,21.071427319046947,2.2186362004181697,0.5628407025312321,19.774484415599996,-4.9054,65.70968329440001,4.603338650848916,-1.6836012767959612,1.4150363263306245,89.77263245440001,reposo,1
-0.022364000000000002,9.79504e-07,2.7802404398858886,-0.10756300195741218,1.6363537019456285,0.0005011279999999999,-0.033634000000000004,2.4976439999999995e-06,17.84407161784187,2.8137181667233286,1.1620398501833635,0.0011337435999999998,1.023032,1.3373760000000005e-06,0.9030625387454378,0.43985229626273536,1.9024770654556282,1.0465958104000002,5.783072999999999,0.010011262770999986,-0.47723095276703686,0.11832748794784839,1.890714766209052,33.45394458610001,2.756349,0.008996646298999999,0.2884667852252969,0.37247410861125235,1.809847883313597,7.6064564561,-0.5603049999999999,0.19024202067499996,1.3212241233100483,0.8560536883143298,1.9103144670858632,0.5041837137000001,reposo,2
-0.022618,5.724475999999999e-06,9.014330552594338,-0.14559777931405235,1.172610573734393,0.0005172983999999999,-0.033299,4.171898999999999e-06,7.437880194415014,0.755580844041822,1.278222315420701,0.0011129952999999998,1.022226,2.655724000000005e-06,2.7880447867071796,-0.3129076018343022,1.6406713817829428,1.0449486508,5.803822000000001,0.013640955315999993,0.21949244320300476,0.2056311754851524,1.603060465245311,33.697990763,2.7709960000000002,0.007975096583999992,1.0174249961356043,0.4177337630673401,1.7394621771620087,7.6863939286,-0.429692,0.16472532353600003,0.9550020858330859,0.4700831836557122,1.870099197703345,0.3493605384,reposo,3
-0.022434000000000003,4.396644e-06,6.598286621278547,0.6357416338829598,1.3805473874955692,0.0005076809999999998,-0.033607,4.687650999999999e-06,6.941813165654526,-1.7849410107990498,1.4111490130156583,0.0011341181000000002,1.0227989999999998,2.6336989999999776e-06,1.924016481431435,0.8304050169458242,1.806281917547913,1.0461204281,5.823964999999999,0.013871393074999992,0.15064102028897253,0.11332355851640519,1.6223165039753278,33.932439714299996,2.7758770000000004,0.007041263570999996,0.8103682180926328,0.4343174022359964,1.7072824677469125,7.7125343827,-0.391236,0.634950103504,0.5167692104581687,-0.18136334789487252,1.9400058502336068,0.7880157111999999,reposo,4
-0.022227999999999994,1.0161815999999999e-05,10.576376213320001,1.0434137499333014,1.0812946814806206,0.0005042457999999999,-0.033159999999999995,9.8496e-06,14.307915770537825,-1.443024562319861,1.0956140954946925,0.0011094352,1.0234320000000001,2.6863759999999945e-06,4.865113207446367,-0.8399890940101424,1.600402454150389,1.0474157450000001,5.764765,0.016716201674999997,0.1707717102358446,-0.012537765531191254,1.8621705212505202,33.2492317069,2.727653000000001,0.050642398890999994,29.72144576140024,3.384075149713802,1.0270958070282181,7.490733287299999,-0.461426,0.8582542097240001,1.787114149920746,0.4606161895263484,1.7378608690002961,1.0711681632,reposo,5
-0.022247999999999997,1.3216959999999997e-06,2.1581672345125966,-0.5720907346349262,1.794044518005349,0.0004962952000000001,-0.033278,1.2387159999999995e-06,3.5764512858250663,0.7206077471885386,1.7044893240129997,0.0011086639999999999,1.022375,1.2324749999999915e-06,1.2916010650416956,0.24344961073847873,1.8209508885144041,1.0452518731,5.825792999999999,0.013735545250999983,-0.3467563162170002,0.41542324929795005,1.985229730679848,33.9535996241,2.7441370000000007,0.010277441330999997,0.06828163978832791,0.29924091751838866,1.8874890536040287,7.5405653160999995,-0.6176750000000001,0.132046525875,0.46568670317000915,-0.4413444602343439,1.9533159641638222,0.5135689314999999,reposo,6
-0.021651999999999994,5.451895999999999e-06,2.102645253585142,-0.4669960920310891,1.672401485548142,0.0004742609999999999,-0.032922,1.2760515999999998e-05,4.819041913364137,1.3566575915660715,1.3747616029447784,0.0010966186000000001,1.022573,3.872170999999995e-06,3.4292711290708713,-0.9964369688079833,1.6707668330274008,1.0456594125,5.7702610000000005,0.032293639178999994,1.506838700623235,-0.02022592191875965,1.7127856809399378,33.3282056473,2.7618370000000003,0.29506758893100005,3.1909347036941202,0.09897983585932989,1.5249731295204014,7.9228112035,-0.770267,0.4460519946109999,0.3551103776770299,-0.5873512104320827,1.9827332933917918,1.0393632459,reposo,7
-0.020896000000000005,6.4077584e-05,29.173881476455627,3.736838180737437,1.0568163110865485,0.0005007204000000001,-0.026346,0.000249734884,18.96616128645501,3.5625403935031494,1.0213423645467754,0.0009438466000000001,1.0227350000000002,9.931674999999998e-06,4.926383814129912,0.02142931638381705,1.480141380681305,1.0459968119,5.8038289999999995,30.600421688859,18.097344493770628,-3.6399451991534724,0.6461716356335796,64.2848527501,2.688601,1.6492085252990003,10.026651253229698,-1.9631879820184606,1.3602427428960993,8.8777838625,-1.0015889999999998,2.947978425179,49.71290057598459,-6.4111326837366835,0.6191765225066362,3.9511589501,reposo,8
-0.020711,1.2853778999999995e-05,14.069194992000714,1.9879648902075795,1.1353624600735281,0.0004417993,-0.033039,1.2387378999999997e-05,10.40311370562082,-1.1535297403742615,1.2491936516984339,0.0011039628999999999,1.0225259999999998,6.706923999999984e-06,5.2740099821642765,-1.777300257495882,1.6373253366840836,1.0455661276,5.782467000000001,0.7192465058109998,5.691163120819949,-0.6458776528138842,1.1843841526748788,34.1561711119,2.7233870000000002,0.17552075953100002,0.4009817798883657,-0.049606362353610774,1.975016768772318,7.5923575113,-0.6213419999999998,0.5484674880360001,2.2869389801367355,0.20697656888923807,1.6985994294186906,0.9345333690000001,reposo,9
-0.01683,2.24391e-05,0.379358953445208,0.6074028178623507,1.886280118872324,0.000305688,-0.015871,0.000210140459,-0.5894154861929515,0.5884427628168462,2.1231069334593458,0.0004620291,1.023408,1.1082336000000045e-05,1.145775601967813,-0.3063952117085642,1.7690820241408278,1.0473750167999998,6.242063000000001,11.454645456131004,1.2792743369653987,0.113436901380522,1.8081890078954015,50.41799595210001,2.9089320000000005,0.5379470615760001,1.1395220796374135,0.04167050480706113,1.8495253374228857,8.9998324422,-0.7720959999999999,0.671323504184,-0.45322871811099974,0.16737273902412908,2.069298209443015,1.2674557374000002,reposo,10
-0.015889,3.382179e-06,-0.03712303649835036,0.23550829409053906,2.0284383975030846,0.00025584249999999995,-0.031448000000000004,1.1814496e-05,2.5288994266906313,-0.7311016648585642,1.6870468039965112,0.0010007912000000003,1.0230629999999998,4.969931000000017e-06,3.6967568777458135,0.9138659354819723,1.6732968527475918,1.0466628719,5.951534000000001,1.094675096044,2.0369841164042635,-0.21991520569211537,1.7306287630788992,36.5154320492,2.8369139999999997,0.12267463940399999,0.5314608309458784,0.10473470135135077,1.907022291399412,8.170755682800001,-0.676886,0.15229903440399997,1.7368298755306286,-0.7036145995067632,1.8082745185826954,0.6104736914,reposo,11
-0.013482999999999998,5.711610999999999e-06,0.25742627090642056,0.26649294472487206,1.9919794003090812,0.0001875029,-0.016199,5.547209899999999e-05,0.033282344976715006,-0.3205847829640872,2.019634243044503,0.00031787970000000005,1.02247,1.0350500000000056e-05,2.662784751029272,0.5783438824881318,1.7363130666871187,1.0454552514,5.417481999999999,2.877631109076,1.5016416211684867,0.2343840079125085,1.7888969484303756,32.2267423294,2.7862520000000006,0.316226354096,2.5053113725008966,1.2152963303463127,1.714111171440638,8.0794265616,-0.557254,0.12812718148399999,1.9096906910877252,0.29071008241838014,1.6422188678400615,0.43865920199999997,reposo,12
-0.014870000000000001,7.325100000000001e-06,1.1353077240798353,0.7995315698536635,1.848908214151447,0.00022844199999999995,0.0077480000000000005,8.398809599999998e-05,-0.8736784614510427,0.1870972933415445,2.1216030734555686,0.00014401960000000002,1.0223060000000002,8.258364000000009e-06,1.6891767320924318,0.5920155375717869,1.8832015095591692,1.0451178159999999,5.261231,2.445371114939,1.2458855418791774,-0.41965735634186613,1.8188380748277932,30.125922750299996,2.668456,0.37723326386400013,0.7759128684559347,0.2429657648204802,1.9588119380590208,7.497890687799998,-0.7342549999999999,2.404189871675,82.09464617822881,-8.856759564256523,0.3089109846691022,2.9433202767000006,reposo,13
-0.016427,5.722971000000002e-06,0.4802303635014824,0.567068974471857,1.9472166774484583,0.0002755693,0.027891,2.8241018999999998e-05,0.26969813269757115,-0.6931027920309136,2.0500137427018528,0.0008061488999999998,1.020759,1.007561900000001e-05,0.7438875702497216,0.3707149595771588,1.9064633928660226,1.0419590117000002,5.529170000000001,2.3513484816999997,1.828670668335402,-0.22087603133072717,1.7920991129475405,32.9230693706,2.7435330000000007,0.27435428741100004,1.8678931593272088,0.27059219221747355,1.6663492979998973,7.8013276094999995,-0.5621370000000001,0.128395683731,0.9594334714151578,-0.06857213142015596,1.798907800343837,0.4443936904999999,reposo,14
-0.017234000000000003,9.860643999999995e-06,12.299992886173976,2.254062997667663,1.20630562293841,0.00030687139999999993,0.08673199999999999,0.0015999871759999997,-1.4503687030249386,-0.6359959740847766,1.6168840490164857,0.009122426999999999,1.014237,3.001673100000006e-05,-0.42540998246634665,0.5374231712897545,1.9967001909058628,1.0287067089000002,4.34021,22.73408752749999,12.160729076401854,-3.188949481381843,1.3131169784077636,41.571510371600006,2.753296,0.44367907458400013,8.405278557277828,1.9204227527230484,1.4180388192720341,8.024317938200001,-0.5865499999999999,0.4874798975000001,3.7566190103818933,1.4209582471339055,1.7390435762123024,0.8315208,reposo,15
-0.021070000000000005,4.5762699999999995e-05,11.319950607467177,1.1412037990762482,1.2652708112585789,0.0004897075999999999,0.18485400000000002,0.001001219084,2.5417377710641453,-1.2106080745971521,1.530465370488217,0.035172220399999995,0.9991099999999997,5.65041e-05,2.235831082131954,0.6773174387410978,1.6936790590067345,0.9982772961999999,4.924319,22.151247757939,1.4927937257578474,-0.31724469447563575,1.7798581541916452,46.4001653717,2.723993000000001,1.3339267104509998,8.440506633344526,-0.608710090116289,1.213286439871795,8.7540645745,-0.477294,1.6067495785639998,22.525876700190597,-3.205853669809021,1.2110302768784496,1.834559141,reposo,16
-0.019552000000000003,8.6523296e-05,42.235916882318406,-4.998302139987675,0.8332194922864371,0.000468804,0.18353299999999997,0.000405435211,7.026454107091363,0.42184326494902424,1.3361974720496745,0.034089797299999995,0.999373,0.0001952319709999998,34.38300028387513,1.8166926098774083,0.41981613943605045,0.9989416251000001,6.6925040000000005,7.5956258707840005,3.17382804176577,0.9950280583638843,1.6038454046064836,52.38523566080001,2.8521739999999998,1.9675968107239996,20.003484033536598,1.5863147972030611,0.999652826381412,10.102493337,-0.682987,3.2835174465309995,44.810755125147956,-5.210385519681183,0.9115174474970282,3.7499886887000007,reposo,17
-0.016808999999999998,2.0311819000000003e-05,2.628037307502977,-0.5916315704036514,1.6692856308706143,0.00030285429999999996,0.144234,0.00010699904399999998,1.0465093424427687,-0.41814806689977974,1.8539055732165837,0.0209104458,1.0066959999999998,1.387478399999998e-05,1.033656201812847,0.2824328840132912,1.8026146373396643,1.0134507112,6.281739999999998,12.377338726400003,-0.33901213514854955,-0.08363649296065469,2.122118178957646,51.837596154,2.7197249999999995,1.4406657570749999,9.127890637524736,-2.2168014479943667,1.4109507187031225,8.8375698327,-0.61889,0.6404470419,3.5869388136811677,-0.24055715165336078,1.6097532833465764,1.0234718740000002,reposo,18
-0.0026330000000000017,0.001738221411,6.923675088130386,1.5624504096119851,1.1027521089415582,0.0017451541,-0.164886,0.216782794404,0.019720796749709724,-1.3196619988405822,1.3618607241914975,0.2439701874,0.818484,0.16838411754400004,4.712299023009651,-2.002682443555169,0.9323917201220809,0.8383001757999999,39.003293000000006,32735.22988029565,66.40157621626409,7.8833829363088945,0.45606164275078276,34256.4867451395,2.039791,371.157342692619,24.803706881515726,-2.6151919627520277,0.5845986673825228,375.31809001630006,4.896851000000001,440.014624481699,19.209915070704188,3.221454218995442,0.7030658080141222,463.99377419789994,reposo,19
-0.03501,0.0191451927,0.04057709741427651,-0.10931756730424241,2.051399051695342,0.020370892800000005,-0.6128439999999999,0.11663895266400001,1.7008798696263474,0.06062952335718036,1.6351526191740007,0.49221672099999997,0.6914349999999999,0.16097471967500002,1.2068879465618956,-0.9729357474501965,1.7681206994047778,0.6390570789000001,9.190675999999998,20033.668472712623,6.194937837053086,0.13753843222714365,1.2825866684146936,20118.136998049602,-4.154661999999999,1742.900229646156,2.5397410734820083,-0.897113770589257,1.71995031163842,1760.1614459803998,-1.552123,2800.068318175572,14.223892060683006,2.551085345096324,1.3029022515524402,2802.4774039827003,arriba,20
0.011827,0.016648637971,4.2676154696896615,1.7863008817847512,1.3807740290977406,0.016788515900000002,-0.05300600000000001,0.18703384196399997,2.4488353712627084,-1.172450951672036,1.4532092159981072,0.189843478,0.8707899999999998,0.1339901537,5.628966796899556,-2.339039325759544,1.1266509816172516,0.8922653778000001,-22.993781,22222.59572180773,9.377966789384732,-2.756077228843044,1.2011394374695092,22751.30968648371,-0.3338640000000002,3954.4465097369034,4.842746407636288,0.14849137054507658,1.1411570245117892,3954.557974907401,10.937499999999998,1879.8792079506002,5.032483010550955,1.6047629481986192,1.1986555088468456,1999.5081142006002,arriba,21
-0.021064000000000003,5.01504e-07,0.5689561236248664,0.6250063999292272,1.946151299173781,0.0004441936,-0.033364,5.00504e-07,1.139844099756333,0.8190021455964656,1.975435845695649,0.0011136569999999999,1.021342,8.286360000000249e-07,2.0201557205994822,0.12978578549878453,1.714888258994171,1.0431403096,5.842883,0.012355781010999982,-0.6230372044661849,-0.2422014788641527,1.9639890391064607,34.1516375327,2.7935819999999993,0.008709135275999993,0.10704462431101502,-0.26472616376249225,1.8254437968990584,7.812809526000001,-0.526732,0.023074882176000004,0.309685969109478,0.03801206094756023,1.9044425301021222,0.30052148199999995,arriba,22
-0.020499,1.3716990000000001e-06,14.885823646210945,-2.4618965251423663,1.176065196679945,0.0004215807,-0.033833,1.0118109999999999e-06,15.27483367555402,2.19760659205335,1.257748551638707,0.0011456836999999998,1.0211450000000002,8.918750000000005e-07,-0.6307299396120092,-0.02640959746418076,2.102014434733513,1.0427380029,5.797114000000001,0.013632099203999985,-0.12281887898451993,0.14846671342170825,1.544641761685703,33.6201628282,2.781373,0.012465459970999992,0.3679687254179971,0.010402318746134778,1.772107812223759,7.7485012251,-0.5358890000000001,0.045047758779,0.42233819483440405,0.10905373013370935,1.8373365803252784,0.3322247790999999,arriba,23
-0.020931,3.96139e-07,3.113011814374028,-1.0152051880916015,1.76227621679455,0.0004385029,-0.033706,4.0296399999999953e-07,-0.8037465426424992,0.1454013601622961,2.221388414843153,0.0011364974,1.0219610000000001,1.7705790000000077e-06,-0.3904944778399555,-0.017976725175073496,2.1204710436541934,1.0444060561000001,5.7849070000000005,0.015093448050999997,0.038375830399861144,-0.02871030907901811,2.0387283906038425,33.480242446700004,2.7526849999999996,0.010917358874999998,0.9908224140358133,-0.5737740474152133,1.4717092011496107,7.588192068100002,-0.588997,0.048533106291,11.406904555573593,-2.3973247088378202,1.4278036590698022,0.39545057230000014,arriba,24
-0.021125999999999992,1.999324e-06,8.061157936362012,1.733171763609349,1.4148270519153086,0.00044830720000000007,-0.033878,2.7063160000000003e-06,15.03022262284275,1.197681440108429,1.134482923828871,0.0011504252,1.020698,5.567995999999992e-06,5.304790408721647,-0.5677350984808724,1.3511207994168983,1.0418299752,5.762934999999998,0.012902663874999998,-0.6846130210969799,-0.17646963091688025,1.959204862132116,33.22432247810001,2.73559,0.011281150899999998,-0.4618571973836758,-0.05277743534036631,1.9549497327988385,7.494733799,-0.611579,0.028835886259,0.479835953704574,0.07085272846608744,1.8443864416630136,0.40286475950000006,arriba,25
-0.022842999999999995,1.9438510000000003e-06,5.472949317649363,-0.08768263593250358,1.382340520986876,0.0005237464999999999,-0.033468000000000005,2.252776e-06,7.497524935152072,-0.5372925333131682,1.3457392640686237,0.0011223598,1.0216210000000001,7.086259000000014e-06,25.355373886075203,-3.6876407909805824,1.1576204078697192,1.0437165539,5.864854000000001,0.009468690683999982,-0.22523876759303008,-0.014299327503272782,1.8295454263642172,34.405981131999994,2.7709949999999997,0.015128007874999995,-0.3829739598143762,0.12779435204423586,1.5570217719466977,7.6935412979,-0.520015,0.034684175075,0.10057882200994106,0.140756905866587,1.8895346602073304,0.30509977530000004,arriba,26
0.0053159999999999995,0.005035049344,4.577810266599073,1.8590147043688756,1.3432854138102308,0.0050633092,-0.32580800000000004,0.193381088736,-1.0510799750301432,-0.9227825161364337,1.138345125420204,0.2995319416000001,0.7751470000000001,0.151979871291,-1.0143397519224564,-0.8277632147309986,1.010477161850391,0.7528327429000001,30.701294000000004,15667.068568068164,20.377469970370115,4.233959447732984,0.40353586426937765,16609.6380213426,-3.6865189999999997,640.2228949595388,8.241618103096783,-0.3384797831161856,1.050630719036951,653.8133172969,0.5908180000000001,48.764714988875994,37.58121891478506,4.546620174315804,0.8496193219433742,49.113780898,arriba,27
-0.07390599999999999,0.022057529164000007,2.6366203086892215,-1.0458691259120407,1.7252186343943958,0.027519626,-0.3884740000000001,0.23033444192400002,-1.440254394580206,-0.5333819246902862,1.721529547320679,0.38124649059999993,0.6881040000000002,0.21529694158399995,-0.17586358357191223,-0.9695726129313238,1.6072831826456104,0.6887840564,-16.555181000000005,9403.16325366834,3.376182743461996,-1.0009158790336612,1.4106727457171542,9677.237271611099,7.145995999999999,3792.2127032115836,10.50618628122109,-1.7776505427487925,1.2034042763056436,3843.2779620435995,-5.491948,1005.788499415696,5.086741168282844,-0.661172914311487,1.2652510916862372,1035.9499922503999,arriba,28
-0.059899000000000015,0.002761361098999999,27.54220929401744,3.031140635216133,1.0130528909349505,0.0063492513,-0.038554,0.004188279284,15.826807582930662,1.8178889791759285,1.0519768355376826,0.005674690199999999,1.019484,0.00025935754400000004,6.471865574687207,-0.9206076009395402,1.1286411936210758,1.0396069838000002,5.324707000000001,500.465530684251,5.07833707920296,-0.7060749449218089,1.1153563082239613,528.8180353201,2.457887,43.04733777453101,5.792096691074237,-0.05868696032154472,1.3043953983916323,49.0885462793,0.4608179999999999,40.66459667087601,3.5485435106114247,1.2187838881163815,1.656660010704839,40.8769499,arriba,29
-0.014829000000000004,0.0005443894590000001,4.4033899943459565,-2.244253241634002,1.5076518268196146,0.0007642886999999999,-0.030695,0.00042559167500000013,5.655137161173057,0.18392087845196511,1.3521457306027176,0.0013677747000000002,1.0215640000000001,2.4145903999999925e-05,5.259322471385838,0.02911339634003284,1.4523644025307385,1.0436171520000004,6.676627000000001,86.29904158217101,27.22111776178686,4.4677321394130365,0.3759897137443645,130.87638967930002,4.571535000000001,19.936766983275003,11.423679353300184,3.1324692837249017,1.1669763432497975,40.8356992395,0.17944500000000008,16.991849227875,10.890708220670627,2.6792813733201823,1.1663260705440384,17.0240497359,arriba,30
-0.011492000000000002,1.8601360000000006e-06,7.185485407371946,1.896560551036035,1.4618380649518237,0.0001339262,-0.032063999999999995,2.4646504e-05,3.647190832735842,0.34870519443910686,1.611492948704179,0.0010527465999999998,1.021154,4.497883999999961e-06,0.47327621967994826,-0.043153961768138085,1.8767470305292207,1.0427599896000002,5.783680999999999,0.012226873538999997,-0.04612468735959396,-0.023905885612059165,1.983834740556822,33.4631927833,2.744748,0.061357715096000014,1.94685020242461,-0.39107174998579897,1.699041980348295,7.594999298600002,-1.079713,0.41176685893099985,1.4518774883455219,-1.1835142282178286,1.9188383098199753,1.5775470212999998,arriba,31
-0.014889999999999999,5.816900000000002e-06,0.8173672655468947,-0.6662569042853788,1.9545273133088128,0.000227529,-0.032101,2.7232099e-05,6.820985421955934,-0.740101973173042,1.151141981885183,0.0010577063,1.021695,9.829275000000069e-06,12.944555760624462,-1.9215789741914993,1.280217665260426,1.0438705023000001,5.787961,0.016617969778999993,0.7120568007393273,-0.34269915838168186,1.830379726892918,33.5171105073,2.744751,0.14487712269900002,0.6994410815957672,-0.5900601311185614,1.9431659625483793,7.6785351747,-0.507204,0.520261103984,1.0040617484973122,0.7450429598163208,1.8481570378413088,0.7775170016,arriba,32
-0.014511999999999999,4.084856e-06,0.20538487990236032,-0.5465904565909544,2.0072261397149007,0.000214683,-0.032224,3.6796024e-05,10.05085407743872,1.5071253110074523,1.1800713077000984,0.0010751822000000001,1.02255,6.575900000000004e-06,2.356706369412538,0.9451405355743508,1.7037890916269804,1.0456150784000002,5.773306000000002,0.009096141563999991,0.47305755879439815,0.06893087194779725,1.836180755465235,33.3401583112,2.6592979999999993,0.08697012119599998,3.419089174989212,-0.7041356117971288,1.6329629844131268,7.158835974,-0.27832,0.5869880232,11.869854358296347,-1.4942468347090163,1.279846577870738,0.6644500456,arriba,33
-0.018022,0.00029332031600000006,26.32469645508718,-1.3495141532879351,0.5396118558130181,0.0006181128,-0.019422,0.001989289116,16.73326725014167,4.072084884837613,0.6332753597059287,0.0023665032000000003,1.02113,0.00018104429999999983,30.308870752901598,-1.9652647261673253,0.48602676463485583,1.0428875212000002,1.7950369999999998,176.55009676853098,14.906982442982663,-3.7612938544561008,0.7127805876440865,179.77225459989998,1.8109139999999995,50.721068470404,23.2796808241628,-4.258653314153576,0.37598971374436446,54.00047798580001,-1.0003609999999998,8.972558512578999,55.591819479670434,-6.640960171700343,0.7401817589026625,9.973280642899999,arriba,34
-0.043926,0.001995359324,7.328480247829367,0.9554706102269921,1.429096118436405,0.0039248528,-0.02418,0.0060509497999999984,9.226584169186903,1.9218109824655174,1.414318098315676,0.006635622200000001,1.024546,0.0019247332840000007,10.7465814272867,0.7389076892048697,1.236410018105578,1.0516192394000001,8.750000000000002,1022.3487249591999,7.973618810729834,0.7178525929108452,1.1720399459610917,1098.9112249592001,3.176886,166.344968416804,3.1482664660975894,-0.31825271264434823,1.5481876044149079,176.43757307380002,1.7590380000000008,110.691213500956,5.00487393898703,0.7105497877436528,1.4892486164611898,113.78542818639998,arriba,35
-0.012966000000000002,2.2813044e-05,0.22066881470301825,0.6231154244191298,2.064241260753122,0.00019093019999999998,-0.032382,1.5051276000000002e-05,20.321031115815693,-1.5763089092643683,0.7644111916243495,0.0010636452,1.025154,9.047283999999976e-06,10.07151764481822,-2.052704957193536,1.4542852292150514,1.050949771,5.803214,0.07604434240399999,24.747373102591045,0.22035365059754547,0.8584966308106317,33.753337072200004,2.901001,1.435157100899,3.4165308720981207,0.7950563011563658,1.6710728663364587,9.850963902899998,-0.395503,0.377033165491,22.917072217048727,3.1093722338821315,1.1068379388100242,0.5334557885,arriba,36
0.0005699999999999997,6.89129e-05,3.7498745849422477,0.3177829488314498,1.5951724965611054,6.92378e-05,-0.033734,0.0005692384440000001,31.37420076540608,-3.7192219198949634,0.9429231021947119,0.0017072212000000004,1.025045,9.966747500000003e-05,10.335698462101805,2.084892945380031,1.118335007912278,1.0508169195,6.142576,34.240383155824,17.944618408255998,-0.2941324764659977,0.8931583100962835,71.97162307159999,2.623905,6.051989283874999,4.879481270517367,-0.5959146364409204,1.441888735057777,12.936866732899999,-0.05310000000000001,6.501998708799999,6.041948054281347,1.3221053090097286,1.313952200765201,6.504818318799998,arriba,37
-0.007972,0.000121759216,-1.3143696628486512,0.3338043448526479,1.953877237487467,0.00018531199999999998,-0.042772000000000004,0.000250816816,0.4772326242621232,-0.7913962168806616,1.786840261785909,0.0020802608000000003,1.024252,6.676909600000017e-05,6.696635416548814,0.3430647942845807,1.3360666458051722,1.0491589285999998,5.582269,46.42692107253901,3.0691387979414264,0.4949385328626906,1.5996868725616655,77.58864826090002,3.248906,4.573101144163999,4.768726629682805,-0.7141491358246703,1.3913096750363374,15.128491340999997,-0.610966,1.0325343346440001,5.904183717363125,0.020677310302489826,1.3431391154655572,1.4058137878000003,arriba,38
0.004757999999999998,0.0002713368359999999,0.12538311491752463,-0.8574294761787508,1.829324968025141,0.0002939754,-0.04247,0.0007931917,5.741264928218786,-2.2963430212610567,1.3380529323725852,0.0025968925999999997,1.023439,0.00043875517899999965,28.81535847721994,3.830879246143115,0.9874496378267925,1.0478661418999997,6.293938000000001,133.541481680956,10.359947095252958,-0.36201846632268864,1.0180031274522507,173.15513722880002,2.1838369999999996,29.284311103131007,8.244638215726143,-1.2750645569772387,1.1893194628117585,34.053455145700006,-0.6128,2.5964433878,10.995151166981655,1.7205980926653202,1.3092508183333968,2.9719672277999996,arriba,39
-0.023382999999999998,0.00011277981100000001,1.8813528684896275,-0.15209782683258413,1.4569797481290563,0.0006595444999999998,-0.07717099999999999,0.001051363859,1.8440514603528264,-0.6663478916376695,1.74864957571685,0.007006727099999998,1.0212119999999998,0.00017157185600000016,0.9749885845109234,0.1625231187594295,1.869982720738236,1.0430455208,5.103761000000001,135.560467669779,3.0158646263379403,-0.4930991884565161,1.6936807911842147,161.60884401489997,2.8985579999999995,8.153805928636,4.3299938302487595,0.4967568049634959,1.202422505370609,16.555444408,-0.6506389999999999,2.654211172779,0.5850485003648345,0.3834077221860934,1.9300186829152273,3.0775422811,arriba,40
-0.022810999999999998,5.942717899999999e-05,2.8737751002776966,-0.572340665180261,1.6792228139947183,0.0005797688999999999,-0.048998999999999994,0.000620018699,6.344818055795766,-1.7334265226959746,1.5936576238465485,0.0030209207000000005,1.021871,0.00016516625900000011,4.158616024399552,-0.591141279035565,1.5246213859700921,1.0443855069,5.6213370000000005,104.59246045773098,5.538289498841252,0.9120055725483104,1.512960265417367,136.1918901253,2.883298,10.128022246796,7.055426157691283,0.010423182543540934,0.9095871039515891,18.4414296036,-0.8325229999999999,2.8240893895709998,1.8010271796858346,-0.5132994751311948,1.722972741556558,3.5171839350999994,arriba,41
-0.02022,2.1860800000000003e-05,3.3120121086293945,1.7545368083650084,1.5446801029420827,0.0004307092,-0.034818999999999996,0.00023750973900000003,21.025656201488808,2.1542316443709066,0.8575469551307089,0.0014498724999999998,1.022398,2.2862795999999895e-05,11.269975817232265,0.7518510676519983,1.1386001833216186,1.0453205332000002,5.812982000000002,11.311749201675996,16.06232237222984,2.751064033214093,0.729767378002263,45.102508934,2.727657,1.1011031606509998,6.78380796253076,0.302758074220008,1.1487130923655802,8.5412158703,-0.841063,1.2016729569309998,5.670297766155327,-0.9014370874942925,1.3927396836954622,1.9090599269000004,arriba,42
-0.014708,0.00042556153600000005,7.559787978805961,-1.3809828299275642,1.540455552995585,0.0006418867999999999,-0.026948000000000003,0.001078567496,2.7868358452572926,0.3193604539250067,1.6841162655832216,0.0018047622,1.022293,0.0003591296510000002,10.152390567449793,0.6100142610567488,1.0363463079224018,1.0454421075,5.878907000000001,35.160064062250996,36.49893355015501,4.406303055362861,0.7072739722175103,69.7216115769,3.1512449999999994,16.689303372675003,14.851631858229982,-0.8150582157010822,1.0088103858345272,26.619648422700003,-1.530754,23.687126933883995,2.3841071035834496,-0.3093573487811697,1.574520111457233,26.030334742399997,arriba,43
-0.012871,2.0593659000000004e-05,1.1262333969987361,1.4926846625613543,1.8337591882673707,0.00018625629999999998,-0.031744,2.0431263999999993e-05,21.203606573932227,2.9926932683962475,1.0040291941270116,0.0010281128000000001,1.0204319999999998,2.1963759999999996e-06,2.685292249770221,-0.5679589482150171,1.660697274510194,1.041283663,5.874011999999998,0.011108947855999984,-0.014672520504677156,-0.25640813322191586,1.9110901814200523,34.515125924,2.5598220000000005,0.7254478791160001,8.191291441459159,-2.239396331625584,1.0101139212086039,7.278136550800001,-0.463254,0.42424308668399996,5.002616216467386,1.4414735710367295,1.538863279296701,0.6388473551999999,arriba,44
-0.014732999999999996,1.7118109999999997e-06,2.2986434420059494,-0.9841567575999817,1.7574531181262518,0.00021877310000000005,-0.030714,4.4277004e-05,6.711466686343609,2.047593007938113,1.0086835134161922,0.0009876268,1.0195680000000003,2.356376000000013e-06,0.7968722884481676,-0.4872879603668513,1.8708353758647773,1.039521263,5.6494040000000005,2.652865200184,54.205650095718575,-7.324160313785314,0.11190205689093094,34.568630755399994,2.7648930000000007,0.060613416851000024,4.951203800273039,-0.04806137454319886,1.413561327182519,7.7052467183,-0.267334,2.066772463644,18.25482678169635,3.192524007167971,1.1616707132852222,2.1382399312,arriba,45
0.012223000000000001,0.0013543499709999997,2.342621474213666,-1.143902888215894,1.586235869817675,0.0015037517,-0.608897,0.22232052289100002,-1.690042872829723,0.20873968253532268,1.1926099491789115,0.5930760795,0.5310919999999999,0.18383642733600003,-1.7177741787287506,0.12367482152747837,1.3447424597961972,0.46589513979999997,33.575438999999996,10714.31587624378,43.34608065978424,6.091395278208609,0.5150371352021988,11841.625980286499,-0.7891889999999999,196.572247934779,14.083696190385474,-3.399522885036396,1.2660646812818572,197.19506721250002,1.8005350000000002,61.529037454074995,35.65386343114589,5.362780522041531,0.9044659592885329,64.77096374030002,arriba,46
0.033817999999999994,6.802760000000006e-07,2.3928911873421876,-0.7782094966019978,1.813538676692494,0.0011443373999999997,-1.023311,2.8897979000000003e-05,79.26095640504252,-8.62349841517038,0.6632774833173357,1.0471943007,0.154986,1.4342040000000007e-06,3.905892835298628,1.1633239684677927,1.6426146206567316,0.024022094399999996,5.911251,0.01716502869900001,0.7663605384521284,-0.38745913182157066,1.92875027264717,34.9600534137,2.843027,0.011041681171000003,1.8597844695951755,-0.4063845939468398,1.569563821597293,8.0938442039,-0.588388,0.024775706255999994,2.797461487619218,-0.5086892780350974,1.6431590904987399,0.3709761448,arriba,47
0.033679,2.9685899999999984e-07,0.021586938717093496,0.07469493306792523,1.9772177872523193,0.0011345718999999999,-1.022568,1.2829759999999685e-06,-0.09532566582787139,-0.17064209215667614,2.044308697630304,1.0456465976,0.155334,7.086440000000011e-07,0.5145756937213268,-0.1267987710308613,1.892777371535827,0.0241293602,5.942379,0.011288708259000014,0.5924971503759542,0.6903220895868026,1.886932630820956,35.3231568879,2.858895,0.008772292475,-0.14320869867774366,0.3191540471400948,1.7952825613004062,8.1820529135,-0.576791,0.006958798819000002,0.2073594938072092,0.18934163108553526,1.7079602552276651,0.33964665650000003,arriba,48
0.03517000000000001,0.0008058055,31.63945976136778,2.567331247839612,0.9014397262486509,0.0020427344,-1.028617,0.002262555811000001,67.26776248288544,-7.995117049898335,0.16770053683981023,1.0603154885000001,0.145492,0.0035124499359999992,23.218807266989504,-4.398924340759898,0.32061014704308893,0.024680372000000003,8.722525,762.7095330256748,86.92660506752115,9.26745491969655,0.1119020568909308,838.7919754012999,2.6507650000000003,41.836185034275,35.15194929626008,-3.769020857334298,0.32061014704308877,48.862740119499996,-0.5200250000000001,1.449405162675,50.68842488715344,5.217422085896476,0.8446336871994327,1.7198311633,arriba,49
0.010935999999999996,0.004270305704,0.4940772641538711,0.4265526652737853,1.8728193414470355,0.0043899018,0.17462399999999995,0.052324730023999996,9.926770338181502,-2.8886235208324567,1.3837561575557522,0.08281827140000003,0.9597470000000001,0.027256299290999996,5.988764396205207,-0.6294810743179565,1.3767835915420479,0.9483706033,-16.151733999999998,15816.335254318441,18.422124791579257,-3.696638319333749,1.117860785375174,16077.213765525199,0.5798360000000001,575.418001507104,3.6728606199535028,-1.379952276391601,1.701909947780747,575.754211294,-4.669793000000001,315.7573609858511,5.194677820310082,-1.5992675971629853,1.5293093243302036,337.56432764870004,arriba,50
-0.021334,3.0661444000000005e-05,9.024504420791569,-0.1537379582623678,1.0430457837551066,0.00048580099999999995,-0.031452,7.2944496e-05,5.904721257779222,1.7007589466555624,1.4213421370479506,0.0010621727999999997,1.021929,1.8704590000000047e-06,3.0138049851286377,0.6288487560157757,1.690248994930673,1.0443407515,5.853265000000001,0.01039361127499999,-0.15103935459236917,-0.009126531154902749,1.9021669251941755,34.2711047715,2.8009029999999995,0.016013285890999998,4.3906210026675385,1.1165649791288852,1.5630797841221185,7.8610709013,1.037593,42.59863873285099,33.7904634376691,5.066325837459234,0.7647384970759629,43.6752379665,arriba,51
-0.022064,2.8891040000000005e-06,22.153403548396945,-2.2499308226091395,0.8886088671101567,0.0004897091999999999,-0.033192000000000006,3.391733599999999e-05,19.667169065982876,-0.7826959016112502,0.7336146291176574,0.0011356261999999999,1.0225129999999998,1.3779310000000233e-06,-0.8889630641503397,-0.19428360862675853,2.245078649443069,1.0455342131,5.887442000000001,0.011505395235999995,0.4825397290857776,0.18812330784619938,1.9274898368452669,34.67347869859999,2.796635,0.007928357875,-0.031696378764293875,0.023961281455028592,1.7613113747995839,7.8290956811,-0.505993,0.083473661451,15.574734741043969,3.6014397659704387,1.187377467741266,0.33950257750000007,arriba,52
-0.02221,3.3029999999999993e-07,0.18758110247393223,-0.036190441105828995,1.9397596345656818,0.0004936144,-0.032788000000000005,7.780560000000001e-07,7.216780521481899,0.4507746292713539,1.408830231445432,0.001075831,1.02259,1.1554999999999898e-06,0.2292740474552848,0.5364370917193267,2.0293288274002266,1.0456914636,5.946033000000001,0.011711314411000014,-0.4270836937065927,-0.27153754506493627,1.9520392603644943,35.36701975150001,2.823492,0.0069777801359999945,-0.6197969700813362,-0.12466115761997171,1.7021334995313182,7.9790848542,-0.618295,0.011821695475,2.248051412690022,0.6317741476472071,1.7604101304021704,0.39411040250000007,arriba,53
-0.022043,1.0484510000000001e-06,2.20956774137039,0.7393785216336246,1.7315434887988796,0.0004869423000000001,-0.032985,9.398275000000001e-06,3.430003559362561,-0.8102568148598428,1.6654731506717928,0.0010974085,1.0227760000000001,3.006824000000038e-06,4.559694720700998,-1.3485156873434243,1.6711733352115932,1.046073753,5.985713,0.014995824331000013,0.34649491298556745,-0.11791365128232827,2.0324894150622237,35.84375594270001,2.868659,0.008642971818999999,-0.6513593033279825,0.06750580202379629,1.80424773985605,8.237847430099999,-0.592048,0.34291581309600006,15.045589033187262,-3.1119006655326915,1.2905463967117428,0.6934366474000001,arriba,54
-0.021121000000000004,5.1053658999999997e-05,17.565017853649888,3.950218577580821,0.9052157455723997,0.0004971502999999999,-0.030934000000000003,8.3002644e-05,15.721090144213228,3.1067138122462903,0.8012548774254413,0.001039915,1.022737,6.144131000000066e-06,10.430298074011827,1.2453856032344277,1.1566044621914104,1.0459971153,6.0003579999999985,0.009664243236000025,0.3354760258414555,0.4380220015834288,1.834756976833458,36.0139603714,2.9089460000000003,0.008957419683999998,-0.2703114588776425,-0.1312853911968069,1.8399151599077683,8.4709242506,-0.603033,0.466279173611,8.966928172649348,-0.3068034534727366,1.0764121961310271,0.8299279727,arriba,55
-0.021579,4.2473658999999994e-05,24.36267632313722,4.5631977070563154,0.6253371122227946,0.0005081269,-0.030674,0.00010991732399999999,21.44758295214164,3.91923732833322,0.8547586780575498,0.0010508116,1.022898,7.544395999999979e-06,12.893559329487895,-0.11849266930944774,1.1474846918817385,1.0463278628000001,6.018065,0.031741484475000026,21.71830447630246,3.174393526763203,1.1699664650277586,36.24884782870001,2.904675,0.016622238075,14.272022164529933,-1.2941687657777605,0.9725276220995371,8.453759093699999,-0.5590890000000001,0.590290800179,5.562742952738617,1.4915805368104156,1.3135642308675513,0.9028713101,arriba,56
-0.022663000000000003,4.397309999999998e-07,10.566635150281419,-2.033196865526543,1.5222936398810927,0.0005140513,-0.032194,3.9336400000000035e-07,5.928454318468777,-1.4290323695689884,1.5574042038186917,0.0010368469999999998,1.0227330000000001,1.31141100000002e-06,0.17322517179468644,-0.32441068302169634,2.042535424137846,1.0459841007,6.027216000000002,0.009864589744000021,-0.12654059264094375,0.10035717625852683,1.886920653957754,36.3371973004,2.933976,0.007842179224000006,-0.4929083233563438,0.34937772845875587,1.7448492566292637,8.616057347799998,-0.5743480000000001,0.010960774496,-0.25505286326013366,-0.02784418825004481,1.9218819707446655,0.3408363996,arriba,57
-0.022555000000000006,4.1484749999999984e-06,13.3166629750787,-0.37017491762042803,1.1292504423912249,0.0005128765,-0.031989000000000004,3.792997900000001e-05,22.78317324227095,-1.0817762028228828,0.7517220122436556,0.0010612261,1.0227879999999998,5.281456000000009e-06,4.063035498218235,-0.23048385291666457,1.5722179262243827,1.0461005743999998,6.030877999999999,0.009366783116000024,-0.2810335628547036,-0.13776831561866507,1.8531438356634469,36.380856234,2.9492279999999997,0.008335072416000002,0.2268846885654363,-0.01835609850839349,1.8070755247676333,8.706280868399999,-0.39185,0.32716741130000004,4.191378950996893,1.8268761917695737,1.6246004932703169,0.4807138338000001,arriba,58
-0.022261000000000003,0.00010868077899999999,17.076972990827393,-2.0236252973619737,0.9426403299364496,0.0006042329,-0.039274,0.0048748601239999995,50.791778532726646,-6.177878741604297,0.6034405187886647,0.006417307200000001,1.0191690000000002,0.0014860547389999995,29.324156431574842,-3.1329783362232586,0.3983033828317319,1.0401915053,5.5847169999999995,502.313660492411,24.126817275412744,-1.4158897481699961,0.22339592217896842,533.5027244624999,2.8851400000000003,0.0373183074,16.1257015084932,-3.404734061938309,1.3557494640066223,8.361351126999999,-0.020756000000000073,9.446014147063998,53.4066403209667,6.798326238259795,0.947487009355278,9.4464449586,arriba,59
-0.02227,3.6845099999999984e-05,40.32523497492505,5.306639223653968,0.39830338283173206,0.0005327979999999999,-0.031615000000000004,0.00018348927500000004,50.70164840140291,5.1263441795917855,0.43006554998090113,0.0011829974999999998,1.0233670000000001,1.8998109999999963e-06,0.5874391394683642,-0.39014785159838683,1.927120824752824,1.0472819165,6.033934,0.011477590244000016,0.25919177666411874,-0.11871021415428244,1.5342114537451808,36.4198371066,2.9449549999999998,0.009190812075,0.19972884913959277,0.0007944627169892582,1.8361357303042412,8.6819507641,-0.7049609999999998,1.1179135413789998,26.096930796789728,-4.5300480130689,1.0705410048942,1.6148835528999999,reposo,60
-0.022735000000000002,3.4787499999999956e-07,1.1973352301051792,0.6748211942521333,1.8457575079104753,0.0005172281,-0.031867,2.7461100000000013e-07,0.1424003581151001,0.10956907201192169,1.9988699492330042,0.0010157803,1.023586,1.3148040000000066e-06,-0.12583769751069118,-0.20320488291850752,2.13537681932815,1.0477296142,5.997918000000001,0.013402388476000015,0.20705597408903342,-0.49564744038117575,1.585961660066442,35.9884227232,2.9107729999999994,0.009961509171000004,-0.6855814240775566,0.038023329709491516,1.8528492665896068,8.482560966699998,-0.6958160000000001,0.0067050739439999995,-0.8200404456397892,-0.08960160629464897,1.674309460605136,0.49086497980000005,reposo,61
-0.022836,1.569304e-06,17.545846772439212,3.395413696169717,1.2564960604810387,0.0005230522,-0.03145,2.0461899999999998e-05,17.612354802108314,2.6501998745844757,1.0223832890783553,0.0010095643999999998,1.023235,3.3888749999999727e-06,2.9809231258572844,0.9647401871699036,1.7956773656219578,1.0470132541,6.0144,0.014935345200000012,0.8547625156829599,0.21036626651715318,1.7977085569597784,36.1879427052,2.9101700000000004,0.009602209100000002,1.003407721712433,-0.16764034022606644,1.4355411973649275,8.478691637999999,-0.498053,0.23169190249100002,7.4658474140375635,2.637122354261159,1.3669393612410883,0.47974869330000003,reposo,62
-0.022851000000000003,9.518990000000003e-07,0.4730769836218256,-0.2723704925539081,1.9308359533908424,0.0005231201,-0.031495999999999996,6.672384e-06,17.031840338045818,2.282018107923492,1.2087285467113753,0.0009986704,1.02326,7.3172000000000525e-06,14.255923862023625,1.9795760107978015,1.2116877529336643,1.0470683448,6.052248,0.010412232296000013,-0.004341289711969232,-0.16369258327703398,1.9035076376842859,36.6401180858,2.9535009999999993,0.008708321699000002,0.16080123764131526,0.08239634357032645,1.7993616196103484,8.7318764787,-0.631722,0.099868692716,6.173231487104168,0.9187091921336875,1.2019016200540895,0.49894137799999994,reposo,63
-0.02352499999999999,2.872947499999999e-05,13.216416974796687,-2.045323576632855,0.8394337851396552,0.0005821550999999998,-0.030584000000000004,5.7147344e-05,8.80530510482885,0.7321586586434896,1.159729885180985,0.0009925283999999998,1.022958,4.7872359999999846e-06,7.963946599665245,-1.336822670359855,1.3565254909988338,1.0464478569999998,6.072392000000001,0.015164970335999998,-0.03260244219048891,-0.14976238864006455,1.5725109112864555,36.88910957200001,2.980962999999999,0.014283018131000002,0.8134757142335616,0.49607991204913693,1.8541480160791337,8.9004234255,-0.451666,0.7606303106439998,5.70080749360636,1.7158488916048087,1.412686916516184,0.9646324862000002,reposo,64
-0.023351999999999994,1.6872896000000008e-05,46.329105079380156,-5.8892984169732285,0.7681545569680792,0.0005621888,-0.030976,1.1633024000000001e-05,17.44353748734855,1.4486466736027381,1.0464033323581874,0.0009711456000000001,1.0227239999999997,2.8090239999999635e-06,23.778789390550074,3.822007715813584,1.2849852659285739,1.0459671892,6.07483,0.009200092100000007,0.06530778340877497,0.23072880865651904,1.8511419621211407,36.912759621,2.9840199999999997,0.008335927600000004,-0.1334709997855663,-0.2240152842809291,1.7826038314446522,8.912711287999997,-0.7360899999999999,0.31812662329999997,9.160268366121933,-0.1787958861372493,1.2728799666936037,0.8599551114000001,reposo,65
-0.022510000000000002,1.2010300000000001e-05,12.759731787237852,3.057189306947898,1.0202813573027871,0.0005187104,-0.031185000000000004,2.6938675e-05,5.21575530754987,-0.4216996567070899,1.2793561786669567,0.0009994429,1.023338,3.8493560000000165e-06,21.90143794897966,3.735475448113641,1.1749369302901298,1.0472245116,6.0430909999999995,0.010917925619000015,-0.4637213652961134,-0.05121410667219817,1.923136333077354,36.5298667599,2.933972,0.008883971016000003,-0.14053639914666904,0.208618639528802,1.8289510615933786,8.617075667799998,-0.6457550000000001,0.419185467875,4.815738131592026,0.9164664618004275,1.3898360855905258,0.8361849879000001,reposo,66
-0.023081,1.637939e-06,16.470398555131165,2.4182705531399478,1.2929128409443833,0.0005343705,-0.030694000000000003,1.7128764e-05,10.740501085209935,-0.8414890675136916,0.7671480446324714,0.0009592504000000001,1.022544,1.3062639999999773e-06,2.6256147331133857,-0.5518267892268539,1.6997026684243637,1.0455975382,6.079104000000001,0.013040293384000009,-0.3359526296102273,-0.060499846952607,2.0249169812117365,36.96854573620001,2.9675420000000003,0.011083967436000007,0.662875406334841,0.05967427122060799,1.9059786861183041,8.817389489199998,-0.6170770000000001,0.3587366759710001,29.150180820512894,2.8109384760448766,0.9675021470541787,0.7395206999,reposo,67
-0.023008999999999998,3.2112189999999997e-06,16.094079895544297,0.5017484821459584,0.8471464791562359,0.0005326253,-0.030866,5.164644000000002e-06,19.317347887266713,-1.019730513733929,0.8541251872214997,0.0009578745999999999,1.0226359999999999,1.3463039999999662e-06,3.639962727102491,-0.8747000922813573,1.6611082454438741,1.0457857348,6.098639000000002,0.01614613657899999,-0.1333661566912827,0.07983861044012876,1.8897282018539947,37.20954378890001,2.991951,0.007225475099000003,0.208080557461916,-0.2577738275024182,1.7247086594409713,8.958996261499998,-0.6457630000000001,0.034064567731,3.574729497364882,1.190890352355404,1.7497623765700334,0.45107441989999997,reposo,68
0.122525,0.018749785074999997,-0.8482690259432557,0.4457587203670791,1.898246922851883,0.0337621607,-0.040713,0.010538209531,0.13878143743068083,-0.12511409598240608,1.9487847773987934,0.0121957579,0.9907959999999999,0.023300660783999994,1.0184244284649848,-0.29724499286937084,1.8313388614926047,1.0049773744,7.908323,3135.2310921123703,1.4091243350116418,-0.22487686169423646,1.7983205759095557,3197.7726647846994,8.486939999999999,391.51727093680006,-0.19029324406606873,0.18131693844770522,2.040757551854264,463.54542150040004,-1.693114,116.59131113080399,1.5473582094075278,0.07212833172783427,1.754021182323803,119.45794614779999,reposo,69
0.035896,0.020550236784,6.105133917391724,0.7678034313583444,1.2032832261301631,0.0218387596,-0.420215,0.14439106867500004,0.8867431332752629,0.1726481224350021,1.7147902037985117,0.3209717149,0.813163,0.09215120133100001,0.46121115770874566,-0.7889877812831468,1.4296082911805523,0.7533852659,8.930664999999996,24175.477432617674,8.72210545726635,1.6130802779763223,1.3307316313129869,24255.234209959897,-4.172974000000001,777.378808554924,11.319408954818497,-3.006825177305597,1.0764561367113132,794.7925205596001,1.045535,327.341753513075,21.433347921786194,-3.348101032169163,1.0390930626076464,328.4348969493,reposo,70
0.021536999999999997,0.002584653931,4.388374868398226,0.24664732677263468,1.3740293218906752,0.0030484963,-0.010399999999999998,0.0036483467999999996,4.153822649508023,-0.35742676578259,1.4821303383820532,0.0037565067999999996,1.021386,0.003602202604000001,23.4446450040382,2.808082896015563,0.805198353580952,1.0468315636,8.555299,1545.0365237796987,31.45557084661794,4.060514903818119,0.8953999109168569,1618.2296647591,1.1212170000000001,148.427597025811,23.09214069109448,-3.9409576950196175,0.7649307990599992,149.68472458689993,-0.11291499999999986,112.519363589275,11.111951526745303,0.07879235212010044,0.9274583438244143,112.5321133865,reposo,71
-0.023877999999999996,3.5325116e-05,28.126816250165884,-0.5263341128013276,0.6792645855733729,0.000605484,-0.029387,2.4827730999999998e-05,5.567097148855762,0.7706027309388435,1.236256996042347,0.0008884235000000001,1.023684,9.143439999999899e-07,1.531924349230799,-0.47730023549341266,1.8077031783029767,1.0479298462000002,6.153579,0.010461068658999977,-0.21400256276208474,-0.11049081299544579,1.9024397932473198,37.876995577900004,2.989512000000001,0.010130693456000005,-0.02175192400831749,-0.3427942942913018,1.8587439497844982,8.947312691599997,-0.520637,0.22795279033100008,5.390613870014134,1.6443539699848944,1.249594197669083,0.4990156761000001,reposo,72
-0.022458,0.00021415963600000001,88.08759198501568,9.333737724006708,0.1904375535189251,0.0007185214000000002,-0.029118999999999992,6.847373900000001e-05,67.1756013948589,6.990721753413076,0.3640743246238857,0.0009163898999999999,1.0231740000000002,1.1497240000000498e-06,1.784836552911666,0.3113708784697621,1.8024574915143021,1.0468861839999999,6.204236,0.013737919503999949,1.0968636815796904,-0.4456692348014842,1.7206551916752189,38.5062822632,3.02064,0.0074131442000000035,-0.06773533490076522,0.00967966785949388,1.7542589897676075,9.131679153799997,-0.9552000000000003,0.7678835354,5.097564939513104,-2.214203485645091,1.4049901929586102,1.6802905754,reposo,73
-0.024048000000000003,3.0469599999999975e-07,0.18177626762734622,0.22514310953388372,1.9459242180818546,0.000578611,-0.029682,4.900760000000003e-07,9.670138765322934,-1.528186536401956,1.4033347838156087,0.0008815111999999998,1.0238410000000002,1.361219000000005e-06,5.219440831948884,-1.133877057252799,1.5301145248641355,1.0482517544999999,6.176763000000001,0.009462372930999979,-0.7061823198182653,-0.18135584217457032,1.7945179001752392,38.161863531099996,2.974253,0.006918105691000004,0.9220397245620129,0.2826373136596479,1.6771871691026212,8.853099013699998,-0.599989,0.012224110179,3.4438190453281914,0.5537759154625643,1.5764492014169145,0.3722109103000001,reposo,74
-0.024782,4.5823076000000006e-05,54.43621486526607,-7.039519401128788,0.2651241953563789,0.0006599706,-0.029982999999999996,2.9664410999999997e-05,23.464102935373525,-2.569553606521503,0.4173988078805762,0.0009286446999999999,1.0246250000000001,0.0002531114749999999,49.642000570564136,6.821315859891991,0.16770053683981015,1.0501095021,5.662245,43.576630949675,38.60621886881262,-4.2726540439716505,0.16770053683981015,75.6376493897,3.286142,3.1033403310360006,38.639661594320906,6.164434334120157,0.1677005368398101,13.902069575199999,-0.40589600000000003,0.9801613671840002,21.62139504266995,4.517646568979297,0.9488524652096959,1.1449129300000003,reposo,75
-0.014168,0.0006773541759999999,1.3310229463583347,0.2623428568696628,1.5491310925068162,0.0008780864,-0.017853,0.002894102091000001,2.8702714780405634,0.6931857179598119,1.4626824648290409,0.0032128317,1.027258,0.0035628890359999995,6.693391073756656,1.48977705837543,1.2156038901384711,1.0588218876,6.35377,1022.5445511317,4.695078444367846,-1.314033289183922,1.2756974620579689,1062.9149443446,2.6544270000000005,77.43202415617101,8.078606065287111,-1.0681267951392304,1.0605967484695855,84.47800685449998,-1.2860139999999998,20.659473148004,5.370240395577525,-1.53766209186596,1.4171323887133627,22.3133051562,reposo,76
-0.024314,4.1857404e-05,22.134719317698448,-2.5639924618948973,0.668665041418332,0.0006330279999999999,-0.030028000000000003,6.0093216e-05,6.821009745461028,-0.18241579801605154,1.0183157029455694,0.0009617740000000001,1.0206600000000001,2.522199999999999e-06,2.838168576796077,-0.33430366163708486,1.6400397314822275,1.0417493578000003,6.210339,0.00993739217899996,-0.4346969074743896,0.2674662064384337,1.886007456592491,38.578247887100005,2.9937819999999995,0.008893577676000004,0.25120324244964154,0.3557514717732033,1.817534193448309,8.971624241199997,-0.5511550000000001,0.33650378307500006,12.730154094208094,2.156840173953463,0.9915013476081299,0.6402756171,reposo,77
-0.024158000000000002,5.88036e-07,0.15916075994896284,0.015952431540061516,2.0168600259145224,0.0005841970000000001,-0.029290999999999998,2.9250190000000007e-06,2.6586166015503254,-0.12261026546347067,1.6404732287225121,0.0008608877000000001,1.021467,2.3276110000000238e-06,4.08262527785669,0.6628945386179883,1.4879725234824357,1.0433971597000002,6.2176610000000005,0.014428748178999962,-0.009523320198281393,0.3227349414387768,1.612731854086459,38.6737370591,3.0358959999999993,0.010104014584000003,0.3838558066924813,-0.06420655149354532,1.8876995735543063,9.226768537399998,-0.49194700000000013,0.040071644091,3.3600943840141486,1.585499367836825,1.513961074967509,0.2820834949,reposo,78
-0.025030999999999998,4.0504939000000006e-05,9.698584304163983,-2.4117362193635166,1.257201854489063,0.0006670559,-0.030968999999999997,0.000106325539,10.441183857506287,-2.270974413166854,1.3984049237138032,0.0010654045,1.0223209999999998,5.39320590000001e-05,47.53197783514927,-5.694524688508064,0.5378205813543195,1.0451941591000002,6.257946,3.6101899358839997,25.08685377477608,-1.8365237043386482,0.3344730906542875,42.772078074799985,3.030405,0.012021395675,-0.41764082229795063,0.1796180821352563,1.952413517515163,9.195375859699999,-0.7489049999999999,1.830448848875,13.00709390092279,-2.544001495205727,1.1967257895802044,2.3913075479000003,reposo,79
-0.024359000000000002,1.1624190000000002e-06,24.560207606404028,-1.4111236019477211,0.875756030672621,0.0005945233,-0.029146000000000002,7.630683999999997e-06,15.253443550811134,-0.0747381604924197,0.9517951313555616,0.00085712,1.0236420000000002,7.520360000000113e-07,4.824158914368498,1.1035989605204781,1.5732950959911742,1.0478436962000002,6.247573000000001,0.01136400217099995,-0.11279076610700445,-0.1768613609846363,1.9072749897370582,39.043532392500005,3.031012,0.007392334456000003,0.2712639276195983,-0.048812042727616786,1.7239962196334708,9.194426078599998,-0.515139,0.06022784077900001,7.010760388315536,1.0435221891789142,1.1451693481669563,0.32559603010000004,reposo,80
-0.024336999999999994,1.0097309999999998e-06,26.19934918378816,3.1550561628668454,1.001360793088865,0.0005932992999999999,-0.029337000000000005,6.635531e-06,22.84374616056761,-4.094217742425032,0.6701074393540783,0.0008672951,1.023115,5.33875000000017e-07,-0.32132711883934784,-0.046907070742937595,2.038573984338346,1.0467648371000002,6.228648000000001,0.012097140095999957,-0.29610003432782595,0.1095461938652306,1.9814797611020123,38.808153048,3.038339,0.009653592579000003,-0.42457241520197764,0.014742677462786302,1.87432340145007,9.241157471499998,-0.6036429999999999,0.096179316051,15.10639105933425,-3.4828229608352324,0.9517951313555616,0.4605641875,reposo,81
-0.02442,3.7219999999999975e-07,-0.17509465625623077,-0.09459533593234115,1.9920268363933005,0.0005967086,-0.028778,3.6091599999999987e-07,0.6243247466333028,-0.0895243204751839,1.8880858843232717,0.0008285342000000001,1.023704,5.213839999999935e-07,-0.34051257514424194,-0.42673888379957636,2.1146049494788297,1.047970401,6.284802,0.01143195399599996,-0.4885391038566418,0.31355009438068954,1.9191305718198746,39.51016813319999,3.0651930000000003,0.0073441270510000035,-0.3412363383591517,-0.004427946501384246,1.7473548761270492,9.402752254299998,-0.549322,0.008420932716000001,-0.044457696297598215,-0.22925829964733963,1.802707360067568,0.3101755924000001,reposo,82
-0.024501,5.284989999999997e-07,3.445552115738355,0.9064246898223296,1.6623300449059397,0.0006008275000000001,-0.028823999999999995,8.472239999999998e-07,2.257569784137335,-0.8726646386096849,1.7764002596914097,0.0008316701999999999,1.0235969999999999,4.65491000000002e-07,-0.23650818700414922,-0.22966886528531127,2.0989145661237987,1.0477512839,6.245131,0.010569751738999962,1.361552515419521,0.4942824594129129,1.4381698693637923,39.0122309589,3.0493250000000005,0.009381047075000004,-0.06470332181334948,0.06562682525335412,1.8642955330035325,9.307764002699997,-0.5194170000000001,0.024848528011,13.536485156845146,2.687937905859606,1.3281217421618692,0.2946425479,reposo,83
-0.024391000000000003,8.208190000000001e-07,7.18671736105534,1.300936659590637,1.493915399344713,0.0005957417,-0.028829000000000004,3.3212590000000006e-06,3.8059361385998454,0.26683718801910106,1.5299497860088191,0.0008344325000000001,1.023206,2.3863639999999907e-06,0.6140067937792346,-0.13730245390652185,1.9474695335916032,1.0469529048,6.248792999999999,0.013096810050999951,-0.2627053303071163,-0.1673339491971478,1.4595600248606604,39.0605107669,3.0053810000000003,0.009396609739000005,-0.47716888398653046,-0.14242069625090015,1.8545670207373603,9.041711564899996,-0.5511489999999999,0.059565420899,6.45423394565454,0.87045669147974,1.3545488335977733,0.3633306411,reposo,84
-0.024328000000000002,2.6744016e-05,16.567987473549078,2.242135371814315,0.7215390901517575,0.0006185956,-0.028994,0.00011101536400000002,12.462731159107767,-0.582212409792346,1.0960808567064966,0.0009516674000000001,1.023073,4.847771000000033e-06,5.070080731447897,1.1132812133830976,1.5539674881865004,1.0466832111,6.263439000000001,0.014586449978999954,0.29153478184004955,-0.07020815584164647,1.9921126710640846,39.2452545567,3.0670260000000003,0.009862087124000002,0.45578535114283003,0.3452935332063517,1.8589696312341282,9.416510571799996,-0.617062,1.256381088356,35.99370276879498,-5.797708039200806,0.5396118558130176,1.6371466002,reposo,85
-0.024329,5.025059e-06,16.119028806410647,2.9268629358663527,1.2163337958802178,0.0005969253,-0.028967000000000007,1.1474411e-05,10.756193926902865,-1.8865888934145318,1.3396191826134376,0.0008505615000000001,1.0231830000000002,4.937410999999943e-06,13.463292943974395,-2.671123377707695,1.3918515538529685,1.0469083889,6.2646619999999995,0.011288800955999965,0.4781746495654402,0.15145785297068995,1.8783817631867632,39.2572787752,3.0426169999999995,0.008298053011000004,0.6767969893812302,-0.5551397020742533,1.7280659094315394,9.265816261699998,-0.399778,0.23374955731600003,12.171404105427577,3.1399514914953577,1.1132411721548665,0.3935720065999999,reposo,86
-0.024638000000000004,2.0544156e-05,14.517104576491523,-0.7295295908193353,0.8167922907848504,0.0006275752,-0.029045,5.817027499999999e-05,8.250182465956502,-0.563350506573688,1.1563011588698864,0.0009017823000000002,1.022731,6.557939000000017e-06,5.891931101716159,-1.75883400427565,1.6807872349815056,1.0459852563,6.271370000000001,0.01321513629999996,0.39688389942665747,-0.33729487046732315,1.370430365904549,39.3432968132,3.0316249999999996,0.009242931275000005,0.006879848581125003,0.16952726715815747,1.856094375248548,9.1999930719,-0.5859390000000001,0.24936913177899997,6.481762237117033,-0.4023877350544784,1.3936162498255529,0.5926936435000001,reposo,87
-0.024589000000000003,3.615377899999999e-05,17.135731338651745,-2.118147399736448,1.120569238515613,0.0006407726999999999,-0.029149,5.1334499e-05,8.652719206227445,-1.0490952879676902,1.3576999226455015,0.0009009987000000003,1.023379,8.408659000000003e-06,7.1125945861767015,1.9576376197537597,1.4351260749018502,1.0473129863000001,6.267104999999999,0.013701069474999947,-0.5949095403262477,-0.3402192613550946,1.9688874071603497,39.290306150499994,3.0426100000000003,0.010607507500000007,0.3501354641923542,0.2359047972849916,1.883364331294597,9.268083119599998,-0.45165600000000006,0.354429836864,6.6384270799819,-1.161976966634679,1.3825889085561744,0.5584229792,reposo,88
-0.024539000000000005,0.00010525497900000001,13.130179301490482,-1.86652426573093,1.0344153215815532,0.0007074175000000001,-0.028453000000000003,0.00016771289099999997,6.6546325950385,-1.197899031681331,1.3635968851403955,0.0009772861,1.021739,8.748579000000045e-06,1.65329443207108,0.002605716488355996,1.7770217427292512,1.0439593326999999,6.306773999999999,0.013786862523999964,-0.42674072135362984,0.1502244320731955,2.0553481165522816,39.7891851496,3.065809,0.009748703819000002,-0.6956243118048633,-0.006599504612090512,1.833373860110286,9.408933528299997,-0.29053299999999993,3.227748815011,3.7415785008448355,0.45444202961762675,1.45623681541159,3.3121582391000004,reposo,89
-0.02456,2.2608399999999995e-05,33.10989006920017,1.0649699449438117,0.26512419535637877,0.0006258020000000002,-0.028342999999999997,4.8280051000000005e-05,35.065038365179646,3.932639702222793,0.5298823338711884,0.0008516057000000001,1.022767,4.784810999999982e-06,1.919433304997403,-0.22442660008983709,1.7042642571694244,1.0460571211,6.321418000000001,0.013132108275999975,-0.09272190768323085,0.1898812793044544,2.004389955326822,39.973457638999996,3.081672,0.008008054816000003,-0.3033596400303167,-0.21823437959224556,1.785874309871403,9.504710370399998,-0.573127,0.295554921371,28.99719058226861,2.4292220443276618,0.47556180175956736,0.6240294795,reposo,90
-0.024301999999999997,5.0937396e-05,10.010956508887478,1.0726593357040977,0.6721584244940368,0.0006415246000000001,-0.028096,0.00019868978399999998,38.87610486555381,0.36522687167314655,0.5307278199967626,0.0009880750000000002,1.022576,3.1982240000000393e-06,1.0801389765292448,0.2806900140047517,1.8679501071973637,1.045664874,6.297004999999998,0.008943774274999965,-0.5598775233731486,0.21523505208578705,1.8190244177984278,39.6612157443,3.0535980000000005,0.011581892596000008,0.32851765287619594,0.3048427340761043,1.5198215309121215,9.336042638199999,-0.40345,2.7000181057,23.444448659895706,2.9555829826356157,0.9808530097596935,2.8627900082,reposo,91
0.007913,5.6295531e-05,1.654673951836819,1.6883419928841532,1.503998071483836,0.00011891109999999998,-1.012289,0.0002363169789999998,1.7295678618748962,1.5336643962378382,1.7417351111275152,1.0249653365,0.19427699999999998,0.0036471289709999995,1.2795953712523476,1.5588746850539161,1.4314722634422152,0.04139068170000001,10.398561999999997,87.637084796556,2.9725103697707818,1.1908917692164034,1.449640686052508,195.76717646440002,2.7093490000000005,4.623668422498999,5.998191323985564,-2.1431949976829743,1.4221201150183167,11.9642404263,-0.9204089999999999,2.261443679419,3.694020655641804,-0.3629192961433263,1.3300446415427718,3.1085964067,reposo,92
0.003816,5.201440000000001e-07,0.3962510532899306,-0.24399608354456825,2.0043357679834517,1.5082e-05,-1.0198800000000001,6.349199999999993e-06,0.8083586545125594,0.5229799375797423,1.9650494452611704,1.0401615636000001,0.154145,2.266275000000002e-06,3.7159287360975126,0.5505290819487298,1.5945078120638967,0.0237629473,6.298227999999999,0.01234490761599996,-0.21773466188744006,-0.25305985383278473,1.9749353028676364,39.6800208476,3.129888,0.009690653656000001,-0.5147685898743841,-0.0017217648244778425,1.854610825583423,9.805889546199998,-0.51636,0.0074100654,-0.3012604621440955,-0.09214003092135917,1.7455054803791579,0.27403771499999996,reposo,93
0.004195000000000001,1.8468749999999996e-06,4.5721958217939145,-0.10270004692196107,1.4533123304838487,1.9444899999999997e-05,-1.019108,1.6003535999999934e-05,6.1405072415946975,-0.8131522161477654,1.4720994001905336,1.0385971191999999,0.155313,2.0430930999999993e-05,34.942695295280814,-0.07805539708802142,0.8250791816768234,0.024142558900000003,6.270764000000001,0.011221984103999955,-0.10428976328159623,-0.010168026835265211,1.9322756314268483,39.3337031278,3.0835020000000015,0.008157309196000004,-0.6880753054869464,0.24794057375828063,1.7699134406760657,9.516141893199999,-0.539552,0.009668276895999998,-0.08085950119617813,-0.10270991390172363,1.8502956361611773,0.3007846376,reposo,94
0.004301,7.812989999999999e-07,3.2937333902918535,-0.7006872951260618,1.697801978591284,1.92799e-05,-1.019822,7.597716000000104e-06,1.3247081540436074,-0.4767840846730785,1.854004705915387,1.0400445094,0.156433,1.2327411000000005e-05,49.002531241749836,6.080798984678551,0.8811152435327613,0.0244836109,6.245126,0.01153935992399996,0.005841759407201774,0.024322428593814532,1.966787313801465,39.0131381158,3.079229,0.010756402459000008,0.9272541535642653,-0.28129667338513037,1.4652738981799995,9.4924076369,-0.540772,0.007902419016000002,-0.6014593236589749,-0.010425958156347368,1.733391312344305,0.30033677500000006,reposo,95
0.004344,1.4154640000000001e-06,1.2893856347611834,0.011753733650852938,1.8429603174814548,2.0285799999999998e-05,-1.019842,5.959636000000032e-06,0.8801242320683129,0.40793020973796673,1.9373045897522143,1.0400836646,0.156336,1.1956103999999998e-05,54.22411075680555,-6.384232828249385,0.8465367739338026,0.024452901000000003,6.2457389999999995,0.011254575378999966,0.24078784906441797,-0.1367297137883722,1.9440643046307315,39.0205102315,3.0529870000000003,0.009981611731000005,-0.7675504569909686,-0.10047294530520776,1.868308558745927,9.330711233899997,-0.554813,0.011780677131,0.1138480648753708,0.1364022070678182,1.9014970824994446,0.31959814210000004,reposo,96
0.004774,5.027240000000001e-07,-0.24389654841125186,-0.013718611826251373,2.053718963290418,2.3293799999999997e-05,-1.0196880000000001,2.575255999999981e-06,3.3779028671161875,0.40285566011431284,1.6363948930595082,1.0397661926,0.155562,1.0262556e-05,72.56561954782464,-8.040539397463538,0.739740429420483,0.024209798400000003,6.240245,0.011110910874999965,-0.04925492580028923,-0.3150354490609805,1.9210308117080495,38.9517685709,3.0731300000000004,0.007850428500000003,-0.2311467118665913,-0.054179796815243104,1.7827833340665813,9.451978425399998,-0.5291800000000001,0.0070104726,0.05994978138433771,-0.28203969449998445,1.7093295313761838,0.287041945,reposo,97
0.0049380000000000005,6.367559999999999e-07,0.7323746225734817,0.4938967713718353,1.9572222195616782,2.5020599999999996e-05,-1.0198150000000001,1.6028749999999823e-06,3.3903306916744826,1.5309218261818502,1.7168072011383457,1.0400242371,0.15670299999999998,1.0484891000000004e-05,82.15823851502643,-8.864777788475225,0.19043755351892533,0.024566315100000003,6.234754000000001,0.012097542883999952,-0.015862587922673033,0.21614889058184505,1.9457546264150893,38.8842549834,3.079842000000001,0.008747705836000003,-0.2303952656397268,0.2504476931496798,1.816008899412727,9.494174450799997,-0.5535939999999999,0.008217055164,-0.3009886027949151,-0.06286781670224371,1.7883691686952135,0.314683372,reposo,98
0.0050160000000000005,3.2133440000000006e-06,13.589346106912824,1.2253677883934744,1.2431979208377986,2.8373599999999992e-05,-1.021228,3.861541600000004e-05,22.840612280308388,-4.1611626563701,1.0491651133294735,1.0429452434000002,0.15657800000000002,5.6041159999999965e-06,4.7352872224450815,1.300259374816195,1.644492732981185,0.0245222742,6.257948999999999,0.011507835098999959,0.009230147989775173,0.049484266785631,1.9057220273907265,39.17343352169999,3.083503,0.007560299091000002,0.6598860695500162,-0.030346458389271396,1.728422234199181,9.515551050099997,-0.5365059999999999,0.012466736163999998,0.09771512559009521,0.3452489959148226,1.7233429027416522,0.30030542419999995,reposo,99
0.004959,2.8048190000000005e-06,1.012815414688359,0.5376832503899015,1.8627572691882568,2.73965e-05,-1.0207439999999999,3.581266399999998e-05,18.875150140275224,-2.8808913454243985,1.1641555881998973,1.0419541262,0.15679900000000002,7.608699000000003e-06,9.496410512389096,-1.6831392793916744,1.4130407793314546,0.0245935351,6.218886,0.019513482003999955,-0.4495515016385605,-0.0352658854492696,1.6942497653904585,38.694056563000004,3.068242,0.011164725636000006,0.03050077741709112,-0.3042303160837182,1.9071099676817185,9.425273696199998,-0.528565,0.016485245875000002,0.8441061451003047,-0.2656876703933456,1.7720880848370013,0.29586620510000006,reposo,100
0.004785,3.499075e-06,15.44418284128313,-3.3539963136616375,1.2418135490912638,2.6395299999999998e-05,-1.020975,3.9621674999999904e-05,25.769699236299545,-1.722591353462982,0.6907052625608284,1.0424295723,0.157496,1.1410784000000006e-05,8.04642733721713,-1.9716664843611713,1.218942943452082,0.0248164008,6.226817999999998,0.016763031275999957,-0.2534485083932476,0.16854699360415448,1.63837021308025,38.79002543639999,3.072518,0.013427408076000007,2.3442792558929684,-0.6510899114204693,1.6328973465165593,9.453794268399998,-0.532224,0.012002843824,0.11897327466927887,0.24072339776313603,1.934704845461328,0.29526523000000005,reposo,101
0.00525,2.1870999999999998e-06,2.4056517539349134,0.48266658788438227,1.6964194923574405,2.97496e-05,-1.020364,2.9492703999999835e-05,12.59744280467392,-1.784284511735492,1.3172760080970702,1.0411721852,0.1572,9.412999999999993e-06,19.701266364717583,3.7916165551066956,1.2352038161311942,0.024721253000000002,6.1981280000000005,0.009639694015999973,0.34017196870131405,-0.19888598829337167,1.8551776686424888,38.4264303984,3.057258,0.010436961036000005,0.7798763652009075,-0.001839731751812329,1.8467684130383881,9.357263439599997,-0.5432180000000001,0.012035526076000003,-0.37910235183017527,0.02605645092720981,1.9571352494846155,0.30712132160000005,reposo,102
0.005266000000000001,1.6840440000000005e-06,1.897256868621339,-0.4372242792604571,1.7743629055310808,2.9414799999999998e-05,-1.0205099999999998,1.314010000000003e-05,1.8808979740560607,-0.29568572233134893,1.7593241227293959,1.0414538002,0.15664299999999998,4.021251000000003e-06,6.043945524576634,-1.2002536961642036,1.5905667548272397,0.0245410507,6.183483,0.011004687810999971,0.5248649693380045,0.4355874820722065,1.9231935795163786,38.246466699100004,3.047495,0.009108779875000006,-0.08145495494202226,0.1788344565103239,1.825496441224793,9.296334554899998,-0.534672,0.011559881816000005,-0.194596215494534,-0.037880884113911564,1.9409738980335445,0.2974340294,reposo,103
0.005398000000000001,5.477960000000001e-07,1.720841998197706,0.5227554220732304,1.7969708393748565,2.9686199999999994e-05,-1.020792,9.41113599999994e-06,3.5411263738586216,1.0165137310078645,1.582196311950757,1.0420257184000001,0.15756399999999998,2.5009039999999934e-06,0.5437377852101588,-0.42645750317301306,1.94000103230524,0.024828915,6.207896000000001,0.012986770183999961,-0.3962554978730539,-0.05451500898938122,2.0221578460656113,38.550959517,3.0517650000000005,0.008419345675000005,1.2952699028593244,-0.21218071729008192,1.7592065086063762,9.321688960899998,-0.546268,0.011429899376000004,-0.08262882275883143,0.15824564409342828,1.9485248406904703,0.3098386272,reposo,104
0.005341999999999999,1.709836e-06,1.4109454983708982,0.13989958327406432,1.7859918953416651,3.02468e-05,-1.021066,1.6068044000000027e-05,1.615915790807703,0.37503071868111904,1.8131076332085532,1.0425918444000002,0.156294,2.8440164e-05,24.11705117588978,1.278222137349767,0.8615585139196341,0.024456254599999994,6.188975999999999,0.009612580023999978,0.40742456853236986,-0.21762815310392353,1.8169390310923414,38.3130365086,3.044444,0.008961206064000006,0.2722350450917914,0.3609696027536705,1.805756649915317,9.277600475199998,-0.5438270000000002,0.011930933171000002,-0.231881994381256,0.053328887530046366,1.9828096476790094,0.30767873910000004,reposo,105
0.513524,0.103257645424,-0.9042599149525392,-0.47580394786600916,1.9187679023878008,0.366964544,-0.356105,0.17062157107500003,1.001619774352437,-0.43799197243047555,1.6566214345454742,0.2974323421,-0.534149,0.11384326929899999,0.20564070527336353,0.11910061698425685,1.9404997543910874,0.39915842349999997,17.506708,5540.4513238001355,3.2113461999101913,0.9758416313251154,1.6266306921789293,5846.936148797399,-12.047126,5977.779967708326,1.9769523809922465,-0.4674063788260388,1.7292871529274154,6122.9132125682,21.540527,2152.596328113771,1.1908211202188177,0.9155753267370192,1.8433191210523592,2616.5906315515003,reposo,106
0.10253399999999999,0.10323701144400003,0.1513444650472895,1.2258208168813576,1.8969629224429008,0.11375023259999999,-0.282771,0.29050555345900003,-1.275256315134511,-0.4808116431732216,1.8685313774660737,0.37046499190000004,0.669011,0.13443638837900002,-1.335888419018276,-0.40980856996972614,1.938193280529218,0.5820121064999999,30.982669000000005,11221.850577215739,24.135415368566132,4.272192380539891,0.9943074057679055,12181.776355579299,-12.608644000000002,1676.675089843664,0.44076142090055725,-0.6651089491208703,1.9885930973859338,1835.6529933624001,13.706055999999998,565.509633470264,-0.01653553499225291,0.2988059235536488,2.005581044134502,753.3656045454,reposo,107
0.160635,0.0022376298749999996,-0.7345514913849085,0.28737725586108537,2.2040869353852415,0.0280412331,-0.052431,0.005192058939,-0.8093098227964122,-0.17255322452435937,2.17419890849959,0.0079410687,0.9982300000000001,0.0004523336999999999,8.202970416634894,-1.6406744561088191,1.45511033794526,0.9969154666,6.470952,493.567411116696,1.045883023259476,-0.5821241186966338,1.8626139860698363,535.4406309029999,3.3404579999999995,96.846228027836,-0.42135900842318996,-0.12154013942046923,2.1352269350391477,108.0048876776,-0.684817,13.495349535610996,3.4022476631044585,-0.6242254201780426,1.5896377778427864,13.964323859100002,reposo,108
0.27077500000000004,0.0019054044750000001,-1.4938719329957109,-0.12363210667970634,1.930279699023798,0.07522450509999999,-0.476893,0.037210187451,-0.8699768983642868,-0.02940240221660182,2.213058719388851,0.2646371209,0.8336979999999998,0.010149638595999998,-0.5664363110955324,-0.7607589250820209,2.020916801602437,0.7052019938,14.356081000000001,1620.381590109539,3.0369211505792215,1.5778237634888805,1.772108312562108,1826.4786517881,3.800049,55.226371432099,2.6431884422254806,0.21238164447357197,1.6275006528621148,69.6667438345,-4.475706,92.040625863564,7.2954166592386684,-2.668358290723651,1.4144325133995042,112.07257006200001,reposo,109
0.11869099999999999,0.004599919419,2.0569141174978176,-1.7092659188376804,1.6669116045449404,0.0186874729,-0.190805,0.04374111107499999,-0.4048770836860869,-0.7952220119739536,1.9747787964025456,0.08014765909999999,0.9688199999999998,0.0062929246,0.15722366623970663,-0.5531310031282513,1.956433043590887,0.9449051169999997,-7.836302999999999,333.54432211229107,0.8662365049623113,-0.7369110006339893,1.7848203958849178,394.9519668200999,-2.4377419999999996,115.953573927836,2.9800016812328343,-1.1676047601156234,1.732228862391545,121.89615998639998,-3.464959,117.64334788401901,1.534363256050324,-1.2985805873063438,1.657538646395527,129.6492887557,reposo,110
-0.012750999999999997,0.0013792876990000006,2.0963078291147337,1.2930257077216039,1.508197066575417,0.0015418756999999996,-0.998496,0.0060328973840000025,66.05710316333392,7.472410233024297,0.49594171015335375,1.0030271594,0.22497499999999998,0.010681058075000001,-0.33766540740148576,-0.6269071478256998,1.7662681345346298,0.0612948087,9.260869,999.2242761819389,27.98738989760921,3.1741300024357257,0.6743156035574671,1084.9879708171002,2.5555409999999994,217.72167774701904,16.16490708820309,-2.1576092915288365,0.9304351305374692,224.25246754970001,-0.24170099999999983,140.842736760099,34.49956763280989,4.709076302803219,0.6409391541959342,140.9011561335,reposo,111
-0.036074999999999996,3.6179075e-05,8.889365626140945,0.4652327228450102,1.0788173185809413,0.0013375847000000002,-1.024254,0.000847361484,31.734151795932924,-3.689295859281316,0.6926008451388307,1.049943618,0.15161200000000002,0.00041859745600000007,9.87199404425988,0.939654073966042,1.0090542944582679,0.023404795999999995,6.5032950000000005,271.8844027766751,11.581417031148776,1.997483598925555,0.8863722426433571,314.1772486337,3.156747,6.984543104490999,9.4510982486502,1.327679020704802,0.9244323026205787,16.9495947265,-0.571904,5.075684070184,11.313325022322669,0.7332110365100224,0.904354622513944,5.402758255399999,reposo,112
-0.037139,1.1371790000000006e-06,0.3284628357782968,-0.6348467857063159,1.991922442936342,0.0013804425000000001,-1.024349,9.29429899999992e-06,2.820737463235645,-1.1047074218387063,1.7689000494914249,1.0493001681,0.140465,6.507274999999997e-06,2.131725529736544,0.15698149609350293,1.756270346661205,0.019736923500000007,6.16761,0.27593051629999993,4.107701751434901,-0.10553883267039668,1.4182603851487496,38.31534362840001,3.004159000000001,0.015391552819000004,2.292019484794398,-0.2571048861793841,1.5897597040319744,9.0403628501,-0.554202,0.023299819395999996,0.19331386528570782,0.08727423942032936,1.8757020317971782,0.33043967620000003,reposo,113
-0.03653599999999999,6.7347039999999985e-06,9.976604984685624,-1.8227045293900253,1.3457811101359756,0.0013416139999999999,-1.023836,1.2825104000000016e-05,1.8770065899981985,-0.35826682837955875,1.824717255759088,1.04825298,0.14066,6.942799999999993e-06,12.975942053680413,-1.1772270621074312,1.2591439404699039,0.019792178400000002,6.1706650000000005,0.14934653307499995,18.95474289735383,3.7540569410144884,1.0255999328136742,38.2264530753,3.015759,0.172188155819,6.469217357841597,-0.015921905055693873,1.2046830567631426,9.266990501899999,-0.538332,0.752315198576,7.579919795757704,0.2198027903161241,1.0706891059632833,1.0421165408,reposo,114
-0.035376,3.9003424e-05,9.904158131218141,0.5721203569659267,1.1356190858878805,0.0012904648,-1.024652,6.384469600000002e-05,18.526004394358896,1.7315616721600848,1.1730240836381232,1.0499755658,0.13964200000000002,2.8291035999999996e-05,16.278010893983904,1.5144660047597707,1.1639524669536243,0.0195281792,6.127932,2.9906588729759993,46.58117867078517,4.5514015722330035,0.43397297092597054,40.542209469599996,2.970592,0.8875222149359999,3.8127401116496653,0.5439650818688122,1.364584557547042,9.711939045400001,-0.5102560000000002,3.892372575264,3.00549528069788,0.5829459465186825,1.5823422627128891,4.1527337608,reposo,115
-0.03464,4.0740000000000006e-07,0.9086516528175763,-0.13793536362083325,1.8319992216383338,0.001200337,-1.0245609999999998,9.427790000000049e-07,0.9278256719381255,-0.0444331360979385,1.839357729630913,1.0497261855,0.13941699999999999,3.206110000000011e-07,0.8977110742297634,-0.42628022493341483,1.85807075479388,0.019437420500000004,6.098026999999999,0.012900468170999999,-0.22490362652250173,-0.22287916540002994,2.0000257252070353,37.1988337609,2.9687640000000006,0.016579176904000004,1.5162221661291317,-0.6209491649569798,1.7597262303386507,8.8301388646,-0.5700759999999999,0.033245983024,7.217802689236748,-0.551849266937103,1.372538953138263,0.35823262880000006,reposo,116
-0.034329000000000005,1.2312590000000005e-06,8.907226171178026,0.013126566694546858,1.2346934179503526,0.0011797115,-1.0245279999999999,1.6992160000000154e-06,5.563324654232266,0.9241264514342751,1.4414282832929053,1.0496593220000001,0.139206,1.134964000000002e-06,8.905141810531237,1.4687005441192322,1.489751498947433,0.0193794454,6.080942,0.022479363636,8.535316705672304,-1.6708636128123477,1.4252641297603863,37.000334971,3.0029400000000006,0.056623635199999994,19.88504248037466,0.2153900159099885,0.9426086505377654,9.074272278799997,-0.538334,0.20559341224400005,22.93401254970174,0.42308796192241643,0.8924964490955968,0.49539690780000006,reposo,117
-0.034591000000000004,4.655421900000001e-05,16.641279360950175,-0.7615556343151473,0.47256214783536,0.0012430915,-1.0246819999999999,0.00017299247599999985,39.79430162582656,-4.344411499930818,0.39830338283173206,1.0501461935999998,0.139239,0.000160118979,21.429435154116195,2.8987987454038397,0.6716709193882489,0.0195476181,6.325075000000001,43.45611385347501,33.15923290584383,2.232257711410472,0.3759897137443646,83.46268760910002,2.88087,1.7120068119000005,14.898815676011345,-0.7238678332788636,0.39830338283173217,10.011418768799999,-0.6311140000000001,14.579895801604003,14.03501712069033,0.22641538182551643,0.5819361275800762,14.978200682600002,reposo,118
-0.033065000000000004,0.00011564047499999998,13.583806507627063,0.7327982856022976,1.0338305070114369,0.0012089347,-1.0248130000000002,0.00020563833100000013,8.169650436342442,0.6066257029922552,1.0198742757757753,1.0504473232999998,0.13816400000000004,0.00018597750399999998,14.25536964795608,-0.48894995712027584,1.0285332545787051,0.019275268400000004,6.057127000000001,9.086310037971002,17.521375851072133,1.7405604645031916,0.7144020362331641,45.77509753209999,3.0004960000000005,2.0537993619840003,7.1537558837559985,0.655196338117933,1.3772883183369355,11.056775608,-0.5529839999999997,13.688760004344001,4.181566771999613,0.5138258281333002,1.266495113754657,13.994551308600002,reposo,119
-0.032542,3.0658359999999992e-06,26.875124567522953,1.6953430693845781,0.8444433261509008,0.0010620476000000002,-1.024459,6.3638189999999435e-06,16.53328362668787,-0.4062194292185402,0.9635823276678366,1.0495226065,0.138914,2.816204000000001e-06,17.540849705083406,1.7687578388299496,0.9911294643250882,0.019299915600000002,6.061403,0.019202457491000004,5.2581226546472735,-1.4264594002248268,1.7169716318012649,36.759808785900006,2.9626559999999995,0.03497504106400001,6.582567392003565,1.4177863413894358,1.5524304371500028,8.8123056154,-0.5316250000000001,0.112301074275,13.935051953312673,1.6872429011685621,0.9505595577197797,0.3949262149000001,reposo,120
-0.03246399999999999,2.7670400000000025e-07,0.11069400946033614,-0.48511788606289596,1.9703523933716536,0.001054188,-1.024455,6.944749999999882e-07,7.883522434347219,0.9489631757410679,1.3802852446596636,1.0495087414999997,0.138635,8.956750000000018e-07,0.08503132662175794,0.5228478157013178,1.9855548245936632,0.0192205589,6.061401,0.008175925699000018,-0.7814659184971853,-0.1351529442777456,1.7723950137569984,36.748758008500005,2.9461790000000003,0.008779747659000003,-0.2409963299066611,0.08869918392927702,1.8291318408810486,8.688750447699999,-0.5371130000000001,0.007750615731,-0.1735230288195866,0.228034296186262,1.7584326934442154,0.2962409905,reposo,121
-0.032366,2.730440000000001e-07,-0.1487418582515967,-0.2465022248669239,2.0562668851389803,0.0010478309999999997,-1.024643,3.416509999999999e-07,1.9116770137807206,0.5287103828097306,1.8139374665506904,1.0498936191,0.14026100000000002,5.419789999999973e-07,-0.05681609040732516,-0.16175193011228703,2.014088888831036,0.019673690100000002,6.048587000000002,0.009129179731000017,-0.42163077788156045,-0.2907375923261423,1.8320865306691099,36.594533876300005,2.9412999999999996,0.008767661000000001,-0.3465818109729697,0.09454088908271252,1.80220540486504,8.660013350999998,-0.562751,0.007495193699,-0.5119771993683275,-0.112234803766828,1.7422513013459549,0.3241838817,reposo,122
-0.032288000000000004,1.6488559999999998e-06,10.563361868377434,0.30290073146439167,1.2364020170002867,0.0010441638000000001,-1.0246450000000003,5.358475000000005e-06,14.259548101131394,1.7127549600778218,0.9201328116558439,1.0499027345,0.14060100000000003,3.4044989999999974e-06,6.765258617513034,0.07779638448321498,1.3663370802023924,0.019772045700000004,6.052859999999999,0.0296590962,6.182484307241921,-0.1574057632374024,1.4961134505525044,36.666773275800004,2.965706000000001,0.092619810964,14.052523688518175,-0.16323854072369645,0.873841070081356,8.888031889399997,-0.5688580000000001,0.36998923703600006,14.34403155840575,-0.15196598809191983,0.8108675946567854,0.6935886612000001,reposo,123
-0.032195,4.2647500000000033e-07,1.4727921321573625,0.36649617692782693,1.8568483100218343,0.0010369445,-1.024792,7.733360000000074e-07,5.4937985934638505,0.6804899249382332,1.568382088761615,1.0501994166,0.139986,2.7820399999999984e-07,0.19380074250003787,-0.28971668718708643,1.9609453638684833,0.019596358400000003,6.029051000000002,0.010848907099000018,0.025035641440079637,-0.07788195342453928,1.932904500644667,36.360304867699995,2.932141,0.008338723019000006,-0.6411449529519713,0.0033832051223387566,1.7966647223435837,8.605789566899999,-0.5981570000000002,0.010432396051,-0.021934437548234875,0.0795705919505737,1.8914567917739478,0.3682241926999999,reposo,124
-0.032005,2.682750000000003e-07,0.37362880247323016,0.05407734170041459,1.9220379524154387,0.0010245882999999998,-1.024942,8.046360000000028e-07,2.9206187067479865,-0.6092542075007804,1.6538750461489538,1.050506908,0.140301,6.290989999999954e-07,-0.015881727900227016,-0.43087818794372407,2.0724974248710497,0.019684999700000004,6.060793999999999,0.01471806336400001,-0.6144415688962179,0.07122301166396909,2.0611867428421435,36.7479419738,2.940688,0.007254898856000003,-0.4900760050408417,0.18483380301762642,1.730250599557468,8.6549008122,-0.592663,0.010900988131000003,0.8855831273490344,-0.38319074638687173,1.487265748141617,0.36215041970000006,reposo,125
-0.031231,4.9342539000000004e-05,29.301327940270745,4.381740919918641,0.5942132442644892,0.0010247179000000002,-1.025549,2.3780898999999958e-05,28.777349471972748,-4.530760866461805,0.773238949835693,1.0517745322999998,0.13912500000000003,8.066607499999997e-05,16.93309895531535,0.619238903944491,0.7086584015983496,0.0194364317,6.0076909999999994,0.503383555019,19.24813497132706,1.7262376150706678,0.635802075098086,36.5957347065,3.6059650000000003,4.796566879475001,17.12337098633197,4.089042919256136,0.6745897375463968,17.7995504607,-0.5999810000000001,0.191637571939,11.097116235323393,0.7675886269256521,0.9877011925491739,0.5516147723000001,reposo,126
-0.028726,2.1872524e-05,8.797101529858022,-0.6151387920194104,1.2387960448193875,0.0008470556000000001,-1.024792,1.6305135999999982e-05,5.994619389570284,0.8397475933980132,1.446894498983641,1.0502149484,0.141232,1.6770576e-05,5.505384037814737,-0.14965441056344467,1.4705254695196475,0.0199632484,6.069336999999999,1.252164801731,3.977225432530811,-0.5205560615192751,1.529893146853296,38.089016421299995,3.06031,0.7309685327000001,3.5900900718609403,0.8907821587525391,1.5300641461443416,10.0964658288,-0.7183849999999999,4.9765202382750005,11.797785400421274,-1.1831994946961861,1.112328264283259,5.4925972465,reposo,127
-0.028398000000000003,1.3531996000000003e-05,21.163004808157147,2.0087785112285306,1.0335499234797922,0.0008199784,-1.024634,5.037144400000005e-05,46.82647004604367,6.155223700365289,0.598208037351029,1.0499252054,0.14012,7.755679999999996e-05,5.304146149050624,0.811028832904523,1.429607455839603,0.0197111712,5.852658999999999,13.979205239019,27.62001731798389,-3.9682080378119506,1.2221654897961516,48.23282260930001,3.0584740000000004,0.7603946419239999,25.610734364234965,4.312564119025095,0.9869444237451084,10.114657850599999,-0.5731249999999999,1.3718695096750002,17.57107380262626,2.7433017655761756,1.1169050929201283,1.7003417752999999,reposo,128
-0.028298000000000004,6.89996e-07,0.04049213068665436,0.3467491944587759,2.029160636539521,0.0008014668000000001,-1.0256490000000003,3.2224989999999837e-06,3.5486812202783167,-0.7393473830991879,1.539555622134049,1.0519590937000003,0.136982,4.489547600000002e-05,0.3737174824442304,-0.7960946160798222,1.8960762145455785,0.018808963799999998,5.916135999999999,8.723411730304,0.18046043391608269,-0.6754072308817575,2.0730679448925566,43.7240769008,2.9187039999999995,0.09040494958400001,-0.05686581862202589,-0.5001596324191224,2.064437747347991,8.6092379892,-0.5700700000000001,0.059473923500000005,-0.5470385131165054,0.14148816433138442,2.050509492194407,0.38445372840000014,reposo,129
-0.028147,1.8534910000000005e-06,19.427575194031448,3.135239324062308,1.3152497905477758,0.0007941071000000001,-1.0256699999999999,1.212049999999998e-05,49.593246439855704,5.92489685098471,0.8816303890171278,1.0520110694,0.13798299999999997,3.933821100000002e-05,0.24041964507072588,-0.21241852401167316,1.8167301009465855,0.0190786465,5.95093,8.726829671300003,32.36234387553631,-4.349594708744078,1.1846404594419304,44.1403975362,2.968751,0.20172598929900004,59.38640355274958,7.031195336848889,0.7881121021276408,9.015208489299997,-0.6189040000000001,0.05379594858399999,2.01217110332112,0.3421886432438024,1.6966855005530666,0.43683810980000004,reposo,130
-0.028359000000000006,1.190019e-06,0.49655121362113075,0.6072317637322129,2.001517858955727,0.0008054229000000001,-1.0259580000000001,6.296835999999943e-06,1.8750813935059272,0.76588902158018,1.8640246048717586,1.0525961146,0.13528099999999998,6.8277939e-05,-0.7605456648244329,-0.5290703583712106,1.9466454678757914,0.0183692269,5.885007000000001,6.165491541051,0.9573000396153994,-0.3513769318530731,1.9288547145321526,40.7987989311,2.9046629999999998,0.07675009093099999,2.2479873331950424,0.3166293436369402,1.7319685762129942,8.5138172345,-0.6066910000000001,0.039700311019000005,-0.6690145440968411,-0.01541481681514693,2.1136674522456658,0.40777428050000003,reposo,131
-0.028159,5.560189999999999e-07,-0.2851418003309454,0.041655902484835555,2.0129754757303537,0.0007934853,-1.025825,3.3804749999999716e-06,3.7699739189275636,-0.7705740929909844,1.6511781349653374,1.0523203111,0.137913,1.1350130999999995e-05,-0.4243210121080585,-0.15937395041357824,1.9790128852220255,0.0190313457,5.944823000000001,2.5224676889709996,0.813116042456357,-0.23937114484278446,1.9024321011909255,37.8633881903,2.874155,0.036964929075,0.27433532109889525,-0.30375337001886576,1.9719573081292785,8.2977318931,-0.564581,0.022829748339000006,0.9361958190282311,0.5486867687069735,1.866323767006373,0.3415814539,reposo,132
-0.027942,5.282360000000002e-07,0.6690226175872747,0.08994510338140306,1.8796756636800052,0.0007812836000000001,-1.0253839999999999,4.2987439999999614e-06,0.6183726843518071,0.30511482172809185,1.8906717677772082,1.0514166462,0.141401,4.938298999999999e-06,2.530133989949059,-1.340476314376247,1.82434703273563,0.0199991811,5.974118999999999,1.0439174373389997,1.5712038947162963,0.2578772135191441,1.7730736948980583,36.7340152635,2.911997,0.021183378891000002,-0.3391266098825838,0.2875026623782146,1.7584730213270974,8.5009099069,-0.5432210000000001,0.015834277259,-0.3261215700620981,0.26987746077727365,2.0842325177022314,0.3109233321,reposo,133
-0.0279,1.6483999999999998e-06,5.13837494415621,-0.7394603346278644,1.4398796316285685,0.0007800584,-1.025203,4.025491000000034e-06,3.3337808155204094,0.3284626185080576,1.6358637135406087,1.0510452167,0.142488,1.8971656e-05,21.39375991800434,2.7819019420752773,1.0340408778944106,0.0203218018,6.029046999999999,1.2578583086909996,8.200252261522065,-1.0961765280418418,1.3814695751280355,37.6072660369,2.896741,0.02454445001900001,2.8565700511826666,-0.7787691701708154,1.7486395014053975,8.4156528711,-0.5859460000000001,0.054245662884000005,7.526471839394523,0.6765810815577811,1.4364430798915708,0.3975783778000001,reposo,134
-0.027858,4.923236e-06,22.82009152181665,-3.7058123428246,0.8540534303420919,0.0007809914000000001,-1.024972,8.378215999999954e-06,21.007094657338776,3.0854401072289743,1.1104658154256848,1.050575979,0.144214,8.111204000000009e-06,15.334338210010294,0.33601214759753445,1.0326111950414523,0.020805788999999998,5.915530999999999,0.308875393139,1.4603783097311513,0.4131470517015041,1.8129428224252628,35.302382405100005,2.8759819999999996,0.120793381876,14.121975674073557,0.3317942615926656,0.9697397864004235,8.392065846200001,-0.5773980000000001,0.4254608345959999,11.43490541666301,0.7881895826356775,0.9358443684646343,0.7588492850000002,reposo,135
-0.027908999999999996,8.92219e-07,0.009809835684343238,0.09611280674066795,2.0446660776717076,0.0007798045000000001,-1.025631,5.753939000000035e-06,-0.18215930479317555,-0.009837853265708263,2.106434827026366,1.0519247021,0.14016299999999998,4.826930999999999e-06,-0.33645105784490426,0.4811558154826534,2.053053357502112,0.019650493499999998,5.971067,0.8724657018110001,2.1406595121789618,-0.4020590734214561,1.7358865032131077,36.5261068203,2.887579,0.020319054859000003,0.340517079577511,-0.41871683006330274,1.8622845366873604,8.3584315361,-0.634171,0.012361211458999996,-0.15171809262559766,-0.1168263231569937,1.973047267554923,0.41453406870000004,reposo,136
-0.027961999999999997,3.915560000000001e-07,0.31674842253470237,0.22932466626661024,1.8896408700916227,0.0007822650000000001,-1.0258720000000001,9.242160000000036e-07,0.308851799416773,-0.5739705317973801,1.8520665119299917,1.0524142846,0.13865899999999998,2.129619000000002e-06,1.7813728968109874,-0.860306046346205,1.849215633452422,0.019228447899999997,5.919799999999999,0.4254639235999999,1.6489028141498103,0.7320668338149201,1.830818561399395,35.469495963600004,2.87904,0.016174725200000007,0.19233354709101347,0.17135916860413944,2.0732755275891783,8.3050460468,-0.6109760000000001,0.008530889224,0.6929593923160735,0.25972179827265035,1.8067756723000676,0.38182256179999996,reposo,137
-0.027962,1.2419559999999996e-06,0.3390863941554878,0.42221885391047004,1.8883984541588883,0.0007831154,-1.025522,6.74311599999999e-06,-0.9077446070018222,-0.11554433662858876,2.0435650146795155,1.0517021156,0.14074,3.563999999999993e-06,-0.8707829888862406,-0.21736842497098433,2.202366950909632,0.019811311600000003,5.926518000000001,0.107402029876,-0.20171484125882078,-0.08694997422587546,2.066698308569009,35.2310176342,2.8576770000000007,0.014037578170999997,4.94929564420915,0.9759067025668507,1.5547173995599006,8.1803554145,-0.6146360000000001,0.031312523304,3.8781306407482017,0.30126238368044755,1.4375353289268054,0.4090899358000001,reposo,138
-0.026707,7.7154651e-05,3.225837746057503,0.16345266192765642,1.6185246679689467,0.0007904185000000002,-1.025252,9.477489600000017e-05,5.56282426583139,0.9105568555895277,1.4745356234323308,1.0512364384,0.14258400000000002,4.6399744e-05,8.456037114333348,-0.08439730519887471,1.2567429285221912,0.0203765968,5.825197999999999,7.197423331795999,5.378274163291167,-0.7566378069734593,1.3500593150496358,41.130355071000004,2.8881849999999996,2.369942406875,4.284917950012421,0.3840696459935665,1.4577173330261943,10.711555001099999,-0.3271569999999999,18.745049211851004,7.148291821394574,1.1845925861148274,1.286542636649061,18.852080914500004,reposo,139
-0.027184000000000003,3.3747343999999995e-05,33.730891481327596,-2.756249042322006,0.36212677013316524,0.0007727171999999999,-1.025838,2.7027955999999992e-05,17.586013645010595,-0.671764613917304,0.799525579572698,1.0523706302,0.140957,9.479851000000001e-06,9.679510946067913,1.5833263881630304,1.305421726465808,0.019878355700000003,5.950317999999999,0.890679868876,46.937049891921355,-5.726516700982666,0.813038822825237,36.29696417,2.9187079999999996,0.387234917336,36.54033280006415,4.949322423482388,0.7303647369518013,8.906091306599999,-0.5847289999999999,2.153837445659,40.82400821722306,5.289261027991533,0.3344008829107679,2.4957454491,reposo,140
-0.007532,5.945375999999999e-06,6.928640185050478,0.9279100701968582,1.4698062947957706,6.267640000000001e-05,-0.035115999999999994,2.3495744e-05,3.8488957999571305,1.2238675428916421,1.6519196657394457,0.0012566292,1.0206160000000002,4.095054400000006e-05,13.67851445115943,-1.8881493453263554,1.247148228038383,1.04169797,5.935665,0.009788063875000013,0.018491245523605038,-0.09741557674363911,1.8665841572746795,35.2419070561,2.963867,0.14381685281100004,4.228549589149333,1.6038394770351256,1.67087501063511,8.9283244465,-0.5529879999999999,0.14348480005599998,4.936979163670161,0.7927805528664568,1.554172224453794,0.44928052820000003,reposo,141
-0.011971,6.288258999999999e-06,-0.5684303848883854,0.37379432646416977,1.8525970858349996,0.0001495931,-0.035755,1.7485074999999998e-05,11.866176049477987,1.8697342764066232,1.1368546796965442,0.0012959051,1.021892,0.00022355553600000004,90.9678851749855,9.538950105316772,0.11190205689093151,1.0444868152000002,5.920403000000001,2.6808565776909994,56.960005935697204,-5.28756280727193,0.16770053683981007,37.7320282601,2.804567,0.213190997811,6.162647700317713,-1.1614702860824022,1.4922827761020259,8.078787055299998,-0.7684340000000002,0.237606546844,6.211928324163587,-2.119825085051036,1.6211699834206654,0.8280973591999999,reposo,142
-0.011794999999999998,1.4356749999999996e-06,-0.5265179506636377,-0.2775023046800497,2.054429256536829,0.0001405577,-0.035606,7.693564000000002e-06,4.597434952249338,1.1724067750466567,1.551244345070108,0.0012754808000000001,1.0208629999999999,2.475530999999964e-06,10.680016086294781,2.407751112250794,1.4783890712435521,1.0421637403,5.948476,0.012920639424000015,0.524801043411943,-0.4617061707080975,1.9758964505876708,35.397287362,2.917487,0.15266675473100003,1.5191006965675191,0.1862720620018778,1.8333411778640314,8.6643971499,-0.650026,0.15388333112400002,2.6395173181842804,0.6084608417238594,1.7504802524371228,0.5764171318,reposo,143
-0.020221000000000003,9.061258999999997e-06,10.027009392113289,1.8503208145677166,1.422164115860603,0.0004179500999999999,-0.036946,6.8133084e-05,2.436832115068592,-0.33509269744047626,1.6588403194570842,0.0014331400000000005,1.021892,5.6887935999999986e-05,26.71878002321577,3.5496662848005274,1.1141172144855094,1.0443201476000001,5.883177,0.030242227571,11.050043485523728,2.2835124155411313,1.3945962685651754,34.6420138409,2.874755000000001,0.24374211067499998,0.6795733589854489,0.034858287126758584,1.9061339496940513,8.5079584207,-0.69458,0.9026287482,5.093825215113489,1.2610134224073175,1.5484388474197108,1.3850701246,reposo,144
-0.01395,4.00649e-05,4.222321881592989,0.9541006210688833,1.5471831118589683,0.0002346674,-0.03733,0.00021537190000000002,15.901820368739394,-2.60297110370415,1.2232028028094422,0.0016089008,1.020895,0.00010604467500000011,36.519919120280214,4.776739035427859,1.1010035995366394,1.0423326457000002,5.836790999999998,0.04423186281899997,2.2198836468453873,-0.4363584008187235,1.6791794595180498,34.1123610405,2.9956050000000003,1.090670214275,4.843028207033912,-1.2113652080809238,1.567212390511306,10.064319530299999,-0.44128699999999993,1.7982761455310001,2.1612657528422643,0.5303687593264349,1.7593360685423638,1.9930103619,reposo,145
-0.010817,4.3501100000000016e-07,0.22857752284026267,0.6164949663038348,1.9604761575283343,0.00011744250000000001,-1.02752,1.3417999999999816e-06,0.652362202651311,0.9863264329792553,1.7945617773518998,1.0557986922,-0.09689500000000001,4.897127500000001e-05,-1.4272934982713983,-0.5973148993711366,1.8541225728156592,0.0094376123,6.206665999999999,0.5478238018439999,16.71586121649616,3.7377574541365073,1.101666473894001,39.0705266374,2.63428,0.311866756,13.999258595301395,-3.6023589448898488,1.0555883947536573,7.251297874399999,-0.6420990000000001,0.019779955299000004,6.585042158880288,0.9892881722342424,1.503350734532117,0.4320710811,reposo,146
-0.018435999999999998,2.439904e-06,21.375673404861338,1.7689276696444434,0.9946038716304235,0.00034232599999999995,-0.03428,2.1171999999999994e-06,5.289846436565247,-0.31452419315926794,1.4551920398370972,0.0011772356000000002,1.020816,1.1909439999999831e-06,0.8675498753077124,0.2535779233709254,1.8631743710593698,1.0420664968000002,5.897818000000001,0.01189489587599999,0.5692366076809048,0.0921911994843613,1.4554756156775737,34.796152057,2.8210480000000002,0.010253696295999998,0.12272813320939324,0.22617371779844897,1.8848227090585414,7.9685655146,-0.29724199999999995,0.2609727192360001,2.812687812071599,0.9371842335177187,1.7069831099708586,0.3493255257999999,reposo,147
-0.018373,6.143709999999995e-07,0.3556152668955259,-0.16773515658421914,2.045494507558516,0.0003381814999999999,-0.034034,8.670440000000003e-07,2.0741510903270584,0.5871777406562791,1.7767018330905202,0.0011591802,1.0208679999999999,7.21175999999987e-07,1.4690882285114926,-0.38540139865850254,1.8175402272294257,1.0421721946,5.883781,0.015946334538999993,0.3265209219258902,0.3796815052698387,2.0226173763730757,34.6348251905,2.7941930000000004,0.008390147450999997,-0.10482293285439903,0.14690661984724276,1.810668963176222,7.815904668700001,-0.457766,0.131618404844,0.2893238007118213,0.22685618998777593,1.9178764273408815,0.34116811560000004,reposo,148
-0.018253,1.1592909999999998e-06,9.626952553763754,-1.0313254778673637,1.3362173626486524,0.0003343313,-0.034107000000000005,1.1908510000000005e-06,11.0322891021097,-1.1812904597932048,1.2253547700563208,0.0011644783,1.021821,7.792590000000082e-07,0.8482766001971829,0.7438442346997589,1.8442604255460051,1.0441189353000002,5.880730000000001,0.01090543169999999,-0.00543916649166043,0.0945776758726352,1.947716188620522,34.5938907646,2.812505,0.009441805674999996,0.04214361769594621,0.24078203447111082,1.827249064677953,7.919626180700001,-0.56214,0.15164418000000002,2.2125082419366207,0.5068808250138864,1.6953378642810017,0.46764555960000004,reposo,149
-0.018325,5.76475e-07,0.046498907565542424,0.14005499855309606,2.0109902526113084,0.0003363821,-0.03424800000000001,1.2626959999999999e-06,6.997434592097791,-1.1453200269288226,1.5133322904293156,0.0011741882,1.0223369999999998,1.7365310000000195e-06,-0.5444278307063435,-0.018727668277149397,2.0991379707226407,1.0451746781,5.898425,0.012481922874999997,-0.5939994119586802,-0.028356172282596803,1.9863306064050041,34.803899403500004,2.783204,0.008272776383999994,0.1328241310355236,-0.18511618395754373,1.8048021686632767,7.754497281999999,-0.544434,0.120749408844,-0.15985923041752947,0.13941607762291675,1.9946303260813518,0.4171577892000001,reposo,150
-0.017598,1.0801960000000002e-06,1.4754066569465794,0.8291440128943589,1.7826424426753211,0.0003107698,-0.034263,1.1111309999999998e-06,16.09634223456807,-2.3588363333104514,1.257829503585477,0.0011750642999999999,1.0215199999999998,3.0747999999999888e-06,2.431884301715778,-1.012908946760222,1.7981259574247284,1.0435061852,5.871573000000001,0.012516765570999988,-0.26822488404933154,-0.17915073137889012,1.9963428352291714,34.4878862599,2.833867,0.027439109211000002,2.9448111758897877,0.9617088298293371,1.6847720895721177,8.0582412829,-0.62561,0.1306377365,-0.16490302164827542,-0.22083699045923,2.1014353647996873,0.5220256086,reposo,151
-0.015647,1.069691e-06,1.7671627936522523,-0.4658252017157518,1.811591488421332,0.00024589830000000003,-0.033475,8.658749999999999e-07,1.608683590919675,-0.3281376503484912,1.7602468244111729,0.0011214415,1.020413,2.3673309999999542e-06,3.226673514475981,0.47792623683791063,1.632226739192356,1.0412450579,5.838614,0.017822078403999984,0.1788594683435476,0.019262094829689203,1.924316849563333,34.1072355194,2.7752679999999996,0.08981490517599999,-0.6209419408337267,0.015511120532318087,2.0924156355381514,7.7919273769999995,-0.6372080000000001,0.132870524736,0.49845585660685376,0.36929725389973483,1.9101644776096536,0.5389045600000001,reposo,152
-0.013376999999999998,3.3081710000000006e-06,0.510985947263408,-0.8030388354347011,1.9654493097039498,0.00018225229999999998,-0.033218,8.269076000000001e-06,6.39084714410796,0.4163245233173115,1.404092760508516,0.0011117046,1.0210139999999999,1.8834040000000027e-06,1.1705671957693369,-0.2973175631812198,1.8510991591660306,1.0424714715999999,5.869741000000001,0.02019411541899997,5.261779505715829,0.6212296764144226,1.4814560368702123,34.4740535225,2.8515659999999996,0.3327481178440001,3.687173847299589,-0.5600649689840457,1.6280616583608665,8.4641767702,-0.6463669999999999,0.417760654611,0.6566967974776468,0.7340602307660514,1.9730020502969003,0.8355509533000002,reposo,153
-0.01279,4.236100000000002e-06,0.3776880570703556,0.11888031429947347,1.8334482111725015,0.00016782020000000002,-0.033163,1.4551309999999998e-06,2.1816162282792577,0.1762539356452905,1.7010777958444,0.0011012397,1.0209929999999998,2.907851000000034e-06,13.381776877124711,0.5667689929885874,1.0998940524681333,1.0424296139000002,5.864246999999999,0.015472343090999987,0.19381478216164671,-0.07973609477545109,2.034757953238213,34.4048652201,2.718503,0.10411876309099999,1.2203309566650793,0.9233037025712809,1.9636616634850985,7.494377324099999,-0.6829850000000002,0.176629328675,0.44241521422412244,-0.4522239426785599,2.014050405527388,0.6430978389000002,reposo,154
-0.013869999999999999,6.649e-07,0.7029732566304467,-0.07334985348821947,1.8796629161812217,0.0001930418,-0.033185,1.143674999999999e-06,3.7189584614062117,1.121320080694163,1.7026452414379196,0.0011023879000000001,1.021363,8.67131000000006e-07,-0.32703224960090305,0.17193453488808091,2.106934706613715,1.0431832449,5.861805,0.012286575474999983,0.518032176263036,-0.21950735692791742,1.5546663999959394,34.3730444335,2.779542,0.02491828103600001,2.2301648491650488,0.07898938207854966,1.6328011332450811,7.7507720108000004,-0.6732210000000001,0.07953168325900001,0.2554577137453271,-0.16631106202393076,1.905852061169295,0.5327581981,reposo,155
-0.013961,7.10979e-07,1.2766475023564077,-0.8685215856521524,1.9521513572232272,0.0001956205,-0.03325500000000001,4.1287500000000016e-07,-0.2416377481952212,-0.032790944926232454,2.059685404063277,0.0011063078999999998,1.021395,9.630750000000122e-07,0.28305583564060655,0.3466161209627107,2.018017946159125,1.0432487091000002,5.890496999999999,0.012403937090999994,-0.4791187874143761,-0.12460702091633154,1.9915112209706225,34.7103588441,2.7612280000000005,0.029740328615999997,5.800577085444207,-1.6572127330982014,1.5759848417682387,7.6541203966,-0.6732250000000001,0.072008537275,0.28074082016686885,-0.05680564015754821,1.879234008830709,0.5252404379,reposo,156
0.338324,0.04632572262399999,-1.3144369882295053,0.09638124274238491,2.2667366104574835,0.16078885159999998,-0.028113000000000003,0.011325228531,-0.763784335300298,-0.34233504718108465,2.202946922098984,0.0121155693,0.9082739999999998,0.08666574412399998,-1.0020648045335137,0.0677064773208449,2.1720629090269257,0.9116274032,5.480955000000002,2125.195775497275,1.3643933330803426,0.5834605950609538,1.8559115501834893,2155.2366432093,3.9831600000000003,7186.168106321,-1.2533833647991237,0.2594967746513533,2.2452280771683935,7202.033669906599,3.234253,147.915581573491,-0.9736487387132291,0.03205425458335862,2.1727158223935685,158.3759740415,arriba,157
0.3660400000000001,0.04216417760000001,-1.2366381343937574,-0.0626167444411306,2.277972382533609,0.17614945920000002,-0.079086,0.008954498804,-0.2713070542786671,0.4992383487391566,2.0995985756146753,0.0152090942,0.8932920000000002,0.056205281136000006,-0.9748788293808692,0.16852668523911166,2.2183507756371075,0.8541758784,3.1512420000000003,640.043639328236,-0.10857629036308225,0.2381453082088624,2.0647411632191823,649.9739654708001,-6.499020999999999,4422.73721596486,-1.0712307387387172,0.3154218163865346,2.224566533250505,4464.9744899233,1.128539,69.61661871417898,0.28770062189580026,0.5479447074690638,2.042954008859978,70.89021898869998,arriba,158
0.43397199999999997,0.027253340015999994,-1.4320190252983955,-0.015302380316168119,2.257256520077855,0.21558503680000005,-0.062108,0.003480024536000001,0.047907954792081764,0.6359544936982003,2.060047787938739,0.007337428200000001,0.8754449999999998,0.050801066475000003,-0.8870459260290069,0.35224443428030267,2.194692546235654,0.8172050145000002,4.1223160000000005,276.83880731714396,0.692645084480906,-0.5824048183925387,1.9313743445434137,293.83229652100005,-4.415286,2969.9704732834043,-0.809227269957725,0.5593535256631412,2.2194950692025537,2989.4652237451996,0.08605800000000009,66.255135427636,0.45897680490254666,-0.996727379555913,1.8328525632638388,66.262541407,arriba,159
0.43771699999999997,0.028961144411,-1.42252816399069,0.12785505689877355,2.2452089154213333,0.2205573165,-0.04936700000000001,0.0036846052110000005,0.861062788614837,0.3707484734677673,1.931881360504833,0.006121705900000001,0.8823679999999999,0.05796284497600001,-0.6808052642341718,-0.1550136939466707,2.1931827452234613,0.8365361324,5.262451000000002,509.822711294299,0.12259081756649115,-0.543167063196028,2.014094431300337,537.5161018217,-4.021001999999999,2780.5729022269957,-1.0329807813949157,0.1967810450300675,2.2746569128253715,2796.741359311,0.677488,37.812178216856,-0.4265435882236841,-0.06306555362198539,2.106005628721871,38.271168207,arriba,160
0.4913759999999999,0.041708049624,-1.2937660982459496,-0.05383221964562742,2.287414535240303,0.28315842300000005,-0.058109,0.004126893219,-0.40897587508285094,-0.007179952749504501,2.171491423966257,0.0075035491,0.8229880000000002,0.08073208105599998,-0.5817030443593811,0.2880555003518842,2.159191960389228,0.7580413292,5.854492999999999,342.77511707705105,0.5688101551410187,-0.4637513566976987,1.9297293136072393,377.05020536409995,0.07751999999999967,4075.1604759138004,-1.0861444466946668,0.12681199848470448,2.209006352090065,4075.1664852642,-0.32836699999999985,55.356409859211,0.17955446916666595,-0.12509387239350953,2.0406680975512264,55.4642347459,arriba,161
0.514202,0.031953531396000004,-1.4320852867083254,-0.2220983575101397,2.2202270209836423,0.2963572282,-0.051898,0.0045497515960000005,0.5605985016034101,0.3612507585305644,1.8966551992987606,0.007243154000000001,0.818954,0.06776535128400002,-0.5673347337221752,0.5093910750195337,2.134280794216134,0.7384510053999999,4.688719,321.84201059933895,1.5837502320682315,-0.7247097123940197,1.785540648456243,343.8260964602999,1.7291270000000003,2893.05270327317,-0.8766493910889559,0.2566531202792286,2.174011982617961,2896.0425834553002,0.3198190000000001,71.078515695739,-0.15532373039632663,-0.0649125296936219,2.0925924459682848,71.1807998885,arriba,162
0.561464,0.032539088903999994,-1.1481431433345415,-0.26940660203066663,2.2022139809140056,0.34778091220000007,-0.059701,0.004904597298999999,0.32398021151847667,0.03653953560492114,1.9363441769832812,0.0084688067,0.7808080000000001,0.106990496136,-0.7844813500805139,0.5036028615444215,2.2134200820366727,0.7166516290000001,5.703123,270.092374966971,-0.20125378523605875,-0.0049340978464701354,2.017190383392827,302.6179869201,4.230957,3019.4837682496513,-0.8321440465155749,-0.3598216512855916,2.1838991049817063,3037.3847653855,-0.465086,67.06440500120401,0.5883710985754997,0.40672282055320647,1.9652407592462877,67.28070998860001,arriba,163
0.758964,0.00014710050399999994,1.8775521977283525,-0.9644016846909957,1.8131575667785946,0.5761734538000001,-0.046479,0.00019178425900000001,1.3317041850366103,0.8415090653309373,1.9548414260120413,0.0023520817,0.6290399999999999,0.0011771792,1.212081219753486,0.4636839476956477,1.829096665395511,0.39686850079999997,6.632079,24.089797069059,-0.1279317530879336,0.009596144633479438,1.9885555992296284,68.0742689313,3.7390160000000003,4.512497197944,0.8422152132121159,0.24428648697286837,1.8794647362826928,18.4927378462,-0.5877739999999999,1.296746705724,2.56739276941056,-0.944614552313054,1.7843805965321509,1.6422249808,arriba,164
0.7712079999999999,8.138273600000004e-05,-0.26278005735578214,-0.0689030566048412,2.033275839990076,0.594843162,-0.051517,0.00015475961099999997,-0.3252518903123196,0.20908327370729843,2.08675696897584,0.0028087609000000003,0.613157,0.000629183051,0.00948632390293147,0.45214663960269874,2.0105737377452746,0.3765906896999999,6.217652000000002,23.327288846296,1.2160124687048874,0.5871422522920821,1.9150030292669802,61.9864852394,2.9003850000000004,3.769872494874999,3.1062810020780995,-1.3125618214047787,1.7705007962235146,12.182105643100002,-0.43823500000000004,1.1234265030750001,2.7523836376806115,1.245584869506192,1.8214162955772442,1.3154764183,arriba,165
0.535739,0.028017363779000007,-1.1825421700149255,0.07253029848259711,2.289529617322846,0.3150336399,-0.093043,0.005005134450999999,1.7885553555894091,-0.962520531606371,1.857949849847297,0.013662134300000002,0.804682,0.096893123476,-0.6928323672860937,0.45122028734902836,2.2006707743666696,0.7444062446,7.001344000000001,479.51104185026395,-0.030989318558916512,0.0789309410083109,1.9754251193437702,528.5298596566,2.1734619999999993,5289.001332899156,-1.25765379227513,0.1708726546981092,2.2020122749727604,5293.7252699646,-2.4768069999999995,50.361979592051,0.15273113270257488,0.15076248862351468,2.0364152436093073,56.4965525073,arriba,166
-0.284787,0.05745307813099999,-1.038312861425407,0.3755115538139477,2.205410255708668,0.13855671349999998,0.07882100000000002,0.020205077658999995,-1.0109504169968193,-0.1624138367857334,2.200147822388419,0.026417827699999997,0.9623229999999999,0.028889586771,0.7712538896456462,0.033795845343970274,1.8695626737633522,0.9549551431000001,11.640019,2922.890149123339,-0.4823091953376326,-0.48353228301172013,2.072522971061185,3058.3801914437,8.190923,10896.897415990774,-1.076877757855928,0.133229365522813,2.23532879023182,10963.9886355827,3.2348670000000004,184.474217419411,-0.00816382528696602,0.20706322263200805,2.0861794813142436,194.9385819271,abajo,167
-0.153112,0.054099492256,-1.471350117906074,0.016108641610028205,2.2189797744876616,0.0775427768,-0.11046099999999999,0.007243842379000001,0.582615107077999,0.7677355456626652,2.0002265847357146,0.019445474900000002,0.9746590000000002,0.020072293219000007,-0.07119721182066563,0.4240172851686311,2.0729871396205137,0.9700324595,6.015023,1112.797256008771,1.2003154343218787,0.254618060357929,1.8908325362961462,1148.9777576993001,6.740725,6482.099505787675,-1.0259459594639782,-0.1630912973457534,2.2743263173471933,6527.536879313298,1.207884,125.73734823514401,0.5541714051601416,-0.3055633395085882,1.9454469218616168,127.19633199260001,abajo,168
-0.10670199999999999,0.053550449195999994,-1.35868793119894,0.17218055917217964,2.2592283720804804,0.064935766,-0.163372,0.004166370415999999,-0.0027868665993362463,0.6025916586448338,2.0820854390277397,0.0308567808,0.9779029999999999,0.020571685290999998,0.10834957265279943,-0.1653499066340092,2.009124203816733,0.9768659627000001,4.568482,715.5016264910759,0.5842900860278193,-0.19163681797047036,1.949809446225778,736.3726542753998,0.46569599999999994,6161.766155816583,-1.1549955023598917,-0.16208760542377162,2.2445117096290996,6161.983028581,1.6656529999999996,120.404566017691,0.9553432570673062,0.18742433457900812,1.8725316747436058,123.17896593409999,abajo,169
-0.037005,0.05000912527499999,-1.3421755936188562,0.14967934035551267,2.2159621974963812,0.05137849529999999,-0.19482299999999994,0.002810383171000001,1.0707707507543738,-0.007879284307042418,1.8388851797809982,0.0407663845,0.9834700000000001,0.022018654500000002,0.10300399466055898,0.2052586585721465,1.9885871110851647,0.9892318954000001,5.438229,350.05424063225894,0.1242172789140521,-0.09279177320902049,2.0391765253165235,379.62857528869995,2.5360100000000005,5226.0717930669,-1.4082985947619526,0.12289280058235742,2.197593601167777,5232.503139787,0.4711900000000003,117.8052892547,0.17348220197364883,-0.32319291929357,2.059566209149705,118.02730927080003,abajo,170
0.049084,0.05728602134399999,-1.5025641557043756,0.0780267872447711,2.224126442651524,0.0596952604,-0.12947899999999998,0.003367283859,-0.3258432201624406,0.20230090332808903,2.1440972764636737,0.0201320953,0.974637,0.026502356731000005,-0.45733931620396095,0.3967654053044173,2.1315960825806743,0.9764196385000001,4.390870000000001,308.87519953429995,1.2002841706836387,0.5932047978897438,1.8684565878306307,328.15493889120006,-6.063235000000001,4521.784796714075,-1.1288918779480992,-0.017682194108012413,2.2757597879675195,4558.5476153793,0.7476740000000001,45.92864343632401,0.239205132276465,0.21332574010507444,2.0332592134621654,46.487659846599996,abajo,171
0.018525999999999997,0.056982142924000015,-1.3946694706588671,0.24945172481235658,2.2220732238628655,0.057325355599999996,-0.13443500000000003,0.004296810875,1.1983450893182352,-0.0013561387541367988,1.7971578879906533,0.022369580100000005,0.9881709999999999,0.018729668459000003,-0.852129685099543,-0.28760743399022476,2.1818640182156352,0.9952115937000001,8.897703000000002,419.1044558046911,1.2312749887943575,0.36534455564900636,1.8277269004596701,498.27357448090015,12.924802999999999,4653.508603031091,-1.0046831426765979,-0.29923908101128455,2.2317708666907756,4820.559135619899,0.8190900000000001,83.1987933273,0.27490023939355845,0.43353764033780656,1.996126889417868,83.8697017554,abajo,172
0.10447900000000003,0.050840912059,-1.1865234329997507,-0.151040672071526,2.2561723356809127,0.061756773499999994,-0.136421,0.004058476058999999,-0.1568133689721214,0.38813083109874436,2.15282548628819,0.022669165300000006,0.9677319999999997,0.021162558176,-0.7487834046660624,0.3718625919775614,2.199707539008683,0.9576677820000001,2.2991919999999997,485.21292999853597,2.8371709066103454,0.6289712152719376,1.7315910656214095,490.4992138514,-2.286989999999999,4614.1752121931,-0.93393076851837,0.024519516508062084,2.2107851492060937,4619.4055354532,-0.6603990000000001,100.453061027899,0.21413517212086974,-0.5453754893218199,2.053939565807792,100.8891878671,abajo,173
0.030292999999999997,0.044423415251,-0.9948977139846544,-0.12047595076037954,2.179248891035404,0.04534108110000001,-0.20686999999999997,0.015337285699999998,0.5740019814985948,-0.8923625180714421,2.0385365276663845,0.05813248260000001,0.9880880000000001,0.023210825056,3.1010646149227172,-0.663469758033057,1.6136533738644143,0.9995287208000001,12.309568000000002,1258.1015471813757,1.6655455256616278,0.9688081844237649,1.8230090515211366,1409.6270115279997,0.277712,5370.976703454255,-0.20972010916470873,0.0105375189872074,2.093969843925366,5371.0538274092,0.0061060000000000515,469.08975631756397,2.1166028986150573,-0.06642826663618535,1.7074885652417315,469.08979360080014,abajo,174
-0.032645,0.021592813075,0.20458741989135332,-1.0317250750935545,2.043572808535151,0.0226585091,-0.20578500000000002,0.008052704475,-0.07716948275905011,-0.6307521361153056,2.073893059899038,0.05040017070000001,0.9880979999999998,0.020371621596,-0.30682793207421044,0.04446195276016302,2.028472594872505,0.9967092792000001,5.7897919999999985,544.220295226936,2.225391657329385,0.5367464105177936,1.812232201460118,577.7419866302,-2.2619639999999994,2523.9513566387036,2.9306773944923252,-1.3202134108697339,1.6929187627445619,2529.067837776,-0.35888400000000004,155.49337910854402,5.8564071440685765,1.5374105927103365,1.5245831495389455,155.62217683400002,abajo,175
-0.119455,0.042882164475,-1.4287651060996367,0.11186386794486552,2.12050314197279,0.0571516615,-0.20342800000000005,0.010288374815999996,-0.48970412918611217,-0.15997692193731317,2.158317922769859,0.05167132600000001,0.977136,0.021088927903999993,0.4241218643969984,0.13257159323563192,1.909792535208934,0.9758836904000002,6.693724,1793.1832850320238,-0.050722287465203575,-0.10885654534315783,2.046237872450806,1837.9892260202,0.8752420000000006,7159.833543238238,0.014668734328509458,-0.19301252802749816,2.0573447974760186,7160.599591796799,0.8496109999999998,633.4521639637791,0.34472358149834426,0.43888560611720634,2.057049583497212,634.1740028150999,abajo,176
0.09068800000000002,0.010971280856,-0.9927778232776214,-0.14938728132362675,2.246447484493892,0.019195594199999996,-0.08544799999999998,0.05594825029600001,0.03947536207563207,-0.573334788638554,2.0493508863104535,0.063249611,1.0049679999999999,0.021814626176000003,0.8164427232183042,-0.3926192104452697,1.8809838814052542,1.0317753072,10.982664999999999,1051.341919375075,1.5925177940272857,0.29737795972509834,1.7547781192504073,1171.9608498773,3.6663849999999996,707.400888751275,1.6163854001177098,-0.6617302318073587,1.8783237040584053,720.8432677195,-4.772336000000001,11068.542420295102,-0.8612794748766657,0.1986577805355794,2.2244173463313865,11091.317611192002,izquierda,177
0.111421,0.021089948859000004,2.1097718199394695,-0.8485542260345531,1.7400674129400056,0.0335045881,-0.096123,0.053816347171,-0.8664192239130086,-0.2797360513989451,2.204490275346929,0.06305597830000001,0.999166,0.024395753643999995,-0.38485693387861675,0.05706760354603702,2.113886231154306,1.0227284492000002,10.297845,2169.899654143075,0.6109224719172848,-0.23554518295289573,1.8369821876230228,2275.9452657870997,-0.314334,952.005495186044,0.28753611196365503,-0.0027039030960712305,2.0277784259848772,952.1043010496,7.397463,9802.86912440873,-0.7033590193522947,-0.40196104839251406,2.125175645795416,9857.591583245101,izquierda,178
0.05424799999999999,0.013252165296000006,-0.8546467529089803,-0.056812549991523166,2.241334478898967,0.0161950108,-0.073822,0.06301781111600001,-0.43289419647280303,-0.044163630907935895,2.003580680943644,0.0684674988,1.003323,0.032035579171,1.3613292279473663,0.4273608415687298,1.8881813641059482,1.0386926215,8.345339000000001,803.4079768493789,0.07333026754980487,-0.3249240574896002,2.082869835004461,873.0526598743002,1.687014,726.3965321750042,0.08325026282084069,0.017179919902061025,2.066042291666677,729.2425484112,-0.18310200000000015,8966.916076822194,-1.1812836886891445,0.03705147686694149,2.254577115619214,8966.9496031646,izquierda,179
0.022622,0.017922504116,2.111359517752504,-1.0108805439345576,1.8667755568151165,0.018434259,-0.053304,0.051837865383999995,-0.3513571996210145,0.07794724447847623,2.0657989631505647,0.05467918179999999,1.0110679999999999,0.023605318376000006,0.384892127147177,0.17215285863455454,1.9657515921054536,1.045863819,7.664795000000001,1445.159298121075,6.829286225001626,1.5708905975820262,1.5153148037744808,1503.9083805131,-3.0853260000000002,820.9559532933242,0.5419966276247195,-0.6620480837629839,1.9880577448436734,830.4751898196,23.837284000000004,11336.900490603743,-0.7781855218522589,-0.07485010098744482,2.135473634441812,11905.1165991004,izquierda,180
-0.097872,0.06201226481600001,-0.308550757509662,-0.5010288273659279,2.095309349709547,0.0715911932,-0.07642,0.08127175060000001,1.4412680128722615,0.19699041907105969,1.8128906494773511,0.08711176699999999,0.9838319999999999,0.056977285776,-0.05203086895060682,0.44399465007599803,2.1290283442412243,1.02490269,14.020386,2086.709484110204,4.3650584333354185,1.2035405703932236,1.492673285225976,2283.2807076992003,-3.7341279999999997,3523.410194203617,-0.2031294533535397,-0.27941877979762386,2.020453090148731,3537.3539061239994,6.881094000000001,17105.172627113963,0.5572438450448511,0.6380545107186085,2.035357452284437,17152.5220817508,izquierda,181
0.22244700000000006,0.02399652069099999,0.9177921217247911,-0.11380150359266165,1.9225178719656333,0.0734791885,0.05612,0.070944877,2.145703915809137,0.3033599033630359,1.761435924133416,0.0740943314,0.9670089999999998,0.026110579219,4.033240449218181,-1.1133958885487758,1.6469205622548002,0.9612169852999999,-5.267946000000004,7894.770763598284,-0.12158568765628797,-0.17570508095183326,2.0959346477023115,7922.5220186572,-0.21972499999999928,1413.7063531968752,1.9829557416564052,0.9884244001904179,1.8431724556114513,1413.7546322725,7.563477999999998,24745.846105846915,0.49718878547842804,-0.5208179122914907,1.9562152080723096,24803.052305303398,izquierda,182
0.09327200000000001,0.015087778415999998,-0.2499947597333705,-0.5023468237294534,2.11012623259448,0.023787444399999996,0.037469999999999996,0.11565512330000001,0.8142016102713514,-0.5030740695075487,1.8816133524796952,0.11705912419999999,0.9998310000000002,0.022794093139,2.9050165316506575,0.4578097241375556,1.6946618758154104,1.0224561216999999,10.322261000000003,4713.517233180979,0.0756069535513837,0.6615071369351347,2.0634174528905915,4820.066305333099,-0.816046,698.2858316882841,1.4268626002722167,-0.4555679834977617,1.7728555538487156,698.9517627623999,-0.8496069999999992,28814.95346571685,0.23057771755529188,0.4959853650126868,2.07312631113592,28815.675297771297,izquierda,183
0.05554699999999999,0.011891729091000003,0.9068301516412931,-0.12517370545196707,1.8667438167875885,0.0149771983,-0.008957999999999997,0.07744092723599999,-0.5675507272855569,-0.10686293023939017,2.097653985666606,0.077521173,1.004831,0.011224308939,0.7540484772284555,-0.09418039458117453,1.9541583522095274,1.0209096475,16.134643,3883.770606207451,1.690743534059715,-0.3566941768827632,1.801826643874389,4144.0973109449,2.5445539999999993,789.391145223284,0.7985196125720839,-0.5278885053134547,1.9347573621203746,795.8659002821998,22.564698000000003,23939.01351564459,-0.23209601834239457,-0.17614872316040212,2.1039339884846444,24448.1791114758,izquierda,184
0.026234000000000007,0.013926450644,0.4170882100833264,-0.3039119708175525,1.9586926097772726,0.0146146734,0.172928,0.128355363216,0.1527463136727807,0.1601956347505272,1.8750452743617294,0.1582594564,0.9587189999999999,0.024152735738999998,1.5715712183899786,-0.7750675287497724,1.8687311082824827,0.9432948567,5.697636,2708.3532982113047,0.6814868769474232,-0.3920407823117508,1.957946039550048,2740.8163541998006,1.4367690000000004,1891.534627642739,0.8779665011396078,0.03874270985732569,1.8087618319237684,1893.5989328021,-5.850218,29488.081308468278,-0.5341582882975082,0.023348758732616944,2.147765879255472,29522.306359115806,izquierda,185
0.103978,0.004870724115999999,1.089726123131542,-0.4105240166700639,1.7969006766742102,0.015682148599999998,0.019192,0.07653934833600001,-0.5458073420937999,0.0999892318774554,2.1224977913105865,0.0769076812,0.9949160000000002,0.008670112744000001,2.145084642629177,-0.3994488118205652,1.7106522960179507,0.9985279598,5.469968,2678.256209090176,-0.20910503704600902,-0.5887028963815181,2.0782269357741434,2708.1767590112,11.478883000000002,562.830660161411,2.7474241162318274,1.018986103509568,1.7350648306316323,694.5954150891,18.7323,24610.9237480878,-0.4810532222939665,-0.30828677047314323,2.1483354264190915,24961.8228113778,izquierda,186
0.044002999999999994,0.010273425091000004,1.0359093416239302,-1.1118090213137268,2.002334789032262,0.0122096891,-0.024664999999999996,0.16440958527500002,1.0052920074259175,0.19053703758351828,1.8663487506658751,0.16501794749999998,1.008003,0.030993677290999996,3.5763929312489253,-0.984532545941363,1.6688902007742616,1.0470637253,11.216430000000003,2237.4705041515,0.9443401262509816,0.1744658766108429,1.8132775797123075,2363.2788060964,1.1523449999999993,1315.6924791736749,1.4491087525800035,-0.1990100334790868,1.8320909858216459,1317.0203781727,-7.4401839999999995,22243.863581933547,-0.09155019479806681,-0.5741120211466102,2.119424898656835,22299.219919887404,derecha,187
-0.0023729999999999997,0.021070379771,3.2940737250465,-1.6081872668152954,1.7458611346150619,0.021076010899999997,-0.08585700000000002,0.20075792265099998,-0.917580758642218,-0.142975241716084,2.1418261344280953,0.2081293471,0.9849429999999999,0.034893084851,0.6194159512655681,0.09704280550883186,1.9083051339739807,1.0050057981,-0.15442100000000114,6787.637700445459,0.015530928741470884,-0.18661453503893408,2.04229509291829,6787.661546290698,12.492677999999998,939.930712547116,0.7003487341330952,0.1550062593654452,1.8862231741592317,1095.9977161588001,2.651983,34687.43391354961,0.014841725503636383,-0.6323872302481474,2.09315465124486,34694.4669273819,derecha,188
-0.010349000000000002,0.017895446299,1.8885791673740453,-1.4794637831993558,1.8328021586919285,0.0180025481,-0.02044,0.23754979759999997,-0.3489509457679225,0.029763295462837593,2.0349230161985075,0.2379675912,0.9703449999999999,0.029505153875,1.4859232314084636,-0.12785122080149636,1.8806374579113516,0.9710745729,6.626585999999999,3939.4398448938036,0.14456310117652382,0.3232805391843674,2.0445849081100835,3983.3514869091996,2.6013180000000027,1332.8703853892762,3.2604723580817208,-0.1335126025169854,1.5865263467397306,1339.6372407264,-17.964474,25292.903585384527,-0.15456274415558502,-0.6205183770305105,2.103901373871815,25615.6259114812,derecha,189
0.050216000000000004,0.010610876743999995,4.317634491779662,-2.0945497931906383,1.6496767961864909,0.013132523399999999,-0.094302,0.144567446396,0.7711105248686794,0.4368439485373603,1.9273460619807088,0.1534603136,0.9983190000000002,0.043233270139,1.20087540118905,-0.49760108750341,1.8169049061280644,1.0398740959000001,7.1978800000000005,1728.5013841398,0.7415755963461383,-0.2456741465133257,1.8708909481896527,1780.3108606341996,3.9508040000000006,1320.5729314347839,1.4505180755513365,-0.1802627829445803,1.7838957184006783,1336.1817836812002,14.148558000000001,22155.212142985834,0.032314494221155954,-0.7290598678385629,2.1193477773426546,22355.3938364652,derecha,190
0.01617399999999999,0.011754858524,1.0734719635703582,-0.9617837859769964,1.9511403344127836,0.012016456799999999,0.034725000000000006,0.166157663675,-0.19221942060763597,-0.15395407472928455,1.9571837815503936,0.16736348929999997,0.995737,0.040595266531,1.2935046568935427,-0.16850199971447952,1.8902260243174767,1.0320874397,5.090943,2126.762914495851,0.15428809524305942,-0.16381900242075223,2.050371143670909,2152.6806151251,2.968749,1462.036868527299,2.2451701791430976,0.2676797611520814,1.7619228588461457,1470.8503391523002,4.282227000000001,24508.130180532375,-0.41509641998578983,-0.4260786100497567,2.1951138736992504,24526.4676486119,derecha,191
-0.012596000000000001,0.010332138784,1.5581142034523223,-1.52402867499789,1.770859567469857,0.010490798,-0.008178000000000001,0.19215591411600003,-0.726804492808856,-0.10368786098215178,2.0409411497779497,0.19222279379999999,0.9907090000000001,0.030340979019,0.31026842988275627,-0.45270609515597693,2.040981004478578,1.0118453017,6.5258769999999995,2662.1939117941715,1.5382788311281157,0.39894121251245945,1.8243078010689375,2704.7809824133,9.797362,1300.821761142956,0.3073319125068439,0.016216064487579417,1.9421996679304179,1396.8100633019994,-2.442626,24820.729062765924,0.17570914185399245,-0.538452560589707,2.021500706318644,24826.6954845418,derecha,192
0.010263000000000001,0.006392120731,0.41242627416582733,-0.6986541841587189,2.0268812385709087,0.006497449900000002,0.05774499999999999,0.14649078427500004,-0.7539757166657415,-0.09649264232692646,2.136188908472967,0.14982526930000004,0.991765,0.021873696075000004,-0.33969181027459694,-0.36205516662373444,2.1609309731711512,1.0054715113000001,8.2605,2225.7835658706,0.17227210387181424,0.4903678253699489,2.031296943569781,2294.0194261206,6.016235999999999,1033.1041911111038,1.4681935941436715,-0.23011867564100877,1.7913963321841346,1069.2992867187997,-11.400144000000001,22410.05006813566,-0.608821393634305,-0.18186001703666627,2.1084365671279306,22540.013351356407,derecha,193
0.042119,0.004939832739,-0.18034348503894204,-0.6289565251982523,2.0413152195890083,0.006713842899999999,0.018315,0.138106476875,-0.5210084180862888,-0.3515862922993602,2.0248007705181856,0.1384419161,0.9953719999999998,0.016507408615999995,0.6974212361399239,-0.536309671609993,1.9346394291309674,1.0072728270000002,8.291621,1893.9037164470592,1.5629858969325277,-0.5765656443017333,1.883018319990654,1962.6546952546998,3.091432000000001,1064.4341815877758,-0.47518309445786233,-0.04607687320525915,2.0976939792634224,1073.9911333983998,0.12695400000000062,22055.912954549676,-0.2772706132414573,-0.1899192922399463,2.0696852998985906,22055.929071867802,derecha,194
0.048027999999999994,0.004528108616,2.184213438924683,-1.1381270157969816,1.8732333356301,0.0068347973999999985,-0.043865,0.08523559987499998,-0.48366246527739687,-0.019138129127327482,2.030537561131003,0.0871597381,1.001609,0.015179393419,0.15916494649109492,-0.3587834087292826,2.072490878183708,1.0183999823,6.611330000000001,1461.5437162657004,0.8687335444295803,-0.2923677103571942,1.8352165679626409,1505.2534006346002,3.151855,832.7918250936749,0.8303528852934035,0.404262765744759,1.9975921240707504,842.7260150347001,3.4759469999999997,21067.72091555009,-0.7685218457584129,-0.24924064277110353,2.196001080933247,21079.8031230969,derecha,195
0.053332,0.0034230059760000002,0.909178810598259,-0.7248233722378005,1.9555656949287141,0.006267308199999999,-0.082157,0.06411590925099998,-0.5703138800360392,-0.08818294326272468,2.139825391549141,0.07086568189999999,1.0072679999999998,0.012811624375999999,0.14226002982259045,-0.20964650139700214,2.0213437738039626,1.0274004482,5.8642569999999985,1744.4233879824505,1.6763996501715264,-0.18596359777708557,1.8252887570473442,1778.8128981445,-3.452751000000001,878.8769111098991,0.26665948815276463,0.0039510725254120515,1.9217948901055701,890.7984005779,-1.7858909999999997,21787.22524962142,-0.8330517834431941,-0.24945984064701424,2.2457455995448408,21790.4146562853,derecha,196
