Listo. Formato de comando: <etiqueta> <numero_de_ventanas>
Ejemplo: reposo 20
Listo. Formato de comando: <etiqueta> <numero_de_ventanas>
Ejemplo: reposo 20
INICIO_VENTANA reposo
ax,ay,az,gx,gy,gz
0.0417,-1.0219,0.0602,-14.8926,-3.0518,18.1885
-0.1245,-0.9464,-0.0021,-80.3223,1.0376,25.5737
0.0361,-0.9979,0.0907,35.9497,-7.6294,-5.1270
-0.0361,-1.0450,0.0732,4.5166,-5.6152,1.2817
0.0930,-0.9901,0.0687,-3.6621,-7.9956,12.2681
0.1669,-1.0135,0.1294,-54.9316,-8.5449,15.2588
0.0173,-1.3583,0.1766,-144.7144,25.5737,-18.0054
0.0980,-0.9235,0.1926,-72.2656,-10.0098,1.7090
-0.0581,-1.0005,0.2164,39.5508,-12.2681,6.8359
0.0854,-1.0300,0.1676,100.0977,-10.3149,-3.9062
0.1455,-0.9723,0.1873,9.3994,-10.2539,-16.6626
-0.0365,-0.9678,0.1138,202.9419,-20.8740,-20.2026
-0.3018,-0.9751,-0.0382,76.2939,-70.4346,-23.3154
-0.2208,-1.1758,0.0471,73.3032,36.3770,-21.2402
0.6797,-1.0151,-0.0735,67.9321,8.4229,4.2725
-0.1608,-0.9161,-0.1677,289.9170,-12.6343,6.0425
-0.3386,-0.9999,-0.4968,351.2573,10.9253,-2.8076
-0.0125,-0.7971,-0.6262,196.8384,-5.7983,-8.1787
-0.1588,-0.8671,-0.3933,11.4136,-38.6353,-26.3672
0.0986,-0.9609,-0.5505,-39.6729,-3.7842,-11.4136
0.1578,-0.7980,-0.3042,-113.7085,-23.6206,7.5073
-0.1752,-1.0183,-0.3463,-42.7856,-8.9111,1.4648
-0.0101,-0.9567,-0.4083,-58.7769,-3.2959,3.8452
-0.0171,-1.0214,-0.3014,-320.8618,-16.9067,-4.0283
-0.0944,-0.9884,0.4705,-327.0874,41.3818,-10.4980
-0.1101,-0.9664,0.4203,-303.1616,170.2881,-8.3008
-0.2233,-1.5045,0.3423,-122.8638,221.3135,18.1885
0.0103,-1.4491,0.2842,-96.0693,241.5161,67.7490
-0.0209,-0.9673,0.0251,-111.8774,144.2261,46.7529
0.2278,-0.6411,-0.0032,-132.5073,69.6411,21.4233
0.2661,-0.9652,0.2734,-121.7651,-8.6060,-22.8882
0.3584,-1.2742,0.7601,-96.6187,-38.0859,-11.9019
0.0875,-0.8853,0.6456,-143.6157,50.2319,67.6880
0.3026,-0.4332,0.1825,-98.6938,82.2144,116.7603
0.2013,-0.4991,0.6234,-140.2588,33.8745,37.2925
0.2642,-0.6968,0.5565,-140.0757,2.0752,27.8931
0.2173,-0.5535,0.6079,-43.6401,-28.8086,12.2681
0.1742,-0.4375,0.5420,-53.2837,4.9438,-15.5640
0.2834,-0.5770,0.5920,-28.8696,-55.6030,-47.8516
0.2725,-0.7025,0.9343,-29.7852,-72.5098,-61.2793
0.0850,-0.4148,0.6731,-22.2168,-52.5513,-87.8296
0.1530,-0.6409,0.7356,-20.6909,-73.7305,-109.3140
0.0999,-0.7089,0.9946,-39.9780,-91.0034,-85.6934
-0.0524,-0.6487,1.0491,-53.4668,-53.5889,-66.4673
-0.0372,-0.6895,0.9935,-45.5322,-30.6396,-50.0488
-0.2058,-0.6398,0.8579,-4.9438,60.9741,-1.3428
0.0045,-0.6342,0.7949,-61.2183,79.9561,60.7910
0.1038,-0.3857,0.7491,-13.3057,12.5732,66.0400
0.0286,-0.4435,0.9916,-36.6821,-18.5547,19.5923
0.0594,-0.4064,0.9625,6.5308,1.0376,14.2212
0.0226,-0.4364,0.9644,11.3525,6.5308,0.3052
0.0261,-0.4244,0.9652,39.7949,18.0664,-2.5024
0.1001,-0.5374,0.8505,34.3628,22.3999,-2.1362
0.0686,-0.5251,0.8768,-16.5405,-8.1787,15.3809
0.0140,-0.4552,0.9393,-23.1323,-6.3477,9.5825
0.0560,-0.4772,0.8793,-38.5742,-14.5264,17.5171
0.1854,-0.2986,1.1774,-88.7451,-42.3584,41.3208
0.0280,-0.7793,0.7971,93.1396,-7.0190,18.8599
0.0310,-0.1714,1.0299,53.1006,-45.7764,79.5288
-0.0535,-0.4233,1.0200,-13.4277,-41.6260,0.0000
-0.1025,-0.3711,1.1348,8.3618,-37.1094,2.7466
-0.0137,-0.4434,0.9537,12.8784,-4.8218,1.3428
0.0020,-0.4702,0.9253,9.2773,-2.1362,8.0566
-0.0540,-0.4523,0.9346,-2.9297,-7.9956,6.1035
-0.0529,-0.4558,0.9357,-2.5024,-8.1177,4.3945
-0.1080,-0.4447,0.9318,6.4697,-10.0098,3.2349
0.0331,-0.4753,0.9235,2.5635,-5.2490,3.2349
-0.0277,-0.4587,0.9148,2.8687,-6.1035,5.5542
-0.0275,-0.4512,0.9205,5.2490,1.0376,7.6904
-0.1024,-0.4417,0.9218,10.0708,11.0474,12.8784
0.0231,-0.4778,0.9238,13.1226,18.7988,14.8315
-0.0187,-0.4415,0.9530,5.0049,0.9155,4.3945
-0.0151,-0.4580,0.9313,-1.3428,1.0986,3.5400
-0.0212,-0.4510,0.9377,-1.0986,1.1597,3.5400
-0.0465,-0.4458,0.9279,0.3052,1.2207,5.6152
-0.0240,-0.4274,0.9594,4.8218,-1.2817,10.8032
-0.0006,-0.4264,0.9258,4.6997,2.3193,5.3711
-0.0306,-0.4606,0.9285,3.7842,-0.3052,-1.4648
-0.0392,-0.4423,0.9319,1.4038,2.4414,0.0610
-0.0137,-0.4354,0.9456,1.2207,1.6479,1.1597
-0.0117,-0.4425,0.9354,2.9297,2.2583,0.0000
-0.0182,-0.4504,0.9305,0.6714,2.3193,0.9155
-0.0245,-0.4467,0.9491,-2.1973,0.8545,4.5776
-0.0062,-0.4178,0.9414,-3.9062,3.5400,6.1035
-0.0155,-0.4282,0.9366,-3.9673,-0.0610,0.6104
-0.0282,-0.4253,0.9510,-5.0659,3.5400,6.2866
-0.0371,-0.4418,1.0089,-0.4272,13.1226,9.4604
0.0303,-0.4049,0.9098,2.3193,19.4702,8.3008
0.0073,-0.4097,0.9364,-8.7891,-1.4648,-5.0659
-0.0260,-0.4086,0.9784,-11.5967,3.6011,-4.0283
-0.0023,-0.3932,0.9659,-8.7280,21.9727,1.2817
0.0314,-0.3824,0.9153,-9.5215,10.1318,1.2207
-0.0054,-0.3732,0.9877,-10.3760,-6.9580,-1.3428
0.0107,-0.3605,0.9623,-10.9863,6.5918,7.9956
0.0107,-0.3478,0.9698,-11.3525,-2.6855,4.3945
0.0054,-0.3527,0.9695,-12.0239,-0.4883,2.3804
0.0034,-0.3452,0.9622,-17.4561,-3.1738,4.3945
-0.0073,-0.3158,0.9949,-24.1699,-3.9062,6.7139
-0.0098,-0.2953,1.0033,-22.5830,6.2866,11.4136
0.0112,-0.3270,0.9561,-8.8501,15.3198,12.0850
FIN_VENTANA
INICIO_VENTANA reposo
0.0001,-0.2941,0.9927,16.8457,4.0894,-7.8125
0.0002,-0.2882,0.9968,11.0474,1.8311,-5.1270
-0.0010,-0.3018,0.9855,12.3291,2.0752,-7.5073
-0.0001,-0.2694,0.9761,2.1362,1.5259,-5.7983
-0.0082,-0.2863,0.9862,3.2349,-6.1646,-19.5313
-0.0636,-0.2023,0.8994,-9.9487,-4.2114,-14.7705
-0.0223,-0.2712,0.9919,-48.4619,11.5356,-41.0767
-0.0057,-0.2321,1.0186,-92.5293,7.8125,-32.7759
-0.0137,-0.2241,1.0402,-41.1377,4.7607,-22.0947
-0.0320,-0.1495,1.0173,-9.8267,0.0000,-15.8691
-0.0255,-0.1699,1.0194,-27.2827,-7.2021,-17.8223
-0.0331,-0.1042,1.0190,-16.1133,-9.5215,-9.3384
-0.0150,-0.0897,1.0011,-28.6865,8.1787,4.5166
-0.1637,-0.0336,1.1393,-46.8140,26.0010,2.9297
0.0062,0.2180,1.4335,-78.7354,3.1128,-24.5361
-0.0288,-0.0560,1.0248,5.7983,2.6245,-10.6812
-0.0226,-0.0316,1.0236,5.7983,2.8687,-1.0986
-0.0269,-0.0304,1.0237,5.8594,2.7466,-1.4648
-0.0272,-0.0302,1.0229,5.4932,2.6855,-2.7466
-0.0217,-0.0448,1.0232,5.6763,2.8687,-0.7935
-0.0306,-0.0360,1.0240,5.6152,2.7466,-3.0518
-0.0316,-0.0385,1.0238,5.4932,2.8076,-4.5166
-0.0293,-0.0345,1.0238,5.9204,2.6855,-1.8311
-0.0240,-0.0330,1.0236,5.9204,2.6245,-0.0610
-0.0212,-0.0308,1.0239,5.5542,2.6245,1.4038
-0.0231,-0.0336,1.0237,5.7983,2.7466,-0.7935
-0.0237,-0.0327,1.0243,5.7983,2.7466,-0.4883
-0.0239,-0.0341,1.0248,5.9204,2.7466,-1.4038
-0.0244,-0.0383,1.0232,5.6152,2.5635,-3.1738
-0.0243,-0.0255,1.0242,5.7373,2.8687,-9.1553
-0.0377,-0.0239,1.0248,6.0425,2.5024,-6.1035
-0.0424,0.0323,1.0225,5.6763,2.4414,-14.6484
-0.0013,-0.0973,1.0245,5.5542,2.8076,-15.6860
-0.0249,-0.0092,1.0244,5.7373,2.6855,-6.1646
-0.0269,-0.0033,1.0266,5.7983,2.5024,-19.5313
-0.0312,-0.0657,1.0239,6.0425,2.6855,-21.7896
-0.0281,-0.0637,1.0244,5.8594,2.5635,-15.3809
-0.0166,-0.0474,1.0250,5.7983,2.6855,-9.7046
-0.0181,-0.0151,1.0245,5.8594,2.7466,-13.2446
-0.0300,-0.0323,1.0485,5.9814,2.6855,-8.1177
-0.0258,0.2428,1.3795,45.5322,2.9297,-10.4370
-0.0447,-0.1664,0.9323,86.5479,4.2725,-24.4141
-0.0282,-0.1262,1.0027,11.2915,3.0518,-3.4790
0.0227,-0.1281,0.9618,-17.7612,1.8311,8.3008
-0.0563,-0.0146,1.0803,-106.0791,-6.0425,17.5171
0.0115,-0.0233,1.0443,-12.2681,10.1929,-2.3193
-0.0229,-0.0365,1.0255,5.4321,3.0518,-3.7231
-0.0472,-0.0344,1.0244,5.9204,2.8076,0.7935
-0.0225,-0.0350,1.0247,5.8594,2.6855,-0.0610
-0.0421,-0.0386,1.0251,5.6763,2.9297,-1.1597
-0.0271,-0.0341,1.0249,5.6763,2.6855,2.2583
-0.0153,-0.0342,1.0248,5.5542,2.9297,3.1738
-0.0250,-0.0352,1.0243,5.6152,2.6855,1.6479
-0.0212,-0.0339,1.0243,5.9204,2.7466,-1.1597
-0.0674,-0.0289,1.0245,5.7373,2.7466,1.0376
-0.0011,-0.0397,1.0229,5.9814,2.6245,1.4648
-0.0238,-0.0403,1.0238,6.0425,2.6855,-0.7935
-0.0459,-0.0242,1.0250,5.6763,2.7466,0.6104
-0.0002,-0.0292,1.0237,5.8594,2.5635,0.4883
0.0004,-0.0417,1.0240,5.6763,2.9297,-2.8076
-0.0150,-0.0426,1.0243,5.8594,2.6855,-4.2114
-0.0256,-0.0245,1.0233,5.7983,2.6855,-3.6621
-0.0002,-0.0720,1.0232,6.1646,2.8076,-4.5166
-0.0236,-0.0293,1.0304,5.9814,2.9297,-0.7935
-0.0220,-0.0321,1.0247,5.6152,2.8687,-0.6104
-0.0159,-0.0563,1.0227,5.6152,2.8687,-6.8970
-0.0228,-0.0386,1.0233,5.6763,2.8076,-3.8452
-0.0256,-0.0350,1.0242,5.9204,2.7466,-2.9297
-0.0233,-0.0273,1.0237,5.6763,2.9297,-3.6621
-0.0264,-0.0383,1.0238,5.8594,2.6245,-3.1738
-0.0203,-0.0333,1.0237,5.9204,2.6855,-1.5259
-0.0236,-0.0601,1.0238,5.9814,2.6855,-4.4556
-0.0244,-0.0331,1.0237,5.9204,2.6245,-0.3662
-0.0410,0.0037,1.0240,5.6763,2.8687,0.4883
0.0012,-0.0803,1.0236,6.0425,2.8076,-5.0659
-0.0167,-0.0460,1.0237,5.8594,2.9297,-1.5259
-0.0237,-0.0353,1.0229,5.7373,2.9297,-2.1973
-0.0222,-0.0342,1.0225,5.8594,2.7466,-1.3428
-0.0229,-0.0417,1.0229,5.7983,2.6855,-3.1738
-0.0204,-0.0347,1.0231,5.7983,2.8687,-3.5400
-0.0216,-0.0317,1.0236,5.6152,2.8076,-3.3569
-0.0262,-0.0333,1.0221,5.7983,2.8687,-1.7700
-0.0187,-0.0361,1.0236,5.9814,2.8687,-1.2817
-0.0179,-0.0383,1.0225,5.7373,2.7466,-2.9907
-0.0259,-0.0332,1.0221,5.7983,2.9907,-2.2583
-0.0303,-0.0327,1.0236,5.7373,2.7466,-1.5259
-0.0221,-0.0334,1.0227,5.9204,2.7466,-0.6104
-0.0212,-0.0352,1.0222,5.7983,2.6855,-0.9766
-0.0254,-0.0338,1.0229,5.6152,2.8076,-2.3804
-0.0226,-0.0343,1.0233,5.7983,2.6855,-1.5869
-0.0233,-0.0355,1.0223,5.6152,2.8076,-1.5869
-0.0199,-0.0348,1.0227,5.7373,2.7466,-2.5635
-0.0231,-0.0341,1.0220,6.0425,2.7466,-2.7466
-0.0238,-0.0330,1.0234,5.7983,2.6855,-1.4648
-0.0203,-0.0354,1.0219,5.6763,2.7466,-0.7935
-0.0219,-0.0353,1.0227,5.9204,2.9297,-1.4038
-0.0248,-0.0320,1.0242,5.8594,2.9907,-1.8921
-0.0217,-0.0341,1.0242,5.6763,2.8076,-0.9766
-0.0221,-0.0345,1.0219,5.7983,2.9297,-0.6104
-0.0211,-0.0356,1.0234,5.7373,2.8687,-0.8545
FIN_VENTANA
INICIO_VENTANA reposo
-0.0228,-0.0310,1.0238,5.7983,2.7466,0.1831
-0.0222,-0.0345,1.0233,5.7983,2.7466,-0.7324
-0.0216,-0.0337,1.0237,5.7983,2.7466,-1.1597
-0.0233,-0.0347,1.0242,5.8594,3.0518,-1.0376
-0.0231,-0.0345,1.0222,5.6152,2.8687,-0.0610
-0.0217,-0.0331,1.0239,5.7373,2.8076,-0.6104
-0.0226,-0.0347,1.0242,5.9204,2.6855,-0.5493
-0.0220,-0.0341,1.0233,5.9204,2.7466,-0.6714
-0.0223,-0.0342,1.0216,5.9204,2.8076,-0.5493
-0.0232,-0.0339,1.0248,5.7983,2.7466,-0.5493
-0.0225,-0.0345,1.0236,5.8594,2.8076,-0.6104
-0.0215,-0.0342,1.0221,5.7983,2.6855,-0.7324
-0.0238,-0.0344,1.0250,5.8594,2.8076,-0.6714
-0.0212,-0.0344,1.0201,5.7983,2.6855,-0.4883
-0.0219,-0.0338,1.0254,5.9204,2.7466,-0.9155
-0.0237,-0.0333,1.0269,5.7373,2.6855,-0.4883
-0.0209,-0.0328,1.0204,5.9204,2.7466,0.1221
-0.0238,-0.0349,1.0243,5.8594,2.7466,-1.2207
-0.0223,-0.0345,1.0205,5.9814,2.8687,-0.3662
-0.0220,-0.0342,1.0232,5.8594,2.7466,0.0000
-0.0243,-0.0361,1.0250,5.6152,2.6245,-0.1221
-0.0216,-0.0330,1.0222,5.7983,2.8076,-0.3052
-0.0220,-0.0339,1.0225,5.8594,2.9297,-0.7324
-0.0227,-0.0339,1.0234,5.7983,2.6855,-0.7324
-0.0234,-0.0350,1.0228,5.9204,2.7466,-0.1221
-0.0219,-0.0332,1.0244,5.7373,2.9297,-0.3052
-0.0228,-0.0328,1.0227,5.7983,2.8687,-0.5493
-0.0229,-0.0337,1.0233,5.7373,2.8076,-0.8545
-0.0225,-0.0343,1.0237,5.7983,2.8076,-1.0376
-0.0217,-0.0342,1.0234,5.9204,2.9907,-0.8545
-0.0229,-0.0352,1.0229,5.8594,2.8076,-0.3052
-0.0232,-0.0338,1.0225,5.8594,2.7466,-0.3052
-0.0229,-0.0328,1.0228,5.9204,2.6855,0.2441
-0.0223,-0.0330,1.0228,5.7983,2.7466,-0.4272
-0.0227,-0.0342,1.0237,5.7983,2.7466,-0.6714
-0.0248,-0.0367,1.0236,5.7373,2.9297,0.5493
-0.0214,-0.0342,1.0229,5.6763,2.6245,-0.4272
-0.0214,-0.0282,1.0232,5.6763,2.8687,-0.2441
-0.0217,-0.0322,1.0225,5.8594,2.6245,-0.6714
-0.0229,-0.0345,1.0221,5.7373,2.6855,-0.2441
-0.0237,-0.0343,1.0232,5.7983,2.8687,0.3052
-0.0214,-0.0342,1.0220,5.6763,2.6855,-0.6714
-0.0219,-0.0336,1.0223,5.7373,2.7466,-1.0376
-0.0216,-0.0333,1.0231,5.9204,2.9297,-0.9155
-0.0229,-0.0339,1.0233,5.7373,2.7466,-0.1221
-0.0226,-0.0327,1.0251,5.7983,2.6245,-0.7935
-0.0228,-0.0331,1.0227,5.6152,2.7466,-0.5493
-0.0222,-0.0348,1.0215,5.7373,2.8076,-0.5493
-0.0238,-0.0326,1.0260,5.8594,2.5635,-0.9155
-0.0217,-0.0337,1.0225,5.9204,2.7466,-1.0986
-0.0240,-0.0316,1.0254,5.9204,2.6855,-0.6104
-0.0231,-0.0345,1.0208,5.9814,2.8076,-0.3052
-0.0219,-0.0349,1.0250,5.7983,2.6855,-1.0986
-0.0197,-0.0388,1.0227,5.6763,2.6855,-0.6104
-0.0262,-0.0234,1.0222,5.6763,2.7466,0.6104
-0.0220,-0.0334,1.0225,5.6152,2.7466,0.0000
-0.0234,-0.0331,1.0240,5.7983,2.7466,-0.7324
-0.0227,-0.0333,1.0214,5.8594,2.5635,-0.8545
-0.0221,-0.0336,1.0239,5.6763,2.7466,-0.6714
-0.0214,-0.0356,1.0221,5.6763,2.6245,-0.8545
-0.0211,-0.0344,1.0220,5.7983,2.8076,-0.8545
-0.0225,-0.0330,1.0227,5.7983,2.8076,-0.7324
-0.0227,-0.0326,1.0221,5.6152,2.8076,-0.1831
-0.0211,-0.0339,1.0233,5.7373,2.6855,-0.3052
-0.0221,-0.0345,1.0236,5.7983,2.6245,-1.0986
-0.0216,-0.0326,1.0222,5.6763,2.6855,-1.2207
-0.0221,-0.0336,1.0228,5.7373,2.7466,-0.5493
-0.0228,-0.0343,1.0231,5.7983,2.6855,-0.1831
-0.0228,-0.0334,1.0236,5.7983,2.7466,-0.8545
-0.0223,-0.0344,1.0223,5.6763,2.8076,-0.3662
-0.0217,-0.0338,1.0247,5.7373,2.9297,-0.3052
-0.0188,-0.0299,1.0221,5.7983,2.9297,1.0986
-0.0225,-0.0348,1.0225,6.0425,2.6245,-0.9766
-0.0229,-0.0341,1.0226,5.7373,2.7466,-1.2207
-0.0236,-0.0331,1.0234,5.7983,2.7466,-0.4883
-0.0232,-0.0339,1.0243,5.9814,2.8687,-0.0610
-0.0226,-0.0333,1.0238,5.7373,2.8687,-1.2207
-0.0211,-0.0332,1.0214,5.7373,2.6855,-1.1597
-0.0225,-0.0331,1.0237,5.7373,2.7466,-0.6104
-0.0221,-0.0334,1.0247,5.7373,2.7466,-0.3662
-0.0204,-0.0333,1.0221,5.8594,2.6855,-0.2441
-0.0219,-0.0337,1.0225,5.7373,2.8687,-1.2817
-0.0227,-0.0332,1.0220,5.6152,2.6855,-0.6714
-0.0227,-0.0339,1.0237,5.7373,2.7466,0.1831
-0.0221,-0.0345,1.0232,5.6763,2.7466,-0.8545
-0.0225,-0.0328,1.0219,5.7373,2.8687,-1.0986
-0.0220,-0.0338,1.0223,5.6763,2.5635,-0.3662
-0.0229,-0.0334,1.0233,5.6763,2.6245,-0.2441
-0.0222,-0.0339,1.0226,5.5542,2.5635,-0.6104
-0.0231,-0.0332,1.0228,5.6763,2.8076,-0.7935
-0.0222,-0.0348,1.0223,5.7373,2.7466,-0.6104
-0.0212,-0.0344,1.0223,5.8594,2.6855,-0.2441
-0.0231,-0.0333,1.0232,5.7373,2.7466,-1.1597
-0.0220,-0.0339,1.0219,5.7983,2.7466,-1.0376
-0.0229,-0.0333,1.0220,5.6152,2.8687,-0.6714
-0.0228,-0.0334,1.0227,5.6152,2.6245,-0.8545
-0.0217,-0.0339,1.0232,5.9204,2.8687,-0.7935
-0.0219,-0.0320,1.0222,5.6763,2.7466,-1.2207
-0.0210,-0.0328,1.0227,5.8594,2.7466,-0.6104
-0.0215,-0.0339,1.0228,5.9204,2.7466,-0.4883
FIN_VENTANA
INICIO_VENTANA reposo
-0.0247,-0.0286,1.0238,5.6763,2.7466,-0.2441
-0.0212,-0.0360,1.0226,5.7373,2.6855,-0.6104
-0.0261,-0.0250,1.0250,5.7373,2.7466,0.5493
-0.0222,-0.0317,1.0203,5.6763,2.7466,-0.3052
-0.0237,-0.0325,1.0233,5.9814,2.6855,-0.9155
-0.0220,-0.0348,1.0199,5.6763,2.8687,-0.1831
-0.0208,-0.0363,1.0206,5.8594,2.7466,-0.6104
-0.0220,-0.0350,1.0243,5.9204,2.8076,0.4272
-0.0231,-0.0334,1.0214,5.7983,2.8687,-0.1831
-0.0223,-0.0348,1.0240,5.7373,2.7466,-0.3662
-0.0227,-0.0339,1.0210,5.6763,2.7466,-0.3662
-0.0226,-0.0345,1.0242,5.8594,2.8076,-0.1831
-0.0232,-0.0337,1.0226,5.7983,2.7466,-0.0610
-0.0225,-0.0334,1.0229,5.9204,2.8076,0.1831
-0.0222,-0.0332,1.0219,5.8594,2.7466,-0.5493
-0.0231,-0.0328,1.0229,5.7373,2.8687,-0.8545
-0.0225,-0.0331,1.0226,5.7373,2.6855,-0.3052
-0.0234,-0.0344,1.0229,5.6763,2.7466,-0.4272
-0.0216,-0.0328,1.0222,5.8594,2.7466,-0.7324
-0.0212,-0.0356,1.0220,5.7373,2.8076,-0.8545
-0.0236,-0.0322,1.0214,5.7983,2.6855,-0.6104
-0.0217,-0.0349,1.0226,5.7983,2.8076,0.4272
-0.0211,-0.0332,1.0233,5.7373,2.8076,0.5493
-0.0225,-0.0338,1.0219,5.7373,2.8076,-0.7935
-0.0212,-0.0363,1.0215,5.9204,2.6855,-0.7935
-0.0283,-0.0256,1.0221,5.7983,2.8687,0.8545
-0.0225,-0.0333,1.0227,6.1035,2.7466,0.2441
-0.0210,-0.0372,1.0216,5.8594,2.8076,-1.1597
-0.0238,-0.0306,1.0220,5.7983,2.7466,-0.2441
-0.0233,-0.0333,1.0221,5.7373,2.8687,-0.1221
-0.0221,-0.0339,1.0220,5.9814,2.6245,-0.7324
-0.0227,-0.0339,1.0214,5.7373,3.1128,-0.6714
-0.0242,-0.0315,1.0217,5.7373,2.9297,-0.3052
-0.0215,-0.0341,1.0223,5.9204,2.8076,0.3662
-0.0233,-0.0338,1.0221,5.6763,2.8687,-0.9766
-0.0216,-0.0321,1.0219,5.9204,2.9297,-0.6104
-0.0217,-0.0325,1.0212,5.9204,2.6855,-0.1221
-0.0199,-0.0333,1.0184,5.7983,2.8687,0.1831
-0.0221,-0.0337,1.0215,5.6152,2.9297,-0.6714
-0.0226,-0.0322,1.0216,5.7983,2.8687,-0.4883
-0.0225,-0.0319,1.0273,5.8594,2.6855,-0.4883
-0.0231,-0.0323,1.0253,5.9814,2.6855,-0.4272
-0.0237,-0.0325,1.0225,5.7373,2.9297,-0.6714
-0.0225,-0.0334,1.0277,5.7373,2.8076,-0.6104
-0.0238,-0.0343,1.0232,5.7983,2.7466,-0.8545
-0.0217,-0.0343,1.0216,5.7983,2.8076,-0.3662
-0.0226,-0.0338,1.0182,5.8594,2.8076,-0.4883
-0.0226,-0.0336,1.0173,5.9204,2.8076,-0.3662
-0.0222,-0.0330,1.0177,5.9204,2.8076,-0.4272
-0.0221,-0.0347,1.0183,5.8594,2.6855,-0.4272
-0.0216,-0.0334,1.0176,5.6152,2.6855,-0.9766
-0.0226,-0.0331,1.0216,5.6152,2.8687,-0.7935
-0.0193,-0.0349,1.0212,5.7373,2.6855,-0.7935
-0.0233,-0.0312,1.0243,5.6152,2.7466,-0.4883
-0.0215,-0.0344,1.0221,5.6152,2.6245,-0.2441
-0.0219,-0.0343,1.0208,5.9204,2.6855,-0.9155
-0.0211,-0.0341,1.0211,5.7983,2.6245,-0.6714
-0.0228,-0.0333,1.0225,5.4932,2.8076,-0.2441
-0.0206,-0.0353,1.0212,5.9204,2.6855,-0.8545
-0.0227,-0.0331,1.0228,6.0425,2.8687,-0.9155
-0.0214,-0.0358,1.0232,5.7373,2.6855,-0.6104
-0.0243,-0.0317,1.0205,6.1035,2.7466,-0.3662
-0.0221,-0.0325,1.0216,5.7983,2.5635,-0.3052
-0.0226,-0.0334,1.0208,5.6763,2.6855,-0.4883
-0.0227,-0.0342,1.0204,5.8594,2.7466,-0.4883
-0.0220,-0.0334,1.0227,5.7983,2.8076,0.0000
-0.0229,-0.0327,1.0217,5.7373,2.8076,0.3662
-0.0229,-0.0325,1.0227,5.9204,2.7466,-0.4883
-0.0227,-0.0333,1.0225,5.7373,2.7466,-0.3662
-0.0225,-0.0333,1.0219,5.6763,2.6245,-0.7324
-0.0225,-0.0331,1.0236,5.7373,2.8076,-0.1221
-0.0231,-0.0333,1.0223,5.7983,2.6855,-0.1831
-0.0229,-0.0333,1.0217,5.7983,2.6855,-0.9766
-0.0223,-0.0327,1.0227,5.5542,2.6855,-0.7324
-0.0219,-0.0337,1.0219,5.7983,2.8687,-0.1221
-0.0223,-0.0341,1.0234,5.8594,2.8076,-0.6104
-0.0206,-0.0334,1.0233,5.7373,2.8076,-0.3662
-0.0232,-0.0334,1.0233,5.9204,2.8687,-0.1221
-0.0217,-0.0332,1.0229,5.9814,2.7466,-0.6714
-0.0249,-0.0348,1.0221,5.7373,2.8687,-1.6479
-0.0225,-0.0326,1.0228,5.8594,2.6855,-0.4883
-0.0203,-0.0332,1.0231,6.1035,2.7466,-0.6714
-0.0234,-0.0326,1.0220,5.7373,2.6855,-0.3662
-0.0229,-0.0336,1.0225,5.8594,2.8076,-0.4272
-0.0226,-0.0334,1.0226,5.7983,2.7466,-0.3662
-0.0226,-0.0339,1.0239,5.6152,2.5635,-0.6714
-0.0225,-0.0334,1.0222,5.8594,2.8076,-0.4883
-0.0238,-0.0338,1.0234,5.7983,2.7466,-0.0610
-0.0231,-0.0323,1.0234,5.7983,2.8687,-1.0376
-0.0226,-0.0331,1.0227,5.7983,2.6245,0.0610
-0.0140,-0.0353,1.0225,5.9204,2.6855,-0.7935
-0.0304,-0.0297,1.0228,5.7983,2.8687,-0.4272
-0.0223,-0.0345,1.0234,5.9204,2.8687,-0.2441
-0.0116,-0.0422,1.0229,5.7983,2.9297,-1.0986
-0.0319,-0.0264,1.0219,5.6152,2.8687,-0.1831
-0.0223,-0.0334,1.0228,5.9204,2.7466,-0.1221
-0.0231,-0.0336,1.0234,5.7983,2.7466,-0.3662
-0.0223,-0.0327,1.0228,5.7983,2.7466,-0.9155
-0.0266,-0.0321,1.0237,5.7373,2.7466,-0.5493
-0.0315,-0.0325,1.0226,5.9814,2.7466,-0.4272
FIN_VENTANA
INICIO_VENTANA reposo
-0.0228,-0.0331,1.0225,5.7983,2.7466,-0.7935
-0.0219,-0.0336,1.0232,5.7373,2.6855,-0.3052
-0.0233,-0.0342,1.0209,5.8594,2.8076,-0.6104
-0.0217,-0.0325,1.0223,5.7983,2.8076,-0.5493
-0.0227,-0.0334,1.0236,5.8594,2.6855,-0.1831
-0.0223,-0.0334,1.0223,5.9814,2.8687,-0.4883
-0.0226,-0.0336,1.0227,5.8594,2.8687,-0.3052
-0.0216,-0.0334,1.0217,5.9814,2.8076,-0.0610
-0.0243,-0.0347,1.0219,5.7373,2.7466,-0.1221
-0.0212,-0.0310,1.0216,6.1646,2.7466,-0.1831
-0.0227,-0.0343,1.0220,5.8594,2.8076,-0.0610
-0.0227,-0.0333,1.0210,5.6152,2.6855,0.8545
-0.0212,-0.0315,1.0212,5.7373,2.7466,1.0986
-0.0208,-0.0350,1.0225,5.7373,2.8076,0.2441
-0.0216,-0.0326,1.0205,5.7373,2.7466,-1.2207
-0.0220,-0.0334,1.0215,5.7373,2.9297,-0.0610
-0.0228,-0.0337,1.0206,5.8594,2.7466,-0.2441
-0.0215,-0.0327,1.0216,5.9204,2.8076,-0.4883
-0.0231,-0.0366,1.0220,5.8594,2.8076,-0.1831
-0.0229,-0.0330,1.0219,5.7983,2.7466,0.8545
-0.0228,-0.0333,1.0221,5.9204,2.7466,-0.2441
-0.0238,-0.0339,1.0248,5.7373,2.8687,-0.7935
-0.0222,-0.0347,1.0248,5.7983,2.8687,-1.4648
-0.0258,-0.0414,1.0229,5.8594,2.8076,-0.4883
-0.0209,-0.0321,1.0216,5.9814,2.8687,0.0000
-0.0234,-0.0333,1.0231,5.7983,2.7466,-0.7324
-0.0227,-0.0332,1.0231,5.9814,2.8076,-0.1221
-0.0227,-0.0333,1.0271,5.7373,2.6855,-0.6104
-0.0215,-0.0317,1.0238,5.7373,2.7466,-0.4272
-0.0220,-0.0334,1.0238,5.7373,2.7466,-0.5493
-0.0225,-0.0339,1.0192,5.7373,2.8076,-0.2441
-0.0193,-0.0321,1.0211,5.7983,2.6855,-0.0610
-0.0236,-0.0328,1.0248,5.7983,2.7466,-0.9766
-0.0220,-0.0323,1.0245,5.8594,2.8076,-1.3428
-0.0222,-0.0337,1.0239,6.0425,2.6855,-0.3662
-0.0225,-0.0333,1.0251,5.6763,2.7466,-0.3052
-0.0229,-0.0334,1.0231,5.7983,2.8076,0.0000
-0.0237,-0.0308,1.0223,5.7983,2.7466,0.1831
-0.0199,-0.0443,1.0226,5.9814,2.8687,-1.7090
-0.0226,-0.0337,1.0228,5.6763,2.6245,-0.6714
-0.0222,-0.0334,1.0245,5.7983,2.7466,-1.0376
-0.0238,-0.0337,1.0222,5.8594,2.8076,-1.0376
-0.0229,-0.0348,1.0225,5.6763,2.8687,-0.7935
-0.0231,-0.0326,1.0242,5.9204,2.7466,-1.5259
-0.0215,-0.0326,1.0232,5.6763,2.7466,-0.8545
-0.0227,-0.0347,1.0239,5.7983,2.6855,-0.2441
-0.0245,-0.0339,1.0239,5.9204,2.7466,0.5493
-0.0184,-0.0338,1.0234,5.6152,2.8076,-0.7935
-0.0220,-0.0336,1.0234,5.9204,2.8076,-1.8921
-0.0234,-0.0331,1.0222,5.7373,2.8687,-1.2207
-0.0221,-0.0332,1.0220,5.8594,2.8076,0.4272
-0.0225,-0.0336,1.0236,5.7983,2.6855,-0.4883
-0.0219,-0.0337,1.0228,5.7983,2.8076,-1.2207
-0.0219,-0.0338,1.0212,5.7983,2.9297,-0.4272
-0.0219,-0.0348,1.0212,5.7373,2.7466,0.0610
-0.0221,-0.0338,1.0227,5.8594,2.6855,0.1831
-0.0221,-0.0325,1.0234,5.9814,2.7466,0.3662
-0.0226,-0.0338,1.0236,5.9204,2.6245,0.3662
-0.0231,-0.0333,1.0226,5.9814,2.8076,0.9766
-0.0211,-0.0327,1.0236,5.9204,2.6855,0.3662
-0.0226,-0.0337,1.0254,5.9204,2.9297,-0.6104
-0.0227,-0.0316,1.0225,5.9204,2.8076,0.0610
-0.0221,-0.0341,1.0214,5.8594,2.8076,0.0000
-0.0223,-0.0334,1.0244,5.7373,2.7466,0.0610
-0.0247,-0.0320,1.0198,6.1035,2.8687,-0.4272
-0.0220,-0.0298,1.0226,5.7373,2.8687,-1.8311
-0.0227,-0.0337,1.0201,5.8594,2.9907,-2.9907
-0.0194,-0.0306,1.0265,5.5542,2.7466,-0.9766
-0.0175,-0.0377,1.0231,5.9814,2.6855,0.3662
-0.0236,-0.0328,1.0251,5.9204,2.8687,1.7090
-0.0232,-0.0323,1.0247,5.9204,2.8076,0.4272
-0.0154,-0.0382,1.0208,5.9204,2.8076,-0.2441
-0.0239,-0.0326,1.0229,5.7983,2.7466,-0.3662
-0.0259,-0.0345,1.0214,5.8594,2.7466,-1.2817
-0.0255,-0.0370,1.0242,5.6763,2.6245,-0.7324
-0.0225,-0.0378,1.0212,5.7983,2.9907,-0.1221
-0.0222,-0.0306,1.0212,5.5542,2.8076,-0.2441
-0.0310,-0.0365,1.0239,5.7983,2.6855,-0.0610
-0.0267,-0.0320,1.0206,5.9204,2.8076,-0.1221
-0.0129,-0.0323,1.0232,5.9204,2.8076,-1.5869
-0.0199,-0.0319,1.0231,5.7983,3.0518,-0.7324
-0.0250,-0.0342,1.0237,5.8594,2.5635,0.7935
-0.0225,-0.0331,1.0243,5.8594,2.7466,1.3428
-0.0243,-0.0333,1.0242,5.6763,2.8076,0.7935
-0.0227,-0.0338,1.0220,5.8594,2.9297,0.6104
-0.0226,-0.0341,1.0222,5.7983,2.7466,-0.2441
-0.0249,-0.0326,1.0229,5.8594,2.8076,-1.3428
-0.0228,-0.0336,1.0243,5.6152,2.6855,-1.5869
-0.0212,-0.0336,1.0227,5.9204,2.8076,-2.0752
-0.0222,-0.0323,1.0206,5.7373,2.6245,-1.7090
-0.0227,-0.0321,1.0211,5.6152,2.8076,-0.7324
-0.0238,-0.0370,1.0214,5.8594,2.6855,0.1831
-0.0228,-0.0310,1.0266,5.7373,2.7466,1.2207
-0.0265,-0.0273,1.0227,5.8594,2.7466,0.5493
-0.0189,-0.0397,1.0210,5.9814,2.7466,-0.1831
-0.0212,-0.0352,1.0204,5.7983,2.6855,-0.3662
-0.0228,-0.0332,1.0234,5.6152,2.6855,-0.7324
-0.0215,-0.0317,1.0231,5.6152,2.7466,-0.9766
-0.0215,-0.0345,1.0217,6.1035,2.8076,-1.4648
-0.0243,-0.0323,1.0294,5.7983,2.6245,-1.5259
FIN_VENTANA
INICIO_VENTANA reposo
-0.0234,-0.0221,1.0228,5.7373,2.6855,0.6714
-0.0245,-0.0280,1.0253,5.8594,2.9297,0.6104
-0.0223,-0.0334,1.0239,5.7983,2.8076,0.1221
-0.0210,-0.0327,1.0204,5.5542,2.8076,-0.1221
-0.0216,-0.0349,1.0208,5.6152,2.6855,-0.5493
-0.0206,-0.0347,1.0249,5.6152,2.8687,1.3428
-0.0217,-0.0330,1.0233,5.7373,2.8076,0.6104
-0.0258,-0.0292,1.0260,5.8594,2.6855,1.0376
-0.0167,-0.0356,1.0232,5.7983,2.6855,0.3662
-0.0189,-0.0338,1.0214,5.7983,2.6855,-0.3662
-0.0223,-0.0327,1.0225,5.7373,2.6855,-1.1597
-0.0220,-0.0331,1.0237,5.9814,2.5024,-0.3052
-0.0233,-0.0326,1.0244,5.7373,2.7466,0.0000
-0.0227,-0.0333,1.0243,5.8594,2.6855,0.1221
-0.0220,-0.0336,1.0231,5.7373,2.6855,-0.4883
-0.0216,-0.0348,1.0222,5.7983,2.7466,-2.6245
-0.0061,-0.0518,1.0247,5.6152,2.7466,-1.8921
-0.0283,-0.0242,1.0238,5.6763,2.6855,1.4648
-0.0281,-0.0310,1.0226,5.8594,2.5635,-0.1831
-0.0093,-0.0441,1.0244,5.5542,2.6855,-1.8921
-0.0359,-0.0236,1.0232,5.7373,2.8076,2.3804
-0.0228,-0.0315,1.0249,5.8594,2.6855,2.6855
-0.0229,-0.0341,1.0223,6.0425,2.8076,0.9766
-0.0234,-0.0330,1.0234,5.6763,2.6245,-1.0376
-0.0208,-0.0344,1.0264,5.7983,2.5635,-1.9531
-0.0242,-0.0320,1.0227,5.8594,2.7466,-1.2817
-0.0238,-0.0323,1.0227,6.0425,2.7466,-0.2441
-0.0256,-0.0310,1.0245,5.8594,2.8076,0.2441
-0.0287,-0.0289,1.0215,5.9204,2.6245,-0.7324
-0.0168,-0.0369,1.0248,5.9814,2.8076,-2.1362
-0.0215,-0.0343,1.0214,5.6763,2.8687,-1.8921
-0.0228,-0.0327,1.0219,5.9204,2.6855,-0.5493
-0.0243,-0.0345,1.0229,5.6763,2.7466,-0.8545
-0.0200,-0.0311,1.0232,5.8594,2.7466,-0.9766
-0.0233,-0.0334,1.0221,5.7983,2.7466,-0.4883
-0.0231,-0.0331,1.0238,5.8594,2.9297,0.1831
-0.0222,-0.0310,1.0232,5.8594,2.7466,1.4038
-0.0216,-0.0328,1.0227,5.6152,2.6855,1.4038
-0.0229,-0.0333,1.0247,5.6763,2.7466,-0.1831
-0.0217,-0.0341,1.0154,5.6763,2.6245,-1.1597
-0.0256,-0.0341,1.0273,5.5542,3.0518,-1.3428
-0.0214,-0.0348,1.0275,5.9204,2.5635,-0.3052
-0.0261,-0.0323,1.0231,5.6763,2.7466,1.0986
-0.0210,-0.0354,1.0223,5.7983,2.6855,-0.5493
-0.0256,-0.0272,1.0267,5.6763,2.6245,-1.2817
-0.0275,-0.0330,1.0244,5.7373,2.9907,-3.1738
-0.0159,-0.0358,1.0244,5.6152,2.6245,-2.2583
-0.0217,-0.0336,1.0247,5.5542,2.7466,-0.3662
-0.0222,-0.0348,1.0229,5.7983,2.8076,-0.3052
-0.0214,-0.0316,1.0240,5.7983,2.6245,0.5493
-0.0211,-0.0333,1.0243,5.7983,2.6855,-0.1221
-0.0223,-0.0337,1.0232,5.9814,2.8076,0.2441
-0.0228,-0.0322,1.0247,5.7373,2.8076,-0.3662
-0.0214,-0.0334,1.0238,5.7373,2.6245,-1.4038
-0.0231,-0.0326,1.0234,5.6763,2.6245,-1.1597
-0.0219,-0.0336,1.0239,5.7983,2.8076,-0.5493
-0.0229,-0.0343,1.0220,5.9204,2.6855,-0.4272
-0.0225,-0.0315,1.0240,5.7373,2.6855,-0.4883
-0.0228,-0.0327,1.0227,5.6763,2.7466,-0.7935
-0.0220,-0.0317,1.0237,5.6763,2.7466,-1.4038
-0.0205,-0.0323,1.0225,5.9204,2.5635,-0.7935
-0.0234,-0.0345,1.0233,5.7373,2.9297,-1.0986
-0.0216,-0.0336,1.0256,5.7373,2.9297,-0.7935
-0.0199,-0.0326,1.0225,5.7373,2.8076,-1.1597
-0.0245,-0.0347,1.0247,5.8594,2.6245,-0.9155
-0.0227,-0.0348,1.0222,5.9204,2.6245,-0.1831
-0.0215,-0.0325,1.0237,5.7983,2.8687,-0.0610
-0.0226,-0.0320,1.0236,5.7373,2.6855,-0.6104
-0.0233,-0.0336,1.0232,5.6152,2.8076,-0.4272
-0.0222,-0.0339,1.0219,5.7373,2.7466,-0.4883
-0.0220,-0.0332,1.0247,5.4932,2.6245,-1.0986
-0.0215,-0.0341,1.0223,5.7373,2.7466,-0.7935
-0.0222,-0.0327,1.0242,5.7373,2.8687,-0.7324
-0.0236,-0.0330,1.0231,5.6763,2.8687,-0.7935
-0.0216,-0.0328,1.0255,5.7983,2.6855,-0.2441
-0.0215,-0.0354,1.0221,5.6763,2.6855,-0.7935
-0.0228,-0.0345,1.0244,5.9814,2.4414,-1.0986
-0.0225,-0.0342,1.0226,5.7983,2.8076,-0.5493
-0.0217,-0.0323,1.0227,5.7373,2.7466,-0.1831
-0.0221,-0.0336,1.0222,5.6152,2.5635,-0.9766
-0.0219,-0.0337,1.0236,5.9204,2.6245,-0.5493
-0.0231,-0.0343,1.0229,5.6763,2.6855,-0.3052
-0.0221,-0.0327,1.0238,5.7983,2.6245,-0.4272
-0.0228,-0.0323,1.0243,5.7983,2.6855,-0.7935
-0.0206,-0.0320,1.0233,5.6152,2.6245,-0.3052
-0.0233,-0.0330,1.0228,5.6763,2.6855,-0.6714
-0.0214,-0.0344,1.0233,5.5542,2.6245,-0.2441
-0.0211,-0.0321,1.0245,5.8594,2.8076,-0.1831
-0.0227,-0.0354,1.0223,5.5542,3.0518,-1.5259
-0.0198,-0.0331,1.0215,5.3711,4.3945,-0.1831
-0.0211,-0.0327,1.0209,5.8594,2.0142,-0.1221
-0.0221,-0.0342,1.0271,6.1035,2.5024,-0.7935
-0.0197,-0.0341,1.0197,5.7983,2.7466,-0.8545
-0.0232,-0.0348,1.0256,5.9204,1.9531,-0.3662
-0.0222,-0.0333,1.0231,5.6152,2.6855,-0.2441
-0.0219,-0.0334,1.0243,5.7373,2.7466,-0.4272
-0.0220,-0.0321,1.0223,5.7373,2.6245,-1.2817
-0.0225,-0.0333,1.0254,5.7983,2.7466,-0.8545
-0.0216,-0.0330,1.0228,5.9814,2.7466,0.0610
-0.0223,-0.0336,1.0243,5.8594,2.7466,-0.4272
FIN_VENTANA
INICIO_VENTANA reposo
-0.0223,-0.0337,1.0233,5.8594,2.8076,-0.3662
-0.0223,-0.0338,1.0223,5.7983,2.7466,-0.6714
-0.0221,-0.0338,1.0239,5.6763,2.8076,-0.9766
-0.0217,-0.0338,1.0222,5.8594,2.7466,-0.6104
-0.0233,-0.0331,1.0231,5.7983,2.6855,-0.8545
-0.0211,-0.0328,1.0232,6.1035,2.9907,-0.4272
-0.0220,-0.0331,1.0232,5.8594,2.8076,-1.0376
-0.0265,-0.0361,1.0232,5.7983,2.6245,-0.3052
-0.0214,-0.0333,1.0225,5.9204,2.7466,-0.3052
-0.0225,-0.0331,1.0240,5.9204,2.6855,-0.8545
-0.0225,-0.0348,1.0227,5.7983,2.9907,-1.2817
-0.0219,-0.0342,1.0223,5.6763,2.8076,-0.4272
-0.0238,-0.0332,1.0219,5.7373,2.8687,0.0000
-0.0199,-0.0334,1.0214,5.9204,2.7466,-0.6714
-0.0220,-0.0339,1.0266,5.7983,2.7466,-1.0986
-0.0215,-0.0332,1.0217,5.7983,2.8076,-0.3662
-0.0215,-0.0336,1.0204,5.7373,2.5635,-0.1221
-0.0199,-0.0350,1.0212,5.7373,2.8076,-0.3052
-0.0223,-0.0320,1.0217,5.9814,2.6855,-0.9155
-0.0214,-0.0344,1.0220,5.7983,2.6245,-1.0376
-0.0222,-0.0323,1.0234,5.9204,2.8076,-0.4883
-0.0221,-0.0325,1.0206,5.8594,2.7466,-0.7935
-0.0223,-0.0339,1.0222,5.9204,2.6855,0.1221
-0.0226,-0.0333,1.0227,6.0425,2.9907,-0.4272
-0.0216,-0.0339,1.0234,5.7983,2.8076,-0.9155
-0.0226,-0.0338,1.0228,5.7373,2.6245,-0.1831
-0.0226,-0.0326,1.0234,5.9204,2.7466,-0.7324
-0.0242,-0.0341,1.0215,5.7983,2.8076,-0.3662
-0.0205,-0.0332,1.0217,5.7983,2.8076,-0.4272
-0.0221,-0.0321,1.0231,5.6763,2.6245,-0.8545
-0.0222,-0.0319,1.0242,5.7983,2.6245,-1.0986
-0.0227,-0.0334,1.0211,5.6152,2.8076,-0.4272
-0.0214,-0.0334,1.0231,5.7983,2.7466,-0.5493
-0.0229,-0.0330,1.0228,5.7983,2.8076,-1.5259
-0.0228,-0.0331,1.0217,5.7983,2.6855,-0.5493
-0.0231,-0.0331,1.0225,5.8594,2.7466,-0.3052
-0.0217,-0.0338,1.0231,5.7373,2.6855,-0.3052
-0.0227,-0.0328,1.0228,5.8594,2.7466,-0.7324
-0.0226,-0.0330,1.0237,5.6152,2.6855,-0.7324
-0.0212,-0.0328,1.0215,5.6763,2.7466,-0.3662
-0.0220,-0.0333,1.0217,5.9814,2.6855,-0.6714
-0.0216,-0.0330,1.0222,5.7983,2.7466,-0.9766
-0.0214,-0.0328,1.0239,5.6763,2.6855,-0.7324
-0.0228,-0.0331,1.0231,5.8594,2.6245,-0.4272
-0.0231,-0.0320,1.0215,5.6763,2.7466,-0.9155
-0.0219,-0.0343,1.0211,5.9204,2.8687,-0.3052
-0.0212,-0.0337,1.0232,5.9204,2.6245,-0.7324
-0.0223,-0.0336,1.0234,5.7983,2.6855,-1.0986
-0.0229,-0.0326,1.0231,5.7373,2.6855,-0.7935
-0.0233,-0.0336,1.0217,5.6763,2.6245,-0.5493
-0.0225,-0.0328,1.0208,5.9814,2.6855,-0.3662
-0.0236,-0.0337,1.0206,5.7983,2.6855,-0.9155
-0.0231,-0.0341,1.0225,5.7373,2.7466,-0.5493
-0.0229,-0.0334,1.0214,5.6763,2.6855,-0.6104
-0.0221,-0.0333,1.0215,5.8594,2.7466,-0.3662
-0.0222,-0.0331,1.0227,5.7373,2.6855,-0.6104
-0.0216,-0.0325,1.0229,5.9204,2.5635,-0.5493
-0.0223,-0.0339,1.0222,5.7983,2.6245,-0.9155
-0.0225,-0.0334,1.0226,5.9814,2.6855,-0.1831
-0.0231,-0.0332,1.0221,5.9814,2.5635,-0.6104
-0.0248,-0.0286,1.0225,5.6763,2.7466,-0.6104
-0.0214,-0.0350,1.0233,5.8594,2.8076,-1.2817
-0.0227,-0.0330,1.0216,5.7983,2.8687,-0.8545
-0.0215,-0.0330,1.0225,6.1035,2.6245,-0.1831
-0.0242,-0.0331,1.0211,5.7373,2.9297,-0.4272
-0.0260,-0.0294,1.0240,5.6763,2.5635,-0.2441
-0.0197,-0.0354,1.0223,5.9204,2.8076,-0.5493
-0.0234,-0.0311,1.0220,5.9814,2.7466,-0.7935
-0.0205,-0.0353,1.0217,5.7373,2.5024,-1.5259
-0.0198,-0.0360,1.0223,5.7373,2.9907,-0.4272
-0.0217,-0.0325,1.0223,5.7983,2.9297,-0.6714
-0.0237,-0.0334,1.0219,5.9204,2.6245,-1.0376
-0.0226,-0.0326,1.0212,5.7983,2.7466,-0.3052
-0.0220,-0.0344,1.0216,5.7373,2.8076,-0.5493
-0.0215,-0.0328,1.0232,5.9204,2.7466,-0.6714
-0.0222,-0.0323,1.0228,5.7983,2.8076,-0.4883
-0.0236,-0.0336,1.0225,5.8594,2.7466,-0.4883
-0.0209,-0.0337,1.0215,5.9814,2.7466,-0.2441
-0.0221,-0.0332,1.0223,5.7983,2.9297,-1.4648
-0.0227,-0.0342,1.0243,5.8594,2.7466,-1.7090
-0.0206,-0.0330,1.0194,5.7373,2.8687,-0.3662
-0.0194,-0.0348,1.0199,5.6152,2.8687,-0.7935
-0.0245,-0.0314,1.0231,5.7983,2.8687,-1.1597
-0.0215,-0.0334,1.0214,5.7983,2.8076,-0.0610
-0.0232,-0.0328,1.0216,5.9814,2.7466,-0.3662
-0.0216,-0.0354,1.0234,5.7373,2.6855,-0.9766
-0.0216,-0.0343,1.0227,5.7373,2.7466,-0.1221
-0.0223,-0.0320,1.0210,6.1035,2.6855,0.2441
-0.0221,-0.0334,1.0221,5.9204,2.8687,-0.6104
-0.0220,-0.0341,1.0209,5.7373,2.6245,-0.4883
-0.0219,-0.0331,1.0219,5.7983,2.7466,-0.5493
-0.0239,-0.0353,1.0220,6.1035,2.7466,-0.3662
-0.0210,-0.0323,1.0234,5.9814,2.7466,0.1831
-0.0216,-0.0321,1.0226,5.7983,2.6855,-0.7935
-0.0225,-0.0312,1.0238,5.6152,2.6245,-0.9766
-0.0228,-0.0330,1.0228,5.6763,2.5635,-0.7935
-0.0225,-0.0334,1.0217,6.0425,2.7466,-0.3662
-0.0227,-0.0327,1.0243,5.9814,2.8687,-0.4272
-0.0220,-0.0330,1.0198,5.6763,2.7466,-0.8545
-0.0217,-0.0328,1.0245,5.9204,2.8687,-0.4272
FIN_VENTANA
INICIO_VENTANA reposo
-0.0222,-0.0339,1.0216,5.7983,2.8076,-0.8545
-0.0220,-0.0337,1.0256,5.6763,2.7466,-0.9155
-0.0204,-0.0315,1.0233,5.7373,2.8687,0.0610
-0.0221,-0.0332,1.0200,5.8594,2.6855,-0.4272
-0.0225,-0.0339,1.0225,5.9814,2.7466,-0.9155
-0.0225,-0.0330,1.0228,5.7373,2.7466,-0.7935
-0.0216,-0.0334,1.0225,5.8594,2.7466,-0.8545
-0.0221,-0.0334,1.0238,5.8594,2.7466,-0.7935
-0.0223,-0.0328,1.0225,5.7373,2.8076,-0.6714
-0.0225,-0.0334,1.0229,5.6763,2.8687,-0.5493
-0.0215,-0.0320,1.0236,5.7983,2.6245,-0.9766
-0.0232,-0.0330,1.0238,5.6152,2.6245,-0.7935
-0.0195,-0.0322,1.0215,5.6763,2.6855,-0.4272
-0.0204,-0.0323,1.0212,5.9814,2.6855,-0.3052
-0.0223,-0.0325,1.0238,5.8594,2.8687,-0.7935
-0.0223,-0.0205,1.0137,5.6152,3.4180,-0.5493
-0.0206,-0.0341,1.0232,5.7373,2.7466,-0.7935
-0.0226,-0.0322,1.0243,5.7983,2.5635,-1.0376
-0.0222,-0.0349,1.0223,5.8594,2.8076,-0.7324
-0.0231,-0.0264,1.0220,5.4321,4.3335,0.1221
-0.0172,-0.0367,1.0181,5.8594,2.6245,-0.9766
-0.0233,-0.0332,1.0249,5.8594,1.9531,-1.2817
-0.0192,-0.0320,1.0212,5.9814,2.4414,-0.9155
-0.0215,-0.0334,1.0238,5.7373,2.6245,-0.0610
-0.0236,-0.0349,1.0258,5.7983,2.9297,-0.4883
-0.0188,-0.0320,1.0211,5.4321,3.9062,-0.3662
-0.0236,-0.0347,1.0272,5.8594,2.3804,-0.9155
-0.0210,-0.0334,1.0238,5.6152,3.0518,-0.3662
-0.0199,-0.0339,1.0208,5.9204,2.5024,-0.4272
-0.0247,-0.0342,1.0264,6.1646,1.7090,-0.7324
-0.0272,-0.0181,1.0215,5.8594,2.5024,0.2441
-0.0201,-0.0377,1.0234,5.7983,2.8076,-1.7700
-0.0203,-0.0359,1.0226,5.4321,3.6621,-1.2207
-0.0168,-0.0327,1.0184,5.3711,4.4556,-0.4272
-0.0216,-0.0343,1.0271,5.7373,2.9907,-0.6104
-0.0176,-0.0311,1.0205,5.4932,3.9062,0.0000
-0.0201,-0.0314,1.0208,5.7373,3.4180,-0.6104
-0.0173,-0.0309,1.0208,5.6763,3.3569,-1.3428
-0.0192,-0.0343,1.0237,5.9204,2.4414,-1.8921
-0.0194,-0.0332,1.0211,5.7373,3.0518,-0.6714
-0.0205,-0.0344,1.0229,5.7373,2.6245,0.4883
-0.0173,-0.0323,1.0187,5.6152,2.1973,0.3052
-0.0204,-0.0330,1.0237,5.7983,2.9907,0.0610
-0.0184,-0.0332,1.0190,6.2256,1.8921,0.0000
-0.0210,-0.0320,1.0215,6.1646,1.2207,-0.3662
-0.0221,-0.0330,1.0229,5.7983,2.5024,-0.3662
-0.0221,-0.0319,1.0243,5.7983,2.5635,-1.8921
-0.0215,-0.0389,1.0238,5.8594,2.5024,-2.8687
-0.0219,-0.0328,1.0237,5.7983,2.8076,-1.9531
-0.0216,-0.0330,1.0227,5.8594,2.8076,-1.0376
-0.0217,-0.0341,1.0226,5.7373,2.7466,-0.1831
-0.0238,-0.0308,1.0228,5.9204,2.8076,0.4272
-0.0228,-0.0330,1.0237,5.7983,2.6855,-0.6104
-0.0219,-0.0330,1.0245,5.7373,2.8076,-0.7324
-0.0231,-0.0334,1.0227,5.8594,2.8687,-1.3428
-0.0200,-0.0387,1.0216,5.6763,2.9297,-1.9531
-0.0227,-0.0314,1.0232,5.7373,2.8076,-0.6714
-0.0164,-0.0359,1.0232,5.9204,2.8687,0.2441
-0.0262,-0.0316,1.0227,5.7983,2.6855,-0.6104
-0.0219,-0.0325,1.0227,5.9814,2.8687,-0.1831
-0.0232,-0.0334,1.0234,5.7373,2.6245,-0.9766
-0.0233,-0.0337,1.0231,5.7373,2.5635,-1.9531
-0.0225,-0.0339,1.0228,5.7373,2.8076,-0.2441
-0.0216,-0.0332,1.0236,5.8594,2.8076,-0.6714
-0.0273,-0.0319,1.0222,5.4932,2.5024,-0.7935
-0.0226,-0.0326,1.0244,5.8594,2.6245,-0.6714
-0.0238,-0.0349,1.0216,5.6763,2.6855,-0.9766
-0.0232,-0.0240,1.0233,5.5542,3.3569,-0.9155
-0.0171,-0.0428,1.0193,5.1880,4.3945,-1.2207
-0.0175,-0.0272,1.0181,6.1035,0.9766,-1.8311
-0.0229,-0.0371,1.0239,5.7983,2.3804,-2.5635
-0.0184,-0.0402,1.0223,5.8594,2.8687,-2.0142
-0.0289,-0.0229,1.0234,6.0425,2.7466,-0.7935
-0.0215,-0.0332,1.0234,6.0425,2.6245,-1.4648
-0.0176,-0.0396,1.0225,5.7983,2.5635,-2.1362
-0.0303,-0.0220,1.0225,5.7373,2.6855,-1.1597
-0.0228,-0.0320,1.0209,5.6763,2.6245,-0.9155
-0.0221,-0.0317,1.0225,5.8594,2.5024,0.1221
-0.0232,-0.0338,1.0228,5.6152,2.9297,0.0610
-0.0201,-0.0345,1.0222,5.6763,2.6855,-0.0610
-0.0231,-0.0334,1.0225,5.6763,2.6855,-0.3662
-0.0216,-0.0336,1.0217,5.7373,2.7466,-0.9155
-0.0216,-0.0333,1.0232,5.9204,2.7466,-0.9155
-0.0195,-0.0312,1.0206,5.7373,2.6855,-1.5869
-0.0216,-0.0332,1.0225,5.7373,2.8687,-0.7324
-0.0226,-0.0334,1.0234,5.8594,2.6855,-0.1221
-0.0211,-0.0339,1.0214,5.7983,2.7466,-0.7935
-0.0226,-0.0317,1.0236,5.7373,2.6855,-0.2441
-0.0226,-0.0352,1.0248,5.6152,2.7466,-0.1831
-0.0216,-0.0345,1.0217,5.7983,2.9297,-0.4883
-0.0233,-0.0338,1.0251,5.5542,3.5400,-1.1597
-0.0211,-0.0331,1.0217,5.4932,3.5400,-0.1831
-0.0229,-0.0267,1.0248,5.4321,3.4790,0.4883
-0.0215,-0.0392,1.0234,5.4321,3.3569,-1.0376
-0.0232,-0.0333,1.0254,5.7983,2.1973,-1.4038
-0.0200,-0.0308,1.0216,5.9204,2.0142,-0.9766
-0.0223,-0.0333,1.0239,6.3477,1.0986,0.0610
-0.0210,-0.0323,1.0248,5.8594,2.0142,-0.5493
-0.0214,-0.0377,1.0209,5.6763,2.6245,-1.8921
-0.0231,-0.0348,1.0193,5.7373,2.8076,-1.7700
FIN_VENTANA
INICIO_VENTANA reposo
-0.0179,-0.0321,1.0223,5.7983,2.7466,-0.3052
-0.0176,-0.0317,1.0205,5.6763,2.8076,-0.3052
-0.0203,-0.0322,1.0244,5.7983,2.5635,-0.3052
-0.0179,-0.0321,1.0222,5.8594,2.3804,-0.9155
-0.0164,-0.0321,1.0205,5.6763,2.9297,-0.9155
-0.0204,-0.0328,1.0249,6.0425,1.8311,-0.4272
-0.0170,-0.0312,1.0204,6.0425,2.1973,-0.4883
-0.0194,-0.0310,1.0227,5.9204,2.3193,-0.9155
-0.0198,-0.0328,1.0232,6.0425,2.1362,-0.9766
-0.0175,-0.0326,1.0209,5.2490,4.0894,-0.3052
-0.0187,-0.0336,1.0222,5.6152,3.1128,-0.1831
-0.0210,-0.0338,1.0249,6.0425,1.7700,-0.7935
-0.0183,-0.0336,1.0222,5.6763,2.9297,-0.4883
-0.0179,-0.0306,1.0215,5.5542,3.1738,-0.9155
-0.0195,-0.0337,1.0247,5.8594,2.5024,-0.9766
-0.0187,-0.0311,1.0243,6.0425,2.7466,0.2441
-0.0211,-0.0267,1.0194,5.6152,3.2959,-1.0376
-0.0187,-0.0388,1.0261,5.6763,3.0518,-2.1362
-0.0199,-0.0333,1.0222,5.7983,2.5635,-1.4648
-0.0198,-0.0315,1.0245,5.7373,2.8687,-1.1597
-0.0216,-0.0331,1.0284,5.9204,3.3569,-0.6714
-0.0165,-0.0354,1.0225,5.6763,3.4180,-0.9155
-0.0205,-0.0323,1.0264,6.0425,2.3193,-0.9766
-0.0166,-0.0321,1.0216,5.9204,2.5635,-0.2441
-0.0192,-0.0266,1.0227,5.6152,3.6011,0.1831
-0.0170,-0.0388,1.0214,5.7983,2.6855,-1.0986
-0.0157,-0.0322,1.0184,5.4932,3.1128,-1.5259
-0.0166,-0.0347,1.0233,5.4321,3.2349,-0.4883
-0.0208,-0.0328,1.0262,5.9814,2.0142,-0.6714
-0.0171,-0.0323,1.0205,5.5542,3.2349,-1.1597
-0.0162,-0.0323,1.0222,5.7373,2.9297,-0.3052
-0.0176,-0.0317,1.0217,5.7983,2.9297,-0.7935
-0.0178,-0.0330,1.0228,5.7373,2.9297,-0.2441
-0.0165,-0.0308,1.0204,5.9204,2.1973,-1.0376
-0.0199,-0.0317,1.0221,6.0425,1.8921,-1.4648
-0.0193,-0.0319,1.0228,5.7373,3.2959,0.0000
-0.0199,-0.0323,1.0223,5.9814,2.5635,0.2441
-0.0264,-0.0248,1.0232,5.6763,3.3569,-0.1221
-0.0111,-0.0361,1.0240,5.7983,2.9907,-1.4038
-0.0171,-0.0312,1.0199,5.8594,2.6245,0.0000
-0.0181,-0.0287,1.0220,5.4321,3.3569,-0.4883
-0.0171,-0.0345,1.0220,5.9204,1.7700,-0.6714
-0.0192,-0.0316,1.0228,5.9204,2.6855,-0.7324
-0.0198,-0.0327,1.0249,5.9204,1.8921,-1.0986
-0.0183,-0.0276,1.0216,5.6152,3.0518,-0.8545
-0.0181,-0.0342,1.0232,6.1646,1.5259,-0.9155
-0.0211,-0.0342,1.0256,6.1646,1.1597,-1.5259
-0.0181,-0.0344,1.0183,6.1035,2.0752,-0.3662
-0.0201,-0.0311,1.0243,6.2256,1.0986,0.0610
-0.0237,-0.0342,1.0276,6.2256,1.5259,-0.6714
-0.0194,-0.0326,1.0193,5.4932,3.4790,-0.4883
-0.0247,-0.0284,1.0243,6.2256,1.4038,0.2441
-0.0288,-0.0231,1.0233,5.9204,2.3193,-1.5259
-0.0050,-0.0420,1.0226,5.9204,2.6855,-1.9531
-0.0221,-0.0331,1.0242,5.8594,2.6245,-0.9766
-0.0420,-0.0243,1.0222,5.7983,2.7466,-0.0610
-0.0334,-0.0507,1.0281,5.8594,2.7466,-1.0986
-0.0239,-0.0142,1.0089,-20.8740,2.0142,-0.3052
-0.0199,0.0000,1.0313,-25.5127,-0.5493,-2.4414
0.0388,0.0797,1.0181,-20.1416,-4.3945,-5.9814
-0.0203,-0.0023,1.0162,6.1035,-1.8921,-4.6387
-0.0273,0.0245,1.0352,14.3433,-0.6714,-2.6245
-0.0381,-0.0029,1.0199,14.3433,2.1362,-1.4038
-0.0306,-0.0033,1.0208,15.6860,4.0283,-1.7700
-0.0292,-0.0082,1.0214,13.9160,5.4321,-1.5869
-0.0314,-0.0074,1.0240,8.9722,6.0425,-0.3662
-0.0294,-0.0149,1.0226,8.5449,5.3711,-0.6714
-0.0338,-0.0071,1.0243,6.4697,5.2490,-0.6104
-0.0201,-0.0194,1.0233,2.5024,4.9438,-0.1831
-0.0278,-0.0096,1.0221,2.2583,3.9673,0.0000
-0.0283,0.0006,1.0225,2.6245,2.6245,0.0000
-0.0209,-0.0082,1.0175,12.3901,2.8687,-1.7090
-0.0150,-0.0133,1.0282,6.8359,4.0894,-0.9155
-0.0354,-0.0054,1.0177,5.7373,4.0283,-0.9766
-0.0242,-0.0128,1.0198,7.8125,3.4180,-0.5493
-0.0277,-0.0146,1.0287,10.0098,3.7231,-0.6714
-0.0215,-0.0138,1.0215,7.9346,3.8452,-1.0986
-0.0234,-0.0063,1.0186,11.7187,2.8076,-2.2583
-0.0240,-0.0253,1.0287,18.0664,2.7466,-0.8545
-0.0219,-0.0253,1.0204,8.9722,2.8687,-1.1597
-0.0199,-0.0471,1.0237,13.0615,3.0518,-0.7324
-0.0229,-0.0302,1.0227,7.6294,2.5024,-0.3662
-0.0234,-0.0254,1.0217,8.0566,2.9297,-1.5869
-0.0215,-0.0385,1.0248,7.3242,2.8076,-1.5869
-0.0238,-0.0305,1.0258,6.7749,2.6855,-0.1831
-0.0240,-0.0308,1.0234,5.6763,2.6855,0.1831
-0.0234,-0.0321,1.0206,5.7373,2.5635,-15.5640
-0.0205,-0.0347,1.0225,5.7983,2.8076,-0.7935
-0.0232,-0.0325,1.0220,6.1035,2.6855,0.0000
-0.0217,-0.0336,1.0238,5.7373,2.6855,0.2441
-0.0225,-0.0337,1.0231,5.9814,2.7466,-0.6714
-0.0208,-0.0347,1.0209,5.9204,2.8687,0.1221
-0.0221,-0.0319,1.0226,5.7983,2.7466,0.3052
-0.0237,-0.0314,1.0226,5.6152,2.7466,-0.3052
-0.0214,-0.0336,1.0236,5.7373,2.7466,-0.6104
-0.0220,-0.0333,1.0225,5.6152,2.7466,-0.7324
-0.0283,-0.0270,1.0221,5.8594,2.6855,-0.4272
-0.0192,-0.0396,1.0231,5.4932,2.5635,-2.0752
-0.0170,-0.0404,1.0233,5.6152,2.7466,-0.9155
-0.0228,-0.0333,1.0239,5.9204,2.7466,-1.0986
FIN_VENTANA
INICIO_VENTANA reposo
-0.0197,-0.0338,1.0209,5.9814,1.8921,-0.8545
-0.0203,-0.0333,1.0238,5.9814,2.5635,-0.1221
-0.0205,-0.0315,1.0242,5.7373,2.3804,-0.3662
-0.0203,-0.0331,1.0221,5.6763,2.9907,-1.0376
-0.0194,-0.0342,1.0247,5.7983,3.2349,-1.2207
-0.0199,-0.0325,1.0234,6.1646,1.7700,-1.2207
-0.0177,-0.0330,1.0170,5.6152,3.1738,-0.3662
-0.0219,-0.0333,1.0267,5.9204,2.7466,-0.9155
-0.0178,-0.0314,1.0220,5.7373,2.9297,-1.2207
-0.0170,-0.0331,1.0192,5.6763,2.9907,-0.1831
-0.0200,-0.0339,1.0245,6.0425,1.9531,-0.9766
-0.0198,-0.0320,1.0211,6.0425,2.1973,-1.0986
-0.0227,-0.0342,1.0261,5.7373,2.4414,-0.6104
-0.0181,-0.0315,1.0167,5.9204,2.7466,-0.9766
-0.0205,-0.0327,1.0236,5.7373,2.1973,-1.2207
-0.0208,-0.0333,1.0227,5.5542,3.3569,-0.4883
-0.0199,-0.0316,1.0227,5.6763,3.2349,-0.6104
-0.0195,-0.0320,1.0211,5.7373,2.6245,-1.0986
-0.0193,-0.0331,1.0215,5.7983,2.7466,-0.6714
-0.0206,-0.0334,1.0237,5.9204,2.4414,-0.3052
-0.0205,-0.0332,1.0229,5.6763,3.0518,-0.2441
-0.0200,-0.0339,1.0259,5.9814,2.0752,-0.1221
-0.0219,-0.0323,1.0237,5.9204,2.8076,-0.1831
-0.0199,-0.0333,1.0226,5.5542,3.4790,-0.7935
-0.0200,-0.0333,1.0215,5.8594,2.4414,-0.7935
-0.0210,-0.0337,1.0250,5.4321,3.5400,-1.2207
-0.0221,-0.0322,1.0209,5.6763,3.4790,-0.6714
-0.0182,-0.0323,1.0219,5.7983,2.3193,-0.4272
-0.0222,-0.0332,1.0238,5.7373,2.6245,-0.9155
-0.0179,-0.0339,1.0223,5.6763,3.0518,-0.9766
-0.0200,-0.0297,1.0203,5.5542,3.0518,0.1831
-0.0288,-0.0399,1.0267,5.8594,2.7466,-2.1362
-0.0117,-0.0420,1.0210,5.7373,2.8076,-2.0752
-0.0199,-0.0342,1.0249,5.9814,2.6245,-0.6714
-0.0223,-0.0344,1.0265,5.6763,2.7466,-0.8545
-0.0187,-0.0325,1.0225,5.8594,2.4414,-1.0376
-0.0200,-0.0321,1.0221,5.7373,2.8076,-0.9155
-0.0219,-0.0399,1.0247,5.7373,2.7466,-1.4038
-0.0194,-0.0341,1.0236,5.8594,2.5024,-0.9766
-0.0114,-0.0361,1.0122,5.6763,3.4180,-0.3052
-0.0192,-0.0317,1.0217,5.9204,2.4414,-0.1831
-0.0201,-0.0323,1.0236,6.0425,1.8311,-1.2207
-0.0209,-0.0352,1.0228,5.8594,2.5635,-0.4272
-0.0203,-0.0334,1.0219,5.6763,3.3569,-1.0376
-0.0210,-0.0341,1.0225,5.9814,3.1738,-1.0986
-0.0139,-0.0337,1.0211,5.9814,2.1973,-0.7935
-0.0216,-0.0349,1.0236,5.9814,2.1362,-0.7935
-0.0327,-0.0275,1.0170,5.8594,2.3804,-0.1221
-0.0211,-0.0338,1.0251,6.1646,1.7700,-0.0610
-0.0219,-0.0333,1.0247,5.6152,3.2349,-0.2441
-0.0183,-0.0339,1.0217,5.7373,2.6245,-0.6104
-0.0219,-0.0339,1.0219,5.8594,2.5024,-1.2207
-0.0238,-0.0320,1.0146,5.6152,2.8687,-0.7935
-0.0232,-0.0303,1.0239,2.3804,2.5635,-0.3052
-0.0225,-0.0265,1.0199,2.9297,2.8076,-0.6104
-0.0209,-0.0331,1.0248,7.8125,2.9297,-0.7935
-0.0223,-0.0282,1.0216,6.2256,2.8076,-0.0610
-0.0240,-0.0347,1.0250,5.6152,2.8687,-0.4883
-0.0221,-0.0270,1.0205,3.6011,2.6855,-0.3052
-0.0210,-0.0334,1.0234,8.9111,2.7466,-0.7324
-0.0223,-0.0309,1.0228,6.4087,2.6855,-0.6104
-0.0225,-0.0293,1.0242,4.7607,2.8076,-0.9155
-0.0201,-0.0323,1.0217,7.3853,3.6621,-1.4038
-0.0244,-0.0312,1.0262,6.9580,2.2583,-0.3052
-0.0190,-0.0302,1.0205,6.8359,3.8452,-0.7324
-0.0209,-0.0326,1.0216,5.6152,2.8687,-0.1221
-0.0203,-0.0328,1.0209,5.8594,2.1362,-0.4272
-0.0245,-0.0353,1.0244,5.9204,2.8687,-0.7324
-0.0210,-0.0326,1.0250,5.5542,2.9297,-0.5493
-0.0201,-0.0350,1.0242,6.1035,1.6479,-0.7935
-0.0260,-0.0304,1.0269,5.7373,2.6855,-1.5259
-0.0157,-0.0378,1.0251,5.9204,2.8687,-2.8687
-0.0188,-0.0349,1.0209,5.6763,3.4790,-1.3428
-0.0187,-0.0342,1.0232,5.8594,2.0752,0.0610
-0.0299,-0.0317,1.0112,5.4932,3.4790,-0.9155
-0.0229,-0.0266,1.0215,4.3945,2.6855,-0.6104
-0.0247,-0.0200,1.0206,3.5400,2.5635,0.9155
-0.0201,-0.0352,1.0228,8.1787,2.6855,-0.3662
-0.0221,-0.0338,1.0242,5.9814,2.5635,0.5493
-0.0226,-0.0333,1.0220,5.7983,2.6245,0.7935
-0.0220,-0.0336,1.0212,5.7983,2.7466,-0.1221
-0.0208,-0.0333,1.0223,5.7373,2.8076,-1.4648
0.0012,-0.0527,1.0225,5.6763,3.1128,1.0986
-0.0220,-0.0306,1.0223,5.6152,2.8076,1.8311
-0.0199,-0.0315,1.0214,5.9204,2.6245,1.5869
-0.0194,-0.0344,1.0229,5.6763,2.6245,0.0000
-0.0219,-0.0328,1.0226,5.7983,2.8076,-0.2441
-0.0221,-0.0325,1.0243,6.1035,2.6245,-0.9155
-0.0212,-0.0344,1.0231,5.6152,2.6855,-0.7324
-0.0227,-0.0341,1.0239,5.7983,2.8076,-0.6104
-0.0233,-0.0280,1.0226,4.3945,2.8076,-0.6104
-0.0216,-0.0361,1.0236,7.1411,2.8076,-0.5493
-0.0226,-0.0239,1.0233,6.0425,2.7466,1.0376
-0.0219,-0.0386,1.0237,5.8594,2.9297,-2.6245
-0.0204,-0.0355,1.0221,5.6763,2.9907,-2.5635
-0.0236,-0.0327,1.0232,3.4180,2.3193,-0.1221
-0.0220,-0.0309,1.0228,6.8359,2.6245,-1.0986
-0.0192,-0.0353,1.0227,6.1035,2.6245,-0.3662
-0.0220,-0.0333,1.0242,5.0659,2.7466,0.1221
-0.0209,-0.0336,1.0240,6.7749,2.8076,0.1221
FIN_VENTANA
INICIO_VENTANA reposo
-0.0011,-0.0039,1.0193,-0.2441,2.8687,-2.6245
-0.0186,-0.0015,1.0232,0.7935,2.8076,-1.7090
-0.0212,0.0066,1.0210,-0.6104,2.6245,-0.9155
-0.0227,0.0107,1.0205,6.8970,2.7466,-1.0376
-0.0215,0.0012,1.0249,8.9722,2.6855,-0.3662
-0.0143,-0.0076,1.0256,6.9580,2.9297,-1.4038
-0.0247,0.0072,1.0209,4.9438,2.7466,-0.6104
-0.0201,-0.0033,1.0245,5.6763,2.5024,-0.9155
-0.0212,0.0035,1.0211,4.5776,2.8076,0.2441
-0.0188,0.0070,1.0275,1.9531,2.6245,-2.3804
-0.0260,0.0203,1.0226,0.8545,2.6855,-1.0376
-0.0186,-0.0027,1.0236,3.1128,2.6245,-1.8921
-0.0225,0.0135,1.0239,-2.6855,2.7466,-1.2207
-0.0232,0.0118,1.0125,3.2959,2.8076,-1.4038
-0.0183,0.0099,1.0168,16.8457,5.0659,-0.3052
-0.0201,0.0216,1.0210,15.2588,4.8218,-0.1831
-0.0074,0.0023,1.0264,12.7563,1.7090,0.9766
-0.0220,0.0082,1.0234,6.0425,3.8452,-1.0986
-0.0195,0.0054,1.0208,5.6763,3.4790,-1.3428
-0.0217,0.0074,1.0228,4.2725,1.3428,0.1831
-0.0216,0.0049,1.0236,11.2305,3.7231,-1.0986
-0.0219,0.0017,1.0219,12.2681,2.4414,-0.6104
-0.0217,-0.0007,1.0248,11.7187,2.8076,-0.9155
-0.0179,-0.0133,1.0245,9.0942,3.4790,-1.4038
-0.0204,-0.0048,1.0240,3.6621,2.2583,-0.9155
-0.0205,-0.0006,1.0211,4.9438,2.2583,-1.6479
-0.0166,-0.0089,1.0229,6.9580,3.7231,-1.4038
-0.0220,-0.0028,1.0243,6.4697,3.6621,-1.7700
-0.0166,-0.0103,1.0217,8.0566,4.1504,-1.5869
-0.0193,-0.0131,1.0281,8.8501,2.6855,-1.8921
-0.0182,-0.0105,1.0233,7.0190,2.9907,-0.7324
-0.0173,-0.0115,1.0245,7.5073,2.5635,-0.5493
-0.0200,-0.0104,1.0239,6.2256,2.0142,0.0000
-0.0206,-0.0048,1.0211,7.3853,2.1973,0.2441
-0.0237,-0.0071,1.0251,10.7422,3.4180,-1.0986
-0.0165,-0.0204,1.0227,8.9111,2.3193,-0.7324
-0.0205,-0.0164,1.0286,6.5918,2.2583,0.0610
-0.0236,-0.0100,1.0256,5.2490,2.3193,-0.7935
-0.0178,-0.0214,1.0254,3.9062,2.1362,-1.8311
-0.0171,-0.0200,1.0240,5.3711,3.2349,-2.1973
-0.0253,-0.0106,1.0288,2.3804,2.8687,-1.8311
-0.0161,-0.0106,1.0212,4.4556,4.0283,-1.7090
-0.0172,-0.0122,1.0240,7.1411,3.6621,-1.2817
-0.0162,-0.0146,1.0219,8.4229,3.1128,-1.5869
-0.0164,-0.0178,1.0233,6.2256,3.1738,-1.7090
-0.0175,-0.0203,1.0304,13.7329,2.6245,-0.3662
-0.0140,-0.0215,1.0234,12.0239,2.8076,0.0000
-0.0178,-0.0157,1.0269,9.0332,2.5635,0.5493
-0.0229,-0.0187,1.0242,7.0190,2.8687,-0.1831
-0.0231,-0.0212,1.0233,4.2725,2.4414,0.9766
-0.0182,-0.0201,1.0227,3.6621,2.6855,0.3052
-0.0176,-0.0219,1.0242,6.4697,2.5024,-0.2441
-0.0170,-0.0325,1.0265,6.0425,2.5024,0.1221
-0.0211,-0.0157,1.0222,-0.6104,1.5869,0.1831
-0.0193,-0.0183,1.0247,4.5776,3.3569,-1.3428
-0.0204,-0.0209,1.0277,6.4697,2.1362,-0.9766
-0.0192,-0.0188,1.0221,7.2021,4.3945,-1.3428
-0.0177,-0.0201,1.0219,4.0894,2.8687,-0.6714
-0.0162,-0.0209,1.0233,6.0425,2.9297,-0.3052
-0.0217,-0.0177,1.0245,7.4463,3.1738,-0.9155
-0.0131,-0.0215,1.0249,10.2539,3.2959,-1.6479
-0.0026,-0.0332,1.0275,11.2915,3.0518,-0.9155
-0.0151,-0.0284,1.0237,10.4980,2.8687,0.1831
-0.0183,-0.0282,1.0242,5.9204,2.8076,-0.0610
-0.0128,-0.0323,1.0265,6.3477,2.9907,-1.5259
-0.0145,-0.0284,1.0194,7.9346,3.2349,-0.6714
-0.0184,-0.0304,1.0280,8.1177,2.7466,-0.8545
-0.0162,-0.0330,1.0208,5.9204,3.7231,-0.1221
-0.0194,-0.0311,1.0155,5.6152,3.9062,-0.1221
-0.0179,-0.0306,1.0281,5.8594,2.9297,-0.3662
-0.0120,-0.0295,1.0166,5.7983,3.5400,-1.5259
-0.0182,-0.0295,1.0302,5.8594,3.2349,-1.6479
-0.0153,-0.0337,1.0249,5.8594,3.7231,-1.2207
-0.0112,-0.0321,1.0233,5.9814,4.2725,-1.7700
-0.0135,-0.0359,1.0221,5.4932,3.6011,-1.0376
-0.0133,-0.0337,1.0256,5.6763,2.9907,-1.5259
-0.0118,-0.0337,1.0232,5.7373,3.8452,-1.7090
-0.0131,-0.0319,1.0273,5.7373,3.1128,-2.3193
-0.0115,-0.0328,1.0242,5.7373,3.6011,-1.6479
-0.0116,-0.0321,1.0248,5.8594,4.0283,-0.2441
-0.0100,-0.0325,1.0226,6.0425,3.1128,0.1831
-0.0109,-0.0317,1.0231,5.6763,2.6855,0.2441
-0.0101,-0.0321,1.0238,5.8594,2.8076,-0.3052
-0.0121,-0.0319,1.0253,5.7373,2.1973,-0.3662
-0.0117,-0.0327,1.0229,5.7983,2.8687,-1.2207
-0.0095,-0.0291,1.0208,5.6763,2.9907,-1.8311
-0.0132,-0.0345,1.0244,5.0049,2.8076,-0.4883
-0.0093,-0.0308,1.0188,2.9907,2.0752,-0.1221
-0.0114,-0.0286,1.0201,2.5024,1.2817,-0.0610
-0.0114,-0.0250,1.0216,4.6387,2.4414,-0.2441
-0.0115,-0.0348,1.0225,6.7749,1.8921,0.3662
-0.0200,-0.0195,1.0280,5.1270,1.8311,1.4648
-0.0115,-0.0266,1.0204,-1.7090,2.3804,0.3662
-0.0215,-0.0168,1.0332,-2.5635,0.4272,0.8545
-0.0104,-0.0208,1.0184,4.7607,4.1504,-0.9766
-0.0126,-0.0160,1.0178,7.2021,2.9297,-0.3052
-0.0161,-0.0178,1.0253,9.9487,3.5400,-0.7935
-0.0116,-0.0190,1.0149,9.3994,3.0518,-0.3662
-0.0151,-0.0247,1.0278,9.9487,2.3804,-0.6104
-0.0111,-0.0273,1.0177,6.2866,2.1362,0.0000
FIN_VENTANA
INICIO_VENTANA reposo
-0.0192,-0.0209,1.0238,7.1411,2.6245,-0.1221
-0.0167,-0.0284,1.0225,7.2632,3.0518,-1.0986
-0.0173,-0.0295,1.0236,7.3242,3.1738,-0.8545
-0.0168,-0.0276,1.0227,6.7139,2.9907,-0.4272
-0.0170,-0.0273,1.0237,6.5308,2.6245,-0.4883
-0.0172,-0.0270,1.0228,6.4087,2.7466,-0.7324
-0.0155,-0.0289,1.0219,8.5449,2.7466,-0.9766
-0.0168,-0.0349,1.0234,7.3242,2.6855,-0.6714
-0.0161,-0.0369,1.0242,5.9814,3.1128,-0.7935
-0.0199,-0.0271,1.0262,2.2583,2.5024,-0.1831
-0.0167,-0.0265,1.0211,5.4932,2.9907,-0.9766
-0.0182,-0.0295,1.0232,7.2632,3.2349,-0.6104
-0.0170,-0.0317,1.0244,6.4697,2.3804,-0.4272
-0.0176,-0.0275,1.0226,4.8218,2.6245,-0.3052
-0.0161,-0.0309,1.0222,7.3853,2.9907,-0.7324
-0.0171,-0.0325,1.0240,5.4932,2.5635,-0.0610
-0.0171,-0.0286,1.0217,4.9438,2.9297,-0.7324
-0.0154,-0.0321,1.0212,6.0425,2.8687,-1.0376
-0.0177,-0.0266,1.0219,5.4321,2.8076,-0.4272
-0.0170,-0.0312,1.0240,6.1646,2.9297,-0.7935
-0.0167,-0.0283,1.0236,5.0659,2.8076,-0.6104
-0.0173,-0.0260,1.0211,7.2021,2.6245,-0.3662
-0.0183,-0.0311,1.0240,9.0332,2.9907,-1.0986
-0.0151,-0.0376,1.0222,7.2021,3.1128,-0.8545
-0.0187,-0.0295,1.0233,4.8828,2.7466,-0.3662
-0.0161,-0.0305,1.0226,6.7139,2.6855,-0.1831
-0.0190,-0.0309,1.0254,5.7983,2.2583,-0.1831
-0.0164,-0.0332,1.0233,5.8594,2.9297,-0.4883
-0.0167,-0.0303,1.0229,5.3101,2.6855,-0.7935
-0.0167,-0.0334,1.0223,4.5166,2.5635,-0.7935
-0.0162,-0.0339,1.0227,5.0049,3.0518,-1.0986
-0.0162,-0.0293,1.0222,6.2866,2.8687,-0.5493
-0.0182,-0.0303,1.0238,7.1411,2.9297,-0.3662
-0.0205,-0.0439,1.0326,6.7139,3.1128,-0.4272
-0.0135,-0.0316,1.0211,5.8594,2.8687,-0.3662
-0.0195,-0.0308,1.0251,5.7983,1.9531,-0.7935
-0.0177,-0.0316,1.0243,5.9814,2.6245,-0.5493
-0.0164,-0.0316,1.0223,5.8594,2.8076,-0.1221
-0.0186,-0.0323,1.0236,5.7983,2.9297,-0.4883
-0.0162,-0.0321,1.0234,5.6763,2.6245,-1.1597
-0.0167,-0.0293,1.0219,5.2490,2.9907,-0.7324
-0.0160,-0.0336,1.0237,6.2866,3.1738,-0.7324
-0.0176,-0.0406,1.0294,5.7373,2.0142,-0.3052
-0.0171,-0.0287,1.0228,2.6245,2.6855,-0.3662
-0.0162,-0.0262,1.0210,5.4932,2.6855,-0.7324
-0.0166,-0.0325,1.0231,7.8125,2.6855,-0.4272
-0.0178,-0.0332,1.0228,4.7607,2.8687,-0.4883
-0.0171,-0.0392,1.0302,7.6904,3.9673,-2.0752
-0.0165,-0.0284,1.0216,5.7983,2.6855,-0.4883
-0.0183,-0.0281,1.0247,6.2866,3.4790,-0.5493
-0.0139,-0.0309,1.0222,6.6528,3.4180,-0.3052
-0.0164,-0.0305,1.0208,6.3477,3.0518,-0.3662
-0.0159,-0.0327,1.0216,6.3477,2.9907,-0.5493
-0.0161,-0.0321,1.0259,5.7983,2.9297,-0.3662
-0.0173,-0.0315,1.0259,5.8594,3.1738,0.1831
-0.0154,-0.0323,1.0250,5.7983,2.3804,-0.7324
-0.0148,-0.0331,1.0216,5.7983,3.6011,-0.6714
-0.0140,-0.0330,1.0204,5.8594,2.6245,-0.8545
-0.0155,-0.0322,1.0229,5.7373,3.1128,-0.1831
-0.0151,-0.0326,1.0240,5.6152,2.8687,-0.7935
-0.0151,-0.0319,1.0240,5.7373,3.1128,-0.7935
-0.0137,-0.0316,1.0215,5.9814,2.6245,-0.7935
-0.0142,-0.0332,1.0229,5.6152,2.5635,-0.9155
-0.0149,-0.0322,1.0204,5.6763,2.3193,-0.7935
-0.0157,-0.0312,1.0244,6.0425,2.4414,-0.6104
-0.0167,-0.0281,1.0216,5.4932,3.2959,-1.4648
-0.0128,-0.0375,1.0248,5.7983,2.4414,-1.8921
-0.0129,-0.0337,1.0211,5.8594,3.1128,-1.0376
-0.0129,-0.0319,1.0210,5.7983,2.9907,-1.3428
-0.0151,-0.0320,1.0226,5.6763,2.3193,-1.7090
-0.0165,-0.0310,1.0251,5.7983,3.0518,-0.7935
-0.0132,-0.0332,1.0208,5.9204,3.3569,-0.1221
-0.0142,-0.0321,1.0219,5.9814,2.3804,-0.3052
-0.0146,-0.0331,1.0239,5.7373,2.4414,-0.8545
-0.0160,-0.0320,1.0248,5.8594,2.0752,-0.9766
-0.0155,-0.0427,1.0267,5.3711,2.7466,-1.0376
-0.0156,-0.0295,1.0238,4.6997,2.8076,-0.6714
-0.0146,-0.0312,1.0232,5.6152,2.5635,-0.6104
-0.0165,-0.0303,1.0262,5.0659,2.8076,-1.0376
-0.0139,-0.0314,1.0216,4.0283,3.2349,-0.7935
-0.0155,-0.0258,1.0222,6.7749,2.6245,-1.0376
-0.0155,-0.0320,1.0250,7.2021,3.1128,-0.9155
-0.0127,-0.0323,1.0219,5.7983,3.1738,-0.9766
-0.0155,-0.0308,1.0231,5.2490,2.6855,-0.6104
-0.0162,-0.0299,1.0233,6.1035,3.1738,-0.7935
-0.0168,-0.0281,1.0255,7.9956,2.9907,-0.9155
-0.0115,-0.0382,1.0173,6.4087,3.4790,-0.4272
-0.0125,-0.0322,1.0170,5.8594,2.5635,-0.7324
-0.0134,-0.0293,1.0200,4.1504,2.8687,-0.6104
-0.0133,-0.0323,1.0221,6.9580,2.9297,-0.9155
-0.0135,-0.0327,1.0244,6.1646,2.8687,0.3052
-0.0140,-0.0317,1.0221,6.1035,2.8076,-0.1221
-0.0143,-0.0325,1.0217,5.8594,3.2349,-0.4272
-0.0114,-0.0322,1.0189,5.7983,3.5400,-0.7324
-0.0154,-0.0353,1.0197,5.8594,2.2583,-1.5259
-0.0157,-0.0311,1.0251,4.4556,2.6855,-0.8545
-0.0122,-0.0350,1.0206,4.1504,2.8687,-0.9766
-0.0157,-0.0289,1.0251,4.2114,2.1362,-0.3052
-0.0164,-0.0255,1.0240,5.8594,2.5635,-0.3052
-0.0121,-0.0347,1.0206,8.1787,3.2959,-0.6104
FIN_VENTANA
INICIO_VENTANA reposo
-0.0161,-0.0281,1.0247,6.2256,2.5024,-0.5493
-0.0154,-0.0273,1.0240,4.5166,2.8076,-0.8545
-0.0144,-0.0267,1.0229,4.0894,2.4414,-0.7324
-0.0151,-0.0258,1.0229,4.1504,2.3193,-0.6714
-0.0150,-0.0225,1.0184,5.7983,2.8076,-1.0986
-0.0155,-0.0280,1.0225,9.2163,2.5635,-0.4883
-0.0151,-0.0323,1.0225,6.9580,2.5635,-0.5493
-0.0173,-0.0272,1.0250,5.7983,2.8076,-0.5493
-0.0146,-0.0288,1.0243,4.6997,2.0142,-0.4272
-0.0190,-0.0275,1.0249,5.3711,2.9297,-0.7935
-0.0145,-0.0269,1.0203,5.0049,3.6011,-0.4883
-0.0153,-0.0260,1.0203,5.6763,2.5635,-0.3662
-0.0167,-0.0314,1.0275,6.5918,2.8687,-0.7324
-0.0129,-0.0278,1.0229,4.6997,3.4790,-0.7935
-0.0153,-0.0272,1.0240,4.8828,2.5635,-0.4883
-0.0168,-0.0242,1.0267,2.6245,2.8687,-0.4272
-0.0128,-0.0228,1.0172,3.6011,2.8076,-0.6714
-0.0167,-0.0227,1.0272,5.4932,2.3804,-0.5493
-0.0156,-0.0223,1.0245,4.0894,2.8687,-0.4883
-0.0133,-0.0217,1.0199,4.4556,2.5635,-0.3662
-0.0144,-0.0212,1.0210,6.8970,2.3804,-0.4883
-0.0165,-0.0209,1.0259,8.0566,2.7466,-0.6104
-0.0144,-0.0269,1.0247,4.8218,2.5024,-0.4272
-0.0156,-0.0222,1.0220,1.8311,2.1362,0.0610
-0.0153,-0.0104,1.0143,0.4272,2.7466,0.3662
-0.0167,-0.0156,1.0242,6.0425,3.5400,-1.2207
-0.0151,-0.0209,1.0232,5.9814,2.8076,-0.8545
-0.0149,-0.0143,1.0204,5.2490,2.9297,-0.6714
-0.0145,-0.0195,1.0229,5.7373,2.6245,-0.3052
-0.0161,-0.0179,1.0237,5.0049,2.2583,0.0610
-0.0188,-0.0135,1.0244,3.6011,2.0142,-0.1831
-0.0135,-0.0144,1.0214,4.5776,2.8076,-0.4272
-0.0165,-0.0164,1.0234,5.4321,2.3804,-0.3662
-0.0168,-0.0172,1.0250,4.8218,3.1738,-0.6714
-0.0137,-0.0133,1.0195,2.7466,3.4180,-0.4272
-0.0170,-0.0024,1.0281,1.3428,3.9673,-0.9766
-0.0076,0.0001,1.0359,4.0894,5.0049,-0.8545
-0.0181,-0.0012,1.0176,6.4087,4.7607,-1.8311
-0.0103,-0.0159,1.0227,11.4746,3.9062,-1.2207
-0.0092,-0.0168,1.0151,9.0942,2.4414,-0.7935
-0.0138,-0.0162,1.0277,8.6670,2.8076,-1.1597
-0.0057,-0.0236,1.0172,6.7749,3.2959,-0.9155
-0.0126,-0.0173,1.0219,5.7983,2.4414,-0.4883
-0.0117,-0.0149,1.0233,4.6387,2.5024,-0.6714
-0.0110,-0.0161,1.0204,6.1035,2.6245,-0.8545
-0.0105,-0.0192,1.0226,6.4087,2.3193,-0.7935
-0.0103,-0.0162,1.0205,4.6387,2.6855,-0.7324
-0.0125,-0.0171,1.0212,6.4697,2.1973,-0.7324
-0.0106,-0.0150,1.0183,5.8594,3.1128,-0.7935
-0.0121,-0.0168,1.0228,7.0801,2.5635,-0.7935
-0.0139,-0.0149,1.0249,4.3945,2.2583,-0.6104
-0.0118,-0.0182,1.0203,4.6387,2.1973,-0.4272
-0.0137,-0.0127,1.0260,4.3945,2.6245,-0.5493
-0.0145,-0.0122,1.0228,4.6387,2.3804,-0.7935
-0.0101,-0.0144,1.0208,5.0659,2.5024,-0.9155
-0.0117,-0.0175,1.0220,6.7139,2.6245,-0.9155
-0.0137,-0.0205,1.0217,3.5400,1.8921,0.3662
-0.0137,-0.0081,1.0188,4.5776,2.0142,-0.5493
-0.0122,-0.0389,1.0321,5.6152,2.3804,-0.4272
-0.0116,-0.0142,1.0237,4.0894,3.8452,0.6104
-0.0134,-0.0096,1.0248,5.2490,2.8076,-0.3662
-0.0105,-0.0157,1.0205,5.7983,3.4790,-0.4883
-0.0145,-0.0099,1.0261,5.0049,2.9907,-0.1221
-0.0120,-0.0077,1.0204,5.3101,2.8687,0.1831
-0.0116,-0.0070,1.0208,7.9346,3.4790,-0.6104
-0.0128,-0.0142,1.0237,8.3008,2.4414,-0.7324
-0.0122,-0.0172,1.0249,5.5542,2.9297,-0.5493
-0.0134,-0.0116,1.0205,3.9673,2.4414,-0.3662
-0.0143,-0.0105,1.0232,7.8125,2.6855,-0.7324
-0.0123,-0.0177,1.0259,8.4839,2.7466,-0.9766
-0.0110,-0.0167,1.0234,4.5776,3.1738,-0.8545
-0.0107,-0.0127,1.0201,3.8452,2.5024,-0.3662
-0.0155,-0.0129,1.0233,6.5308,2.6245,-0.6104
-0.0122,-0.0161,1.0217,6.7749,2.9297,-0.4272
-0.0134,-0.0134,1.0221,5.3711,2.6855,-0.7324
-0.0122,-0.0142,1.0225,7.2021,3.8452,-1.0986
-0.0110,-0.0145,1.0199,5.3101,3.4790,-0.3662
-0.0120,-0.0133,1.0201,5.8594,3.2959,-0.7935
-0.0109,-0.0173,1.0258,6.4697,2.8076,-0.9766
-0.0146,-0.0090,1.0214,1.8921,2.7466,-0.4883
-0.0092,-0.0144,1.0183,5.5542,2.9297,-0.4272
-0.0120,-0.0110,1.0210,5.6152,1.5869,0.0610
-0.0142,-0.0107,1.0201,3.6011,2.1973,-0.4883
-0.0117,-0.0082,1.0214,5.7983,3.2959,-0.9155
-0.0154,-0.0115,1.0244,6.0425,2.0752,-0.1221
-0.0161,-0.0126,1.0250,3.9673,2.5024,-0.1831
-0.0120,-0.0067,1.0223,4.8828,3.3569,-0.6714
-0.0142,-0.0105,1.0238,5.5542,2.0752,-0.4272
-0.0137,-0.0032,1.0208,6.1035,3.1128,-0.5493
-0.0121,-0.0104,1.0201,6.8359,2.9297,-0.4883
-0.0093,-0.0160,1.0151,4.6997,2.5024,-0.5493
-0.0167,-0.0016,1.0253,4.4556,2.4414,-0.4883
-0.0098,-0.0142,1.0190,8.0566,3.9062,-0.6104
-0.0135,-0.0079,1.0233,4.8218,2.1362,0.0610
-0.0122,-0.0129,1.0225,5.0049,2.7466,-0.6714
-0.0131,-0.0101,1.0211,2.5635,2.8076,0.0000
-0.0122,-0.0051,1.0197,7.1411,3.2959,-0.6714
-0.0135,-0.0095,1.0232,6.4087,2.1362,-0.0610
-0.0120,-0.0059,1.0171,3.5400,2.5024,-0.1831
-0.0148,-0.0043,1.0254,6.1646,2.9907,-0.7935
FIN_VENTANA
INICIO_VENTANA reposo
-0.0144,-0.0045,1.0219,2.5024,2.5024,-0.3662
-0.0164,0.0031,1.0220,3.1738,2.0142,-0.3662
-0.0118,-0.0034,1.0200,6.4087,3.2349,-1.2207
-0.0140,-0.0033,1.0226,5.3101,2.5635,-0.4883
-0.0148,-0.0007,1.0245,2.8076,2.0752,-0.4272
-0.0144,0.0013,1.0223,4.3945,2.1362,-0.6104
-0.0128,0.0018,1.0192,3.9062,1.8921,-0.2441
-0.0164,0.0026,1.0239,6.7139,2.9297,-1.4648
-0.0166,-0.0024,1.0254,6.3477,2.3804,-0.7324
-0.0160,0.0006,1.0186,4.5166,2.8076,-1.0986
-0.0127,0.0020,1.0194,5.4932,3.4790,-1.0376
-0.0173,0.0007,1.0231,6.3477,2.0752,-0.1221
-0.0162,0.0033,1.0215,6.8359,3.1738,-0.6104
-0.0139,-0.0007,1.0221,7.6904,2.8076,-0.6714
-0.0145,-0.0042,1.0227,5.8594,2.4414,-0.7324
-0.0170,-0.0005,1.0262,5.3101,2.6855,-0.4272
-0.0154,-0.0007,1.0231,6.1646,3.1128,-0.6104
-0.0149,0.0000,1.0220,7.9346,2.9907,-0.7935
-0.0155,-0.0067,1.0256,7.6294,2.7466,-0.9766
-0.0140,-0.0032,1.0225,4.8828,3.2959,-0.8545
-0.0167,0.0037,1.0226,4.3335,2.6245,-15.6250
-0.0126,-0.0061,1.0226,8.5449,2.9907,-0.7935
-0.0151,-0.0049,1.0219,5.8594,2.8687,-0.6714
-0.0123,-0.0067,1.0232,5.0049,2.9907,-0.3662
-0.0137,-0.0027,1.0240,5.3711,2.8687,-0.4272
-0.0140,-0.0017,1.0212,4.1504,3.4790,-0.1831
-0.0118,-0.0016,1.0203,5.6763,3.4790,-0.4272
-0.0149,-0.0015,1.0233,5.7983,2.4414,-0.6104
-0.0117,-0.0043,1.0211,5.5542,3.2349,-0.3662
-0.0144,-0.0020,1.0220,3.2349,1.7090,-0.0610
-0.0194,0.0056,1.0273,2.8076,2.3193,-0.8545
-0.0073,-0.0046,1.0170,5.7983,4.3335,-1.2207
-0.0159,0.0059,1.0205,3.9062,1.2817,0.4883
-0.0094,-0.0004,1.0181,7.0190,4.0894,-0.9766
-0.0154,-0.0010,1.0281,5.3711,2.3804,-0.5493
-0.0149,0.0037,1.0258,3.9673,2.4414,-0.4272
-0.0112,0.0034,1.0193,5.7373,3.9062,-0.5493
-0.0154,0.0038,1.0232,5.0659,2.2583,-0.3662
-0.0120,-0.0002,1.0240,4.8218,4.0894,-0.9766
-0.0112,0.0004,1.0231,3.6621,3.4180,-0.5493
-0.0120,0.0099,1.0236,4.4556,2.9297,-0.0610
-0.0078,-0.0002,1.0161,4.9438,3.2349,-0.3052
-0.0164,0.0056,1.0260,3.4180,1.5869,-0.2441
-0.0114,0.0135,1.0210,2.0142,3.5400,-0.2441
-0.0116,0.0059,1.0229,6.7139,3.1738,-0.9766
-0.0165,0.0111,1.0280,5.4932,3.4180,-0.1221
-0.0129,0.0104,1.0215,6.8359,2.2583,-0.3662
-0.0120,0.0035,1.0240,7.3242,2.5635,-0.6714
-0.0125,0.0072,1.0238,4.8828,2.1973,0.0610
-0.0117,0.0095,1.0223,4.5166,2.0142,0.0610
-0.0160,0.0129,1.0247,6.9580,2.9907,-0.7935
-0.0111,0.0054,1.0221,6.2866,2.0142,-0.6714
-0.0146,0.0131,1.0243,4.2114,2.3193,-0.6714
-0.0111,0.0094,1.0186,5.5542,2.5635,-0.3662
-0.0170,0.0070,1.0284,6.8970,1.2207,-0.0610
-0.0132,0.0054,1.0201,5.2490,2.4414,-0.4883
-0.0132,0.0114,1.0199,5.3711,2.1362,-0.6104
-0.0146,0.0043,1.0234,4.9438,1.5869,-0.4883
-0.0178,0.0133,1.0244,4.2114,1.7700,-0.6104
-0.0143,0.0115,1.0220,7.1411,2.6855,-0.5493
-0.0162,0.0085,1.0226,5.9204,2.8687,-0.7324
-0.0153,0.0084,1.0216,4.8218,2.6245,-0.7935
-0.0160,0.0126,1.0210,6.4697,2.6245,-1.1597
-0.0184,0.0099,1.0234,8.1177,2.5024,-0.7324
-0.0137,0.0104,1.0199,6.4697,3.1738,-0.6104
-0.0049,-0.0144,1.0157,-0.7935,2.4414,-2.6245
-0.0123,0.0117,1.0198,4.6387,2.7466,-0.9155
-0.0153,0.0060,1.0217,9.1553,2.8687,-1.1597
-0.0157,0.0070,1.0225,6.5308,2.8687,-0.6104
-0.0116,0.0062,1.0187,2.8076,2.4414,-0.9155
-0.0168,0.0059,1.0238,5.9204,3.1738,-0.7324
-0.0192,0.0173,1.0317,3.2349,2.3804,-0.4883
-0.0200,0.0193,1.0322,3.1738,1.4038,-0.0610
-0.0173,0.0142,1.0222,5.4321,2.3804,-0.5493
-0.0159,0.0085,1.0267,4.8218,2.6245,-0.9766
-0.0151,0.0167,1.0172,3.2349,2.3193,0.1831
-0.0154,0.0177,1.0208,5.1880,2.5635,0.0000
-0.0167,0.0184,1.0242,3.6621,1.6479,-0.1221
-0.0146,0.0177,1.0155,6.5918,4.5166,-0.9155
-0.0133,0.0114,1.0204,7.5684,3.2959,-0.7324
-0.0199,0.0150,1.0271,5.1880,1.9531,-0.3052
-0.0151,0.0171,1.0219,4.0283,2.8076,-0.3052
-0.0162,0.0176,1.0215,3.8452,2.1973,-0.3052
-0.0166,0.0198,1.0189,4.6387,1.4038,-0.4272
-0.0166,0.0159,1.0239,5.7373,2.4414,-0.1831
-0.0181,0.0229,1.0215,3.6621,2.6245,-0.2441
-0.0160,0.0200,1.0217,6.0425,2.6855,-0.7324
-0.0186,0.0204,1.0219,4.9438,2.5635,-0.1221
-0.0164,0.0194,1.0208,4.6387,2.7466,-1.0376
-0.0170,0.0219,1.0216,6.1035,2.7466,-0.9155
-0.0181,0.0214,1.0217,4.8218,2.6855,-0.2441
-0.0179,0.0217,1.0199,6.3477,2.8076,-0.4272
-0.0184,0.0201,1.0219,6.2256,2.6855,-0.9766
-0.0176,0.0253,1.0225,2.5024,2.6855,-0.3052
-0.0170,0.0264,1.0194,4.6997,2.9297,-0.9766
-0.0186,0.0242,1.0216,6.5918,2.9907,-0.4883
-0.0164,0.0183,1.0203,7.9956,2.7466,-0.6714
-0.0176,0.0208,1.0237,4.6387,2.7466,-0.7324
-0.0179,0.0239,1.0219,4.7607,3.0518,-1.3428
-0.0173,0.0253,1.0210,6.4087,2.6855,-0.4883
FIN_VENTANA
INICIO_VENTANA reposo
-0.0146,0.0143,1.0228,4.0283,1.8311,-0.0610
-0.0118,0.0134,1.0222,6.5308,3.9062,-1.4648
-0.0142,0.0161,1.0200,4.9438,2.6245,0.0610
-0.0159,0.0231,1.0227,4.0283,2.6245,-0.3052
-0.0109,0.0188,1.0178,4.8218,2.9297,-0.4272
-0.0157,0.0237,1.0250,3.7231,2.1973,-0.2441
-0.0115,0.0206,1.0167,5.2490,2.8687,0.0000
-0.0197,0.0256,1.0286,4.6997,2.0752,0.1831
-0.0121,0.0200,1.0189,4.0283,2.8687,-0.6714
-0.0137,0.0233,1.0145,3.6011,2.4414,0.0000
-0.0194,0.0261,1.0204,5.1270,2.3193,-0.3662
-0.0142,0.0211,1.0164,5.7373,2.7466,-0.4883
-0.0208,0.0292,1.0270,4.6997,2.3804,-0.1831
-0.0148,0.0264,1.0217,5.2490,2.9907,-0.7324
-0.0137,0.0287,1.0144,4.7607,2.8076,-0.7935
-0.0166,0.0251,1.0234,6.8359,2.8076,-0.9155
-0.0151,0.0273,1.0220,6.0425,2.0752,-0.5493
-0.0155,0.0215,1.0197,5.1880,3.2349,-0.9766
-0.0129,0.0234,1.0183,4.1504,2.1973,-0.4272
-0.0166,0.0273,1.0197,5.2490,2.7466,-0.4272
-0.0199,0.0319,1.0239,4.3945,2.1973,-0.5493
-0.0127,0.0289,1.0170,4.0894,2.9297,-0.8545
-0.0157,0.0314,1.0145,3.3569,2.9907,-0.6104
-0.0173,0.0319,1.0229,7.8735,3.2349,-0.9155
-0.0144,0.0282,1.0153,6.2256,2.1973,-0.3052
-0.0192,0.0365,1.0198,6.4087,2.6855,-0.6104
-0.0171,0.0194,1.0251,4.9438,2.7466,-0.7935
-0.0171,0.0286,1.0249,5.7373,2.9907,-0.7935
-0.0193,0.0372,1.0214,4.0283,2.6855,0.1831
-0.0172,0.0328,1.0215,5.6152,3.8452,-0.6714
-0.0179,0.0348,1.0199,4.5776,3.1128,-0.4883
-0.0156,0.0271,1.0205,6.2866,4.3945,-0.8545
-0.0198,0.0321,1.0295,7.5684,2.9297,-0.4272
-0.0121,0.0308,1.0138,5.9204,2.6855,-0.6104
-0.0173,0.0273,1.0276,6.1646,2.9297,-0.6714
-0.0125,0.0283,1.0223,5.9204,1.7700,0.1221
-0.0161,0.0306,1.0215,7.2021,1.8921,0.0000
-0.0159,0.0277,1.0221,6.3477,2.1973,-0.6714
-0.0172,0.0288,1.0222,5.6763,1.9531,-0.6104
-0.0193,0.0266,1.0270,4.2725,2.0142,-0.6104
-0.0154,0.0273,1.0201,6.2256,2.8687,-0.8545
-0.0179,0.0319,1.0206,5.4932,2.5024,-0.3662
-0.0162,0.0283,1.0188,5.2490,2.6245,-0.4883
-0.0166,0.0287,1.0225,7.0190,2.8076,-0.8545
-0.0160,0.0330,1.0211,4.7607,2.6855,-0.7324
-0.0171,0.0291,1.0205,6.2256,2.8076,-0.9766
-0.0175,0.0287,1.0209,7.5073,2.7466,-0.7324
-0.0179,0.0300,1.0217,5.9204,2.8687,-0.9155
-0.0178,0.0281,1.0205,6.1646,2.9297,-0.7935
-0.0167,0.0294,1.0197,7.6904,2.9907,-0.9766
-0.0183,0.0267,1.0217,9.7046,3.6011,-0.9155
-0.0127,0.0148,1.0183,5.9814,3.7842,-0.7935
-0.0175,0.0291,1.0165,1.7700,1.8311,-0.2441
-0.0140,0.0260,1.0194,8.1787,3.9673,-0.9155
-0.0166,0.0238,1.0295,8.4839,2.3193,-0.2441
-0.0082,0.0155,1.0131,6.8359,4.2114,-1.7700
-0.0206,0.0259,1.0220,8.1177,2.6245,-0.4883
-0.0133,0.0168,1.0244,10.0708,3.8452,-0.8545
-0.0216,0.0203,1.0256,4.6997,1.9531,0.0000
-0.0132,0.0190,1.0172,3.7231,3.3569,-0.7324
-0.0195,0.0269,1.0237,0.3662,0.9766,-0.4883
-0.0170,0.0299,1.0190,3.7842,2.8076,-0.4883
-0.0133,0.0247,1.0197,6.2256,3.2959,-0.3662
-0.0142,0.0266,1.0173,5.1880,1.8311,-0.4883
-0.0164,0.0204,1.0253,4.3945,3.0518,-0.6714
-0.0193,0.0369,1.0186,0.7324,2.2583,0.4272
-0.0159,0.0309,1.0201,5.5542,2.8076,-0.9155
-0.0186,0.0303,1.0220,5.9814,2.4414,-0.4883
-0.0165,0.0258,1.0225,4.8218,2.5635,-0.3662
-0.0179,0.0355,1.0201,6.1035,2.8687,-1.4648
-0.0177,0.0316,1.0178,6.1035,2.6245,-0.4883
-0.0187,0.0303,1.0269,5.8594,2.6855,-0.5493
-0.0165,0.0277,1.0199,7.3242,2.8687,-0.9766
-0.0173,0.0291,1.0182,5.8594,2.7466,-0.2441
-0.0168,0.0282,1.0204,5.9204,2.8687,-0.4883
-0.0165,0.0331,1.0193,5.4932,2.8687,-0.7324
-0.0171,0.0276,1.0220,5.7983,2.8076,-0.9155
-0.0190,0.0281,1.0210,3.3569,2.7466,-0.2441
-0.0187,0.0361,1.0200,4.3335,2.9297,-0.4272
-0.0166,0.0297,1.0225,5.1270,2.6855,-1.0376
-0.0182,0.0348,1.0192,4.3945,2.7466,-0.8545
-0.0187,0.0353,1.0223,5.1880,2.6855,-0.4883
-0.0159,0.0293,1.0203,7.1411,2.7466,-0.3662
-0.0181,0.0336,1.0215,7.3853,2.7466,-0.7935
-0.0162,0.0333,1.0210,5.5542,2.8687,-0.7935
-0.0145,0.0304,1.0215,6.2866,2.6855,0.0000
-0.0184,0.0280,1.0205,5.4321,2.9907,-0.3052
-0.0183,0.0353,1.0183,4.8218,2.7466,-0.7324
-0.0165,0.0294,1.0208,5.7373,2.5635,-0.6714
-0.0187,0.0376,1.0175,5.5542,2.9907,-0.8545
-0.0156,0.0304,1.0209,7.2632,2.6245,-0.1221
-0.0166,0.0288,1.0200,6.4697,2.9297,-0.7324
-0.0153,0.0326,1.0205,5.3711,2.9297,-0.8545
-0.0142,0.0308,1.0195,5.8594,2.5024,-0.6104
-0.0204,0.0300,1.0178,7.5073,2.7466,-0.6104
-0.0154,0.0216,1.0203,5.7373,3.2349,-0.6714
-0.0189,0.0336,1.0198,3.1738,2.6245,-0.1831
-0.0176,0.0311,1.0186,5.3101,3.0518,-0.1221
-0.0168,0.0314,1.0199,3.9062,2.3193,-0.2441
-0.0165,0.0341,1.0204,5.3711,2.5024,-0.6104
FIN_VENTANA
INICIO_VENTANA reposo
-0.0161,0.0293,1.0217,5.6152,1.7700,-0.5493
-0.0125,0.0236,1.0201,7.3853,2.8687,-1.2207
-0.0181,0.0249,1.0247,5.3711,2.0142,-0.6104
-0.0139,0.0240,1.0192,4.8828,2.7466,-1.2817
-0.0181,0.0302,1.0219,5.0049,2.3804,-1.6479
-0.0159,0.0240,1.0201,5.9204,2.3193,-0.8545
-0.0168,0.0281,1.0232,5.6763,2.1362,-0.7935
-0.0126,0.0209,1.0159,7.3242,3.1738,-1.1597
-0.0170,0.0271,1.0240,4.8828,3.1128,-0.3052
-0.0161,0.0278,1.0212,3.7231,2.5024,-0.1831
-0.0145,0.0291,1.0199,5.7373,3.1738,-0.1831
-0.0149,0.0269,1.0188,5.4932,2.4414,-0.1831
-0.0178,0.0284,1.0239,5.4321,2.3804,-0.4272
-0.0131,0.0295,1.0167,5.3101,2.9907,-0.7935
-0.0181,0.0289,1.0250,4.6997,1.7700,-0.3662
-0.0159,0.0300,1.0216,5.5542,3.1128,-0.7324
-0.0162,0.0298,1.0190,4.0894,1.9531,0.0610
-0.0176,0.0277,1.0205,5.1880,2.4414,-0.5493
-0.0161,0.0270,1.0227,3.9673,2.7466,-0.3662
-0.0162,0.0348,1.0175,5.3101,2.8076,-0.3052
-0.0132,0.0297,1.0173,5.7983,3.2959,-0.7324
-0.0162,0.0347,1.0176,4.0894,2.7466,-0.4883
-0.0159,0.0283,1.0239,4.8828,2.8076,-0.7935
-0.0164,0.0371,1.0162,3.7231,2.6855,-0.1831
-0.0162,0.0360,1.0200,5.1270,3.2349,-0.1831
-0.0173,0.0314,1.0219,4.8828,2.8076,-0.7935
-0.0164,0.0396,1.0200,4.1504,2.4414,-0.4883
-0.0142,0.0344,1.0166,4.9438,2.9297,-0.2441
-0.0208,0.0383,1.0226,3.2959,2.2583,0.0000
-0.0149,0.0344,1.0177,2.1973,2.3804,-0.1831
-0.0159,0.0370,1.0208,4.7607,2.8687,-0.4883
-0.0179,0.0397,1.0223,3.0518,2.6245,0.5493
-0.0164,0.0638,1.0259,-1.7090,3.2349,-0.1221
-0.0265,0.0625,1.0293,-6.5308,2.8076,1.6479
-0.0039,0.0787,1.0077,-17.2729,6.1646,1.1597
-0.0181,0.1127,1.0039,-19.9585,3.1128,2.2583
0.0007,0.0984,1.0016,-16.2964,4.6387,1.7700
-0.0132,0.0981,1.0126,-2.5024,2.6855,-0.0610
-0.0209,0.1161,1.0127,-5.4932,2.3193,1.0986
-0.0177,0.1154,1.0096,1.4038,2.7466,0.3052
-0.0172,0.1119,1.0114,6.4697,2.8687,-0.4883
-0.0167,0.1128,1.0083,3.9673,2.5635,-0.7324
-0.0161,0.1090,1.0129,1.7700,2.2583,-1.0986
-0.0201,0.1188,1.0125,1.8311,2.4414,-0.9766
-0.0178,0.1160,1.0100,6.4087,2.5635,-0.9766
-0.0187,0.1121,1.0133,6.5308,2.5635,-1.2207
-0.0166,0.1171,1.0105,4.3945,2.6245,-0.6104
-0.0186,0.1213,1.0105,5.0049,2.7466,-0.5493
-0.0182,0.1210,1.0085,9.0332,2.6855,-1.3428
-0.0186,0.1008,1.0153,10.6201,2.6855,-2.0142
-0.0203,0.1165,1.0135,5.7373,2.6855,-0.7324
-0.0183,0.1161,1.0090,5.3101,2.8076,-0.7324
-0.0178,0.1102,1.0120,8.4839,2.8076,-1.1597
-0.0164,0.1107,1.0115,5.6152,2.6245,-1.2207
-0.0184,0.1150,1.0106,5.9204,2.6245,-1.0986
-0.0162,0.1055,1.0142,6.8359,2.6855,-0.8545
-0.0178,0.1132,1.0087,5.7983,2.6245,-0.4883
-0.0178,0.1123,1.0134,8.6060,2.5024,-1.0986
-0.0175,0.1008,1.0116,9.2163,2.6245,-0.6104
-0.0189,0.1061,1.0128,5.5542,1.2817,-0.4883
-0.0183,0.1057,1.0118,4.0894,2.9297,-2.0752
-0.0160,0.1047,1.0137,1.4648,1.0376,-1.4648
-0.0171,0.1106,1.0111,4.0283,2.9297,-0.8545
-0.0189,0.1095,1.0125,4.8828,3.2349,-0.7935
-0.0179,0.1107,1.0092,6.6528,3.2959,-1.0376
-0.0206,0.1101,1.0149,6.1035,2.7466,-1.0986
-0.0167,0.1127,1.0093,4.9438,3.0518,-0.7324
-0.0195,0.1110,1.0129,5.4932,2.1362,-0.3662
-0.0199,0.1134,1.0098,5.2490,2.1973,-0.5493
-0.0162,0.1084,1.0112,4.8828,3.3569,-1.0376
-0.0181,0.1227,1.0126,2.4414,2.6855,-0.9155
-0.0167,0.1122,1.0065,7.2632,4.7607,-1.6479
-0.0214,0.1147,1.0164,6.0425,2.6245,-0.6714
-0.0164,0.1085,1.0112,4.8218,2.8687,-0.6104
-0.0186,0.1161,1.0111,2.0142,2.7466,-0.4883
-0.0159,0.1213,1.0085,0.1221,2.6855,-0.4883
-0.0186,0.1198,1.0084,1.1597,1.8311,-0.3052
-0.0232,0.1237,1.0131,4.1504,3.4180,-1.2817
-0.0212,0.1244,1.0087,6.4087,2.0752,-0.6714
-0.0173,0.1202,1.0103,5.9814,2.6855,-0.7935
-0.0194,0.1256,1.0115,2.8076,1.5259,-0.4272
-0.0153,0.1246,1.0133,4.9438,2.9297,-1.6479
-0.0215,0.1263,1.0084,7.9956,5.2490,-0.9766
-0.0231,0.1267,1.0123,6.3477,2.9297,0.6104
-0.0178,0.1182,1.0087,5.7373,2.8687,-0.4883
-0.0179,0.1250,1.0093,4.5166,2.5024,-0.0610
-0.0179,0.1212,1.0104,5.9814,2.8687,-1.0376
-0.0181,0.1237,1.0098,4.4556,2.7466,-0.3052
-0.0170,0.1171,1.0127,3.1128,2.7466,0.3052
-0.0184,0.1305,1.0065,4.8828,2.1973,-0.3662
-0.0201,0.1250,1.0114,7.9346,2.7466,-0.9766
-0.0189,0.1241,1.0093,8.5449,2.8076,-0.7324
-0.0181,0.1237,1.0104,7.6904,3.6621,-1.0376
-0.0184,0.1212,1.0115,7.4463,2.8687,-0.4883
-0.0176,0.1204,1.0095,8.6060,2.6245,-0.6104
-0.0181,0.1217,1.0090,10.5591,2.6245,-1.2207
-0.0176,0.1143,1.0099,10.0708,2.9297,-0.9766
-0.0178,0.1101,1.0138,8.2397,3.1128,-1.4038
-0.0178,0.1152,1.0128,7.0190,2.7466,-1.0986
-0.0173,0.1127,1.0117,6.7139,2.4414,-0.9155
FIN_VENTANA
INICIO_VENTANA reposo
-0.0200,0.1367,1.0062,7.2632,2.7466,-0.3662
-0.0165,0.1438,1.0034,5.2490,2.6855,-0.1831
-0.0153,0.1360,1.0011,4.8218,0.9766,-0.3052
-0.0199,0.1342,1.0078,5.0049,0.6104,-0.6714
-0.0248,0.1423,1.0043,4.8828,0.5493,-0.1221
-0.0199,0.1372,1.0072,1.9531,1.9531,-1.2207
-0.0223,0.1418,1.0077,6.2866,3.4180,-0.9155
-0.0221,0.1432,1.0065,4.4556,3.2959,-0.4272
-0.0228,0.1445,1.0135,4.1504,3.2959,-0.8545
-0.0216,0.1473,1.0084,3.7842,3.8452,-0.9766
-0.0177,0.1445,1.0046,4.4556,3.0518,-0.7324
-0.0254,0.1544,1.0081,4.8218,2.0142,0.0610
-0.0181,0.1438,1.0050,8.9722,3.7231,-0.5493
-0.0249,0.1458,1.0089,8.0566,1.5259,0.0610
-0.0178,0.1417,1.0032,8.1787,3.2959,-1.0376
-0.0267,0.1577,1.0054,7.0801,2.6855,-0.8545
-0.0210,0.1494,1.0061,5.9204,3.2959,-1.2817
-0.0220,0.1428,1.0083,8.0566,3.8452,-1.1597
-0.0181,0.1384,1.0082,4.0894,3.6621,-1.0986
-0.0199,0.1451,1.0055,2.0142,3.8452,-1.5259
-0.0173,0.1458,1.0065,2.5024,4.0283,-1.4038
-0.0173,0.1506,1.0057,2.3193,3.6621,-1.1597
-0.0165,0.1683,0.9979,-1.0986,3.5400,0.6104
-0.0197,0.1519,1.0029,2.5635,3.3569,-0.7324
-0.0188,0.1536,1.0046,3.3569,2.6855,0.2441
-0.0192,0.1578,1.0040,2.4414,2.6855,0.6714
-0.0178,0.1565,1.0054,0.6104,2.5024,0.9155
-0.0146,0.1641,0.9968,-2.0142,0.0610,1.4648
-0.0233,0.1664,1.0096,-0.3662,1.2817,0.4883
-0.0162,0.1685,0.9918,1.7090,1.5259,0.1831
-0.0205,0.1682,1.0020,2.1973,2.0752,-0.3052
-0.0178,0.1696,0.9960,3.2959,3.2959,-0.4883
-0.0073,0.1764,1.0027,0.6104,2.6245,-0.1831
-0.0214,0.1790,1.0009,2.0142,3.4790,-0.4272
-0.0170,0.1750,0.9990,5.6763,4.0283,0.2441
-0.0217,0.1766,1.0006,10.3149,1.7090,1.5259
-0.0338,0.1951,0.9946,5.6763,1.4038,1.2207
-0.0228,0.2142,0.9904,12.3291,2.6245,-2.1973
-0.0223,0.1942,0.9978,5.9204,2.8076,-1.1597
-0.0206,0.1575,1.0037,-8.8501,2.3804,-2.1362
-0.0211,0.1882,1.0005,-10.0098,2.5024,-1.5869
-0.0236,0.2151,0.9913,-9.1553,2.5635,-1.3428
-0.0217,0.2175,0.9905,-0.7324,2.7466,-1.2207
-0.0215,0.2173,0.9928,10.5591,2.7466,-0.6714
-0.0188,0.1918,1.0293,14.5874,3.0518,0.1221
-0.0280,0.2009,0.9950,8.4229,3.3569,0.9766
-0.0194,0.1915,1.0002,8.7280,2.6855,-0.7324
-0.0223,0.2046,0.9948,2.6245,2.9907,0.1221
-0.0258,0.2026,0.9954,0.9155,2.6855,-0.3662
-0.0212,0.2025,0.9965,-0.7324,2.9907,-0.4272
-0.0242,0.2137,0.9905,-1.4038,2.8687,-0.1221
-0.0294,0.2156,0.9928,2.1973,2.8687,-0.5493
-0.0302,0.2235,0.9895,5.3101,3.1128,0.0000
-0.0210,0.2104,0.9928,11.2305,2.7466,-0.3052
-0.0233,0.2068,0.9963,10.1929,2.8076,0.0610
-0.0236,0.2090,0.9933,8.3618,2.7466,-0.1221
-0.0216,0.2051,0.9973,6.2256,2.6245,-0.3052
-0.0233,0.2106,0.9963,2.3193,2.9907,-0.0610
-0.0236,0.2136,0.9932,4.9438,2.6855,-0.4883
-0.0229,0.2108,0.9965,5.1880,2.7466,-0.9155
-0.0244,0.2195,0.9913,3.3569,2.5635,-0.9766
-0.0210,0.2115,0.9923,7.1411,2.5024,-2.0142
-0.0226,0.2124,0.9934,7.8735,2.5635,-1.8311
-0.0236,0.2174,0.9946,8.7891,2.7466,-0.7324
-0.0233,0.2119,0.9945,12.5122,2.8076,-0.6104
-0.0220,0.1987,0.9946,11.5967,2.8076,-0.3662
-0.0222,0.2041,0.9971,6.8970,2.8076,-0.3662
-0.0203,0.1958,0.9880,6.1035,2.6245,-0.2441
-0.0276,0.2023,1.0002,11.8408,2.8076,-1.0376
-0.0232,0.2067,0.9969,5.4932,2.8076,-0.1221
-0.0223,0.1992,0.9969,6.8970,2.7466,-0.3662
-0.0219,0.2039,1.0004,5.5542,2.8076,-0.8545
-0.0211,0.2004,0.9988,3.1738,2.5635,-1.2207
-0.0208,0.2047,0.9991,7.3242,2.6245,-1.0986
-0.0254,0.2043,0.9958,7.6294,2.9297,-0.3662
-0.0226,0.1947,0.9980,12.1460,5.4321,-1.3428
-0.0143,0.1831,0.9761,12.6953,3.6621,0.1221
0.0164,0.0391,1.0211,19.1040,7.8125,-9.3994
-0.0494,0.2211,1.0010,-0.9155,-3.0518,0.8545
-0.0150,0.1831,1.0044,6.2256,4.3335,-1.6479
-0.0176,0.1967,0.9995,-0.1221,3.4790,-2.4414
-0.0363,0.2178,1.0149,6.8359,2.2583,0.3662
-0.0159,0.1914,0.9884,5.9204,2.3193,-0.6714
-0.0198,0.1954,0.9956,4.8828,1.9531,-0.2441
-0.0187,0.1989,1.0006,5.3711,4.5776,-1.8311
-0.0162,0.1993,0.9968,-1.8311,0.9155,-0.5493
-0.0260,0.2000,1.0006,1.2207,1.0376,-0.9766
-0.0157,0.2024,0.9924,-1.3428,1.8311,-0.4272
-0.0254,0.2136,0.9941,2.9297,0.4272,0.8545
-0.0120,0.2032,0.9994,5.3711,1.8921,1.3428
-0.0249,0.2090,0.9939,4.6997,3.2959,2.0142
-0.0204,0.2122,0.9919,4.6387,3.1128,0.6104
-0.0317,0.2167,0.9962,3.1128,3.1738,0.7935
-0.0245,0.2170,0.9905,7.2021,2.5024,-1.2207
0.0002,0.1917,0.9996,0.9766,2.7466,-0.4272
-0.0121,0.2197,0.9880,1.1597,3.4180,2.5024
-0.0211,0.2289,0.9917,7.5684,3.2959,1.2207
-0.0228,0.2207,0.9874,6.4087,2.9907,0.0000
-0.0295,0.2187,0.9901,12.3901,2.9297,0.0000
-0.0208,0.2072,0.9978,13.1226,2.7466,-0.3052
FIN_VENTANA
INICIO_VENTANA reposo
-0.0223,0.2002,0.9965,6.3477,1.3428,-15.6250
-0.0184,0.1996,0.9915,4.2114,2.7466,-0.5493
-0.0266,0.2115,0.9977,4.0283,1.7700,0.1831
-0.0210,0.2075,0.9939,8.4229,4.3335,-1.0986
-0.0195,0.2000,0.9933,9.2773,3.9062,-0.8545
-0.0222,0.2001,0.9985,6.5918,3.0518,0.1221
-0.0177,0.1984,1.0001,5.7983,3.7842,-1.2817
-0.0217,0.2040,0.9963,3.1738,2.0752,-0.3052
-0.0223,0.2064,0.9967,5.7373,3.4180,-0.9766
-0.0166,0.1987,0.9977,8.3008,3.7842,-1.0376
-0.0208,0.2018,0.9967,6.2866,3.1128,-0.2441
-0.0201,0.2014,0.9979,8.3618,3.4790,-0.9766
-0.0203,0.1982,0.9983,7.9346,2.8687,-0.4883
-0.0198,0.1980,0.9988,7.8735,2.8687,-0.7935
-0.0175,0.1956,0.9973,7.8735,2.8687,-0.6714
-0.0205,0.2001,0.9973,5.4321,2.6855,-0.3052
-0.0183,0.1985,0.9978,5.9814,2.9907,-1.3428
-0.0178,0.1941,0.9966,5.9204,2.8076,-0.8545
-0.0201,0.1969,1.0004,5.5542,2.8076,-1.1597
-0.0184,0.1952,1.0000,2.6855,2.5635,-0.7935
-0.0186,0.2034,0.9955,3.8452,2.7466,-1.2207
-0.0175,0.1984,0.9974,3.6011,2.8076,-0.8545
-0.0195,0.2028,0.9961,3.1128,2.3193,-1.1597
-0.0283,0.2065,0.9963,5.3711,2.7466,-1.2817
-0.0129,0.2003,0.9976,9.7046,2.8076,-0.6714
-0.0167,0.2019,0.9972,7.4463,2.6245,-0.1221
-0.0198,0.2009,0.9969,7.9956,2.5635,-0.4883
-0.0194,0.1960,0.9983,4.1504,2.3804,-0.4883
-0.0183,0.2135,0.9916,3.8452,3.2349,1.5869
-0.0118,0.1946,0.9963,8.5449,3.7231,0.7324
-0.0200,0.1995,0.9967,8.3008,3.2349,0.3052
-0.0173,0.2020,0.9933,9.1553,3.1128,-0.7935
-0.0195,0.1976,0.9999,11.9629,3.1738,-0.4883
-0.0183,0.1830,1.0026,10.3760,2.9297,-0.2441
-0.0338,0.2037,0.9869,7.3242,2.7466,-0.1831
-0.0021,0.1783,1.0028,8.3008,2.9907,-1.2207
-0.0164,0.1857,0.9968,10.7422,3.6011,-1.4648
-0.0192,0.1796,1.0082,10.3760,3.5400,-1.1597
-0.0128,0.1808,1.0001,5.1880,2.9907,-0.1831
-0.0165,0.1847,1.0006,6.5308,3.6621,-1.0376
-0.0153,0.1836,0.9994,7.7515,3.9062,-0.9155
-0.0098,0.1760,0.9980,9.2773,4.6387,-1.2817
-0.0160,0.1779,1.0027,7.8125,2.5024,-0.4883
-0.0160,0.1790,1.0006,5.7373,2.3804,-0.6104
-0.0122,0.1793,1.0004,5.4932,3.6621,-1.5869
-0.0125,0.1796,1.0010,3.8452,2.3804,-0.5493
-0.0172,0.1875,1.0006,3.2959,0.6104,0.3662
-0.0204,0.1855,1.0005,6.0425,0.9766,0.3052
-0.0095,0.1698,0.9973,6.9580,3.4180,-0.7935
-0.0156,0.1833,1.0002,6.1035,2.0142,0.4883
-0.0193,0.1707,1.0042,3.2959,2.1362,0.9155
-0.0162,0.1873,1.0001,-1.2207,2.7466,0.7935
-0.0162,0.1886,0.9976,4.6997,2.5635,0.1221
-0.0209,0.1986,0.9960,9.7046,3.1738,-0.9155
-0.0067,0.2048,0.9785,6.4087,3.0518,-0.5493
-0.0134,0.1754,1.0004,10.5591,3.1128,-1.8921
-0.0258,0.1555,1.0017,11.1084,2.2583,-0.3662
-0.0166,0.1862,0.9995,4.9438,1.8921,1.5869
-0.0953,0.2833,1.0995,2.8687,-2.8076,5.3711
-0.0236,0.0972,1.0302,18.6768,-2.2583,1.8921
0.0092,0.1962,0.9197,14.1602,12.0239,-4.3945
-0.0203,0.1733,0.9905,4.8218,1.0376,1.7700
-0.0055,0.1504,0.9723,3.4790,3.1738,-1.2207
-0.0247,0.1862,0.9972,8.6060,3.0518,-0.3662
-0.0167,0.1686,1.0022,4.9438,2.5635,-1.1597
-0.0292,0.1803,0.9960,7.2632,2.7466,-0.5493
-0.0232,0.1713,1.0015,14.2212,2.5024,-1.9531
-0.0189,0.1492,1.0023,10.5591,2.3193,-1.6479
-0.0240,0.1669,1.0032,6.8359,3.2959,-0.7935
-0.0198,0.1680,1.0012,5.0659,3.5400,-1.0986
-0.0249,0.1718,1.0004,4.5166,1.4038,0.0610
-0.0228,0.1720,1.0049,7.2021,4.2114,-1.5259
-0.0209,0.1686,1.0007,3.7842,1.7700,-0.4883
-0.0227,0.1699,1.0009,8.9722,3.9062,-0.9155
-0.0210,0.1681,1.0006,4.0283,0.7935,0.4272
-0.0249,0.1761,1.0005,4.1504,2.7466,-0.6104
-0.0236,0.1761,1.0037,3.1128,2.9297,-0.3052
-0.0254,0.1768,1.0011,6.4697,2.9907,-0.6714
-0.0200,0.1655,1.0007,8.0566,4.5776,-1.5869
-0.0214,0.1759,1.0006,5.9204,3.8452,-1.2207
-0.0203,0.1694,1.0006,7.2021,2.8687,-0.8545
-0.0203,0.1703,1.0007,7.1411,3.3569,-0.5493
-0.0222,0.1686,1.0013,5.7983,1.7090,-0.3662
-0.0204,0.1694,1.0007,7.5073,3.6011,-1.4038
-0.0203,0.1660,1.0044,7.2632,2.6855,-0.9766
-0.0216,0.1714,1.0033,4.6387,1.9531,0.0000
-0.0212,0.1692,1.0010,5.1880,2.9907,-1.1597
-0.0229,0.1713,1.0016,5.0049,2.9907,-0.4272
-0.0212,0.1725,1.0015,6.7749,3.2959,-1.2207
-0.0166,0.1647,1.0007,7.2021,3.8452,-0.8545
-0.0204,0.1664,1.0048,8.0566,2.7466,-0.3052
-0.0181,0.1622,1.0023,5.9204,3.1128,-0.4883
-0.0205,0.1677,1.0017,3.9673,2.8687,-0.6714
-0.0176,0.1752,1.0006,5.9204,3.2349,-0.2441
-0.0189,0.1652,1.0027,7.8735,3.1128,-0.7324
-0.0197,0.1665,1.0011,8.4229,2.8076,-0.6714
-0.0186,0.1653,1.0011,5.1270,2.6245,0.0610
-0.0178,0.1610,1.0022,5.3101,2.8076,-0.3052
-0.0193,0.1696,1.0007,6.1035,2.8076,-0.7935
-0.0175,0.1617,1.0013,7.6294,2.8076,-0.4883
FIN_VENTANA
INICIO_VENTANA reposo
-0.0172,0.1462,1.0027,11.5967,3.6621,-0.1221
-0.0187,0.1497,1.0083,10.3760,3.4790,0.4272
-0.0143,0.1396,1.0054,9.4604,3.3569,-0.3662
-0.0217,0.1461,1.0143,6.6528,2.0142,-0.3662
-0.0160,0.1399,1.0096,2.3193,1.4038,-0.3052
-0.0192,0.1471,1.0062,5.8594,2.6245,-1.0986
-0.0215,0.1517,1.0059,4.3335,2.0752,0.0000
-0.0148,0.1394,1.0063,7.6294,3.6621,-0.4883
-0.0189,0.1498,1.0076,1.4648,2.8687,0.4272
-0.0178,0.1565,1.0029,2.5635,2.8076,-0.0610
-0.0137,0.1493,1.0038,6.9580,3.1738,-0.8545
-0.0165,0.1500,1.0051,6.4087,2.3804,-0.2441
-0.0168,0.1520,1.0040,6.0425,2.8076,-0.7324
-0.0143,0.1381,1.0032,8.0566,2.5635,-1.2207
-0.0206,0.1543,1.0099,5.4932,2.5024,-0.1831
-0.0221,0.1642,1.0059,2.0752,2.0142,0.1831
-0.0201,0.1447,1.0068,5.9204,2.6855,-1.1597
-0.0187,0.1503,1.0070,3.6011,2.5024,-0.5493
-0.0167,0.1511,1.0023,1.7700,2.3193,-0.4272
-0.0161,0.1490,1.0034,5.0049,2.6855,-0.9155
-0.0188,0.1581,1.0013,6.1035,2.9297,-0.7324
-0.0172,0.1483,1.0077,7.4463,2.8076,-0.5493
-0.0181,0.1565,1.0006,8.3008,2.9297,-1.0376
-0.0188,0.1490,1.0070,8.5449,2.6855,-1.2207
-0.0149,0.1416,1.0042,6.7749,2.8687,-0.3662
-0.0173,0.1520,1.0057,5.7373,2.6855,-0.0610
-0.0157,0.1437,1.0039,5.7373,2.6245,-0.4272
-0.0181,0.1501,1.0066,8.1787,3.0518,-1.3428
-0.0170,0.1444,1.0060,6.4697,2.9297,-0.6104
-0.0166,0.1447,1.0079,6.4087,3.1738,-0.6104
-0.0168,0.1451,1.0055,5.3711,2.9907,-0.7324
-0.0156,0.1415,1.0021,5.5542,3.2959,-0.4883
-0.0199,0.1487,1.0128,7.4463,2.6855,-0.3662
-0.0177,0.1483,1.0073,5.4932,2.3193,-0.2441
-0.0162,0.1444,1.0090,5.6152,2.6245,-0.5493
-0.0204,0.1537,1.0067,4.3335,2.7466,-0.3662
-0.0140,0.1382,1.0055,4.9438,3.4790,-1.2817
-0.0203,0.1500,1.0115,4.2114,3.3569,-1.0376
-0.0138,0.1469,1.0045,4.2725,3.2349,-0.8545
-0.0165,0.1514,1.0050,7.2632,4.1504,-1.0376
-0.0177,0.1488,1.0077,9.9487,3.4180,-1.2817
-0.0148,0.1433,1.0072,10.0708,4.1504,-1.4038
-0.0156,0.1516,1.0049,9.7656,3.3569,-0.7324
-0.0168,0.1368,1.0161,5.1880,2.7466,-0.7324
-0.0112,0.1401,1.0032,-0.7935,2.4414,-0.9766
-0.0195,0.1516,1.0040,-0.3052,3.5400,-1.8921
-0.0074,0.1490,1.0028,3.0518,2.1973,-1.4038
-0.0145,0.1544,1.0101,4.8218,2.6245,-0.7324
-0.0088,0.1523,1.0001,9.1553,4.2114,-0.7324
-0.0131,0.1434,1.0070,8.6060,2.8076,0.0000
-0.0117,0.1477,1.0031,10.2539,2.8076,-0.2441
-0.0131,0.1403,1.0095,10.7422,3.7231,-0.4883
-0.0093,0.1392,1.0026,8.2397,4.0894,-0.5493
-0.0137,0.1423,1.0084,7.9346,3.3569,-0.4883
-0.0106,0.1322,1.0066,8.6060,2.8687,-1.5259
-0.0135,0.1342,1.0087,5.8594,0.2441,-0.4883
-0.0094,0.1412,1.0084,2.1973,-2.1362,-0.4883
-0.0034,0.1377,1.0155,0.7324,-3.6621,-0.9155
-0.0175,0.1473,1.0085,2.2583,1.8311,-1.3428
-0.0195,0.1467,1.0076,2.9907,2.5635,-1.2207
-0.0111,0.1450,1.0155,6.1035,2.4414,-0.9155
-0.0168,0.1404,1.0043,11.9629,3.1128,-0.1221
-0.0146,0.1287,1.0094,7.9346,3.4180,-0.5493
-0.0166,0.1353,1.0077,3.5400,4.2114,0.0610
-0.0157,0.1475,1.0028,4.0894,3.6621,-0.4883
-0.0084,0.1626,0.9939,5.6763,4.5776,0.9766
-0.0168,0.1390,1.0051,12.1460,4.0894,-0.1831
-0.0150,0.1406,1.0088,9.2773,2.3804,-0.3052
-0.0156,0.1406,1.0072,5.0659,0.0000,0.1221
-0.0162,0.1399,1.0061,7.6294,2.3804,-0.6104
-0.0201,0.1376,1.0121,6.2256,2.3193,-0.3662
-0.0161,0.1383,1.0066,3.9673,3.1128,-0.6714
-0.0183,0.1403,1.0077,4.6387,2.8076,-0.9155
-0.0159,0.1427,1.0056,0.7324,2.5635,-0.9155
-0.0166,0.1425,1.0057,0.6714,2.3804,-0.7324
-0.0182,0.1511,1.0035,-1.3428,1.3428,0.1221
-0.0170,0.1484,1.0043,-0.4272,1.9531,-1.2207
-0.0233,0.1671,1.0043,-0.5493,0.1831,-0.2441
-0.0172,0.1622,1.0017,9.5825,4.7607,-0.1221
-0.0181,0.1654,1.0037,11.1694,4.0894,0.9766
-0.0302,0.1711,1.0034,11.7798,3.2959,2.4414
-0.0239,0.1581,1.0038,12.9395,4.0894,1.3428
-0.0132,0.1315,1.0094,9.6436,2.6855,0.0000
-0.0239,0.1470,1.0065,7.0190,3.4180,0.3052
-0.0162,0.1483,1.0031,9.8267,2.6245,-0.0610
-0.0181,0.1342,1.0082,15.0146,2.6245,-0.1221
-0.0194,0.1298,1.0109,11.8408,2.8076,-0.5493
-0.0099,0.1224,1.0131,1.8311,2.9297,-0.4883
-0.0345,0.1454,1.0106,-1.4038,3.1738,0.4272
-0.0172,0.1486,1.0028,8.6670,3.0518,-0.7324
-0.0264,0.1437,1.0061,13.4888,2.9297,-1.4038
-0.0194,0.1240,1.0051,11.1084,5.4932,-2.1362
-0.0177,0.1296,1.0146,5.3711,0.4883,-0.4272
-0.0265,0.1377,1.0088,10.1929,2.8076,-2.1362
-0.0122,0.1099,1.0159,7.3853,2.8076,-3.5400
-0.0138,0.1187,1.0089,6.1035,3.0518,-3.1738
-0.0171,0.1223,1.0071,8.4839,2.8076,-2.5024
-0.0161,0.1213,1.0106,4.6997,1.7090,-1.9531
-0.0267,0.1323,1.0078,2.3193,1.0986,-0.7324
-0.0104,0.1266,1.0135,6.6528,1.9531,-0.7324
FIN_VENTANA
INICIO_VENTANA reposo
-0.0188,0.1243,1.0104,6.4087,2.5024,-0.1221
-0.0176,0.1248,1.0078,7.3853,2.8076,-1.0986
-0.0182,0.1266,1.0099,9.2773,2.9297,-0.7324
-0.0182,0.1246,1.0106,11.0474,3.0518,-0.3662
-0.0184,0.1165,1.0122,8.6060,3.1738,-0.5493
-0.0172,0.1143,1.0131,6.2866,2.9907,-0.9766
-0.0179,0.1177,1.0133,4.8218,2.8076,-0.6104
-0.0173,0.1206,1.0101,4.5776,2.5024,-0.1831
-0.0182,0.1219,1.0095,7.5073,2.7466,-0.7935
-0.0176,0.1166,1.0131,8.9722,2.6855,-0.6104
-0.0171,0.1125,1.0126,8.2397,2.5024,-0.7324
-0.0193,0.1180,1.0117,4.1504,2.6245,-0.3662
-0.0162,0.1147,1.0103,6.1035,2.7466,-0.5493
-0.0183,0.1165,1.0096,7.1411,2.7466,-0.1831
-0.0197,0.1230,1.0126,5.2490,2.9907,-0.4883
-0.0162,0.1163,1.0070,6.4697,2.6245,-0.1831
-0.0193,0.1208,1.0090,9.3994,2.7466,-0.9766
-0.0159,0.1083,1.0168,9.0332,2.9907,-0.8545
-0.0193,0.1082,1.0123,5.6763,2.9297,-0.2441
-0.0176,0.1149,1.0096,3.7842,2.6855,-0.7324
-0.0143,0.1127,1.0121,5.7983,2.8076,-0.9766
-0.0155,0.1130,1.0121,4.7607,2.7466,-0.4883
-0.0181,0.1151,1.0095,5.0659,2.6855,-0.8545
-0.0187,0.1169,1.0122,5.3711,2.8076,-1.1597
-0.0156,0.1152,1.0105,7.0190,2.7466,-1.0376
-0.0175,0.1130,1.0117,8.9722,2.6855,-0.6104
-0.0173,0.1099,1.0125,7.3853,2.5024,0.0000
-0.0222,0.1139,1.0122,4.7607,2.5635,-0.3662
-0.0219,0.1134,1.0078,0.3052,2.1362,-1.7090
-0.0305,0.1274,1.0126,1.0376,0.1831,-1.8921
-0.0106,0.1171,1.0112,2.9297,2.5635,-1.8311
-0.0212,0.1229,1.0123,6.6528,3.8452,-1.3428
-0.0168,0.1072,1.0132,6.7139,2.9297,-0.9766
-0.0161,0.1121,1.0131,3.7842,2.9907,-1.5259
-0.0105,0.1157,1.0099,1.8921,2.9907,-0.5493
-0.0238,0.1243,1.0142,10.4980,4.1504,-0.1831
-0.0194,0.1154,1.0128,10.2539,2.7466,0.0610
-0.0166,0.1014,1.0229,8.6670,2.6855,0.6714
-0.0254,0.1257,1.0129,2.5024,2.1973,1.5259
-0.0167,0.1154,1.0117,1.1597,1.8311,0.6714
-0.0205,0.1254,1.0094,2.4414,-1.3428,1.7090
-0.0233,0.1218,1.0101,4.6387,-0.1221,0.6104
-0.0234,0.1222,1.0114,-1.8921,2.8076,0.6104
-0.0228,0.1300,1.0073,-1.0376,2.7466,-0.7935
-0.0258,0.1331,1.0078,1.7700,2.6855,-1.0376
-0.0243,0.1365,1.0063,3.6011,2.7466,-1.2207
-0.0225,0.1288,1.0101,0.6104,2.5024,-1.9531
-0.0206,0.1382,1.0084,-0.0610,2.6855,-1.7700
-0.0255,0.1426,1.0034,4.6387,2.5024,-2.0752
-0.0221,0.1394,1.0072,9.9487,2.5024,-1.8921
-0.0243,0.1357,1.0060,8.1177,2.6855,-1.2817
-0.0229,0.1335,1.0077,9.3384,2.6855,-0.5493
-0.0216,0.1315,1.0096,7.6904,2.9297,0.7935
-0.0217,0.1219,1.0120,6.4697,2.7466,-0.0610
-0.0236,0.1387,1.0066,0.7935,2.9297,1.0986
-0.0205,0.1244,1.0122,3.1128,3.2349,2.1362
-0.0243,0.1300,1.0117,2.1973,2.8687,0.0610
-0.0247,0.1422,1.0039,-5.5542,2.5024,-0.3052
-0.0696,0.1899,1.0095,7.8125,3.3569,0.0000
-0.0203,0.2423,0.9484,19.6533,14.7705,-1.2207
-0.0388,0.0638,0.9001,84.2896,6.0425,2.0142
-0.0272,0.0000,1.0201,153.3813,1.6479,13.1836
0.0210,0.0032,0.9977,80.8105,3.4180,18.7988
-0.0178,-0.3798,1.0082,7.2021,27.2827,140.5640
-0.0020,-0.0441,1.0083,5.9204,14.5874,5.3101
-0.0035,-0.0325,1.0125,5.9814,-1.4648,10.4370
-0.0052,-0.0386,1.0253,5.7983,-0.9766,7.8735
0.0166,-0.0724,0.9897,29.6631,11.0474,2.1973
0.0060,-0.0859,1.0009,-2.4414,-0.0610,6.2866
-0.0204,-0.0538,1.1080,11.2915,2.7466,20.9351
0.0137,-0.0107,0.9921,31.6772,9.0332,26.8555
0.0353,-0.0168,1.3716,23.0713,32.2876,4.6997
0.0135,-0.1600,0.7920,85.1440,65.6128,7.8125
0.0247,-0.0897,1.0704,113.8916,1.3428,26.3062
0.0570,-0.2198,0.9401,132.5073,10.4980,19.2261
0.0497,-0.3195,0.9835,81.9092,1.7090,18.7988
0.0659,-0.3414,0.9607,100.2197,-4.5166,25.0854
0.0707,-0.2823,0.9152,70.0684,-13.4277,25.4517
0.1379,-0.1630,1.4689,657.4097,-128.6621,48.7061
0.2042,-0.7097,-1.2083,1682.1289,3.6621,64.4531
0.0216,-1.2902,0.0759,44.1284,82.1533,-68.2983
-0.1272,-1.2660,0.0815,-4.0894,-72.8149,47.3022
-0.1187,-1.1064,-0.0277,-127.5635,-4.8828,84.6558
0.0626,-0.7253,0.4442,-67.6880,-17.1509,11.8408
0.0637,-0.9078,0.3256,122.2534,-10.6201,-16.9678
-0.0088,-1.2548,0.0121,153.3203,6.7139,-28.8696
0.0310,-1.0798,0.1661,12.0239,-2.6855,-0.1831
0.0391,-1.0063,0.1655,5.8594,4.2114,-0.3052
0.0326,-1.0203,0.1602,5.6763,2.3804,-1.0376
0.0282,-1.0278,0.1593,6.1646,2.8076,-1.0986
0.0288,-1.0244,0.1628,5.9204,2.8687,-0.8545
0.0304,-1.0223,0.1617,5.6763,2.7466,-0.3052
0.0297,-1.0247,0.1614,5.7373,2.8687,-0.5493
0.0306,-1.0231,0.1588,5.8594,2.8076,-0.4883
0.0302,-1.0247,0.1619,5.8594,3.0518,-0.7324
0.0308,-1.0226,0.1613,5.6152,3.1738,-0.0610
0.0311,-1.0251,0.1576,5.9204,3.3569,-0.4883
0.0309,-1.0219,0.1594,5.7983,2.8076,-0.5493
0.1161,-1.0839,0.0498,6.1035,6.5918,0.1221
-0.0160,-1.0551,0.0161,7.8735,-27.2217,2.6245
FIN_VENTANA
INICIO_VENTANA arriba
0.1416,-0.7764,0.3857,-40.2222,48.8281,-10.0708
0.2401,-0.9446,0.5145,-69.3359,28.1372,-36.3159
0.2263,-0.9696,0.5131,-82.1533,21.4844,-45.0439
0.1389,-0.9510,0.5807,-76.1108,11.9629,12.1460
0.0583,-0.7361,0.5270,-59.6924,5.6763,14.7095
0.2336,-0.7649,0.5950,-51.7578,1.0376,-4.5776
0.2595,-0.9641,0.5919,-38.0249,11.4746,6.8359
0.0905,-1.0459,0.7321,-16.3574,8.0566,32.1045
0.0630,-0.5621,0.6063,-106.6284,-46.5698,7.0801
0.1095,-0.6095,0.5380,-97.6563,-38.0249,-11.5356
0.1283,-0.5206,0.7740,-108.8867,-91.3696,-28.0151
0.0758,-0.6545,1.2177,-112.4268,-80.8716,-56.4575
0.0112,-0.7324,1.0394,-79.8950,-31.4331,-55.1147
-0.1230,-0.4175,0.5704,-45.4102,-12.6953,-54.4434
-0.1421,-0.3247,0.5876,-27.8320,-46.3257,-75.8667
-0.0544,-0.4905,0.8542,-18.4326,-91.0645,-103.1494
0.0487,-0.7988,0.8280,34.1797,76.7212,-39.3066
-0.1318,-0.5183,0.9138,-3.9062,27.5879,-15.7471
-0.0947,-0.6400,0.8463,-39.8560,11.1084,-36.9873
-0.0114,-0.6088,0.8760,-33.1421,-7.5073,-20.8130
-0.2280,-0.3789,0.9304,-23.6206,-15.9302,-15.9302
-0.0613,-0.4766,0.9370,-2.5024,1.2207,-16.0522
-0.1512,-0.5024,0.7917,20.0806,-7.2632,-8.3008
-0.1481,-0.4102,0.8878,36.5601,45.2271,5.0049
-0.0818,-0.4904,0.8792,63.9648,87.0972,21.0571
-0.2062,-0.6133,0.9191,75.1953,28.4424,4.5776
-0.0499,-0.5228,0.8894,13.1226,28.3203,-8.6060
-0.0518,-0.5249,0.8949,19.9585,22.3999,-17.8223
-0.0861,-0.6343,0.8434,32.7148,16.1743,-9.5825
0.0450,-0.5714,0.8523,42.0532,9.3994,-8.4229
-0.0352,-0.5614,0.8311,40.6494,6.6528,-5.5542
-0.0986,-0.6238,0.8639,37.0483,12.8784,-15.3809
-0.1718,-0.9049,0.6154,64.8193,5.2490,-6.5308
-0.0605,-0.6174,0.8390,82.2144,-7.8735,4.0894
0.0369,-0.6725,0.7727,92.8955,0.2441,-7.2021
-0.0204,-0.9327,0.5640,41.6260,-24.8413,10.3149
-0.1783,-1.0735,0.4091,47.6685,-87.9517,43.6401
-0.1617,-0.5499,0.8922,19.9585,-83.3740,31.0669
0.0532,-0.8733,0.6843,-57.7393,-32.9590,-11.8408
0.3047,-0.4501,1.0569,-91.4307,21.6064,14.2212
-0.2882,-1.0032,0.7659,-74.4019,83.8013,-13.6719
-0.3503,-0.3396,0.5140,-63.5986,26.6724,58.8989
-0.1741,-0.5431,0.8762,-82.9468,-22.9492,-20.8130
0.0487,-0.6526,1.0682,-80.5664,8.2397,-12.3291
-0.0897,-0.3829,0.5396,-73.6084,29.1748,9.7656
0.0337,-0.3018,0.5511,-68.7256,-66.4063,-16.0522
-0.0774,-0.3361,1.1367,-38.2080,-37.6587,-30.2734
-0.1531,-0.7690,1.0900,17.5171,-14.5874,-3.5400
-0.1630,-0.6196,1.3721,-32.3486,-6.5308,35.7056
-0.2397,-0.4062,0.8438,-38.6353,28.0762,63.9648
-0.0131,-0.0685,0.8478,-10.0708,18.7378,39.6729
0.0100,-0.2306,1.0488,8.2397,22.3999,10.6812
-0.0504,-0.4268,1.0272,27.4658,19.5313,-5.1880
-0.0372,-0.3953,0.9995,-6.1646,12.7563,-3.2959
-0.0527,-0.4197,0.8492,-10.5591,9.8877,-1.8921
-0.0085,-0.6226,0.8542,-26.4282,-0.7324,-1.8921
-0.0198,-0.4276,1.0049,-30.8838,0.4272,-4.0894
-0.0599,-0.3872,0.9983,-16.9678,3.0518,2.0752
-0.0991,-0.4746,1.0370,-20.5078,3.9062,1.7090
-0.0983,-0.4451,1.1167,-61.4624,25.2686,14.1602
-0.0284,-0.3533,1.0200,-40.1611,34.6680,31.6772
-0.0546,-0.1411,1.0597,-62.6831,64.4531,47.3022
0.0205,-0.4838,0.6583,-121.1548,88.1348,-43.3350
0.0157,0.0347,1.3398,-11.3525,16.7847,-19.7754
0.0470,-0.2872,0.7324,-22.4609,52.6123,-22.3389
0.1442,-0.2031,0.9257,-27.7710,17.9443,-6.8359
0.1259,-0.2411,1.0785,-59.2041,31.1890,8.6060
0.1118,0.1764,1.2174,-70.0073,32.2876,-9.4604
-0.0875,-0.5632,0.7820,19.9585,38.0249,14.2212
-0.0815,-0.2905,0.6864,425.1709,-118.5913,127.9907
0.1456,0.4071,1.6267,167.3584,-177.6733,-3.1128
0.1270,-0.9561,0.9520,42.1753,3.5400,-18.9819
0.0139,-0.4056,1.0627,11.8408,-1.9531,7.3853
-0.0662,-0.4360,0.8286,2.7466,15.5029,13.9160
-0.0673,-0.4978,1.0000,14.2212,-2.6245,19.2871
-0.0083,-0.4874,0.9624,54.3823,-0.9155,42.2363
0.0447,-0.5122,1.0358,79.1016,7.5073,48.8281
-0.0018,-0.2218,0.6204,37.9639,11.0474,28.0151
-0.0094,-0.5920,0.8239,64.9414,-20.4468,-5.1880
-0.3468,-0.4706,0.8143,259.0942,-60.7300,-44.4946
0.1234,-0.8768,0.4905,541.9312,-49.3774,-96.1304
-0.1288,-1.0770,0.4432,330.6885,-36.1328,-68.2373
-0.0361,-1.0975,0.3046,156.1890,-8.5449,-45.7764
-0.2196,-0.9261,0.3304,13.0005,6.6528,-32.8369
-0.2045,-0.9363,0.1899,274.0479,-14.8926,-75.1343
-0.2896,-1.1066,0.0398,234.9243,-22.0337,-54.4434
-0.2314,-1.0618,-0.0723,228.9429,-23.3154,-18.3716
-0.0757,-0.8906,-0.0457,168.0298,-20.0806,-20.9351
-0.2863,-0.9783,-0.2350,214.4775,-23.2544,-30.4565
-0.2804,-0.9346,-0.2150,195.0684,-28.8696,8.0566
-0.0085,-1.1019,-0.2013,-39.2456,8.7280,48.7671
0.0237,-0.6046,0.1160,-396.6675,28.1372,181.2134
-0.3881,-0.9445,-0.7821,-144.3481,-2.1973,324.4019
0.2290,0.4706,0.1897,-637.2681,-40.3442,27.5269
0.1016,-1.8306,-0.0304,404.7241,-2.3193,-141.6016
-0.0417,-1.3124,-0.2233,-12.5122,-26.6724,-22.6440
-0.0342,-0.8003,0.0375,-128.1128,-53.8940,79.0405
0.0212,-1.0515,0.1293,52.2461,-37.9028,-9.4604
0.0553,-1.0385,0.1696,-110.8398,-37.9028,-26.3672
0.0905,-0.9934,0.2944,10.8032,-36.0107,-3.5400
FIN_VENTANA
INICIO_VENTANA arriba
-0.0950,-1.3882,-0.8253,-84.4116,214.5386,-107.5439
-0.3004,-0.8180,-0.0580,-78.6133,-101.0132,35.3394
-0.1262,-0.9825,0.8019,30.7007,-45.7764,20.0195
-0.0802,-1.6155,0.2194,86.7310,108.7646,11.3525
-0.1261,-0.8481,0.2810,13.7329,113.0981,60.3027
-0.0834,-1.2627,-0.1028,-28.7476,172.8516,86.7920
0.0443,-0.9928,-0.0903,-109.9243,-12.0850,82.7637
0.0548,-1.0582,-0.1633,-157.0435,-128.1128,126.6479
0.1217,-0.5957,1.4994,-114.6851,-120.2393,164.7339
0.1986,-0.8827,-0.0470,-62.0728,181.1523,81.9702
0.4540,-1.0159,0.5768,-45.5322,92.5293,84.1064
0.4930,-0.5516,-0.3176,-179.3213,212.0972,124.8169
0.2462,-0.6025,0.4893,-372.6196,39.6729,62.4390
0.4097,-0.4866,0.2269,-626.8921,65.0024,21.7285
0.4198,-0.2130,0.8092,-747.0703,-46.6919,24.4751
0.3922,0.8098,1.0259,-537.1704,-87.7686,200.8057
0.3066,0.7310,0.7916,-573.3032,-50.2319,-32.1655
0.1075,0.5898,0.5765,-332.2144,-56.8237,-54.3823
0.1104,0.1627,0.3361,-123.1079,-86.3037,-22.2168
0.1700,0.5942,0.5321,20.9961,-195.6787,82.6416
0.2767,0.4109,1.1521,250.2441,-235.4126,66.8335
0.1188,0.3285,1.3270,204.7729,-142.9443,17.9443
0.0009,0.3329,1.2318,141.5405,-63.7817,-1.5259
-0.1056,0.1519,0.8981,39.1235,11.1694,-9.0332
0.0856,0.5153,0.7456,-149.2920,20.8130,-9.8877
0.0989,0.7831,0.8781,-160.2783,14.4043,-64.3311
0.1257,0.2030,0.8784,-17.7002,-22.5220,-93.4448
0.0897,0.8018,1.0577,163.2690,6.5308,17.3340
-0.2528,0.4731,0.5837,77.9419,41.9312,-39.1235
0.0092,-0.0039,0.6831,93.0786,-44.4336,93.9331
0.0254,0.5293,1.1047,3.1738,-77.1484,91.0034
-0.0681,0.5193,1.0269,75.9888,-55.4199,37.7808
-0.1776,0.3627,0.7968,88.9893,-40.7715,25.1465
-0.0820,0.2406,1.0061,94.9707,0.2441,-0.9155
-0.0574,0.1582,0.9982,12.0850,11.4746,-16.2354
-0.0763,0.1973,1.0032,42.7246,6.7749,-4.9438
-0.0687,0.2012,0.9873,-49.4995,14.1602,0.6104
-0.0707,0.2803,0.9695,-51.0254,26.1841,3.4180
-0.1404,0.2367,0.9353,33.5693,17.4561,-4.6387
0.0150,0.2491,0.9998,65.4907,18.6157,-7.8735
-0.0629,0.2153,0.9653,179.8706,-1.3428,-5.9814
0.0182,-0.0667,1.0593,210.5103,6.6528,2.8076
-0.0245,-0.0844,1.0288,40.7715,2.5024,-0.7935
-0.0304,-0.0369,1.0153,5.9204,3.9673,-0.1221
-0.0309,-0.0293,1.0182,5.9204,7.7515,1.2817
-0.0366,-0.0237,1.0262,5.9814,5.9814,2.9297
-0.0283,-0.0348,1.0211,5.7983,4.3335,2.8687
-0.0245,-0.0355,1.0197,5.9204,4.5776,1.2207
-0.0216,-0.0311,1.0190,5.6763,6.4697,-0.2441
-0.0225,-0.0385,1.0211,5.7373,7.3242,-1.2207
-0.0299,-0.0355,1.0267,5.7373,5.1880,-1.1597
-0.0272,-0.0326,1.0182,6.1646,3.2959,-1.0986
-0.0226,-0.0339,1.0201,6.1646,3.4790,-1.0986
-0.0194,-0.0336,1.0236,5.6152,2.8687,0.3052
-0.0198,-0.0339,1.0214,5.7983,2.7466,-0.3052
-0.0139,-0.0308,1.0217,5.7373,2.6855,-1.7090
-0.0205,-0.0283,1.0197,5.9814,2.8076,-1.8311
-0.0155,-0.0392,1.0215,5.5542,2.6855,-3.0518
-0.0062,-0.0061,1.0221,5.9204,2.8076,-3.2349
-0.0302,-0.0414,1.0212,5.6763,2.6855,-4.8218
-0.0172,-0.0239,1.0201,5.7983,2.6855,-3.4790
-0.0184,-0.0319,1.0209,5.9204,2.9297,-5.0049
-0.0233,-0.0375,1.0219,5.9814,2.8687,-3.4180
-0.0223,-0.0341,1.0233,5.8594,2.7466,-1.4648
-0.0199,-0.0349,1.0200,5.7983,2.8687,-0.8545
-0.0200,-0.0348,1.0193,5.6763,2.8687,-0.6104
-0.0197,-0.0352,1.0215,5.7983,2.7466,-1.2207
-0.0205,-0.0336,1.0206,5.9814,2.9297,-1.7700
-0.0195,-0.0343,1.0215,5.7373,2.7466,-0.9766
-0.0190,-0.0345,1.0214,5.7373,2.7466,-0.7324
-0.0201,-0.0347,1.0217,5.8594,2.9907,-0.6714
-0.0201,-0.0338,1.0198,5.9204,2.6245,-0.7324
-0.0209,-0.0353,1.0208,5.7983,2.6855,-0.9155
-0.0210,-0.0345,1.0225,5.7983,2.7466,-1.1597
-0.0194,-0.0343,1.0201,5.7983,2.7466,-1.4038
-0.0193,-0.0353,1.0208,5.6152,2.8076,-1.8311
-0.0212,-0.0342,1.0209,5.9204,2.7466,-1.8311
-0.0211,-0.0338,1.0212,5.7373,2.9297,-1.2817
-0.0190,-0.0360,1.0219,5.8594,2.8687,-1.4648
-0.0216,-0.0349,1.0193,5.6763,2.6855,-1.7700
-0.0199,-0.0330,1.0223,5.7373,2.7466,-1.5869
-0.0203,-0.0354,1.0209,5.7983,2.7466,-1.4648
-0.0200,-0.0323,1.0225,5.6152,2.6245,-0.9766
-0.0210,-0.0352,1.0203,5.7373,2.6855,-0.6104
-0.0217,-0.0342,1.0229,5.6763,2.8687,-0.5493
-0.0200,-0.0337,1.0212,5.7373,2.8076,-0.7324
-0.0219,-0.0345,1.0203,5.7983,2.8076,-0.7324
-0.0200,-0.0338,1.0216,5.7373,2.6855,-0.8545
-0.0201,-0.0341,1.0209,5.7983,2.8076,-0.6714
-0.0195,-0.0365,1.0197,5.7373,2.8687,-0.6714
-0.0200,-0.0342,1.0208,5.6152,2.8076,-0.8545
-0.0208,-0.0332,1.0206,5.8594,2.6245,-0.6104
-0.0210,-0.0349,1.0216,5.9204,2.7466,-0.7324
-0.0198,-0.0337,1.0217,5.7373,2.7466,-0.9155
-0.0208,-0.0336,1.0210,5.9204,2.6245,-0.6104
-0.0204,-0.0339,1.0220,5.6763,2.8076,-0.5493
-0.0204,-0.0342,1.0209,5.7373,2.7466,-0.4272
-0.0199,-0.0339,1.0208,6.0425,2.6855,-0.4883
-0.0200,-0.0345,1.0209,5.7373,2.6855,-0.4272
-0.0209,-0.0342,1.0212,5.6763,2.7466,-0.6104
FIN_VENTANA
INICIO_VENTANA arriba
-0.0212,-0.0334,1.0219,5.6763,2.9907,-0.6714
-0.0214,-0.0334,1.0187,5.8594,2.7466,-0.7935
-0.0226,-0.0330,1.0194,5.6152,2.6855,-0.4272
-0.0219,-0.0314,1.0219,5.9204,2.6245,-0.7935
-0.0199,-0.0330,1.0229,5.9814,2.8076,-0.4272
-0.0220,-0.0337,1.0206,5.6763,2.6855,-0.1831
-0.0222,-0.0343,1.0210,5.8594,2.8687,-0.6104
-0.0211,-0.0337,1.0216,5.6763,2.7466,-0.7324
-0.0212,-0.0330,1.0210,5.8594,2.8687,-0.7324
-0.0219,-0.0338,1.0216,5.9204,2.8076,-0.5493
-0.0210,-0.0341,1.0204,5.8594,2.9297,-0.5493
-0.0208,-0.0328,1.0220,5.7373,2.7466,-0.4272
-0.0209,-0.0339,1.0210,5.7373,2.8687,-0.7324
-0.0209,-0.0344,1.0212,5.7983,2.8076,-0.7935
-0.0219,-0.0331,1.0220,5.7983,2.8076,-0.6714
-0.0215,-0.0332,1.0211,5.6763,2.7466,-0.5493
-0.0214,-0.0333,1.0226,5.9814,2.8687,-0.4883
-0.0201,-0.0345,1.0216,5.7373,2.8687,-0.6714
-0.0214,-0.0341,1.0219,5.9204,2.6855,-0.4272
-0.0208,-0.0336,1.0214,5.7983,2.8076,-0.4883
-0.0209,-0.0334,1.0209,5.9204,2.6855,-0.7324
-0.0205,-0.0330,1.0210,5.9204,2.8687,-0.4883
-0.0214,-0.0333,1.0210,5.8594,2.9297,-0.5493
-0.0210,-0.0341,1.0215,5.8594,2.8687,-0.6714
-0.0210,-0.0339,1.0208,5.7983,2.8076,-0.6714
-0.0197,-0.0342,1.0227,5.7983,2.8076,-0.8545
-0.0211,-0.0342,1.0222,5.7983,2.7466,-0.6714
-0.0201,-0.0336,1.0216,5.8594,2.8076,-0.7324
-0.0211,-0.0336,1.0212,5.7373,2.9297,-0.7935
-0.0195,-0.0334,1.0212,5.7983,2.8076,-0.5493
-0.0209,-0.0310,1.0220,5.9204,2.6855,-0.3052
-0.0216,-0.0323,1.0216,5.8594,2.7466,-0.4883
-0.0212,-0.0334,1.0208,6.0425,2.8687,-0.6104
-0.0206,-0.0334,1.0212,5.7983,2.9297,-0.6714
-0.0209,-0.0338,1.0214,5.9814,2.9907,-0.5493
-0.0201,-0.0344,1.0212,5.7983,2.9297,-0.3662
-0.0211,-0.0326,1.0211,5.7373,2.7466,-0.6104
-0.0205,-0.0341,1.0220,5.9204,2.9297,-0.4272
-0.0206,-0.0339,1.0223,5.6763,2.6245,-0.4883
-0.0211,-0.0337,1.0222,5.9814,2.7466,-0.6104
-0.0219,-0.0326,1.0216,5.6152,2.5635,-0.3662
-0.0215,-0.0341,1.0206,5.8594,2.6245,-0.3662
-0.0215,-0.0328,1.0212,5.8594,2.7466,-0.5493
-0.0215,-0.0339,1.0221,5.8594,2.6855,-0.4883
-0.0205,-0.0328,1.0217,5.6763,2.7466,-0.5493
-0.0211,-0.0336,1.0219,5.9204,2.6855,-0.6104
-0.0216,-0.0338,1.0210,5.9204,2.6855,-0.5493
-0.0220,-0.0336,1.0215,5.8594,2.7466,-0.4272
-0.0215,-0.0331,1.0200,5.7983,2.8076,-0.6104
-0.0221,-0.0331,1.0211,5.7983,2.6245,-0.6104
-0.0209,-0.0328,1.0201,5.7983,2.8076,-0.6714
-0.0216,-0.0328,1.0205,5.7373,2.7466,-0.6714
-0.0217,-0.0334,1.0212,5.9204,2.8076,-0.4883
-0.0220,-0.0330,1.0206,5.6152,2.8687,-0.6104
-0.0216,-0.0331,1.0223,6.0425,2.8687,-0.4883
-0.0209,-0.0339,1.0194,5.7983,2.8076,-0.4883
-0.0221,-0.0330,1.0219,5.9814,2.8076,-0.4883
-0.0214,-0.0330,1.0216,5.9204,2.8687,-0.2441
-0.0216,-0.0320,1.0211,5.7983,2.6855,-0.0610
-0.0205,-0.0325,1.0219,5.9204,2.8076,-0.4883
-0.0209,-0.0334,1.0209,5.7983,2.7466,-0.5493
-0.0221,-0.0319,1.0212,5.9204,2.7466,-0.6104
-0.0209,-0.0342,1.0205,5.6763,2.6855,-0.4272
-0.0217,-0.0336,1.0222,5.7373,2.6855,-0.4883
-0.0206,-0.0344,1.0212,5.7983,2.6855,-0.4272
-0.0215,-0.0337,1.0219,5.7983,2.5024,-0.3662
-0.0216,-0.0327,1.0212,5.9814,2.8687,-0.4272
-0.0221,-0.0322,1.0209,5.5542,2.7466,-0.4272
-0.0209,-0.0341,1.0209,5.9204,2.7466,-0.5493
-0.0217,-0.0327,1.0231,5.7983,2.8076,-0.4272
-0.0210,-0.0334,1.0200,5.9814,2.7466,-0.4272
-0.0215,-0.0325,1.0217,5.7983,2.8687,-0.2441
-0.0219,-0.0337,1.0222,5.8594,2.8687,-0.3662
-0.0216,-0.0336,1.0203,6.0425,2.8076,-0.3662
-0.0210,-0.0326,1.0209,5.6763,2.9297,-0.5493
-0.0221,-0.0344,1.0211,5.9204,2.9907,-0.3052
-0.0212,-0.0311,1.0204,5.7983,2.9297,-0.5493
-0.0210,-0.0327,1.0211,5.8594,2.7466,-0.6104
-0.0208,-0.0328,1.0216,5.7983,2.8076,-0.4883
-0.0209,-0.0327,1.0210,5.7373,2.8687,-0.4272
-0.0215,-0.0333,1.0211,5.9814,2.6855,-0.4272
-0.0199,-0.0334,1.0210,5.9814,2.7466,-0.4272
-0.0206,-0.0345,1.0201,5.7373,2.8076,-0.3052
-0.0204,-0.0328,1.0208,5.9814,2.8076,-0.5493
-0.0193,-0.0338,1.0232,5.9814,2.8076,-0.4883
-0.0208,-0.0341,1.0219,5.9814,2.8687,-0.3052
-0.0201,-0.0337,1.0206,5.9814,2.8687,-0.2441
-0.0186,-0.0333,1.0247,5.7373,2.7466,-0.4272
-0.0199,-0.0345,1.0186,5.9814,2.9297,-0.9155
-0.0214,-0.0330,1.0232,5.7373,2.8687,-0.5493
-0.0203,-0.0332,1.0233,5.7983,2.7466,-0.5493
-0.0212,-0.0337,1.0209,5.9204,2.8076,-0.6104
-0.0209,-0.0334,1.0206,5.7983,2.8687,-0.6714
-0.0199,-0.0333,1.0219,5.9814,2.7466,-0.8545
-0.0217,-0.0331,1.0205,6.0425,2.8076,-0.6104
-0.0201,-0.0339,1.0212,5.6763,2.6855,-0.5493
-0.0211,-0.0338,1.0219,5.9814,2.8687,-0.4883
-0.0209,-0.0345,1.0221,5.9204,2.8687,-0.4883
-0.0203,-0.0331,1.0216,5.9204,2.8076,-0.4272
-0.0200,-0.0337,1.0217,5.8594,2.8076,-0.3662
FIN_VENTANA
INICIO_VENTANA arriba
-0.0206,-0.0339,1.0221,5.7983,2.8687,-0.5493
-0.0200,-0.0341,1.0221,5.6152,2.7466,-0.4272
-0.0198,-0.0333,1.0225,5.7373,2.8687,-0.3052
-0.0200,-0.0338,1.0222,5.7373,2.8076,-0.6104
-0.0205,-0.0339,1.0208,5.7373,3.0518,-0.7935
-0.0212,-0.0334,1.0214,5.9204,2.6855,-1.0376
-0.0197,-0.0350,1.0208,6.1035,2.8687,-1.0376
-0.0208,-0.0331,1.0208,5.9204,2.9297,-0.7935
-0.0211,-0.0338,1.0220,5.7373,2.8687,-0.5493
-0.0211,-0.0344,1.0215,5.9814,2.8687,-0.4272
-0.0200,-0.0348,1.0211,5.8594,2.9297,-0.5493
-0.0205,-0.0336,1.0231,5.8594,2.7466,-0.3662
-0.0199,-0.0343,1.0211,5.7983,2.8687,-0.1831
-0.0200,-0.0342,1.0219,5.7373,2.8687,-0.4272
-0.0204,-0.0341,1.0226,5.6152,2.8076,-0.4272
-0.0199,-0.0341,1.0197,5.7373,2.7466,-0.1831
-0.0192,-0.0342,1.0205,5.7983,2.8687,-0.2441
-0.0186,-0.0353,1.0229,5.9204,2.7466,-0.5493
-0.0204,-0.0332,1.0227,5.9204,2.9297,-0.1831
-0.0210,-0.0310,1.0222,5.6763,2.8076,-0.2441
-0.0275,-0.0370,1.0198,5.7373,2.6855,-0.4883
-0.0256,-0.0275,1.0205,5.6763,2.5635,-0.3662
-0.0167,-0.0366,1.0219,5.8594,2.7466,-0.7324
-0.0215,-0.0322,1.0201,5.7373,2.8076,-0.7324
-0.0210,-0.0330,1.0212,5.8594,2.8076,-0.6714
-0.0199,-0.0333,1.0221,6.1035,3.1128,-0.3052
-0.0208,-0.0339,1.0219,5.7373,2.8076,0.1831
-0.0201,-0.0338,1.0201,5.7983,2.9297,-0.1221
-0.0194,-0.0341,1.0203,5.8594,2.7466,-0.4272
-0.0197,-0.0343,1.0211,5.7983,2.8687,-0.3052
-0.0188,-0.0345,1.0217,5.6763,2.6245,-0.3662
-0.0203,-0.0337,1.0216,5.7983,2.7466,-0.6104
-0.0219,-0.0338,1.0221,5.8594,2.8687,-0.7935
-0.0195,-0.0344,1.0216,5.7983,2.8687,-0.6714
-0.0210,-0.0338,1.0195,5.9204,2.9297,-0.9766
-0.0198,-0.0341,1.0210,5.7373,2.6855,-0.7935
-0.0200,-0.0332,1.0223,5.9814,2.9297,-0.8545
-0.0208,-0.0333,1.0232,5.8594,2.9907,-0.7324
-0.0209,-0.0332,1.0222,5.7373,2.6855,-0.4272
-0.0200,-0.0348,1.0204,5.6763,2.6245,-0.4272
-0.0201,-0.0331,1.0219,5.6763,2.7466,-0.3662
-0.0198,-0.0342,1.0199,5.6152,2.8076,-0.3662
-0.0190,-0.0333,1.0214,5.9814,2.9297,-0.3052
-0.0200,-0.0341,1.0215,5.7983,2.7466,-0.4272
-0.0205,-0.0344,1.0217,5.7373,2.7466,-0.7324
-0.0212,-0.0343,1.0221,5.9204,2.8076,-0.9155
-0.0206,-0.0345,1.0211,5.7983,2.8687,-0.8545
-0.0197,-0.0349,1.0212,5.7373,2.8076,-0.7935
-0.0197,-0.0350,1.0210,5.9204,2.9297,-0.7324
-0.0210,-0.0338,1.0228,5.8594,2.8076,-0.8545
-0.0184,-0.0336,1.0216,5.7373,2.8076,-0.4272
-0.0200,-0.0336,1.0215,5.7373,2.7466,-0.4883
-0.0206,-0.0342,1.0205,5.6152,2.7466,-0.4883
-0.0204,-0.0342,1.0187,5.8594,2.8076,-0.4272
-0.0200,-0.0345,1.0193,5.6763,2.7466,-0.4272
-0.0210,-0.0337,1.0193,5.8594,2.8687,-0.5493
-0.0199,-0.0336,1.0219,5.9204,2.6855,-0.8545
-0.0208,-0.0332,1.0216,5.9204,2.9297,-0.4883
-0.0189,-0.0345,1.0219,5.6763,2.8076,-0.3052
-0.0214,-0.0343,1.0208,5.9204,2.8687,-0.6714
-0.0200,-0.0337,1.0217,5.7983,2.7466,-0.6714
-0.0203,-0.0341,1.0206,5.9204,2.6855,-0.7324
-0.0204,-0.0344,1.0203,5.8594,2.6855,-0.4272
-0.0214,-0.0336,1.0219,5.7373,2.8687,-0.5493
-0.0205,-0.0347,1.0212,5.7373,2.5024,-0.4272
-0.0208,-0.0334,1.0226,5.7983,2.6245,-0.6104
-0.0210,-0.0338,1.0223,5.7373,2.6855,-0.6714
-0.0204,-0.0349,1.0217,5.6152,2.6855,-0.4883
-0.0211,-0.0337,1.0210,5.5542,2.6855,-0.3662
-0.0203,-0.0339,1.0201,5.9814,2.7466,-0.7324
-0.0216,-0.0341,1.0219,5.6763,2.6855,-0.6104
-0.0198,-0.0334,1.0206,5.9814,2.9907,-0.6714
-0.0210,-0.0336,1.0204,5.6763,2.6855,-0.4883
-0.0217,-0.0336,1.0206,5.8594,2.8076,-0.3662
-0.0203,-0.0336,1.0206,5.7983,2.6245,-0.4883
-0.0210,-0.0330,1.0209,5.7373,2.6855,-0.4272
-0.0212,-0.0325,1.0204,5.9204,2.6855,-0.4272
-0.0201,-0.0333,1.0226,5.7983,2.8076,-0.4883
-0.0204,-0.0348,1.0205,5.8594,2.8687,-0.4272
-0.0214,-0.0338,1.0211,5.8594,2.8687,-0.6714
-0.0209,-0.0344,1.0200,5.9204,2.7466,-0.8545
-0.0208,-0.0338,1.0204,6.0425,2.7466,-0.7935
-0.0209,-0.0323,1.0210,5.6152,2.7466,-0.5493
-0.0217,-0.0337,1.0205,5.7983,2.7466,-0.6104
-0.0204,-0.0338,1.0221,5.6763,2.6855,-0.6104
-0.0200,-0.0350,1.0198,5.9204,2.7466,-0.7324
-0.0211,-0.0332,1.0200,5.7373,2.5024,-0.6104
-0.0208,-0.0334,1.0203,5.8594,2.8076,-0.3052
-0.0195,-0.0339,1.0220,5.6763,2.6245,-0.1221
-0.0212,-0.0332,1.0200,5.6763,2.6245,-0.3662
-0.0203,-0.0342,1.0201,5.7373,2.7466,-0.3662
-0.0203,-0.0339,1.0206,5.8594,2.8076,-0.5493
-0.0203,-0.0345,1.0203,5.9204,2.8687,-0.6714
-0.0206,-0.0336,1.0197,5.7373,2.8076,-0.6104
-0.0200,-0.0344,1.0211,5.8594,2.8687,-0.6104
-0.0211,-0.0341,1.0208,5.6152,2.5024,-0.4883
-0.0210,-0.0341,1.0204,5.7983,2.6855,-0.5493
-0.0208,-0.0330,1.0203,5.6763,2.6855,-0.6104
-0.0208,-0.0328,1.0203,5.7983,2.6855,-0.3052
-0.0198,-0.0331,1.0215,5.4932,2.7466,-0.5493
FIN_VENTANA
INICIO_VENTANA arriba
-0.0214,-0.0330,1.0215,5.8594,2.6855,-0.6714
-0.0199,-0.0333,1.0214,5.5542,2.8076,-0.4883
-0.0205,-0.0339,1.0212,5.9814,2.8076,-0.3052
-0.0211,-0.0332,1.0221,5.6152,2.6245,-0.3052
-0.0203,-0.0330,1.0223,5.8594,2.6855,-0.4883
-0.0211,-0.0326,1.0211,5.8594,2.7466,-0.5493
-0.0211,-0.0347,1.0201,5.8594,2.7466,-0.4883
-0.0208,-0.0333,1.0223,5.7373,2.6855,-0.5493
-0.0214,-0.0336,1.0232,5.8594,2.8687,-0.5493
-0.0199,-0.0328,1.0228,5.9204,2.8687,-0.4272
-0.0208,-0.0345,1.0200,5.6763,2.7466,-0.3052
-0.0217,-0.0336,1.0232,5.7983,2.8076,-0.4272
-0.0220,-0.0344,1.0208,5.6152,2.7466,-0.6104
-0.0199,-0.0333,1.0211,5.7373,2.7466,-0.5493
-0.0204,-0.0339,1.0222,5.7373,2.7466,-0.6104
-0.0208,-0.0344,1.0198,5.6152,2.8076,-0.6104
-0.0205,-0.0330,1.0229,5.9204,2.8076,-0.6714
-0.0210,-0.0347,1.0199,5.5542,2.8687,-0.6104
-0.0209,-0.0331,1.0240,5.6763,2.7466,-0.6714
-0.0205,-0.0332,1.0237,5.9204,2.7466,-0.4272
-0.0204,-0.0347,1.0187,5.8594,2.6855,-0.4883
-0.0210,-0.0337,1.0228,5.7983,2.7466,-0.5493
-0.0221,-0.0349,1.0198,5.8594,2.7466,-0.3662
-0.0223,-0.0339,1.0233,5.8594,2.8687,-0.6714
-0.0208,-0.0343,1.0188,5.7983,2.8076,-0.6714
-0.0217,-0.0325,1.0239,5.9814,2.7466,-0.5493
-0.0217,-0.0339,1.0243,5.9204,2.9297,-0.5493
-0.0212,-0.0345,1.0204,5.7373,2.8076,-0.4883
-0.0205,-0.0338,1.0221,5.6763,2.6855,-0.6714
-0.0210,-0.0345,1.0192,5.7983,2.7466,-0.4883
-0.0208,-0.0337,1.0244,5.9814,2.6245,-0.7324
-0.0209,-0.0339,1.0238,5.9204,2.8687,-0.7935
-0.0214,-0.0344,1.0198,5.8594,2.9907,-0.4272
-0.0209,-0.0332,1.0245,5.7373,2.8687,-0.4883
-0.0214,-0.0344,1.0217,5.8594,2.6855,-0.5493
-0.0206,-0.0334,1.0227,5.7373,2.7466,-0.3662
-0.0205,-0.0337,1.0212,5.6152,2.6245,-0.3052
-0.0214,-0.0336,1.0227,5.7373,2.6855,-0.2441
-0.0208,-0.0337,1.0220,5.6763,2.6855,-0.4272
-0.0212,-0.0343,1.0201,5.9204,2.6855,-0.6104
-0.0215,-0.0343,1.0239,5.7373,2.6245,-0.6104
-0.0206,-0.0334,1.0211,6.0425,2.8076,-0.7935
-0.0208,-0.0341,1.0206,5.6152,2.6245,-0.5493
-0.0201,-0.0337,1.0220,5.9204,2.7466,-0.7324
-0.0206,-0.0339,1.0211,5.6763,2.9297,-0.3052
-0.0217,-0.0328,1.0250,5.8594,2.8076,-0.6714
-0.0201,-0.0325,1.0217,5.9204,2.8687,-0.4883
-0.0208,-0.0338,1.0231,5.7983,2.6855,-0.7324
-0.0221,-0.0341,1.0205,5.7983,2.8076,-0.6104
-0.0208,-0.0332,1.0214,5.7983,2.6855,-0.6714
-0.0212,-0.0337,1.0239,5.7373,2.8687,-0.5493
-0.0212,-0.0328,1.0232,5.7373,2.7466,-0.7324
-0.0208,-0.0337,1.0222,5.6763,2.6245,-0.7935
-0.0211,-0.0337,1.0211,5.8594,2.8687,-0.6104
-0.0208,-0.0336,1.0240,5.9204,2.9297,-0.3662
-0.0208,-0.0334,1.0240,5.7373,2.6855,-0.3662
-0.0204,-0.0342,1.0216,5.9204,2.8076,-0.6714
-0.0198,-0.0328,1.0215,5.7373,2.9297,-0.6104
-0.0204,-0.0338,1.0217,5.7983,2.8076,-0.6714
-0.0208,-0.0338,1.0228,5.9814,2.8687,-0.7324
-0.0206,-0.0330,1.0227,5.4932,2.8076,-0.7935
-0.0209,-0.0339,1.0221,5.7373,2.7466,-0.4883
-0.0206,-0.0339,1.0211,5.7983,2.8076,-0.4272
-0.0211,-0.0348,1.0211,5.5542,2.6855,-0.2441
-0.0209,-0.0344,1.0222,5.7983,2.8687,-0.6714
-0.0209,-0.0338,1.0222,5.6763,2.5635,-0.8545
-0.0205,-0.0333,1.0228,5.6152,2.8687,-0.8545
-0.0203,-0.0342,1.0201,5.9204,2.6855,-0.9155
-0.0214,-0.0338,1.0208,5.8594,2.6245,-0.9155
-0.0199,-0.0336,1.0234,5.8594,2.5635,-1.3428
-0.0238,-0.0331,1.0220,5.7983,2.7466,-1.8921
-0.0217,-0.0328,1.0232,5.7983,2.6855,-1.0376
-0.0203,-0.0347,1.0210,5.7373,2.8687,-0.3662
-0.0209,-0.0348,1.0212,6.1646,2.8076,-0.6104
-0.0211,-0.0330,1.0223,5.7983,2.6855,-0.4883
-0.0206,-0.0342,1.0210,5.7983,2.7466,-0.4883
-0.0204,-0.0343,1.0214,5.6763,2.8687,-0.3052
-0.0210,-0.0338,1.0206,5.8594,2.9297,-0.4883
-0.0205,-0.0337,1.0226,5.6152,2.6855,-0.4883
-0.0201,-0.0347,1.0215,5.8594,2.7466,-0.6104
-0.0208,-0.0337,1.0214,5.9204,2.7466,-0.5493
-0.0199,-0.0327,1.0212,5.7373,2.8076,-0.3662
-0.0209,-0.0342,1.0221,5.7373,2.8076,-0.6104
-0.0212,-0.0333,1.0216,5.6763,2.7466,-0.7935
-0.0211,-0.0344,1.0214,5.6152,2.8076,-0.7324
-0.0203,-0.0348,1.0209,5.4932,2.6245,-0.6714
-0.0197,-0.0332,1.0217,5.7373,2.8076,-0.6714
-0.0206,-0.0337,1.0216,5.7983,2.7466,-0.5493
-0.0220,-0.0345,1.0216,5.9204,2.7466,-0.6714
-0.0209,-0.0327,1.0227,5.7373,2.6245,-0.6714
-0.0206,-0.0325,1.0240,5.7983,2.5635,-0.4883
-0.0211,-0.0323,1.0239,5.6763,2.8076,-0.3662
-0.0214,-0.0341,1.0212,5.8594,2.3804,-0.3052
-0.0212,-0.0331,1.0240,5.7983,2.6855,-0.6714
-0.0219,-0.0338,1.0222,5.6152,2.7466,-0.4883
-0.0206,-0.0341,1.0231,5.9204,2.6855,-0.4883
-0.0215,-0.0341,1.0208,5.6152,2.4414,-0.4883
-0.0215,-0.0341,1.0225,5.8594,2.8076,-0.6714
-0.0212,-0.0330,1.0228,5.8594,2.8687,-0.8545
-0.0222,-0.0327,1.0219,5.7373,2.5635,-0.4883
FIN_VENTANA
INICIO_VENTANA arriba
-0.0221,-0.0339,1.0192,5.9204,2.8076,-0.6714
-0.0206,-0.0334,1.0200,5.8594,2.7466,-0.6104
-0.0223,-0.0331,1.0214,5.8594,2.5635,-0.5493
-0.0192,-0.0238,1.0262,5.6152,2.8076,-0.4883
-0.0149,-0.0314,1.0193,5.7373,2.6855,-0.6104
-0.0190,-0.0349,1.0170,5.8594,2.7466,-0.6104
-0.0148,-0.0394,1.0115,5.4932,2.6855,-0.4272
-0.0164,-0.0398,1.0155,5.7983,2.5635,-0.5493
-0.0179,-0.0381,1.0201,5.6763,2.6855,-0.5493
-0.0203,-0.0366,1.0199,5.9204,2.8076,-0.4272
-0.0199,-0.0337,1.0179,5.7983,2.6855,-0.3662
-0.0214,-0.0348,1.0143,5.8594,2.8687,-0.4883
-0.0259,-0.0342,1.0239,5.9204,2.9907,-0.1831
-0.0212,-0.0331,1.0220,5.7373,2.6855,-0.6714
-0.0220,-0.0341,1.0211,5.6763,2.6855,-0.7935
-0.0205,-0.0354,1.0138,5.7983,2.9297,-0.4883
-0.0225,-0.0330,1.0304,5.9204,2.7466,-0.7324
-0.0198,-0.0341,1.0259,5.7983,2.6855,-0.6714
-0.0197,-0.0377,1.0138,5.7373,2.7466,-0.6714
-0.0242,-0.0348,1.0168,5.7373,2.5635,-0.1221
-0.0208,-0.0353,1.0215,5.6152,2.6855,-0.2441
-0.0198,-0.0341,1.0178,5.7983,2.7466,-0.5493
-0.0221,-0.0341,1.0200,5.6763,2.6245,-0.5493
-0.0208,-0.0332,1.0214,5.8594,2.6245,-0.5493
-0.0214,-0.0341,1.0200,5.6152,2.8076,-0.7935
-0.0211,-0.0350,1.0203,5.7983,2.6245,-0.7324
-0.0215,-0.0331,1.0206,5.8594,2.8076,-0.9766
-0.0208,-0.0347,1.0199,5.7983,2.8687,-0.7935
-0.0211,-0.0328,1.0223,5.7983,2.8076,-0.7324
-0.0212,-0.0352,1.0189,5.7373,2.8687,-0.6714
-0.0217,-0.0336,1.0214,5.8594,2.8076,-0.7324
-0.0219,-0.0336,1.0205,5.6152,2.7466,-0.4272
-0.0217,-0.0347,1.0211,5.6763,2.6855,-0.4272
-0.0228,-0.0342,1.0210,5.8594,2.6855,-0.6714
-0.0216,-0.0344,1.0206,5.7373,2.7466,-0.6104
-0.0206,-0.0334,1.0205,5.7983,2.8076,-0.6104
-0.0209,-0.0342,1.0209,5.7983,2.8076,-0.6714
-0.0203,-0.0348,1.0211,5.6763,2.8076,-0.5493
-0.0215,-0.0344,1.0209,5.6763,2.6245,-0.6714
-0.0210,-0.0332,1.0208,5.8594,2.8076,-0.7324
-0.0204,-0.0334,1.0210,5.7983,2.6245,-0.6104
-0.0214,-0.0344,1.0214,5.8594,2.5635,-0.6714
-0.0209,-0.0342,1.0203,5.5542,2.8687,-0.9766
-0.0204,-0.0342,1.0201,5.8594,2.6855,-0.6104
-0.0212,-0.0343,1.0173,5.7983,2.7466,-0.7935
-0.0201,-0.0343,1.0172,5.5542,2.5024,-0.6714
-0.0222,-0.0331,1.0220,5.7983,2.6855,-0.5493
-0.0216,-0.0331,1.0212,5.6763,2.7466,-0.6714
-0.0212,-0.0343,1.0205,5.9204,2.7466,-0.5493
-0.0219,-0.0347,1.0212,5.9204,2.7466,-0.3662
-0.0220,-0.0338,1.0200,5.7373,2.6855,-0.3052
-0.0209,-0.0334,1.0205,5.9204,2.8687,-0.4272
-0.0208,-0.0336,1.0212,5.7373,2.6855,-0.5493
-0.0205,-0.0332,1.0217,5.6152,2.8687,-0.7935
-0.0217,-0.0323,1.0216,5.9204,2.8076,-1.0986
-0.0212,-0.0334,1.0220,5.5542,2.6245,-0.7324
-0.0220,-0.0338,1.0219,5.7373,2.6855,-0.6104
-0.0217,-0.0331,1.0214,5.9204,2.6245,-0.7935
-0.0210,-0.0331,1.0203,5.6763,2.6245,-0.4883
-0.0216,-0.0339,1.0198,5.7373,2.5024,-0.4272
-0.0215,-0.0320,1.0222,5.6152,2.5635,-0.4272
-0.0221,-0.0350,1.0217,5.5542,2.7466,-0.4272
-0.0211,-0.0328,1.0210,5.7373,2.6245,-0.6714
-0.0212,-0.0332,1.0216,5.7373,2.5635,-0.7324
-0.0211,-0.0342,1.0212,5.7983,2.6855,-0.4883
-0.0212,-0.0333,1.0215,5.8594,2.8687,-0.6714
-0.0211,-0.0332,1.0221,5.7983,2.7466,-0.7324
-0.0217,-0.0334,1.0217,5.6763,2.8687,-0.8545
-0.0212,-0.0334,1.0228,5.7983,2.7466,-0.6104
-0.0209,-0.0338,1.0233,5.7983,2.6245,-0.6104
-0.0210,-0.0338,1.0209,5.5542,2.6855,-0.7935
-0.0220,-0.0337,1.0206,5.8594,2.8687,-0.6104
-0.0210,-0.0336,1.0223,5.7983,2.5024,-0.4883
-0.0209,-0.0339,1.0216,5.6763,2.6855,-0.3052
-0.0223,-0.0342,1.0199,5.6152,2.7466,-0.3662
-0.0222,-0.0338,1.0209,5.9204,2.8076,-0.4272
-0.0215,-0.0343,1.0220,6.0425,2.8076,-0.6104
-0.0227,-0.0337,1.0211,5.7373,2.8076,-0.6104
-0.0217,-0.0339,1.0222,5.6763,2.8076,-0.6714
-0.0215,-0.0338,1.0216,5.7983,2.7466,-0.7935
-0.0212,-0.0338,1.0209,5.7983,2.7466,-0.9766
-0.0210,-0.0328,1.0233,5.7983,2.6245,-0.7935
-0.0220,-0.0333,1.0193,5.6763,2.6855,-0.7935
-0.0206,-0.0336,1.0211,5.5542,2.5635,-0.6714
-0.0214,-0.0342,1.0216,5.8594,2.6855,-0.7324
-0.0219,-0.0349,1.0208,5.9204,2.7466,-0.7324
-0.0209,-0.0328,1.0219,5.6763,2.6855,-0.8545
-0.0216,-0.0330,1.0212,5.7983,2.8076,-0.6104
-0.0228,-0.0356,1.0200,5.9204,2.9297,-0.4883
-0.0221,-0.0317,1.0226,5.6763,2.8687,-0.5493
-0.0216,-0.0347,1.0197,5.9204,2.8076,-0.8545
-0.0228,-0.0323,1.0217,5.6152,2.9297,-0.4272
-0.0203,-0.0347,1.0212,5.6152,2.8076,-0.5493
-0.0210,-0.0344,1.0215,5.8594,2.9297,-0.5493
-0.0210,-0.0319,1.0212,5.8594,2.7466,-0.6714
-0.0220,-0.0332,1.0212,5.6763,2.8687,-0.5493
-0.0212,-0.0330,1.0210,5.9204,2.8076,-0.8545
-0.0220,-0.0336,1.0220,5.6763,2.6245,-0.6104
-0.0214,-0.0331,1.0199,5.6152,2.6855,-0.4272
-0.0200,-0.0332,1.0214,5.6763,2.9297,-0.4883
FIN_VENTANA
INICIO_VENTANA arriba
-0.0227,-0.0322,1.0243,5.7983,2.8076,-0.7324
-0.0200,-0.0359,1.0205,5.9814,2.7466,-0.7324
-0.0173,-0.0367,1.0251,5.7983,2.5635,-0.5493
-0.0282,-0.0297,1.0175,5.7983,2.4414,-0.5493
-0.0271,-0.0317,1.0204,5.7373,2.5635,-0.5493
-0.0221,-0.0350,1.0234,5.9204,2.6245,-0.6714
-0.0254,-0.0289,1.0212,5.7983,2.5635,-0.1831
-0.0233,-0.0312,1.0220,5.7983,2.5635,-0.7324
-0.0231,-0.0343,1.0192,5.8594,2.6245,-0.4272
-0.0219,-0.0333,1.0227,5.9814,2.6245,-0.3052
-0.0232,-0.0344,1.0244,5.7983,2.6855,-0.1831
-0.0233,-0.0332,1.0204,5.9814,2.8687,-0.4272
-0.0219,-0.0334,1.0243,5.7983,2.6855,-0.5493
-0.0239,-0.0336,1.0197,5.7983,2.7466,-0.3662
-0.0229,-0.0331,1.0229,5.9204,2.6855,-0.5493
-0.0226,-0.0344,1.0205,5.9204,2.6855,-0.3662
-0.0234,-0.0326,1.0232,5.9204,2.5635,-0.4883
-0.0237,-0.0336,1.0215,5.9814,2.8687,-0.4272
-0.0239,-0.0339,1.0199,5.9204,2.6245,-0.4883
-0.0228,-0.0333,1.0234,5.7983,2.8687,-0.4272
-0.0225,-0.0336,1.0212,5.8594,2.6855,-0.5493
-0.0227,-0.0336,1.0217,5.7983,2.8076,-0.6104
-0.0234,-0.0337,1.0219,5.8594,2.6855,-0.3662
-0.0231,-0.0325,1.0240,5.6152,2.8687,-0.1221
-0.0233,-0.0338,1.0217,5.8594,2.7466,-0.2441
-0.0225,-0.0333,1.0211,5.7983,2.6855,-0.4272
-0.0226,-0.0339,1.0211,5.7983,2.7466,-0.3662
-0.0233,-0.0327,1.0217,5.8594,2.7466,-0.4272
-0.0225,-0.0328,1.0217,5.9204,2.6855,-0.6714
-0.0234,-0.0344,1.0211,5.7983,2.9297,-0.5493
-0.0221,-0.0343,1.0205,5.9814,2.9297,-0.7935
-0.0231,-0.0350,1.0199,5.8594,2.8076,-0.6104
-0.0223,-0.0331,1.0234,5.7373,2.9297,-0.4883
-0.0198,-0.0333,1.0240,5.9204,2.8687,-0.4272
-0.0214,-0.0410,1.0024,5.7373,2.6855,-0.6714
-0.0200,-0.0375,1.0144,5.8594,2.6855,-0.7324
-0.0275,-0.0281,1.0266,5.7373,3.0518,-0.2441
-0.0251,-0.0316,1.0264,5.7983,2.6855,-0.3662
-0.0199,-0.0331,1.0258,5.9814,3.0518,0.0610
-0.0212,-0.0317,1.0215,5.8594,2.8687,-0.1831
-0.0214,-0.0331,1.0242,5.8594,2.7466,-0.3052
-0.0240,-0.0343,1.0206,5.9204,2.9297,-0.4883
-0.0236,-0.0334,1.0251,5.9204,2.7466,-0.7324
-0.0239,-0.0326,1.0211,5.7983,2.7466,-0.6104
-0.0228,-0.0337,1.0214,5.7983,2.8076,-0.6714
-0.0219,-0.0336,1.0212,5.9814,2.6855,-0.3662
-0.0236,-0.0348,1.0203,5.9814,2.9907,-0.4883
-0.0222,-0.0325,1.0239,5.7373,2.6245,-0.5493
-0.0225,-0.0336,1.0234,5.8594,2.6245,-0.3052
-0.0232,-0.0326,1.0262,5.7373,2.6245,-0.3662
-0.0237,-0.0342,1.0205,5.7373,2.7466,-0.6714
-0.0232,-0.0325,1.0238,5.9204,2.9297,-0.4272
-0.0220,-0.0325,1.0243,5.7373,2.9297,-0.3662
-0.0233,-0.0341,1.0205,5.8594,2.8076,-0.3052
-0.0223,-0.0332,1.0229,5.9204,2.7466,-0.4272
-0.0233,-0.0348,1.0205,5.8594,2.8076,-0.7935
-0.0229,-0.0325,1.0226,5.7983,2.8076,-0.7324
-0.0220,-0.0343,1.0206,5.8594,2.7466,-0.5493
-0.0220,-0.0339,1.0199,5.9204,2.7466,-0.5493
-0.0234,-0.0336,1.0220,5.9814,2.9297,-0.5493
-0.0223,-0.0334,1.0208,5.8594,2.9297,-0.4883
-0.0222,-0.0337,1.0237,5.7983,2.6855,-0.7324
-0.0225,-0.0338,1.0203,5.6152,3.0518,-0.4272
-0.0233,-0.0338,1.0205,5.9204,2.6245,-0.6104
-0.0229,-0.0325,1.0226,5.8594,2.7466,-0.9155
-0.0225,-0.0339,1.0211,5.9814,2.6855,-0.7935
-0.0234,-0.0321,1.0233,5.8594,2.8687,-0.7935
-0.0231,-0.0339,1.0205,5.7983,2.7466,-0.6104
-0.0238,-0.0336,1.0193,5.9204,2.8076,-0.4883
-0.0234,-0.0331,1.0214,5.8594,2.8687,-0.5493
-0.0225,-0.0341,1.0211,5.9814,2.9907,-0.3662
-0.0229,-0.0328,1.0242,5.9814,2.9297,-0.4883
-0.0225,-0.0342,1.0194,6.0425,2.8687,-0.2441
-0.0234,-0.0349,1.0189,6.1035,2.8076,-0.1831
-0.0225,-0.0352,1.0215,5.7373,2.8076,-0.4272
-0.0229,-0.0305,1.0210,5.8594,2.9297,-0.9766
-0.0223,-0.0337,1.0215,5.7373,2.8687,-0.5493
-0.0236,-0.0330,1.0223,5.9204,2.8076,-0.4272
-0.0222,-0.0344,1.0227,5.7373,2.8076,-0.3662
-0.0231,-0.0338,1.0222,5.8594,2.8687,-0.4272
-0.0234,-0.0309,1.0212,5.9204,2.6245,-0.6104
-0.0229,-0.0336,1.0214,5.7373,2.9297,-0.4272
-0.0226,-0.0328,1.0223,5.9204,2.6855,-0.4272
-0.0237,-0.0333,1.0221,5.9814,2.7466,-0.6714
-0.0227,-0.0334,1.0217,5.9204,2.6855,-0.4272
-0.0226,-0.0334,1.0225,5.6763,2.9297,-0.4272
-0.0226,-0.0347,1.0208,5.9814,2.7466,-0.5493
-0.0236,-0.0341,1.0217,6.0425,2.8076,-0.5493
-0.0232,-0.0332,1.0216,5.7983,2.9297,-0.6104
-0.0220,-0.0343,1.0214,5.8594,2.6245,-0.8545
-0.0233,-0.0337,1.0216,6.1035,2.6245,-0.7935
-0.0229,-0.0332,1.0212,5.9814,2.6855,-0.6714
-0.0238,-0.0333,1.0215,5.8594,2.8687,-0.5493
-0.0226,-0.0337,1.0210,5.9814,2.6855,-0.7324
-0.0225,-0.0338,1.0225,5.7373,2.6855,-0.6104
-0.0229,-0.0339,1.0217,5.9814,2.8076,-0.7935
-0.0232,-0.0337,1.0212,5.7983,2.8076,-0.6714
-0.0233,-0.0341,1.0206,5.8594,2.8076,-0.8545
-0.0227,-0.0333,1.0219,5.9814,2.6855,-0.7324
-0.0189,-0.0328,1.0203,5.7983,2.7466,-0.4272
FIN_VENTANA
INICIO_VENTANA arriba
-0.0245,-0.0311,1.0226,5.7983,2.7466,1.4648
-0.0231,-0.0354,1.0222,5.8594,2.8687,0.3662
-0.0247,-0.0317,1.0227,5.6763,2.6855,0.3662
-0.0237,-0.0322,1.0222,5.9814,2.7466,-0.3052
-0.0243,-0.0345,1.0220,5.6763,2.6855,-0.4272
-0.0240,-0.0339,1.0228,5.9204,2.8076,-0.5493
-0.0244,-0.0349,1.0215,5.9204,2.8076,-0.8545
-0.0234,-0.0327,1.0214,5.8594,2.7466,-0.7935
-0.0228,-0.0325,1.0222,5.8594,2.7466,-0.9155
-0.0226,-0.0341,1.0231,5.9204,2.6245,-0.6714
-0.0223,-0.0342,1.0228,5.8594,2.8076,-0.7324
-0.0234,-0.0344,1.0210,5.8594,2.8687,-0.5493
-0.0234,-0.0337,1.0225,5.7983,2.8076,-0.5493
-0.0247,-0.0339,1.0223,6.0425,2.8076,-0.6104
-0.0237,-0.0344,1.0219,5.7983,2.8687,-0.7935
-0.0233,-0.0328,1.0214,6.0425,2.8076,-0.8545
-0.0236,-0.0341,1.0223,5.7983,2.6855,-0.7324
-0.0236,-0.0339,1.0217,5.7373,2.7466,-0.7935
-0.0233,-0.0341,1.0217,5.5542,2.8076,-0.9155
-0.0243,-0.0332,1.0215,5.7983,2.8076,-0.7324
-0.0236,-0.0334,1.0214,5.8594,2.8687,-0.7324
-0.0232,-0.0341,1.0232,5.8594,2.8687,-0.4272
-0.0240,-0.0347,1.0220,5.9814,2.8076,-0.7935
-0.0238,-0.0330,1.0223,5.7373,2.8076,-0.4883
-0.0222,-0.0339,1.0212,5.8594,2.8687,-0.4883
-0.0236,-0.0338,1.0220,5.7983,2.8076,-0.4272
-0.0236,-0.0336,1.0247,5.6763,2.5635,-0.2441
-0.0239,-0.0332,1.0231,5.5542,2.6855,-0.4883
-0.0231,-0.0342,1.0222,5.8594,2.8687,-0.7324
-0.0231,-0.0336,1.0229,5.8594,2.8076,-0.6714
-0.0240,-0.0338,1.0208,5.5542,2.6245,-0.4883
-0.0239,-0.0336,1.0238,5.7373,2.8076,-0.6714
-0.0232,-0.0337,1.0208,5.8594,2.7466,-0.6104
-0.0225,-0.0341,1.0221,5.9204,2.7466,-0.6714
-0.0239,-0.0341,1.0222,5.9204,2.7466,-0.7935
-0.0231,-0.0343,1.0214,5.6763,2.7466,-0.6104
-0.0233,-0.0337,1.0233,5.7373,2.8076,-0.6104
-0.0239,-0.0344,1.0220,5.7373,2.5635,-0.7324
-0.0232,-0.0344,1.0219,5.7373,2.6855,-0.7324
-0.0247,-0.0328,1.0194,5.8594,2.6245,-0.7324
-0.0233,-0.0344,1.0236,5.6763,2.7466,-0.1831
-0.0229,-0.0337,1.0228,5.8594,2.5635,0.1221
-0.0221,-0.0430,1.0236,5.7373,2.6245,2.0752
-0.0278,-0.0298,1.0247,5.8594,2.3804,0.3662
-0.0276,0.0735,1.0280,1.7700,3.1738,12.2681
-0.0306,-0.0272,1.0222,-1.8921,2.9297,1.5259
-0.0319,-0.0085,1.0096,7.3853,2.6245,0.4272
-0.0284,-0.0234,1.0199,3.1738,2.7466,1.5259
-0.0314,-0.0316,1.0205,6.6528,3.3569,6.0425
-0.0203,-0.0452,1.0217,5.1880,3.0518,7.3853
-0.0245,-0.0553,1.0214,9.7656,2.8687,7.2632
-0.0220,-0.0359,1.0303,13.2446,3.1738,4.9438
-0.0212,-0.0347,1.0195,5.8594,3.0518,3.3569
-0.0217,-0.0227,1.0226,5.9814,3.7231,-1.8311
-0.0193,-0.0223,1.0211,2.9297,3.4790,-4.1504
-0.0243,-0.0026,1.0260,1.1597,3.2349,-6.4087
-0.0229,-0.0264,1.0167,10.0098,1.6479,-4.8218
-0.0228,-0.0345,1.0209,6.1646,2.1973,-4.8218
-0.0332,-0.0316,1.0214,5.8594,2.7466,-4.6387
-0.0227,-0.0519,1.0236,5.7373,2.8076,-5.9204
-0.0310,-0.0483,1.0125,15.2588,5.1270,-6.1646
-0.0066,-0.0444,1.0266,16.8457,5.0049,-3.9673
-0.1298,-0.1847,0.9491,17.5781,4.6387,-2.6245
-0.0212,-0.0687,1.0282,10.4980,2.8687,-0.9766
-0.0172,-0.0288,1.0273,14.1602,2.6245,1.5869
-0.0234,-0.0527,1.0284,15.8081,2.8076,0.1831
-0.0216,-0.0596,1.0330,21.8506,2.9297,-1.1597
0.1359,-0.1013,1.5446,26.9775,31.4331,-3.5400
-0.0388,-0.2795,1.0752,358.8867,118.1030,8.4839
0.2321,-0.4266,0.4568,756.3477,59.9976,55.7861
0.0908,-0.8036,0.6077,460.6323,-41.7480,6.4697
0.1176,-0.6271,0.3954,369.0796,-22.0947,8.4229
-0.0546,-0.8801,0.0004,721.0083,-87.0361,-22.3389
0.2910,-0.3368,0.4408,-289.8560,-109.0088,5.7373
-0.0051,-1.2731,0.4271,11.7798,-77.5757,4.6387
0.0435,-1.0515,0.1816,7.1411,18.0054,-0.4272
0.0575,-1.0229,0.1373,5.2490,10.7422,0.1221
0.0640,-1.0270,0.1301,5.8594,3.5400,0.1831
0.0803,-1.0203,0.1031,6.3477,2.0752,0.9155
0.0469,-1.0172,0.1198,6.7749,-8.9111,1.5259
0.0591,-1.0243,0.1476,7.5684,-17.0898,1.7090
0.0681,-1.0267,0.1399,8.1177,-17.0288,2.0752
0.0963,-1.0194,0.1190,7.9346,-16.6626,2.0142
0.0862,-0.9636,0.1172,8.6060,-26.0010,3.7231
0.0403,-1.0123,0.1145,8.9111,-35.8887,4.3335
0.0309,-0.9943,0.1569,8.9111,-42.4805,4.5776
0.0485,-0.9983,0.1619,8.9111,-43.8232,5.1270
0.0549,-1.0044,0.1549,9.7656,-43.4570,5.2490
0.1831,-1.0510,0.1843,11.1084,-46.9360,4.3335
0.1660,-1.0288,0.1553,9.4604,-44.2505,2.5024
0.1942,-1.0359,0.1730,7.0801,-42.1753,0.6714
0.2692,-1.0240,0.2002,9.0942,-32.2876,1.8921
-0.1686,-1.0198,0.2589,7.3853,-22.7051,-13.0615
-0.0885,-1.0426,0.2555,-20.0806,-21.2402,3.1128
0.0175,-1.0009,0.2488,10.5591,-30.2124,3.1738
-0.0533,-0.9836,0.2517,19.3481,-12.4512,-2.9907
0.0476,-1.0405,0.1594,27.0386,22.5830,-9.7656
0.0333,-1.0363,0.1482,5.6152,6.7139,-3.4180
0.0392,-1.0258,0.1620,6.1035,2.8687,-1.5869
0.0411,-1.0248,0.1559,5.7983,2.6855,-0.2441
FIN_VENTANA
INICIO_VENTANA arriba
0.0391,-1.0236,0.1570,5.8594,2.6855,-0.6714
0.0393,-1.0221,0.1564,5.8594,2.5635,-0.6714
0.0392,-1.0239,0.1577,5.8594,2.6855,-0.6714
0.0394,-1.0214,0.1588,5.7983,2.6855,-0.6104
0.0388,-1.0249,0.1583,5.8594,2.7466,-0.6104
0.0393,-1.0237,0.1560,5.7983,2.6245,-0.7935
0.0391,-1.0223,0.1577,5.7373,2.6245,-0.4883
0.0386,-1.0221,0.1592,7.9346,3.8452,2.4414
0.0411,-0.9409,0.1466,161.8652,60.1196,14.1602
0.0387,-1.0133,-0.1237,-4.2114,55.6641,-1.3428
0.0833,-1.0454,0.1057,12.6953,-17.0898,-0.4272
0.0597,-1.0475,0.0103,3.1738,16.6626,0.6104
0.0819,-1.0250,-0.0266,-32.2876,-17.5171,-1.0986
-0.1963,-0.9359,0.3033,59.5703,-76.5381,-0.8545
0.1268,-1.0168,0.3029,8.7280,-28.0151,-0.0610
0.1580,-0.9907,0.3015,241.9434,56.3354,-3.2959
0.0333,-1.0906,0.0371,172.0581,102.4170,-7.5073
-0.0865,-0.9221,0.3344,-98.4497,175.4150,-60.8521
-0.1204,-1.0131,-0.7892,-214.7827,189.6362,-45.0439
-0.1294,-1.1215,-0.5546,-28.8086,-49.2554,-63.5376
-0.1333,-1.3633,0.1416,33.1421,-175.0488,-1.5259
0.0627,-1.1709,0.5575,-46.6309,-98.0835,72.5708
-0.0306,-1.0696,0.3115,0.3052,46.7529,87.0972
-0.1193,-0.9945,0.1681,-73.7305,137.5122,76.5991
-0.1078,-0.8864,-0.1663,-64.6362,119.5068,61.5234
0.1858,-0.9055,-0.1469,-39.1235,63.5986,52.4292
0.1836,-0.8828,-0.1769,11.7798,7.2632,10.1929
-0.0165,-0.5651,0.2944,228.0884,-45.7153,-33.3862
0.0594,-1.2660,0.5110,-94.9707,-32.8979,-25.2686
0.2184,-0.9014,0.2194,32.3486,55.9082,39.0015
0.2659,-0.9650,0.0255,-154.0527,74.7070,-5.0659
0.0282,-1.0778,-0.1180,-265.9912,35.7666,-36.9263
0.1040,-0.9498,0.4915,-416.4429,-61.9507,-40.4663
0.0923,-0.5955,0.5570,-273.1323,-37.1094,-34.2407
0.1627,-0.6276,-0.1202,-112.9761,-58.1055,-54.1992
-0.2340,-0.6532,0.2474,-218.8110,-214.2944,-53.7720
-0.5212,-0.5680,1.0015,-101.3184,-331.4209,-33.9966
-0.5192,-0.4283,0.7815,32.5317,-11.1694,78.7964
-0.0007,-0.0277,0.9133,-124.7559,62.5000,-110.5347
-0.6597,-1.2358,1.4523,-271.1182,33.0200,-146.4844
-0.3788,-0.5095,0.8492,-46.3867,45.4102,-20.7520
-0.3051,-0.2408,0.9049,-84.2896,7.6904,-7.8125
-0.3737,-0.1323,0.9408,-199.7681,-29.9072,-33.9966
-0.3423,0.0024,1.0359,-166.0156,-19.1650,-39.9780
-0.2909,-0.0502,0.9872,-132.8735,18.7988,-52.6733
-0.2792,-0.1024,0.9434,21.1792,23.0713,-20.1416
-0.1942,-0.0564,0.9855,116.8823,28.5034,16.7847
-0.2019,0.0599,1.0140,5.5542,60.1196,1.8921
-0.1805,-0.1210,1.0267,6.7749,50.9644,-8.3618
-0.2491,-0.0140,1.0009,6.9580,37.4756,-8.8501
-0.2683,0.1451,0.9890,-63.0493,46.6919,-3.6621
-0.2572,0.2097,1.0121,-103.4546,50.7202,-40.1611
-0.1737,-0.1024,1.0695,-148.0103,22.7051,-62.8662
-0.1166,0.1754,0.9951,-59.2651,6.8970,-13.1226
-0.1554,0.2968,0.9502,40.9546,-2.1362,-10.8643
-0.1431,0.0824,1.0072,163.8794,-8.5449,-7.4463
-0.1300,0.0664,1.0234,90.6982,-2.9297,3.0518
-0.1462,0.0337,0.9860,48.0347,-0.9155,14.0991
-0.1024,-0.0398,1.0101,87.1582,9.7656,16.2964
-0.1410,0.0906,1.0013,-10.6812,43.0298,10.3760
-0.1118,0.1154,1.0038,-21.3623,46.0815,0.0610
-0.1271,-0.0114,1.0258,76.1719,24.4141,-8.5449
-0.1298,0.1099,1.0121,91.6748,10.3760,-4.2725
-0.0862,-0.0231,1.0288,5.7983,12.8784,3.7231
-0.0621,-0.0221,1.0103,5.6152,10.1929,9.7656
-0.0376,0.0237,1.0034,5.1270,18.3716,2.1973
-0.0581,-0.0533,1.0319,5.3711,25.8179,-4.5776
-0.0669,-0.0452,1.0349,5.7983,11.5967,0.0610
-0.0610,0.0288,1.0229,5.6152,3.5400,-4.0283
-0.0519,-0.1381,1.0236,5.9814,0.7935,-9.2163
-0.0557,-0.0304,1.0280,5.8594,-0.4883,-1.0376
-0.0651,-0.0170,1.0249,6.1035,-4.5166,-4.0894
-0.0637,-0.0345,1.0112,6.1035,-4.1504,-4.6387
-0.0664,-0.0317,1.0159,6.1035,1.2817,-1.8311
-0.0563,-0.0363,1.0203,5.9204,2.8076,-1.7700
-0.0571,-0.0339,1.0250,5.7373,3.2349,-1.9531
-0.0551,-0.0349,1.0231,5.9814,1.2207,-2.8076
-0.0609,-0.0341,1.0177,5.6763,1.5869,-0.1221
-0.0562,-0.0350,1.0193,5.6763,2.8687,-0.4883
-0.0576,-0.0314,1.0226,5.6152,2.8076,0.0610
-0.0646,-0.0403,1.0203,5.9814,2.9297,1.3428
-0.0565,-0.0312,1.0233,5.9814,3.8452,-1.8311
-0.0596,-0.1355,1.0212,5.7983,3.4790,1.2207
-0.0565,0.0006,1.0146,5.7983,4.0894,6.6528
-0.0457,-0.0543,1.0222,5.6763,5.7983,1.2817
-0.0598,-0.0258,1.0239,5.7373,5.6763,2.0752
-0.0592,-0.0331,1.0214,5.7373,3.7231,-0.7935
-0.0548,-0.0310,1.0194,5.8594,4.3335,-0.6104
-0.0563,-0.0762,1.0194,5.4932,3.7231,2.2583
-0.0525,-0.0385,1.0205,5.7983,4.1504,0.0000
-0.0469,-0.0538,1.0203,5.7373,5.4932,2.3193
-0.0471,-0.0007,1.0231,5.8594,6.1035,4.5166
-0.0482,-0.0671,1.0181,5.4321,5.4321,1.4648
-0.0450,-0.0283,1.0210,5.8594,6.2256,-0.2441
-0.0438,-0.0334,1.0236,5.6152,4.9438,-0.1221
-0.0444,-0.0331,1.0212,5.7983,4.4556,0.2441
-0.0405,-0.0344,1.0233,5.6763,6.2256,0.9155
-0.0388,-0.0352,1.0234,5.6152,5.1880,0.2441
-0.0382,-0.0375,1.0210,5.6763,4.1504,-0.0610
-0.0397,-0.0366,1.0173,5.7983,4.6387,0.6104
FIN_VENTANA
INICIO_VENTANA arriba
-0.0215,-0.0336,1.0227,5.9204,2.8076,-0.0610
-0.0216,-0.0342,1.0226,5.7983,2.6855,0.2441
-0.0217,-0.0347,1.0215,5.4932,2.5635,0.1221
-0.0208,-0.0372,1.0212,5.7373,2.6855,-0.7935
-0.0205,-0.0376,1.0214,5.7983,2.9907,-0.6714
-0.0217,-0.0347,1.0232,5.7983,2.5635,0.0610
-0.0203,-0.0354,1.0223,5.5542,2.7466,0.1221
-0.0199,-0.0330,1.0237,5.7983,2.7466,-0.2441
-0.0223,-0.0326,1.0212,5.4932,2.5635,-0.7935
-0.0232,-0.0321,1.0208,5.6763,2.6245,-0.6714
-0.0244,-0.0349,1.0209,5.1880,1.9531,-0.0610
-0.0247,-0.0363,1.0208,6.5308,0.1221,-1.2207
-0.0214,-0.0388,1.0242,5.7373,-2.3804,-3.2349
-0.0254,-0.0387,1.0238,5.7983,-3.7231,-5.2490
-0.0314,-0.0292,1.0198,5.9204,-3.2959,-5.0049
-0.0405,-0.0724,1.0271,5.9204,-3.1128,-2.0142
-0.0421,-0.0079,1.0250,5.8594,-6.4087,5.3711
-0.0519,-0.0203,1.0154,5.3711,-1.8311,4.3945
-0.0461,0.0042,1.0208,5.7983,0.0610,2.3804
-0.0469,-0.0364,1.0165,5.6152,1.5259,0.7324
-0.0431,-0.0415,1.0226,5.7373,2.3804,0.0000
-0.0500,-0.0320,1.0183,5.9204,3.1738,-0.4883
-0.0480,-0.0341,1.0206,5.7983,4.2725,-0.6104
-0.0408,-0.0377,1.0304,5.8594,2.2583,-0.8545
-0.0482,-0.0217,1.0212,6.1035,2.5024,3.4180
-0.0377,-0.0481,1.0211,5.6763,4.2725,5.0659
-0.0431,-0.0442,1.0248,5.4932,3.6011,7.2021
-0.0582,-0.0018,1.0273,5.9204,1.6479,9.2773
-0.0457,-0.0647,1.0243,5.4932,-1.0986,2.8687
-0.0325,-0.1025,1.0243,5.9814,-2.5635,0.0000
-0.0659,-0.0848,1.0222,5.9204,-4.3335,8.3008
-0.0793,0.0259,1.0295,5.7373,-9.0332,13.6719
-0.0878,-0.0115,1.0286,5.6763,-12.5732,6.4087
-0.0857,-0.0334,1.0223,6.1035,-21.0571,1.3428
-0.1019,-0.0619,1.0521,23.6206,-19.5923,-2.6245
-0.1125,-0.1149,1.0436,55.8472,-14.1602,4.1504
-0.1257,-0.0878,1.0111,83.6182,-10.2539,11.9019
-0.1107,-0.1008,0.9906,64.8804,-5.0659,6.7749
-0.1049,-0.1663,0.9796,36.0718,1.9531,0.4883
-0.0983,-0.1995,0.9822,16.4795,8.9722,1.2207
-0.0613,-0.2290,0.9698,-35.0952,7.9956,4.3335
-0.1172,-0.2336,1.0216,-74.4629,4.6387,20.8130
-0.1235,0.0117,1.0229,-35.7056,8.1787,17.4561
-0.1530,-0.0443,1.0872,-22.3389,0.0610,0.4883
-0.1602,-0.0646,1.0006,32.8979,-0.0610,-1.8921
-0.0686,-0.1873,0.9813,-1.9531,-3.1738,-3.4790
-0.1412,-0.0071,1.0355,2.8076,0.1831,22.5220
-0.1150,-0.0210,0.9730,-8.3008,5.1270,5.6763
-0.1044,0.0197,0.9843,-39.2456,10.5591,4.7607
-0.0922,-0.1333,1.0229,5.9204,15.5029,-10.8643
-0.0908,-0.0764,1.0428,-52.7954,14.7705,4.1504
0.3217,0.3696,0.9523,-62.9272,16.7236,24.1089
-0.2642,-0.0605,1.0105,-79.2847,32.1655,-18.0664
-0.0897,-0.0439,1.0444,0.9766,5.1880,-3.2349
-0.0593,0.0946,0.9965,32.5928,-1.7090,13.1836
-0.0553,0.1091,1.0277,41.4429,9.8267,3.4180
-0.0728,0.0472,1.0240,40.1001,5.7373,0.2441
-0.0656,-0.0319,1.0209,46.2036,3.7231,-1.3428
-0.0359,0.0146,1.0249,21.7896,8.9111,1.5259
-0.0486,-0.0446,1.0266,15.8081,4.9438,3.2959
-0.0729,-0.0284,1.0217,5.7983,5.4321,-1.8311
-0.0878,-0.0243,1.0298,6.1646,3.5400,-5.4321
-0.0707,-0.0891,1.0118,6.7749,1.1597,-7.8125
-0.0587,-0.0608,1.0223,5.6763,4.2725,-7.0190
-0.0580,-0.0398,1.0222,5.7373,3.1738,-2.8076
-0.0654,-0.0396,1.0208,5.9204,4.2725,-0.5493
-0.0750,-0.0504,1.0239,5.7983,4.6997,-1.7700
-0.0825,-0.0338,1.0176,6.1035,2.8687,-5.9814
-0.0610,-0.0764,1.0215,6.1646,4.0894,-4.5776
-0.0708,-0.0521,1.0220,6.1646,3.4790,-3.7231
-0.0612,-0.0438,1.0225,5.6763,2.9297,-2.8076
-0.0629,-0.0366,1.0221,5.9204,3.0518,-1.9531
-0.0708,-0.0298,1.0214,5.7983,2.8076,-1.5259
-0.0627,-0.0391,1.0209,5.8594,2.2583,-1.7700
-0.0632,-0.0327,1.0212,5.6763,2.9907,-0.9155
-0.0718,-0.0157,1.0231,5.7373,3.4790,-1.2207
-0.0645,-0.0463,1.0267,6.1035,1.5869,-7.0801
-0.0697,-0.0287,1.0197,6.3477,0.1831,-7.7515
-0.0525,-0.0476,1.0240,6.1035,2.7466,-5.3101
-0.0591,-0.0438,1.0206,5.8594,2.8687,-2.5024
-0.0592,-0.0381,1.0220,5.9204,2.9907,-2.1362
-0.0635,-0.0399,1.0172,5.4932,4.3335,1.2207
-0.0564,-0.0220,1.0186,5.6152,5.4932,1.6479
-0.0580,-0.0369,1.0226,5.6152,5.5542,0.5493
-0.0615,-0.0378,1.0198,5.5542,5.7983,-1.2207
-0.0621,-0.0405,1.0247,5.7373,4.3945,-1.0376
-0.0554,-0.0392,1.0206,5.8594,3.6621,-2.3804
-0.0632,-0.0306,1.0215,5.7983,4.8218,-0.6714
-0.0511,-0.0168,1.0181,5.7983,5.1880,0.1221
-0.0596,-0.0447,1.0197,5.8594,9.8877,-2.5024
-0.0444,-0.0343,1.0316,-23.1934,11.5967,-0.0610
-0.0560,-0.0139,1.0182,-7.0801,6.1646,-2.0752
-0.0365,-0.0132,1.0245,-2.9297,5.3711,-0.4883
-0.0265,-0.0189,1.0203,11.7798,2.3804,-4.6387
-0.0559,-0.0588,1.0160,42.0532,-4.0283,1.1597
-0.0575,-0.0255,1.0208,5.9204,1.4648,1.1597
-0.0540,-0.0297,1.0171,5.8594,1.2817,-0.9766
-0.0566,-0.0404,1.0109,6.0425,4.6387,-9.9487
-0.0597,-0.0100,1.0237,5.9204,4.6387,-10.6201
-0.0262,0.0247,1.0234,6.2866,3.7842,-4.6997
FIN_VENTANA
INICIO_VENTANA arriba
-0.0844,-0.0950,1.0189,-19.9585,16.4795,-2.3193
-0.0924,-0.0176,1.0024,56.3965,9.5825,16.5405
-0.1034,0.0405,1.0063,69.0918,14.0381,7.3853
-0.0905,-0.0038,1.0144,5.3101,27.7100,1.4038
-0.0870,-0.1090,1.0269,5.6763,26.1841,-4.8828
-0.0807,-0.0402,1.0327,5.0659,16.7236,-0.0610
-0.0597,-0.0593,1.0238,-7.6294,12.6953,5.4321
-0.0162,-0.0356,1.0393,-12.3291,13.6719,14.2212
-0.0414,0.0063,1.0150,0.7935,5.4321,22.2778
-0.0704,0.0352,1.0096,18.5547,2.9907,13.0005
-0.0383,-0.0021,1.0168,33.5693,3.0518,5.4932
-0.0162,-0.0352,1.0220,5.6763,7.6294,6.3477
-0.0302,-0.0231,1.0214,5.7373,6.4697,5.0659
-0.0233,-0.0449,1.0240,5.7983,6.8359,1.7090
-0.0504,-0.0413,1.0201,5.4321,5.1270,1.5259
-0.0172,-0.0247,1.0206,5.7983,4.6997,-0.0610
-0.0383,0.0132,1.0206,5.7373,6.2256,-0.9766
-0.0408,-0.0112,1.0182,5.6763,6.3477,-8.8501
-0.0052,-0.0839,1.0238,5.6152,8.1177,-3.6621
-0.0168,-0.0144,1.0238,5.7373,6.7749,-1.5259
-0.0210,-0.0304,1.0225,5.7373,5.6763,2.5635
-0.0181,-0.0781,1.0217,6.4697,4.4556,-9.5825
-0.0259,-0.0370,1.0234,5.4321,2.9907,-3.0518
-0.0186,-0.0486,1.0237,5.7373,2.9297,-2.6245
-0.0182,-0.0342,1.0217,3.1738,11.7798,0.1221
-0.0251,-0.0280,1.0404,5.6763,5.5542,2.5024
-0.0105,-0.0337,1.0176,5.6763,8.8501,-0.1831
-0.0199,-0.0132,1.0236,5.7373,5.1270,-1.0376
-0.0165,-0.0199,1.0111,5.9814,0.7935,-2.0752
-0.0425,0.0453,1.0249,5.4321,-1.6479,-1.5259
0.0009,-0.0668,1.0216,5.6152,2.9297,-6.0425
-0.0073,-0.0641,1.0211,5.7373,3.1128,-2.4414
-0.0187,-0.0291,1.0283,5.7983,3.4790,-0.7935
-0.0123,-0.0354,1.0265,5.9814,3.8452,-1.5869
-0.0129,-0.0270,1.0197,5.9814,6.6528,1.4038
-0.0066,-0.0442,1.0262,5.9204,4.6997,-1.2207
-0.0068,-0.0309,1.0192,5.7983,4.4556,-0.7324
-0.0106,-0.0302,1.0239,5.8594,3.4790,-0.9766
-0.0049,-0.0333,1.0170,5.9204,4.5166,0.0610
0.0035,-0.0181,1.0240,5.7983,2.2583,1.2207
-0.0190,-0.0421,1.0170,5.6763,4.0283,-0.6714
0.0017,-0.0297,1.0265,5.7983,4.1504,1.4648
-0.0027,-0.0249,1.0232,6.1035,4.8828,1.2207
-0.0056,-0.0309,1.0204,5.6763,3.8452,0.1221
-0.0022,-0.0308,1.0200,5.8594,3.6621,-0.3662
-0.0010,-0.0299,1.0221,5.6763,3.6621,-1.0986
-0.0016,-0.0383,1.0223,6.0425,3.6011,-1.0376
-0.0095,-0.0243,1.0271,5.7983,3.7231,-0.2441
-0.0002,-0.0320,1.0203,5.8594,4.0283,-1.2817
-0.0010,-0.0317,1.0176,5.6152,3.3569,-2.0142
0.0028,-0.0347,1.0223,5.7983,1.5259,0.0000
-0.0002,-0.0206,1.0278,5.9204,1.8921,0.6104
-0.0037,-0.0392,1.0200,5.7373,2.2583,0.1221
-0.0015,-0.0298,1.0229,5.8594,2.5024,1.3428
-0.0020,-0.0367,1.0208,5.7983,2.8687,-0.0610
-0.0026,-0.0303,1.0200,5.7983,3.4180,0.4272
0.0006,-0.0273,1.0212,5.8594,3.4180,0.4883
0.0048,-0.0424,1.0214,5.9204,2.9907,-0.4883
-0.0070,-0.0172,1.0159,5.7373,4.0283,1.8311
0.0002,-0.0309,1.0219,5.8594,3.9673,0.6714
0.0002,-0.0278,1.0193,5.7983,3.2349,0.9155
-0.0017,-0.0332,1.0261,5.7983,3.6621,-0.2441
0.0007,-0.0330,1.0216,5.5542,3.2349,-0.4272
-0.0006,-0.0308,1.0192,5.7983,3.4180,-0.4883
0.0024,-0.0312,1.0172,5.7373,3.5400,-0.0610
-0.0001,-0.0317,1.0215,5.6763,2.3193,-0.9766
0.0056,-0.0422,1.0211,5.7983,3.3569,-1.5869
0.0016,-0.0327,1.0217,5.9204,2.5635,-1.4648
0.0021,-0.0316,1.0216,5.7983,2.3193,-1.0986
-0.0009,-0.0303,1.0209,5.9204,1.2207,-1.4648
-0.0015,-0.0306,1.0214,5.6763,1.2817,-1.7090
0.0000,-0.0317,1.0184,5.9814,2.7466,-1.5869
-0.0032,-0.0305,1.0249,5.9204,1.8921,-1.0986
-0.0009,-0.0322,1.0199,5.7373,1.9531,-0.4883
-0.0028,-0.0326,1.0231,5.7373,2.2583,-0.6714
-0.0040,-0.0315,1.0223,5.7373,2.2583,-0.7935
-0.0034,-0.0273,1.0282,5.9204,2.5024,-0.9766
-0.0040,-0.0309,1.0212,5.8594,1.5259,-1.5259
-0.0037,-0.0341,1.0242,5.7983,2.5024,-0.9155
-0.0034,-0.0323,1.0214,5.8594,2.5024,-0.3052
-0.0096,-0.0325,1.0159,5.9814,2.0752,-0.7324
-0.0027,-0.0310,1.0221,5.7983,1.0376,-0.9155
-0.0071,-0.0314,1.0239,5.7983,1.4038,-0.6104
-0.0061,-0.0304,1.0220,5.7983,2.0142,0.0610
-0.0073,-0.0299,1.0239,5.7983,2.4414,-0.7935
-0.0085,-0.0325,1.0248,5.6763,2.5024,-0.8545
-0.0059,-0.0305,1.0199,5.8594,2.3804,-0.3052
-0.0045,-0.0342,1.0199,5.6763,2.1973,-0.1221
-0.0052,-0.0305,1.0204,5.9204,2.6245,-0.2441
-0.0056,-0.0315,1.0212,5.7983,2.9297,-0.6714
-0.0066,-0.0314,1.0234,5.7373,2.6855,-0.0610
-0.0042,-0.0303,1.0209,5.7373,2.5635,0.0000
-0.0045,-0.0240,1.0249,5.6152,2.4414,-0.7935
-0.0050,-0.0320,1.0175,5.9814,2.7466,-1.9531
-0.0077,-0.0278,1.0236,5.7983,1.5869,-1.2207
-0.0060,-0.0400,1.0225,5.8594,2.8687,-2.1973
-0.0012,-0.0243,1.0214,5.7373,2.0142,-1.8921
-0.0082,-0.0240,1.0211,5.8594,3.1128,-0.8545
-0.0073,-0.0205,1.0209,5.7373,2.3193,-2.5635
-0.0076,-0.0359,1.0216,5.8594,2.3804,-1.4648
FIN_VENTANA
INICIO_VENTANA arriba
-0.0076,-0.0270,1.0199,5.7983,2.4414,-0.8545
-0.0131,-0.0358,1.0187,5.7983,2.6855,-0.6714
-0.0083,-0.0225,1.0238,6.0425,2.9297,-0.7935
-0.0120,-0.0430,1.0201,5.5542,3.4180,-2.6245
-0.0121,-0.0256,1.0243,5.7983,2.8076,-1.5869
-0.0115,-0.0262,1.0229,5.7983,3.1738,-1.3428
-0.0138,-0.0280,1.0245,5.6763,2.9297,-1.7700
-0.0101,-0.0259,1.0201,5.7373,3.2349,-2.1973
-0.0045,-0.0105,1.0183,5.6152,3.1128,-1.4038
-0.0127,-0.0458,1.0204,5.7983,2.8076,-2.9907
-0.0120,-0.0227,1.0216,5.6763,2.7466,-2.9297
-0.0096,-0.0337,1.0231,5.7983,2.8687,-2.1362
-0.0121,-0.0371,1.0208,5.7983,2.6245,-2.4414
-0.0099,-0.0319,1.0188,5.6763,2.5635,-1.2817
-0.0104,-0.0360,1.0179,5.6763,2.6245,-1.9531
-0.0095,-0.0358,1.0200,5.9814,2.5635,-1.2817
-0.0118,-0.0323,1.0188,5.7983,2.5024,-1.2817
-0.0134,-0.0316,1.0253,5.6763,2.0142,-0.9155
-0.0116,-0.0333,1.0198,5.7373,1.7700,-0.9766
-0.0116,-0.0240,1.0209,5.6763,2.3804,-1.2817
-0.0110,-0.0264,1.0172,5.9204,2.5024,-0.9766
-0.0138,-0.0359,1.0223,5.9204,2.6855,-3.2349
-0.0112,-0.0280,1.0217,5.6152,2.8076,-1.4648
-0.0120,-0.0315,1.0225,5.8594,2.8076,-1.4038
-0.0114,-0.0369,1.0195,5.7373,2.9907,-1.8921
-0.0099,-0.0254,1.0199,5.9814,3.2349,-0.9766
-0.0135,-0.0449,1.0210,5.7983,2.9907,-2.6245
-0.0143,-0.0276,1.0216,5.5542,2.9907,-1.5869
-0.0125,-0.0375,1.0211,5.9204,2.7466,-1.9531
-0.0115,-0.0356,1.0205,5.7373,2.6855,-1.6479
-0.0112,-0.0341,1.0208,5.7983,2.6245,-0.8545
-0.0129,-0.0322,1.0217,5.7983,2.4414,-0.9155
-0.0128,-0.0319,1.0216,5.7373,3.0518,-0.4272
-0.0129,-0.0266,1.0228,5.7983,2.8076,-0.7935
-0.0067,-0.0231,1.0165,5.7983,2.9907,-1.8311
-0.0121,-0.0391,1.0167,5.8594,2.9297,-1.2207
-0.0129,-0.0328,1.0223,5.7983,2.6855,-0.6714
-0.0109,-0.0326,1.0203,5.9204,2.6245,-0.7324
-0.0120,-0.0325,1.0242,5.9204,2.5024,-0.5493
-0.0123,-0.0325,1.0229,5.5542,2.5635,-0.7935
-0.0116,-0.0336,1.0204,5.7373,2.5024,-0.4883
-0.0107,-0.0317,1.0212,5.8594,2.8687,-0.8545
-0.0125,-0.0331,1.0205,5.7983,2.8687,-0.9155
-0.0118,-0.0317,1.0212,5.7373,2.6245,-0.5493
-0.0115,-0.0317,1.0215,5.7983,2.6245,-0.5493
-0.0120,-0.0320,1.0219,5.9204,2.4414,-0.4272
-0.0120,-0.0320,1.0217,5.9814,2.6855,-0.4272
-0.0112,-0.0323,1.0210,5.7983,2.6245,-1.1597
-0.0114,-0.0316,1.0223,5.8594,2.5024,-1.2207
-0.0114,-0.0332,1.0189,5.8594,2.5024,-1.0986
-0.0111,-0.0323,1.0247,5.9204,2.9297,-0.7935
-0.0123,-0.0310,1.0208,5.7983,2.8076,-0.6104
-0.0120,-0.0331,1.0206,5.7983,3.1128,-0.3662
-0.0115,-0.0317,1.0209,5.7983,3.0518,-0.4883
-0.0129,-0.0323,1.0231,5.7373,2.7466,-0.6714
-0.0133,-0.0330,1.0229,5.7983,3.1128,-0.9766
-0.0106,-0.0309,1.0229,5.8594,2.8687,-0.6714
-0.0128,-0.0312,1.0229,5.8594,2.4414,-0.6714
-0.0122,-0.0325,1.0205,5.8594,2.5024,-0.6104
-0.0096,-0.0330,1.0181,5.6763,2.8687,-0.3662
-0.0101,-0.0322,1.0228,5.7983,2.6855,-0.1831
-0.0112,-0.0293,1.0195,5.7983,2.7466,0.1221
-0.0132,-0.0267,1.0229,5.8594,2.9907,0.0000
-0.0128,-0.0465,1.0200,5.7373,2.9297,-0.9766
-0.0120,-0.0305,1.0242,5.6152,2.5635,-0.9766
-0.0106,-0.0382,1.0172,5.6152,2.7466,-1.4648
-0.0117,-0.0341,1.0228,5.6763,2.6245,-0.7935
-0.0112,-0.0344,1.0181,5.7983,3.0518,-1.9531
-0.0110,-0.0420,1.0239,5.7983,2.7466,-1.3428
-0.0121,-0.0382,1.0231,5.9814,2.8687,-1.5259
-0.0107,-0.0320,1.0160,5.7373,2.6855,-0.9155
-0.0120,-0.0270,1.0231,5.8594,2.8076,-0.9766
-0.0117,-0.0354,1.0172,5.8594,3.2349,-1.4648
-0.0109,-0.0238,1.0214,5.7373,2.8076,-1.9531
-0.0112,-0.0385,1.0216,5.6763,2.6855,-1.2817
-0.0107,-0.0328,1.0195,5.8594,2.5024,-0.7935
-0.0118,-0.0308,1.0237,5.7373,2.3193,-1.0986
-0.0111,-0.0341,1.0201,5.6152,2.7466,-0.7324
-0.0115,-0.0242,1.0228,5.7373,2.6855,-1.3428
-0.0114,-0.0328,1.0192,5.4932,2.5024,-1.1597
-0.0114,-0.0339,1.0194,5.7983,2.6855,-0.8545
-0.0109,-0.0330,1.0216,5.6763,2.8687,-0.6714
-0.0118,-0.0326,1.0217,5.6152,2.5635,-0.7324
-0.0112,-0.0327,1.0210,5.7373,2.9907,-0.6104
-0.0115,-0.0320,1.0212,5.6763,2.7466,-0.4883
-0.0116,-0.0317,1.0226,5.6763,2.6855,-0.6104
-0.0123,-0.0319,1.0242,5.9814,2.5635,-0.7935
-0.0114,-0.0323,1.0282,5.8594,2.7466,-0.2441
-0.0107,-0.0298,1.0198,5.7373,3.0518,-0.3052
-0.0106,-0.0312,1.0210,6.0425,2.8076,-0.6714
-0.0114,-0.0328,1.0217,5.7983,2.8076,-0.8545
-0.0122,-0.0330,1.0232,5.7373,2.4414,-0.6714
-0.0122,-0.0317,1.0209,5.9814,2.6245,-0.9766
-0.0111,-0.0331,1.0167,5.8594,2.6245,-1.0376
-0.0120,-0.0332,1.0231,5.7373,2.6855,-0.8545
-0.0117,-0.0325,1.0219,5.7373,2.6855,-0.7324
-0.0116,-0.0322,1.0229,5.6152,2.6245,-0.9155
-0.0114,-0.0338,1.0186,5.9204,2.8687,-1.0986
-0.0121,-0.0278,1.0204,5.7983,2.8687,-0.4883
-0.0114,-0.0320,1.0211,5.7983,3.0518,-0.3662
FIN_VENTANA
INICIO_VENTANA arriba
-0.0121,-0.0336,1.0189,5.8594,2.4414,-0.9155
-0.0123,-0.0330,1.0259,5.9814,2.5635,-0.9155
-0.0112,-0.0323,1.0194,5.6763,2.7466,-1.1597
-0.0096,-0.0316,1.0026,5.8594,3.1738,-0.4883
-0.0109,-0.0332,1.0198,5.8594,3.1128,-0.3662
-0.0117,-0.0332,1.0144,5.7983,2.8687,-0.7935
-0.0118,-0.0321,1.0189,5.6763,3.1738,-0.6714
-0.0138,-0.0364,1.0210,5.6152,2.9297,-0.6714
-0.0110,-0.0295,1.0189,5.7983,2.8687,-0.4272
-0.0125,-0.0322,1.0216,5.8594,2.6245,-0.6104
-0.0122,-0.0337,1.0184,5.8594,3.0518,0.6104
-0.0127,-0.0298,1.0227,5.8594,2.4414,0.2441
-0.0116,-0.0310,1.0223,5.7983,2.8687,-1.5869
-0.0157,-0.0364,1.0190,5.8594,2.4414,-0.6104
-0.0121,-0.0319,1.0167,5.7983,2.6245,-1.1597
-0.0132,-0.0551,1.0154,5.7373,3.4790,-1.2817
-0.0156,-0.0250,1.0208,5.6763,2.8076,0.9155
-0.0114,-0.0276,1.0171,5.9204,2.8687,0.0000
-0.0129,-0.0323,1.0203,5.9204,2.9297,-0.2441
-0.0135,-0.0326,1.0214,5.8594,2.3193,-0.3662
-0.0139,-0.0312,1.0212,5.7373,2.3804,-0.7935
-0.0123,-0.0326,1.0210,5.9204,2.6855,-0.1221
-0.0171,-0.0330,1.0203,5.7983,3.1128,-0.3052
-0.0144,-0.0315,1.0214,6.0425,3.2959,-0.6714
-0.0132,-0.0306,1.0247,5.9204,3.2959,-0.9155
-0.0128,-0.0325,1.0214,5.6152,3.2349,-0.9766
-0.0132,-0.0328,1.0204,5.7373,3.0518,-0.9766
-0.0139,-0.0321,1.0245,5.7373,2.9907,-0.7935
-0.0134,-0.0336,1.0216,5.7373,2.7466,-0.4883
-0.0134,-0.0322,1.0247,5.9204,2.6855,-0.5493
-0.0129,-0.0391,1.0209,5.7983,2.5024,-0.4883
-0.0120,-0.0247,1.0210,5.7983,2.3193,0.6104
-0.0138,-0.0372,1.0227,5.7983,2.4414,0.6714
-0.0168,-0.0536,1.0231,5.8594,2.2583,1.1597
-0.0115,-0.0201,1.0205,5.8594,1.5259,1.4038
-0.0117,-0.0145,1.0211,5.8594,1.7700,1.1597
-0.0145,-0.0311,1.0201,5.8594,2.1973,0.4272
-0.0160,-0.0317,1.0256,5.7983,1.7700,0.6714
-0.0157,-0.0323,1.0245,5.9204,2.5024,0.3662
-0.0150,-0.0323,1.0197,5.9204,2.5635,-0.1831
-0.0153,-0.0325,1.0204,5.8594,2.4414,-0.4883
-0.0154,-0.0334,1.0201,5.9204,2.5635,-0.9766
-0.0183,-0.0326,1.0247,5.8594,2.7466,-0.7324
-0.0164,-0.0325,1.0234,5.7983,3.0518,-0.7324
-0.0156,-0.0321,1.0245,5.7373,2.8687,-0.5493
-0.0164,-0.0330,1.0205,5.7983,2.9907,-0.4272
-0.0151,-0.0314,1.0198,5.8594,2.8076,-0.3662
-0.0144,-0.0312,1.0209,5.6763,3.1128,0.0000
-0.0160,-0.0336,1.0217,5.8594,2.2583,-0.4272
-0.0146,-0.0312,1.0212,5.7373,2.4414,-0.5493
-0.0184,-0.0321,1.0270,5.6763,2.0752,-1.2817
-0.0204,-0.0427,1.0227,5.7983,2.0142,-1.2817
-0.0122,-0.0316,1.0216,5.9204,2.6245,-0.0610
-0.0126,-0.0184,1.0206,6.1035,1.9531,0.4883
-0.0161,-0.0316,1.0189,6.1035,1.8921,1.8311
-0.0161,-0.0188,1.0232,5.9814,2.4414,0.8545
-0.0227,-0.0261,1.0317,5.8594,2.5024,-0.2441
-0.0164,-0.0341,1.0239,6.0425,2.3193,0.4272
-0.0217,-0.0293,1.0212,5.9204,2.8076,0.9766
-0.0193,-0.0359,1.0234,5.8594,2.5024,0.2441
-0.0210,-0.0345,1.0237,5.7983,2.6245,-0.8545
-0.0164,-0.0320,1.0203,5.6152,3.4180,-0.9766
-0.0188,-0.0330,1.0215,5.3711,3.4790,-1.2207
-0.0183,-0.0321,1.0237,5.4932,3.1738,-0.5493
-0.0155,-0.0305,1.0278,5.7983,3.1128,-0.1831
-0.0201,-0.0332,1.0270,5.4932,3.6011,-0.4272
-0.0157,-0.0254,1.0208,5.6763,2.9907,-0.6714
-0.0149,-0.0237,1.0204,5.9204,3.1128,-1.5259
-0.0171,-0.0409,1.0211,5.6763,3.0518,-1.8311
-0.0166,-0.0413,1.0221,5.7373,3.1738,-2.3804
-0.0178,-0.0336,1.0238,5.9814,2.7466,-1.4038
-0.0171,-0.0327,1.0237,5.8594,3.1738,-1.1597
-0.0144,-0.0265,1.0211,5.5542,3.0518,-0.9766
-0.0160,-0.0322,1.0208,5.7983,2.6855,-1.1597
-0.0142,-0.0325,1.0205,5.7983,3.1128,-0.7935
-0.0144,-0.0265,1.0242,5.6152,2.7466,-1.0986
-0.0132,-0.0237,1.0243,5.6763,2.9297,-1.5869
-0.0165,-0.0366,1.0221,5.7983,2.8076,-1.8921
-0.0168,-0.0334,1.0243,5.6152,3.0518,-0.8545
-0.0139,-0.0321,1.0215,5.7983,2.9907,-0.7935
-0.0155,-0.0326,1.0210,5.7373,2.4414,-0.9766
-0.0153,-0.0325,1.0221,5.6763,2.8076,-1.0376
-0.0150,-0.0333,1.0222,5.7373,2.6855,-0.6714
-0.0155,-0.0332,1.0237,5.6152,2.9297,-0.6104
-0.0145,-0.0320,1.0204,5.7373,2.8687,-0.9155
-0.0142,-0.0328,1.0216,5.4932,2.8687,-0.4883
-0.0155,-0.0323,1.0214,5.7373,2.7466,-0.1221
-0.0151,-0.0304,1.0217,5.8594,2.6245,-0.4272
-0.0156,-0.0342,1.0212,5.6763,2.8076,-0.7935
-0.0148,-0.0320,1.0221,5.5542,2.6855,-0.7324
-0.0164,-0.0312,1.0231,5.7983,2.9297,-0.7324
-0.0131,-0.0337,1.0210,5.7373,2.8076,-0.8545
-0.0143,-0.0317,1.0212,5.8594,2.6855,-0.4883
-0.0148,-0.0317,1.0214,5.8594,2.6855,-0.3052
-0.0151,-0.0314,1.0232,5.6763,2.8076,-0.4272
-0.0165,-0.0327,1.0270,5.7373,2.5635,-0.7324
-0.0150,-0.0326,1.0243,5.7373,3.1128,-0.8545
-0.0154,-0.0323,1.0234,5.6763,2.8687,-0.9766
-0.0144,-0.0326,1.0223,5.7373,2.6855,-0.9155
-0.0156,-0.0332,1.0232,5.7983,2.7466,-0.7324
FIN_VENTANA
INICIO_VENTANA arriba
-0.0134,-0.0314,1.0247,5.7983,2.9907,-0.3052
-0.0145,-0.0332,1.0249,5.7373,2.8076,-0.4883
-0.0142,-0.0326,1.0209,5.7373,3.1738,-0.4272
-0.0148,-0.0325,1.0223,5.9204,2.9297,-0.5493
-0.0125,-0.0321,1.0220,5.7983,2.9907,-0.4272
-0.0122,-0.0320,1.0215,5.6152,2.8076,-0.5493
-0.0127,-0.0326,1.0221,5.6763,2.7466,-0.4883
-0.0129,-0.0326,1.0211,5.7983,2.8076,-0.2441
-0.0128,-0.0326,1.0229,5.7373,2.7466,-0.7935
-0.0117,-0.0316,1.0221,5.6152,2.8687,-0.4883
-0.0120,-0.0315,1.0198,5.7373,2.9297,-0.7935
-0.0125,-0.0326,1.0214,5.7373,3.0518,-0.7324
-0.0123,-0.0330,1.0226,5.7983,3.0518,-0.4883
-0.0122,-0.0328,1.0220,5.9204,2.5635,-0.6104
-0.0123,-0.0316,1.0226,5.7983,2.7466,-0.7324
-0.0126,-0.0303,1.0232,5.7983,2.9297,-0.9766
-0.0129,-0.0328,1.0220,5.6763,2.6855,-1.1597
-0.0116,-0.0334,1.0197,5.7373,2.7466,-0.7935
-0.0123,-0.0334,1.0217,5.8594,2.5635,-0.7324
-0.0112,-0.0314,1.0205,5.6152,2.7466,-0.3662
-0.0128,-0.0323,1.0236,5.7983,2.6245,-0.4883
-0.0127,-0.0328,1.0216,5.7983,2.8076,-0.4883
-0.0126,-0.0334,1.0234,5.7983,2.6245,-0.4883
-0.0110,-0.0327,1.0210,5.7983,2.7466,-0.4272
-0.0145,-0.0333,1.0288,5.7373,2.6855,-0.6104
-0.0145,-0.0316,1.0314,5.7983,2.6855,-0.6104
-0.0154,-0.0323,1.0259,5.5542,2.3193,-0.4883
-0.0132,-0.0325,1.0238,5.9204,2.5024,-0.4272
-0.0133,-0.0326,1.0265,5.8594,2.5024,-0.3662
-0.0144,-0.0348,1.0238,5.7983,2.3804,-0.2441
-0.0123,-0.0323,1.0209,5.7373,2.7466,-0.4272
-0.0138,-0.0332,1.0201,5.7373,2.6245,-0.7324
-0.0137,-0.0320,1.0243,5.6763,2.8076,-0.3052
-0.0121,-0.0327,1.0221,5.8594,2.5635,-0.5493
-0.0123,-0.0331,1.0227,5.7373,2.4414,-0.4883
-0.0121,-0.0321,1.0223,5.6763,2.4414,-0.4272
-0.0135,-0.0319,1.0214,5.7373,2.6245,-0.9766
-0.0153,-0.0386,1.0237,5.6763,2.6245,-1.0986
-0.0131,-0.0294,1.0200,5.7373,2.8076,0.6714
-0.0139,-0.0317,1.0240,5.9814,2.7466,-0.0610
-0.0116,-0.0278,1.0199,5.8594,2.9297,0.0610
-0.0139,-0.0319,1.0239,5.7983,2.8687,-0.3662
-0.0121,-0.0320,1.0244,5.4932,2.8687,-0.3662
-0.0132,-0.0342,1.0215,5.7373,2.3193,-0.5493
-0.0140,-0.0343,1.0209,5.7983,2.3193,0.2441
-0.0128,-0.0298,1.0216,5.7983,2.3193,-0.2441
-0.0155,-0.0342,1.0250,5.7373,2.1362,0.1831
-0.0145,-0.0289,1.0269,5.7373,2.3804,0.1831
-0.0142,-0.0349,1.0219,5.6763,2.2583,-0.0610
-0.0160,-0.0392,1.0245,5.7983,2.6245,0.0000
-0.0133,-0.0332,1.0206,5.9814,2.1362,0.7935
-0.0132,-0.0258,1.0203,5.6763,2.6245,0.3052
-0.0149,-0.0309,1.0215,5.7373,2.5024,0.0610
-0.0137,-0.0341,1.0212,5.7373,2.3804,-0.1831
-0.0153,-0.0370,1.0270,5.7983,2.4414,-0.2441
-0.0151,-0.0327,1.0244,5.6763,2.5024,-0.1831
-0.0150,-0.0320,1.0211,5.8594,2.3804,0.4272
-0.0159,-0.0315,1.0225,5.9204,2.8076,0.1221
-0.0167,-0.0332,1.0205,5.8594,2.6245,-0.5493
-0.0167,-0.0326,1.0237,5.7373,2.3804,-1.0986
-0.0146,-0.0433,1.0210,5.6763,3.1128,-0.4883
-0.0170,-0.0240,1.0216,5.8594,3.0518,1.2817
-0.0153,-0.0400,1.0214,5.8594,2.9907,-0.0610
-0.0161,-0.0306,1.0215,5.7373,2.9907,0.2441
-0.0159,-0.0334,1.0216,5.9204,2.6855,-0.5493
-0.0197,-0.0394,1.0316,5.8594,1.9531,-0.1831
-0.0148,-0.0382,1.0259,5.7373,1.3428,0.7324
-0.0166,-0.0410,1.0223,5.6763,2.3193,0.9155
-0.0148,-0.0221,1.0203,5.7373,2.3804,2.3804
-0.0160,-0.0515,1.0232,6.0425,2.2583,-0.7935
-0.0165,-0.0291,1.0242,5.8594,2.5635,0.4272
-0.0161,-0.0422,1.0248,5.6152,2.6245,-0.3052
-0.0164,-0.0278,1.0203,5.7373,2.6855,0.4272
-0.0153,-0.0297,1.0233,5.6152,2.6245,0.3052
-0.0166,-0.0294,1.0181,5.8594,2.7466,-0.1831
-0.0159,-0.0304,1.0150,5.7983,3.1738,-0.4272
-0.0150,-0.0320,1.0177,5.6763,2.9297,-0.5493
-0.0170,-0.0336,1.0220,5.9204,2.8687,-0.3662
-0.0167,-0.0333,1.0253,5.6152,2.6245,0.0000
-0.0173,-0.0319,1.0205,5.7373,3.1128,-0.7935
-0.0160,-0.0316,1.0187,5.7373,3.6011,-0.7935
-0.0142,-0.0319,1.0211,5.6152,2.9907,-0.7324
-0.0149,-0.0331,1.0214,5.7983,2.6245,-0.3662
-0.0157,-0.0323,1.0225,5.7373,2.5635,-0.6104
-0.0177,-0.0282,1.0206,5.7983,2.7466,-1.2207
-0.0144,-0.0443,1.0208,5.7983,2.5024,-1.3428
-0.0128,-0.0381,1.0212,5.9814,2.2583,0.3052
-0.0161,-0.0280,1.0211,5.7373,2.1362,0.4883
-0.0105,-0.0216,1.0256,5.7983,2.4414,0.1831
-0.0157,-0.0322,1.0291,5.8594,2.6245,1.2207
-0.0178,-0.0331,1.0270,5.9204,2.6245,0.2441
-0.0150,-0.0309,1.0216,5.7983,2.8076,0.7935
-0.0204,-0.0334,1.0212,5.7373,2.7466,0.6104
-0.0160,-0.0303,1.0211,5.7983,2.8687,-0.3662
-0.0200,-0.0491,1.0212,5.7983,2.7466,-0.2441
-0.0159,-0.0316,1.0250,5.7983,2.6855,0.7935
-0.0167,-0.0155,1.0211,5.7373,2.8076,-0.0610
-0.0162,-0.0310,1.0216,5.8594,2.6245,0.7324
-0.0142,0.0011,1.0248,5.7373,2.8076,-2.0142
-0.0197,-0.0129,1.0221,5.7983,2.6855,-4.8218
FIN_VENTANA
INICIO_VENTANA arriba
-0.0176,-0.0328,1.0237,5.5542,2.7466,-0.6714
-0.0187,-0.0305,1.0239,5.7983,2.8076,-1.3428
-0.0160,-0.0455,1.0210,5.7373,2.7466,-1.8921
-0.0167,-0.0271,1.0209,5.7983,2.9297,0.1831
-0.0146,-0.0281,1.0217,5.8594,3.2349,-0.3662
-0.0149,-0.0330,1.0201,5.8594,2.6855,0.4883
-0.0175,-0.0258,1.0216,5.6763,2.7466,-1.2207
-0.0157,-0.0267,1.0209,5.9204,2.4414,-1.7090
-0.0184,-0.0323,1.0231,5.7983,3.0518,-1.1597
-0.0162,-0.0328,1.0236,5.6763,2.5635,-2.0142
-0.0170,-0.0333,1.0240,5.6763,2.1973,-0.5493
-0.0156,-0.0275,1.0210,5.7373,2.5635,0.4883
-0.0176,-0.0310,1.0223,5.8594,2.6245,-0.6104
-0.0170,-0.0327,1.0225,5.8594,2.8076,-0.4883
-0.0167,-0.0310,1.0234,5.7983,2.7466,-0.4883
-0.0171,-0.0328,1.0229,5.7373,2.7466,-0.4883
-0.0171,-0.0422,1.0221,5.8594,2.5635,-0.2441
-0.0176,-0.0347,1.0211,5.6763,2.8076,0.4272
-0.0160,-0.0256,1.0234,5.6763,2.6855,0.0000
-0.0164,-0.0331,1.0226,5.8594,2.7466,-0.3052
-0.0161,-0.0314,1.0223,6.0425,2.5024,0.1831
-0.0176,-0.0355,1.0209,5.8594,2.9297,-0.8545
-0.0151,-0.0327,1.0214,5.7983,2.6855,-1.1597
-0.0170,-0.0319,1.0226,5.6763,2.8076,-1.4648
-0.0165,-0.0320,1.0219,5.7373,2.7466,-0.7324
-0.0165,-0.0327,1.0215,5.9204,2.5024,-0.9155
-0.0172,-0.0325,1.0210,5.7373,2.5635,0.1221
-0.0171,-0.0249,1.0217,5.7373,2.7466,0.0000
-0.0167,-0.0321,1.0223,5.7373,2.8076,-0.4272
-0.0164,-0.0391,1.0220,5.7373,2.7466,-0.5493
-0.0175,-0.0297,1.0237,5.8594,2.5635,0.2441
-0.0160,-0.0360,1.0228,5.7983,2.6855,-0.3662
-0.0139,-0.0410,1.0229,5.7373,2.7466,0.9766
-0.0167,-0.0322,1.0228,5.9204,2.8687,0.1221
-0.0166,-0.0302,1.0234,5.7983,2.7466,-0.2441
-0.0154,-0.0339,1.0216,5.7983,2.8687,-0.1831
-0.0148,-0.0369,1.0214,5.6763,2.7466,-0.3052
-0.0173,-0.0297,1.0217,5.7373,2.7466,-0.3662
-0.0159,-0.0322,1.0210,5.6152,2.6855,-0.2441
-0.0161,-0.0317,1.0214,5.7373,2.6855,-0.2441
-0.0165,-0.0330,1.0210,5.7983,2.6245,-0.7324
-0.0160,-0.0331,1.0214,5.7983,2.6245,-0.1831
-0.0170,-0.0321,1.0210,5.4932,2.7466,-0.1831
-0.0161,-0.0322,1.0220,5.8594,2.6855,-0.3052
-0.0162,-0.0316,1.0227,5.7373,2.6855,-0.5493
-0.0170,-0.0320,1.0217,5.8594,2.6245,-0.3662
-0.0182,-0.0319,1.0223,5.8594,2.8076,-0.2441
-0.0172,-0.0316,1.0210,5.7373,2.5635,-0.4883
-0.0167,-0.0308,1.0216,5.7373,2.6245,-0.7324
-0.0175,-0.0305,1.0201,5.7373,2.7466,-1.4648
-0.0168,-0.0365,1.0201,5.6152,2.7466,-1.4648
-0.0175,-0.0342,1.0205,5.5542,2.7466,-1.0376
-0.0170,-0.0328,1.0226,5.7983,2.6245,-1.4038
-0.0160,-0.0317,1.0228,5.7983,2.7466,-1.0376
-0.0172,-0.0326,1.0215,5.7983,2.6855,-0.7324
-0.0177,-0.0326,1.0228,5.7983,2.8076,-0.6714
-0.0176,-0.0322,1.0232,5.6152,2.6855,-0.6104
-0.0182,-0.0323,1.0226,5.9814,2.6855,-0.9155
-0.0164,-0.0312,1.0211,5.6763,2.7466,-0.5493
-0.0162,-0.0328,1.0214,5.6152,2.8687,-0.6104
-0.0153,-0.0327,1.0227,5.7983,2.8076,-0.2441
-0.0162,-0.0326,1.0222,5.7373,2.7466,-0.1221
-0.0165,-0.0326,1.0227,5.8594,2.7466,-0.1221
-0.0161,-0.0322,1.0219,5.7983,2.9297,-0.2441
-0.0161,-0.0308,1.0221,5.7983,2.6855,-0.4272
-0.0168,-0.0314,1.0229,5.6152,2.8687,-0.4883
-0.0162,-0.0326,1.0231,5.6763,3.4180,-0.9155
-0.0155,-0.0337,1.0212,5.9814,2.9297,-0.8545
-0.0168,-0.0327,1.0229,5.6152,2.5024,-0.8545
-0.0137,-0.0278,1.0243,5.7983,2.1973,-0.2441
-0.0161,-0.0326,1.0221,5.6152,2.2583,-0.6714
-0.0083,-0.0217,1.0234,5.9204,2.6245,-0.5493
0.0035,-0.0312,1.0254,5.9204,3.6011,-2.1973
-0.0463,-0.0470,1.0233,5.7983,4.8828,-3.0518
-0.0372,-0.0452,1.0206,5.8594,2.8687,-0.7324
-0.0254,-0.0182,1.0198,5.6152,1.0986,-0.4272
-0.0137,-0.0317,1.0270,5.8594,0.6104,-2.4414
-0.0129,-0.0344,1.0228,5.9204,2.5635,-0.8545
-0.0134,-0.0233,1.0179,2.0142,2.6855,-0.2441
-0.0172,-0.0198,1.0168,8.8501,2.2583,-1.9531
-0.0159,-0.0295,1.0181,5.9204,2.1973,0.9155
-0.0177,-0.0330,1.0203,6.4087,0.1831,-0.9766
-0.0431,-0.0415,1.0540,7.2632,-1.7700,-2.5024
-0.0210,-0.0428,1.0288,-0.6714,2.6855,-0.0610
-0.0371,-0.0161,1.0204,-14.2822,2.7466,1.4038
-0.0339,0.0247,1.0146,-8.7891,2.6245,1.0986
-0.0361,-0.0150,1.0300,-2.0752,2.6245,-3.8452
-0.0120,-0.0233,1.0168,-0.5493,2.6245,-5.7373
-0.0183,-0.0051,1.0254,12.5732,2.7466,-3.9062
-0.0182,-0.0118,1.0227,7.8735,2.6855,-3.9062
-0.0173,-0.0237,1.0320,-11.2305,2.7466,0.0000
-0.0269,0.0171,1.0203,-38.9404,3.2349,5.3101
-0.0380,0.0632,1.0155,-39.0015,3.1128,2.8687
-0.0175,0.1096,1.0103,-30.7007,3.0518,1.6479
-0.0197,0.0699,1.0111,-20.7520,2.6855,-2.5024
-0.0459,0.2266,1.0936,-27.6489,14.5264,-2.7466
-0.1327,0.2012,0.9270,13.9160,23.8647,-27.1606
-0.0142,-0.0353,0.9869,-60.3638,-39.6118,-5.8594
0.0728,0.1732,0.9956,-74.0356,-38.0859,-3.8452
0.0365,0.0181,1.0050,-6.4087,-29.9683,0.0610
FIN_VENTANA
INICIO_VENTANA arriba
-0.0500,0.1017,1.0219,162.3535,-5.9204,5.0049
-0.0205,0.0566,1.0355,73.0591,1.5259,-1.0376
-0.0526,-0.0140,1.0719,122.0093,-2.4414,11.0474
-0.1036,0.0725,1.0339,14.2822,-1.7700,9.2773
-0.0219,0.0083,1.0702,9.7656,-3.9673,1.0376
-0.0359,0.1661,0.9800,67.2607,24.0479,8.6060
0.0057,-0.0256,1.0535,-83.6792,4.3945,10.4370
-0.0256,-0.0536,1.0260,5.1880,2.8687,-5.9814
-0.0295,-0.0375,1.0244,5.8594,2.5635,-3.6011
-0.0397,-0.0302,1.0249,5.7373,2.8076,-4.3335
-0.0156,0.0419,1.0253,5.9204,2.6855,0.7935
0.0306,-0.1345,1.0463,5.3711,1.3428,-12.7563
-0.0157,-0.0851,1.0226,6.3477,-7.8735,-3.7231
-0.0498,-0.2388,1.0377,7.2632,-5.7983,4.0894
-0.0498,-0.0562,1.0436,3.2959,-0.3662,45.2881
-0.1888,0.1005,0.9170,41.6260,2.8076,36.6821
-0.0387,-0.1223,1.0144,9.0942,1.8921,16.3574
0.1846,0.0620,1.0945,8.3618,2.1362,20.8740
-0.0110,-0.0845,0.9612,31.3110,3.7231,-10.9863
0.0923,0.0710,1.0044,55.2979,29.4189,-30.0293
-0.1012,-0.1471,1.0873,-38.3301,-0.4272,-7.8735
-0.0424,-0.0576,1.0841,37.1704,2.3804,18.1274
0.0320,-0.0631,1.0074,24.8413,-10.8643,8.6060
-0.0962,-0.0908,1.0825,-4.3335,-39.0015,10.4980
-0.0804,-0.0427,1.2694,-1.9531,-41.9312,18.7988
0.0121,0.2246,0.9700,-91.5527,11.4136,-13.8550
-0.0433,-0.0045,0.9366,-101.5015,7.3853,-33.8745
-0.0822,-0.0358,0.9037,-69.6411,5.3101,-22.9492
-0.0758,0.0626,0.9824,44.6777,4.8828,-0.1831
-0.1826,0.0221,0.9292,25.3296,-38.7573,34.0576
0.0161,-0.0374,0.8546,0.7935,17.0898,14.3433
-0.1176,-0.1660,0.9785,-3.8452,-10.3149,16.6016
0.0153,0.4086,1.0262,12.8784,41.4429,-2.9297
-0.0892,0.0791,1.0513,61.0352,32.3486,1.1597
-0.0837,-0.0760,1.0673,69.3359,5.9204,-2.6245
-0.0835,-0.0897,1.0421,7.0801,-6.9580,-0.0610
-0.0475,-0.0771,1.0223,5.7373,-12.3901,4.3945
-0.0527,0.0115,1.0247,-23.9868,-6.2256,1.3428
-0.0964,-0.0312,1.0161,-9.4604,-2.8076,0.7324
-0.0922,0.0420,1.0166,-8.7280,-1.8921,0.3662
-0.0553,0.0315,0.9954,7.7515,3.5400,-3.6011
-0.0491,0.0096,1.0077,31.3110,16.1743,-3.4790
-0.0544,-0.0668,1.0238,12.3291,24.8413,-2.6245
-0.0471,-0.0917,1.0447,5.6763,21.7896,-2.3193
-0.0804,-0.0205,1.0511,5.9814,4.6387,2.1362
-0.0397,-0.0175,1.0220,5.5542,-3.9673,4.0894
-0.0443,-0.0128,1.0166,-4.2114,2.8076,-0.7935
-0.0588,-0.0745,1.0564,25.0244,2.1973,4.4556
-0.0786,-0.0347,1.0399,5.5542,-2.6245,5.0049
-0.0759,-0.0621,1.0215,5.6152,-8.3618,4.0894
-0.0770,-0.0724,1.0151,6.0425,-5.4321,4.1504
-0.0604,-0.0299,1.0190,4.7607,5.0049,7.3242
-0.0808,-0.0363,1.0261,4.9438,7.7515,10.3149
-0.0585,0.0061,1.0198,5.7983,6.5308,10.5591
-0.0272,0.0186,1.0204,5.6763,8.6670,6.2866
-0.0157,0.0186,1.0292,5.3711,10.5591,0.9155
-0.0402,0.0143,1.0320,5.8594,5.4321,-2.3804
-0.0380,-0.0267,1.0405,8.1177,0.6104,-5.5542
-0.0336,-0.0273,1.0137,12.2681,0.3052,-3.4180
-0.0774,-0.1293,1.0195,-0.6714,0.1831,2.3804
-0.0997,-0.1089,1.0295,4.1504,-0.3052,4.0894
-0.0900,-0.0709,1.0272,5.4932,-2.3193,1.8311
-0.0729,-0.0233,1.0231,8.1177,1.5259,2.7466
-0.0421,-0.0232,1.0212,12.7563,6.9580,0.2441
-0.0526,-0.0479,1.0222,11.8408,10.9253,-0.5493
-0.0557,-0.0582,1.0355,4.1504,7.6294,-2.0752
-0.0686,-0.0704,1.0582,7.5684,-2.1362,-1.3428
-0.0511,-0.0895,1.0264,18.8599,-7.4463,2.6245
-0.0710,-0.0771,1.0051,16.4185,-6.5308,8.8501
-0.0652,-0.0415,1.0033,3.9062,13.0615,4.7607
-0.0601,-0.0190,1.0145,-6.0425,7.9346,2.6855
-0.0314,-0.0057,1.0245,-7.3242,14.2822,-0.7935
-0.0332,-0.0059,1.0209,-9.5825,22.8882,-3.7231
-0.0459,-0.0546,1.0272,5.3711,29.5410,-5.4932
-0.0446,-0.0493,1.0479,5.4321,18.4937,-2.6245
-0.0227,-0.0417,1.0292,5.9204,4.0894,-0.4272
-0.0350,-0.1154,1.0474,5.9204,1.4038,1.7090
-0.0500,-0.0090,1.0554,5.7983,-7.4463,12.4512
-0.0455,0.0540,1.0360,30.2124,-17.3340,7.7515
-0.0162,0.0112,0.9775,19.1650,-16.9678,-3.2959
-0.0146,-0.1219,0.9691,-8.3618,14.5264,-6.7139
-0.0597,-0.0352,1.0624,-16.3574,35.2173,-2.8687
-0.0819,-0.0106,1.1029,4.5776,26.3672,-1.3428
-0.0320,-0.0551,1.0131,6.2866,0.9766,-2.6855
-0.0187,-0.0477,1.0245,6.0425,2.6855,2.2583
-0.0255,-0.0750,1.0242,5.7373,2.8687,0.4883
-0.0215,-0.0360,1.0240,5.9814,2.8687,3.1738
-0.0239,0.0237,1.0260,5.6763,2.8687,0.9155
-0.0231,-0.0011,1.0262,5.4932,2.7466,-3.3569
-0.0198,-0.0500,1.0299,5.3711,4.0283,-5.7983
-0.0204,-0.0416,1.0206,5.4932,4.4556,-4.1504
-0.0226,0.0150,1.0175,6.1035,1.3428,-1.6479
-0.0184,-0.0186,1.0264,5.9814,2.5024,-3.9062
-0.0187,-0.0443,1.0265,5.9204,2.8076,-1.8921
-0.0175,-0.0314,1.0320,5.2490,4.0894,-1.2207
-0.0232,-0.0374,1.0184,4.7607,5.8594,-1.4038
-0.0208,-0.0349,1.0266,6.1035,1.9531,-1.0376
-0.0199,-0.0309,1.0233,5.8594,2.9907,-0.0610
-0.0204,-0.0331,1.0264,5.6763,2.9297,-0.2441
-0.0172,-0.0316,1.0265,5.2490,4.0283,-1.2817
FIN_VENTANA
INICIO_VENTANA arriba
-0.0051,-0.0305,1.0247,5.7983,2.2583,-0.0610
-0.0067,-0.0311,1.0221,5.5542,0.1831,0.3662
-0.0065,-0.0298,1.0289,5.7373,1.8311,-0.4272
-0.0100,-0.0359,1.0259,5.8594,1.9531,-0.7935
-0.0084,-0.0344,1.0216,5.6763,1.5869,-0.3662
-0.0084,-0.0339,1.0226,5.9204,1.1597,-0.3662
-0.0096,-0.0280,1.0231,6.1035,0.0000,0.0610
-0.0118,-0.0299,1.0227,5.4932,0.6714,0.6104
-0.0135,-0.0286,1.0283,5.7373,1.7700,-0.0610
-0.0145,-0.0326,1.0259,5.7983,2.5635,-0.5493
-0.0126,-0.0322,1.0243,5.8594,3.2349,-0.3052
-0.0128,-0.0319,1.0250,5.7983,2.7466,0.0000
-0.0127,-0.0330,1.0280,5.7983,2.5024,-0.4272
-0.0149,-0.0343,1.0272,5.7373,2.5635,-0.6104
-0.0138,-0.0291,1.0225,5.7983,2.3193,-0.4272
-0.0138,-0.0315,1.0249,5.7983,2.2583,-0.4272
-0.0182,-0.0474,1.0193,5.7983,1.5259,-0.6714
-0.0160,-0.0259,1.0278,5.9814,-0.3662,0.3662
-0.0167,-0.0299,1.0293,5.7373,1.5259,0.6714
-0.0166,-0.0333,1.0245,5.6763,3.4790,0.1831
-0.0157,-0.0316,1.0244,5.6763,3.2959,0.0000
-0.0153,-0.0316,1.0232,5.7373,2.8076,-0.1831
-0.0178,-0.0321,1.0250,5.9204,1.6479,-0.2441
-0.0186,-0.0331,1.0259,5.9204,2.9907,-0.2441
-0.0175,-0.0299,1.0229,5.7983,2.6855,-0.0610
-0.0183,-0.0293,1.0238,5.9204,1.5869,-0.7324
-0.0166,-0.0328,1.0286,6.2866,1.8921,-0.4883
-0.0179,-0.0382,1.0267,5.7373,2.6245,-0.7935
-0.0179,-0.0297,1.0305,5.7983,2.2583,-0.9155
-0.0181,-0.0338,1.0255,7.5073,2.0142,-1.2207
-0.0187,-0.0338,1.0275,5.4932,1.4648,-0.4272
-0.0175,-0.0264,1.0273,4.1504,1.4038,-0.2441
-0.0197,-0.0339,1.0278,5.7373,2.5024,-0.6104
-0.0197,-0.0331,1.0245,5.4932,2.8687,-0.3052
-0.0217,-0.0323,1.0264,5.6763,2.5024,0.3662
-0.0194,-0.0326,1.0238,5.8594,2.5024,-0.1831
-0.0205,-0.0342,1.0276,5.6763,2.9297,-0.1831
-0.0197,-0.0325,1.0225,5.6152,3.4180,-0.4883
-0.0198,-0.0320,1.0275,5.7983,2.8076,-0.3662
-0.0186,-0.0333,1.0264,5.6152,3.0518,-0.4272
-0.0181,-0.0305,1.0248,5.4321,3.7231,-0.3662
-0.0198,-0.0366,1.0238,5.6763,3.7842,-0.7324
-0.0190,-0.0325,1.0262,5.6763,3.2959,-0.3662
-0.0170,-0.0316,1.0248,5.5542,3.8452,-0.3052
-0.0172,-0.0326,1.0258,5.9814,3.3569,-0.3662
-0.0164,-0.0336,1.0239,5.8594,2.9297,-0.6714
-0.0160,-0.0293,1.0244,5.9204,3.6011,-1.1597
-0.0167,-0.0325,1.0284,5.7983,3.9062,-1.1597
-0.0161,-0.0331,1.0256,5.7983,3.2959,-0.5493
-0.0142,-0.0323,1.0211,5.7373,2.9297,-0.4272
-0.0148,-0.0317,1.0248,5.8594,3.2959,-0.1831
-0.0157,-0.0328,1.0214,5.8594,2.6855,-0.4272
-0.0156,-0.0326,1.0286,5.6763,2.6855,-0.5493
-0.0154,-0.0327,1.0267,5.7373,2.6245,-0.6104
-0.0149,-0.0328,1.0299,6.0425,2.8687,-0.5493
-0.0156,-0.0327,1.0258,5.9204,2.8687,-0.5493
-0.0149,-0.0323,1.0228,5.7983,2.8687,-0.5493
-0.0148,-0.0316,1.0298,5.9204,3.1738,-0.5493
-0.0148,-0.0323,1.0254,5.7373,2.8076,-0.7935
-0.0142,-0.0319,1.0249,6.0425,3.1128,-0.6714
-0.0146,-0.0321,1.0258,5.9814,3.4180,-0.4883
-0.0134,-0.0326,1.0242,6.0425,3.4790,-0.6714
-0.0133,-0.0319,1.0255,5.7983,3.4180,-0.3662
-0.0137,-0.0316,1.0251,5.7983,3.4790,-0.9766
-0.0127,-0.0330,1.0282,5.9204,4.0894,-0.4272
-0.0109,-0.0330,1.0232,5.7983,4.3945,-0.4883
-0.0116,-0.0328,1.0259,5.9204,4.3945,-0.5493
-0.0088,-0.0299,1.0201,5.9204,4.0283,-0.5493
-0.0114,-0.0327,1.0260,5.9204,1.4038,-0.3052
-0.0107,-0.0323,1.0256,5.8594,2.6855,-0.1831
-0.0096,-0.0315,1.0239,5.7373,2.8687,-0.9155
-0.0106,-0.0334,1.0243,5.7373,3.2349,-1.0376
-0.0110,-0.0321,1.0244,5.9814,3.0518,-0.3662
-0.0103,-0.0321,1.0237,5.7983,2.8687,-0.7324
-0.0105,-0.0320,1.0261,5.6152,2.8687,-0.3052
-0.0103,-0.0315,1.0251,5.6152,2.8076,-0.2441
-0.0098,-0.0327,1.0239,6.0425,3.2349,-0.1831
-0.0093,-0.0315,1.0237,5.7983,3.0518,-0.2441
-0.0111,-0.0327,1.0254,5.7983,2.5635,-0.4272
-0.0106,-0.0317,1.0251,5.7983,2.5024,-0.6714
-0.0105,-0.0336,1.0262,5.9204,2.8076,-0.4883
-0.0095,-0.0320,1.0238,5.7373,2.6855,-0.5493
-0.0115,-0.0330,1.0287,5.7373,2.5635,-0.6104
-0.0107,-0.0323,1.0247,5.6763,3.2349,-0.4272
-0.0096,-0.0331,1.0229,5.6763,3.2349,-0.3052
-0.0105,-0.0334,1.0232,5.7983,3.4180,-0.1221
-0.0092,-0.0317,1.0275,5.7983,3.4790,-0.4272
-0.0093,-0.0331,1.0244,5.9204,3.2349,-0.0610
-0.0079,-0.0291,1.0276,5.8594,4.9438,0.6714
-0.0073,-0.0354,1.0173,5.7983,4.1504,-0.6714
-0.0098,-0.0325,1.0288,5.7983,1.9531,-1.0986
-0.0088,-0.0343,1.0278,5.8594,5.3711,-0.7324
-0.0065,-0.0311,1.0305,5.7373,6.6528,-0.1221
0.0009,-0.0129,1.0076,5.9204,6.6528,-1.1597
-0.0077,-0.0328,1.0275,5.9204,1.7090,3.9062
-0.0060,-0.0563,1.0199,5.9204,7.6904,-1.2207
-0.0016,-0.0345,1.0265,5.6763,2.8076,-2.4414
-0.0042,-0.0339,1.0282,5.6152,2.2583,-1.2817
-0.0004,-0.0317,1.0248,5.9204,4.6997,0.1831
0.0005,-0.0310,1.0270,6.0425,4.0283,0.0610
FIN_VENTANA
INICIO_VENTANA arriba
0.0000,-0.0073,1.0311,5.6763,-0.3052,1.4038
0.0005,-0.0345,1.0262,5.7373,3.4790,-0.1221
0.0007,-0.0264,1.0251,5.9814,2.9297,0.7324
-0.0001,-0.0105,1.0204,5.6763,2.5635,0.9155
-0.0005,-0.0317,1.0258,5.8594,2.0142,0.6714
-0.0001,-0.0309,1.0286,5.7983,3.6621,0.5493
0.0006,-0.0322,1.0177,6.1035,5.6152,-1.2207
0.0032,-0.0414,1.0302,5.9814,2.0752,-2.2583
-0.0022,-0.0323,1.0281,5.6763,3.2959,-0.4272
0.0050,-0.0461,1.0298,6.0425,7.5684,0.4272
0.0050,-0.0317,1.0219,5.6763,5.2490,-0.4272
0.0063,-0.0273,1.0189,5.8594,2.6245,-0.3052
0.0023,-0.0353,1.0220,5.9814,1.0376,-0.1831
0.0028,-0.0316,1.0232,5.9204,1.7090,-0.4272
0.0023,-0.0328,1.0273,6.0425,2.2583,-0.9766
0.0021,-0.0312,1.0250,5.9814,2.9297,-0.3662
0.0037,-0.0327,1.0206,5.8594,3.1128,-0.1831
0.0048,-0.0311,1.0223,5.7983,2.9297,-0.4272
0.0031,-0.0336,1.0237,5.6763,2.5024,-0.6714
0.0020,-0.0323,1.0262,5.7373,2.9297,-0.5493
0.0026,-0.0319,1.0225,5.9814,2.7466,-0.7324
0.0029,-0.0323,1.0220,5.9204,2.9297,-0.4883
0.0038,-0.0327,1.0243,5.9204,3.2349,-0.6104
0.0022,-0.0339,1.0229,5.9204,2.5024,-0.6104
0.0040,-0.0314,1.0240,5.7983,2.6855,-0.4272
0.0038,-0.0316,1.0211,5.9204,2.4414,-0.7324
0.0018,-0.0319,1.0238,5.6763,2.6855,-0.7324
0.0020,-0.0320,1.0249,5.8594,2.8687,-0.3052
0.0024,-0.0327,1.0228,5.6763,2.8687,-0.0610
0.0043,-0.0293,1.0254,5.8594,3.1738,-0.1221
0.0026,-0.0341,1.0209,5.9204,3.2959,-0.9766
0.0022,-0.0330,1.0240,5.7983,2.9907,-0.8545
0.0039,-0.0281,1.0280,5.7373,3.3569,-0.1831
0.0043,-0.0333,1.0205,5.7983,2.9907,-1.2207
0.0015,-0.0323,1.0247,5.7373,2.1973,-1.3428
0.0035,-0.0328,1.0251,6.0425,3.2959,-0.6104
0.0049,-0.0319,1.0239,5.9204,4.3335,-0.7935
0.0060,-0.0330,1.0261,5.8594,4.2114,-0.7324
0.0040,-0.0299,1.0247,6.0425,2.1362,-0.6104
0.0043,-0.0310,1.0283,5.6763,2.0142,0.6104
0.0050,-0.0320,1.0243,5.9814,2.9297,-1.0376
0.0031,-0.0328,1.0242,5.7373,3.2349,-1.0986
0.0054,-0.0327,1.0237,5.7373,3.1128,-0.6104
0.0043,-0.0321,1.0245,5.8594,2.6245,-0.5493
0.0044,-0.0314,1.0251,5.6763,2.5635,-0.6714
0.0043,-0.0327,1.0236,5.7983,2.8687,-0.9155
0.0042,-0.0326,1.0251,5.6152,2.4414,-0.7324
0.0046,-0.0322,1.0243,5.6763,2.5635,-0.6714
0.0049,-0.0388,1.0248,5.6152,3.0518,-0.7324
0.0033,-0.0302,1.0232,5.9204,3.1738,-0.4272
0.0035,-0.0320,1.0249,5.9204,2.7466,-0.4883
0.0052,-0.0325,1.0228,5.9204,3.1128,-0.4272
0.0046,-0.0328,1.0231,5.8594,2.7466,-0.8545
0.0052,-0.0312,1.0227,5.7373,3.1128,-0.7935
0.0071,-0.0475,1.0256,5.7373,2.8687,-1.1597
0.0121,-0.0514,1.0239,5.9814,3.1738,0.1831
0.0057,-0.0220,1.0007,6.3477,5.8594,8.3008
0.0034,-0.0184,1.0363,6.1646,-0.6714,8.7891
0.0057,0.0350,1.0211,29.6631,2.7466,8.4229
-0.0062,-0.0198,1.0760,35.6445,-6.1035,2.3804
-0.0094,-0.0212,1.0134,7.8735,6.4697,-6.1646
-0.0262,-0.2131,1.0219,-21.3013,10.7422,-9.6436
0.0013,-0.0624,1.0096,-23.7427,5.3711,-0.7935
0.0332,0.0414,1.0553,5.8594,6.3477,-3.1128
0.0316,-0.0201,0.9937,6.1646,10.3760,5.8594
0.0109,-0.0293,1.0228,6.0425,3.7231,-0.1221
0.0137,-0.0236,1.0244,5.9814,-0.6714,1.5259
0.0043,-0.0321,1.0313,5.7983,-0.6104,0.1831
0.0043,-0.0314,1.0288,5.7983,2.3804,-0.3052
0.0055,-0.0342,1.0234,5.7983,3.4790,-0.7324
0.0137,0.0199,1.0280,6.1646,1.1597,1.5869
-0.0120,-0.0619,1.0687,3.2349,-7.6904,-1.1597
-0.0074,-0.0320,1.0476,3.1128,-0.0610,-3.4180
-0.0013,-0.0479,1.0199,5.6763,1.4648,-1.7090
-0.0028,-0.0375,1.0287,8.7280,-1.3428,-0.1831
-0.0063,-0.0405,1.0201,3.8452,-0.2441,-0.4272
-0.0110,-0.0350,1.0330,5.6152,-1.8311,3.4180
-0.0137,-0.0322,1.0217,5.6763,3.2349,0.1221
-0.0094,-0.0375,1.0194,5.9814,5.3711,-0.5493
-0.0020,-0.0308,1.0242,5.8594,1.8921,0.1831
-0.0034,-0.0393,1.0239,5.9814,1.8921,-0.4272
-0.0051,-0.0309,1.0233,5.7373,3.9062,0.1221
-0.0046,-0.0310,1.0243,5.7983,3.4180,0.0610
-0.0049,-0.0330,1.0242,5.7983,3.6621,-0.5493
-0.0037,-0.0317,1.0208,5.8594,4.0283,-1.7090
-0.0040,-0.0356,1.0248,5.9204,3.1738,-1.9531
-0.0079,-0.0305,1.0219,5.6763,1.3428,-0.3662
-0.0032,0.0035,1.0465,6.7749,1.1597,1.4648
-0.0001,-0.0403,1.0071,13.2446,2.7466,-0.5493
-0.0046,-0.0270,1.0150,4.0894,2.6245,-1.5869
-0.0067,-0.0397,1.0271,5.6763,6.4697,-1.7700
-0.0001,-0.0332,1.0155,5.6763,0.6104,-1.9531
-0.0144,-0.0919,1.0343,5.7373,-2.3193,-1.5869
-0.0111,-0.0559,1.0304,5.9204,2.0142,1.8311
-0.0127,-0.0535,1.0206,5.9204,1.2817,4.0283
-0.0188,-0.0459,1.0260,5.8594,-1.4038,8.7891
-0.0125,-0.0363,1.0188,5.8594,-0.3662,7.9346
-0.0165,-0.0393,1.0239,16.7847,3.7842,-0.9766
-0.0120,-0.0491,1.0164,15.8691,4.5776,-0.6104
-0.0120,-0.0393,1.0299,13.1836,2.9297,-1.5869
FIN_VENTANA
INICIO_VENTANA arriba
-0.0129,-0.0488,1.0227,5.4321,0.3662,-1.8921
-0.0123,-0.0807,1.0190,3.6621,3.3569,-1.4038
-0.0035,-0.0326,1.0271,-4.2725,5.1270,-1.3428
-0.0153,-0.0487,1.0199,1.1597,1.2207,-2.4414
-0.0177,-0.0641,1.0392,11.9629,1.8921,0.4883
-0.0159,-0.0380,1.0256,14.4653,0.7324,-0.1831
-0.0178,-0.0619,1.0167,11.2915,2.4414,0.4883
-0.0165,-0.0634,1.0167,1.4648,3.7842,0.4883
-0.0160,-0.0531,1.0231,-1.5259,3.3569,-0.0610
-0.0165,-0.0441,1.0231,2.7466,2.6245,-0.6104
-0.0134,-0.0397,1.0267,7.9956,3.1128,-0.4272
-0.0171,-0.0464,1.0303,13.6719,2.1973,-1.6479
-0.0199,-0.0624,1.0240,15.8081,2.0752,-0.7324
-0.0151,-0.0653,1.0140,5.7983,3.7231,0.3052
-0.0177,-0.0585,1.0240,-0.9766,3.4180,0.2441
-0.0110,-0.0458,1.0244,0.0000,2.8076,-1.7090
-0.0133,-0.0743,1.0044,10.6812,3.1738,-0.6104
-0.0145,-0.0413,1.0292,0.4272,3.2349,-0.3662
-0.0161,-0.0391,1.0352,4.0894,2.7466,-0.9766
-0.0164,-0.0493,1.0237,9.3994,1.8921,-1.5869
-0.0178,-0.0575,1.0205,9.3994,2.3804,-0.8545
-0.0187,-0.0566,1.0205,2.9907,3.0518,0.0610
-0.0144,-0.0327,1.0358,-1.5869,5.5542,0.2441
-0.0103,-0.0137,1.0122,-3.0518,7.4463,-1.3428
-0.0073,-0.0261,1.0231,-0.8545,4.5166,-1.7090
-0.0146,-0.0513,1.0317,1.7700,3.0518,-1.7700
-0.0118,-0.0281,1.0281,4.3945,2.5635,-0.9766
-0.0131,-0.0333,1.0266,10.0708,2.6855,-0.9766
-0.0104,-0.0428,1.0188,8.4229,2.5635,-0.9766
-0.0209,-0.0815,1.0354,4.0283,-0.3052,-1.3428
-0.0115,-0.0221,1.0226,24.5361,-2.0142,2.0752
-0.0189,-0.0529,1.0308,20.3247,-1.5259,0.0000
-0.0217,-0.0762,1.0306,17.0898,0.0000,0.9766
-0.0215,-0.0541,1.0284,21.8506,0.3662,3.3569
-0.0206,-0.0714,1.0160,25.0854,2.3804,1.9531
-0.0221,-0.0790,1.0156,10.0708,2.9907,-0.4883
-0.0206,-0.0774,1.0225,-0.0610,2.8076,0.2441
-0.0215,-0.0717,1.0273,2.1362,2.7466,-0.1831
-0.0233,-0.0687,1.0298,4.0283,3.0518,0.8545
-0.0126,-0.0430,0.9923,-7.6904,7.6294,-3.1738
-0.0133,-0.0242,0.9993,-14.1602,8.6060,-2.0142
-0.0248,-0.0497,1.0398,-17.1509,8.6060,-5.1880
-0.0166,-0.0485,1.0317,8.6670,1.8311,-1.4038
-0.0026,-0.0396,1.0189,28.6255,-2.3193,-1.2817
-0.0305,-0.0530,1.0537,22.8882,-6.6528,2.3193
-0.0201,-0.0875,1.0070,9.7656,3.1738,0.0000
-0.0178,-0.0616,1.0245,-4.1504,3.6621,-0.1221
-0.0199,-0.0521,1.0302,-3.9062,3.0518,-0.3052
-0.0145,-0.0419,1.0298,-1.3428,5.1270,-0.3662
-0.0176,-0.0531,1.0221,1.1597,6.1646,-1.2817
-0.0165,-0.0496,1.0242,3.4180,3.6011,-0.8545
-0.0166,-0.0453,1.0258,4.2114,3.2349,-0.4883
-0.0116,-0.0417,1.0212,2.1362,3.5400,-0.4272
-0.0157,-0.0483,1.0238,-1.3428,5.1270,-1.3428
-0.0131,-0.0376,1.0251,3.4180,2.9907,-0.5493
-0.0138,-0.0393,1.0216,4.9438,2.4414,-0.7324
-0.0150,-0.0420,1.0210,1.2207,2.9907,0.2441
-0.0184,-0.0002,1.0602,-0.2441,3.5400,-0.6714
-0.0144,-0.0339,1.0264,5.7983,3.2349,-0.8545
-0.0118,-0.0309,1.0221,5.7373,3.5400,-0.5493
-0.0110,-0.0309,1.0284,5.7983,4.6997,-0.7324
-0.0103,-0.0291,1.0245,5.7373,7.3853,-1.7090
-0.0126,-0.0293,1.0265,5.8594,7.9956,-1.5869
-0.0038,-0.0359,1.0201,5.9814,7.9346,-1.7700
-0.0038,-0.0438,1.0220,5.7373,6.4087,-1.2817
-0.0004,-0.0356,1.0204,5.8594,4.0283,-0.7935
-0.0002,-0.0322,1.0234,5.8594,3.1738,-0.5493
-0.0005,-0.0323,1.0261,5.7983,2.8687,-0.8545
0.0000,-0.0326,1.0209,5.9204,2.8076,-0.6714
0.0000,-0.0321,1.0250,5.7983,3.5400,-0.2441
0.0010,-0.0330,1.0245,5.7373,4.0894,-0.3662
0.0002,-0.0392,1.0237,5.9204,4.8828,-0.2441
0.0017,-0.0323,1.0233,5.8594,5.3101,-0.1831
0.0031,-0.0317,1.0234,5.9204,5.3711,-0.3662
0.0054,-0.0312,1.0250,5.8594,4.2114,-0.5493
0.0054,-0.0312,1.0229,5.6152,3.1128,-0.7935
0.0049,-0.0328,1.0250,5.4932,3.5400,-0.6714
0.0056,-0.0321,1.0264,5.9204,4.1504,-0.4883
0.0070,-0.0321,1.0237,5.7983,4.3335,-0.5493
0.0065,-0.0325,1.0238,5.8594,3.1738,-0.7935
0.0066,-0.0327,1.0259,5.6763,3.2959,-0.4883
0.0074,-0.0315,1.0234,6.0425,3.7231,-0.4883
0.0083,-0.0328,1.0222,5.7983,3.1128,-0.7935
0.0081,-0.0320,1.0238,5.6763,3.0518,-0.4272
0.0078,-0.0316,1.0261,5.6152,2.9297,-0.5493
0.0078,-0.0312,1.0242,5.9204,2.5635,-0.7324
0.0081,-0.0326,1.0201,5.7373,2.9907,-0.4883
0.0092,-0.0322,1.0192,5.9204,2.7466,-0.5493
0.0076,-0.0319,1.0272,5.6763,2.5635,-0.4272
0.0071,-0.0331,1.0267,5.6152,2.7466,-0.6104
0.0077,-0.0321,1.0269,5.7373,3.1128,-0.4883
0.0074,-0.0314,1.0267,5.7983,3.1738,-0.3052
0.0092,-0.0327,1.0193,5.8594,2.8687,-0.4883
0.0078,-0.0309,1.0232,5.7373,2.8076,-0.6104
0.0067,-0.0312,1.0283,5.9204,2.9907,-0.6104
0.0090,-0.0277,1.0225,5.8594,3.1128,-0.9155
0.0096,-0.0345,1.0208,5.7373,3.3569,-0.5493
0.0057,-0.0328,1.0255,5.9204,3.4180,-0.6104
0.0110,-0.0303,1.0250,5.9204,3.2349,-0.9155
0.0096,-0.0325,1.0232,5.7983,3.3569,-0.9766
FIN_VENTANA
INICIO_VENTANA arriba
0.0131,-0.0314,1.0249,5.9204,2.7466,-0.6104
0.0132,-0.0319,1.0216,5.9204,2.9297,-0.6104
0.0128,-0.0315,1.0227,5.7373,2.5635,-0.7935
0.0122,-0.0323,1.0242,5.7983,2.4414,-0.6104
0.0116,-0.0317,1.0238,5.8594,2.9297,-0.4883
0.0128,-0.0310,1.0227,5.8594,2.8076,-0.7324
0.0118,-0.0314,1.0240,5.8594,2.6855,-0.6104
0.0132,-0.0327,1.0216,5.8594,2.8076,-0.5493
0.0126,-0.0304,1.0281,5.8594,2.6855,-0.4272
0.0123,-0.0322,1.0232,5.9204,3.0518,-0.4883
0.0134,-0.0331,1.0172,5.7983,2.9907,-0.4883
0.0127,-0.0311,1.0255,5.9204,3.0518,-0.5493
0.0135,-0.0331,1.0203,5.8594,3.2959,-0.5493
0.0131,-0.0317,1.0272,5.9204,3.3569,-0.4883
0.0128,-0.0323,1.0247,5.9204,3.4790,-0.4883
0.0139,-0.0328,1.0195,5.7983,3.3569,-0.5493
0.0148,-0.0322,1.0247,5.9204,3.4790,-0.5493
0.0156,-0.0326,1.0259,5.9204,3.1128,-0.5493
0.0150,-0.0316,1.0264,5.7983,2.7466,-0.6104
0.0140,-0.0317,1.0265,5.8594,2.8687,-0.3662
0.0153,-0.0322,1.0205,6.0425,3.1738,-0.5493
0.0165,-0.0312,1.0242,5.7983,3.1738,-0.5493
0.0142,-0.0322,1.0265,5.9204,2.8687,-0.6104
0.0149,-0.0325,1.0219,5.9204,3.1128,-0.5493
0.0155,-0.0321,1.0260,5.9204,3.2959,-0.7935
0.0155,-0.0326,1.0233,5.9814,3.4790,-0.3662
0.0164,-0.0309,1.0247,5.7373,3.6011,-0.6714
0.0160,-0.0321,1.0216,5.7983,2.9907,-0.6104
0.0177,-0.0309,1.0212,5.7983,3.0518,-0.4883
0.0160,-0.0308,1.0236,5.7983,3.2349,-0.3662
0.0168,-0.0314,1.0227,5.7983,2.9297,-0.6104
0.0186,-0.0314,1.0211,5.7373,2.9907,-0.6714
0.0173,-0.0323,1.0231,5.9204,2.3193,-0.7324
0.0179,-0.0320,1.0212,5.7983,2.4414,-0.6714
0.0162,-0.0334,1.0223,5.7983,2.1362,-0.7324
0.0178,-0.0308,1.0225,5.8594,2.0142,-1.1597
0.0186,-0.0312,1.0187,5.7373,1.1597,-2.1973
0.0251,-0.0394,1.0305,5.7373,-1.6479,-1.7090
0.0100,-0.0210,1.0336,6.2866,-3.5400,1.7700
0.0005,-0.0076,1.0298,5.9204,-0.6714,0.6714
0.0079,-0.0312,1.0240,6.1035,3.9062,0.1831
0.0103,-0.0314,1.0231,6.1035,3.8452,0.1831
0.0087,-0.0338,1.0217,5.9814,3.2349,-0.2441
0.0144,-0.0201,1.0203,5.7373,2.4414,-0.9155
0.0043,-0.0372,1.0265,5.7373,-0.1831,-1.8311
0.0048,-0.0420,1.0276,5.6152,0.2441,-1.1597
0.0204,-0.0381,1.0143,5.7983,0.3052,-1.1597
0.0045,-0.0247,1.0311,6.2256,-2.3193,0.0000
-0.0057,-0.0615,1.0082,13.1226,-1.0376,0.1221
0.0004,-0.0364,1.0153,-1.4648,2.6855,0.1221
0.0010,-0.0309,1.0244,6.0425,5.9814,-1.1597
-0.0010,-0.0453,1.0183,5.6152,5.7983,-1.5259
0.0051,-0.0232,1.0243,5.7983,1.2207,1.2817
0.0035,-0.0245,1.0338,5.6763,2.6245,0.1831
0.0077,-0.0326,1.0205,5.6763,3.4790,0.0610
0.0045,-0.0239,1.0242,6.0425,1.0376,0.4272
0.0131,-0.0012,1.0302,5.6152,1.1597,0.0610
-0.0007,-0.0481,1.0168,5.9204,0.1221,-0.5493
-0.0011,-0.0195,1.0280,5.7983,-4.2114,0.8545
-0.0045,-0.0288,1.0330,5.9204,-1.5869,-0.2441
-0.0089,-0.0415,1.0228,11.2305,-0.9155,-0.1831
-0.0092,-0.0325,1.0330,13.9160,-3.7231,0.9155
-0.0083,-0.0283,1.0364,16.1133,0.8545,-0.3662
0.0011,-0.0204,1.0149,20.8740,2.7466,-0.3052
-0.0079,-0.0198,1.0172,4.2725,3.3569,-2.9297
-0.0184,-0.0455,1.0038,-17.5171,12.5122,-4.9438
-0.0100,-0.0726,1.0239,6.0425,20.3857,-1.5869
0.0061,-0.0253,1.0227,6.3477,14.9536,1.0376
0.0096,-0.0862,1.0210,6.2866,13.6719,0.9155
0.0317,-0.0577,1.0336,6.1646,9.3384,-0.1221
0.0118,-0.0287,1.0142,5.6763,6.7749,-1.7700
0.0323,-0.0336,1.0291,5.7983,4.2114,-1.3428
0.0138,-0.0385,1.0118,5.7983,4.5166,-2.8687
0.0110,-0.0198,1.0221,5.7373,2.5024,-1.5259
0.0129,-0.0182,1.0100,5.7983,6.2866,-0.9766
0.0427,-0.0309,1.0181,5.8594,5.9204,-1.2207
0.0284,-0.0299,1.0144,5.5542,0.7324,-2.0142
0.0200,-0.0186,1.0171,5.6152,-2.5024,-1.2207
0.0197,-0.0220,1.0201,5.5542,-2.4414,-1.2207
0.0157,-0.0123,1.0195,5.8594,-1.3428,-0.7324
0.0178,-0.0406,1.0114,5.7983,-7.7515,-0.2441
0.0096,-0.0358,1.0110,5.4321,-15.9302,-0.7935
-0.0345,-0.1674,1.0258,5.6763,-25.6348,8.7280
-0.0059,-0.0757,1.1780,44.9829,-12.0239,1.2207
-0.0193,-0.0602,1.0022,42.7856,2.8076,1.2207
-0.0245,-0.0490,1.0137,25.3906,2.3193,4.0894
-0.0211,-0.0739,0.9952,15.9302,4.2725,0.7324
-0.0240,-0.0768,1.0206,-7.7515,2.8076,-2.0752
-0.0245,-0.0604,1.0212,-6.9580,2.9907,-2.1973
-0.0319,-0.0726,1.0159,-5.7373,2.8076,-2.5024
-0.0226,-0.0824,1.0490,-8.3618,2.8076,-1.6479
-0.0327,-0.1426,1.0750,47.0581,3.1738,-3.9673
-0.0331,-0.0674,1.0085,40.1001,-8.0566,2.9907
-0.0157,-0.0978,0.9701,22.6440,-2.6245,-0.1221
-0.0029,-0.0951,0.9861,6.2256,12.9395,-1.0986
-0.0319,-0.1266,1.0317,-12.7563,11.2305,-3.1128
-0.0302,-0.1025,1.0111,13.0615,2.7466,-1.2207
-0.0096,-0.0574,0.9614,-14.3433,6.0425,-2.3193
-0.0302,-0.1436,1.0563,-55.2979,2.6855,-3.4790
-0.0299,-0.0558,1.0747,-17.1509,2.6855,-5.0049
FIN_VENTANA
INICIO_VENTANA arriba
-0.0453,-0.0748,1.0128,20.3247,-7.3853,0.3662
-0.0048,-0.1147,0.9883,16.6016,-2.5635,-0.8545
-0.0238,-0.1135,1.0178,5.9204,7.7515,-1.7700
-0.0245,-0.1267,1.0056,6.2256,13.4277,-1.3428
-0.0430,-0.0994,1.0272,-1.0986,9.6436,-1.9531
-0.0187,-0.0708,1.0449,9.2773,2.8076,0.2441
-0.0022,-0.0812,0.9818,10.1929,3.1738,-0.9766
0.0028,-0.0951,1.0098,4.7607,2.7466,-0.3662
-0.0464,-0.1316,1.0343,3.2349,2.5635,2.0142
-0.0450,-0.1216,1.0203,11.7187,2.8687,1.2207
-0.0441,-0.2141,1.0320,2.5635,2.8687,-4.8218
-0.0582,-0.1288,1.0198,7.0190,-0.2441,0.4883
-0.0228,-0.0876,1.0255,6.3477,-4.3335,1.8311
-0.0210,-0.0873,1.0155,7.0190,-2.8687,0.3052
-0.0094,-0.0986,1.0254,5.1880,0.3052,-0.6104
-0.0338,-0.0811,1.0419,10.7422,-0.1831,1.8311
-0.0404,-0.1008,1.0151,13.1836,-3.6011,0.1221
-0.0409,-0.1296,1.0051,-2.5024,2.2583,-3.3569
-0.0389,-0.1088,1.0175,-4.0283,6.7749,-4.1504
-0.0458,-0.1067,1.0234,-6.8970,9.5825,-3.9673
-0.0118,-0.0776,1.0397,-4.3335,8.2397,-3.7231
-0.0129,-0.0830,1.0286,4.2114,4.2114,-1.6479
-0.0265,-0.0806,1.0287,11.4136,1.8921,-0.4883
0.0092,-0.0800,1.0065,15.3198,4.6997,-0.0610
-0.0244,-0.0868,1.0009,-0.4883,12.3901,-2.0142
-0.0406,-0.1071,1.0588,-44.6777,2.8076,-2.6855
-0.0215,-0.0443,1.0599,-4.5166,2.7466,-2.2583
-0.0228,-0.0547,1.0234,39.7949,2.6855,4.5166
0.0037,-0.0776,1.0145,32.5317,-2.3193,1.4648
-0.0367,-0.1292,1.0057,20.0195,-0.5493,0.5493
-0.0309,-0.1221,1.0070,15.2588,1.2817,-0.0610
-0.0381,-0.1202,1.0072,1.8311,1.4038,-0.8545
-0.0284,-0.1213,1.0071,-5.7983,4.3335,-2.1973
-0.0385,-0.1044,1.0365,-9.0942,7.5073,-2.7466
-0.0146,-0.0732,1.0381,1.6479,5.5542,-1.3428
-0.0182,-0.0713,1.0333,7.9346,1.6479,0.1831
-0.0225,-0.0826,1.0154,17.3950,0.6714,0.4272
-0.0237,-0.1052,1.0106,8.8501,1.9531,-0.6714
-0.0106,-0.1036,1.0055,4.6387,6.2866,-0.7324
-0.0188,-0.1165,1.0248,1.0376,10.3760,-1.7090
-0.0096,-0.0734,1.0497,7.3242,2.8076,-0.7324
-0.0204,-0.0895,1.0228,15.6250,0.9766,1.2207
-0.0231,-0.0950,1.0164,14.2822,2.3193,1.5259
-0.0305,-0.1252,1.0172,7.9956,1.6479,0.0610
-0.0249,-0.1150,1.0090,3.3569,2.5024,-0.3052
-0.0209,-0.0990,1.0128,0.6104,4.8828,-0.1221
-0.0284,-0.1119,1.0247,-12.8784,3.4180,-2.1362
-0.0264,-0.1075,1.0121,-12.2070,2.9907,-1.7090
-0.0228,-0.0767,1.0170,-12.8784,2.6855,-1.4648
-0.0216,-0.0720,1.0232,-13.0615,2.6855,-0.7935
-0.0183,-0.0635,1.0349,-2.1362,2.6245,-0.9155
-0.0197,-0.0576,1.0236,5.0659,2.8687,-0.9766
-0.0236,-0.0707,1.0327,10.0708,2.8687,-3.2349
-0.0200,-0.0763,1.0264,25.0244,2.6855,2.5024
-0.0231,-0.0623,1.0116,20.4468,2.8076,2.6855
-0.0223,-0.0729,1.0175,9.8267,2.4414,-0.6714
-0.0215,-0.0823,1.0175,4.5776,2.6245,0.5493
-0.0258,-0.0813,1.0253,-2.4414,2.9907,-2.1362
-0.0210,-0.0714,1.0288,4.8828,3.0518,-1.5869
-0.0237,-0.0746,1.0153,5.9204,2.9907,-1.5259
-0.0234,-0.0736,1.0188,-1.3428,2.9297,-1.9531
-0.0237,-0.0817,1.0288,1.3428,2.7466,-1.0986
-0.0212,-0.0635,1.0211,4.2114,2.8076,-0.3662
-0.0208,-0.0659,1.0150,-3.2349,2.8687,-2.1362
-0.0208,-0.0448,1.0353,-6.2256,2.5024,-1.5259
-0.0238,-0.0574,1.0330,3.6621,2.8687,-1.4648
-0.0232,-0.0538,1.0209,8.5449,2.9297,-0.7324
-0.0228,-0.0531,1.0229,4.8828,2.9907,0.0610
-0.0227,-0.0552,1.0220,3.6011,2.8076,-0.9766
-0.0262,-0.0516,1.0189,0.3662,2.6855,-0.5493
-0.0229,-0.0443,1.0200,-1.7700,2.9297,-1.0376
-0.0205,-0.0350,1.0208,-5.1880,2.8687,-1.1597
-0.0199,-0.0315,1.0231,4.6387,2.9907,-1.3428
-0.0210,-0.0364,1.0223,5.7373,2.6855,-1.4038
-0.0221,-0.0447,1.0236,5.6763,2.8687,-1.8311
-0.0226,-0.0343,1.0214,5.7373,2.7466,-1.8311
-0.0209,-0.0339,1.0236,5.9204,2.9907,-0.9766
-0.0228,-0.0419,1.0264,5.7373,2.8076,-0.7935
-0.0183,-0.0183,1.0106,10.0708,2.8076,0.2441
-0.0227,-0.0297,1.0283,5.3101,2.7466,-0.9766
-0.0227,-0.0366,1.0223,11.5967,2.8687,-0.3052
-0.0229,-0.0417,1.0225,12.8174,2.8687,-0.6714
-0.0182,-0.0535,1.0214,10.4980,2.8076,-0.9766
-0.0198,-0.0583,1.0255,15.0146,2.8076,-0.1221
-0.0261,-0.0659,1.0184,29.6631,2.8687,1.7090
-0.0183,-0.0476,1.0133,9.5215,2.1973,0.8545
-0.0227,-0.0563,1.0330,-4.5166,2.8076,1.2817
-0.0222,-0.0638,1.0385,1.7700,2.7466,-1.5259
0.0009,-0.0537,1.0135,16.6016,2.6245,-1.3428
-0.0242,-0.0548,1.0004,5.6152,2.8687,-0.4272
-0.0302,-0.1155,1.0028,-20.2026,2.8687,-2.5635
-0.0168,-0.0275,1.0383,-13.6108,2.5635,-2.3193
-0.0187,-0.0502,1.0215,25.1465,2.8076,2.1362
-0.0192,-0.0505,1.0029,17.7002,2.6855,2.6245
-0.0238,-0.0565,1.0293,3.7842,2.8687,2.0142
-0.0214,0.0072,1.0403,22.8882,2.8687,3.2349
-0.0229,-0.0927,0.9984,22.7661,2.7466,0.0000
-0.0200,-0.0586,1.0005,-3.6011,2.8076,-1.9531
-0.0247,-0.0557,1.0208,-22.5830,2.6245,-0.9155
-0.0197,-0.0421,1.0461,-6.3477,2.6855,-2.3804
FIN_VENTANA
INICIO_VENTANA arriba
-0.0175,-0.0480,1.0382,1.1597,2.7466,-0.7935
-0.0223,-0.0619,1.0227,11.2305,2.8076,-0.9766
-0.0079,-0.0282,1.0016,4.1504,2.7466,0.0000
-0.0203,-0.0674,1.0221,1.5259,2.6855,-1.9531
-0.0168,-0.0577,1.0322,8.3008,2.8687,-2.0752
-0.0270,-0.0731,1.0138,1.1597,2.8687,-0.9155
-0.0221,-0.0568,1.0233,-4.3945,2.6855,0.6104
-0.0217,-0.0225,1.0377,0.6104,2.7466,1.7090
-0.0217,-0.0192,1.0328,16.3574,2.6855,0.8545
-0.0234,-0.0594,1.0165,19.3481,2.9907,0.0610
-0.0225,-0.0648,1.0165,1.0986,2.6855,-0.7935
-0.0322,-0.0762,1.0300,4.3335,2.7466,-0.6714
-0.0306,-0.0432,1.0342,14.2822,2.8076,1.9531
-0.0067,-0.0291,1.0223,17.4561,2.5024,0.4272
-0.0217,-0.0771,1.0459,16.1743,2.9297,-1.5259
-0.0240,-0.1136,1.0256,16.7847,2.8076,-2.1362
-0.0277,-0.1061,1.0031,16.6626,2.2583,-1.9531
-0.0242,-0.0880,1.0105,1.8311,3.5400,-0.2441
-0.0231,-0.0668,1.0364,-8.1787,2.6855,-0.1221
-0.0214,-0.0668,1.0291,4.0894,2.9907,-1.3428
-0.0225,-0.0760,1.0190,6.4087,2.7466,-1.2817
-0.0223,-0.0778,1.0181,2.3804,2.8076,-0.0610
-0.0219,-0.0626,1.0256,-0.9155,2.8687,-0.1831
-0.0219,-0.0664,1.0219,-0.1221,2.6855,-0.1831
-0.0192,-0.0460,1.0133,-6.2256,2.7466,-0.3052
-0.0212,-0.0333,1.0093,-14.8315,2.6245,-1.2817
-0.0214,-0.0306,1.0442,-20.4468,4.5776,-3.1738
-0.0161,-0.0525,1.0149,5.6152,3.2349,-3.0518
-0.0048,-0.0244,1.0636,7.8125,-1.8311,2.5635
-0.0240,-0.0391,1.0167,16.2354,3.0518,0.0000
-0.0214,-0.0358,1.0212,9.9487,2.9297,0.2441
-0.0220,-0.0524,1.0222,7.2632,2.7466,-1.3428
-0.0212,-0.0352,1.0144,1.7700,2.6855,-1.2207
-0.0221,-0.0381,1.0262,-1.7700,2.7466,-1.7090
-0.0229,-0.0389,1.0277,2.5024,2.8076,-1.1597
-0.0209,-0.0442,1.0227,4.5776,2.7466,-0.7935
-0.0214,-0.0486,1.0190,8.7891,2.8076,-1.6479
-0.0244,-0.0470,1.0232,24.4751,2.8687,0.2441
-0.0250,-0.0635,1.0106,17.9443,2.9907,0.1221
-0.0211,-0.0613,1.0137,5.1270,2.8687,0.2441
-0.0162,-0.0359,1.0197,0.5493,2.6855,-0.0610
-0.0201,-0.0413,1.0236,0.0000,2.6855,-0.9766
-0.0238,-0.0511,1.0206,3.0518,2.7466,-1.0376
-0.0217,-0.0457,1.0211,3.0518,2.8076,-0.6104
-0.0227,-0.0353,1.0315,5.6763,2.9297,-0.4883
-0.0206,-0.0419,1.0262,11.1084,2.6245,-1.1597
-0.0249,-0.0400,1.0519,19.0430,2.9907,-2.5024
-0.0020,-0.0851,0.9968,56.1523,2.4414,2.6855
-0.0311,-0.0585,1.0221,31.9824,-9.9487,3.7842
-0.0221,-0.0857,1.0006,25.3906,-5.7983,2.3193
-0.0168,-0.0905,0.9996,13.0005,9.8267,-2.9907
-0.0530,-0.1801,0.9635,-19.8975,17.1509,-4.3335
-0.0153,-0.0803,1.0393,-14.1602,2.8687,-0.9766
-0.0231,-0.0814,1.0122,-0.9766,2.7466,-0.9155
-0.0251,-0.0502,1.0490,-11.0474,2.9297,-1.8311
-0.0197,-0.0500,1.0242,-5.3711,2.9297,-2.3804
-0.0232,-0.0879,1.0216,1.0986,2.8076,-1.4648
-0.0388,-0.0597,1.0313,11.9629,2.8687,0.9766
-0.0184,-0.0450,0.9945,10.1929,2.7466,2.0752
-0.0127,-0.0470,1.0021,-11.4746,2.6855,0.2441
-0.0219,-0.0341,1.0287,-17.1509,2.6855,-1.7700
-0.0288,-0.0714,1.0233,5.7983,2.7466,-2.6245
-0.0095,-0.0028,1.0272,20.2637,2.7466,0.0000
-0.0319,-0.0105,1.0160,15.3198,0.2441,-2.4414
-0.0305,-0.0416,1.0131,5.6152,-1.0376,-7.2021
-0.0261,-0.0745,1.0234,6.6528,0.6104,-5.3711
-0.0264,-0.0477,1.0024,3.0518,2.6855,-3.4180
-0.0253,-0.0470,1.0065,-10.2539,7.2021,-3.6011
-0.0411,-0.0413,1.0424,3.9673,10.9253,-4.3335
-0.0109,-0.0420,1.0234,5.7983,2.6245,-1.7090
-0.0170,-0.0402,1.0200,5.9204,2.6245,-0.3662
-0.0172,-0.0155,1.0253,6.1646,2.7466,-0.1831
-0.0132,-0.0228,1.0211,5.8594,2.8687,0.4272
-0.0096,-0.0146,1.0208,5.7983,2.7466,1.7090
-0.0420,-0.0626,1.0255,5.7983,2.7466,1.2207
-0.0210,-0.0363,1.0189,5.7373,3.3569,-0.1831
-0.0264,-0.0391,1.0326,6.0425,1.5869,-1.5869
-0.0214,-0.0315,1.0205,5.7983,2.6245,-3.7231
-0.0289,-0.0635,1.0254,5.6763,2.6855,-3.1738
-0.0239,-0.0035,1.0233,5.3101,1.2817,-1.7700
-0.0242,-0.0298,1.0308,5.9814,1.3428,-0.3052
-0.0286,-0.0311,1.0306,6.0425,-4.6387,0.4883
-0.0461,-0.0314,1.0151,13.5498,-7.5073,0.0000
-0.0321,-0.0267,1.0005,8.4229,-3.1128,0.3662
-0.0288,-0.0442,1.0354,-2.8076,6.6528,-2.0142
-0.0314,-0.0413,1.0239,5.7983,8.7891,-2.5024
-0.0282,-0.0239,1.0249,5.4932,7.3242,-1.2817
-0.0261,-0.0325,1.0195,5.6152,7.5073,-0.4883
-0.0151,-0.0293,1.0188,5.7983,9.5825,0.0000
-0.0179,-0.0337,1.0200,5.9204,3.4790,0.3662
-0.0071,-0.0347,1.0240,5.7983,2.8687,-0.6104
-0.0275,-0.0300,1.0245,5.7373,2.8076,0.2441
-0.0247,-0.0339,1.0227,5.7983,2.6855,-0.5493
-0.0222,-0.0342,1.0232,5.8594,2.8687,-0.5493
-0.0212,-0.0338,1.0221,5.7983,2.7466,-0.8545
-0.0236,-0.0345,1.0220,5.7983,2.8076,-0.1221
-0.0231,-0.0341,1.0210,5.7983,2.8076,0.3662
-0.0242,-0.0341,1.0300,5.8594,2.7466,0.4272
-0.0255,-0.0332,1.0277,4.2725,7.6294,-1.1597
-0.0267,-0.0388,1.0172,4.5776,7.0190,-1.4648
FIN_VENTANA
INICIO_VENTANA arriba
-0.0171,-0.0354,1.0209,6.4087,1.2207,0.0610
-0.0204,-0.0305,1.0209,6.0425,2.2583,-0.3662
-0.0203,-0.0288,1.0203,6.1646,1.7090,-0.3662
-0.0203,-0.0319,1.0253,6.0425,1.8311,0.1831
-0.0203,-0.0320,1.0227,5.6152,3.9062,-0.3662
-0.0201,-0.0333,1.0229,5.4321,3.8452,-1.3428
-0.0188,-0.0405,1.0199,5.3101,4.2725,-0.3662
-0.0145,-0.0293,1.0149,5.1880,4.5166,-0.8545
-0.0184,-0.0347,1.0239,5.8594,2.9297,-0.7324
-0.0183,-0.0428,1.0201,5.7983,3.0518,-0.4272
-0.0170,-0.0415,1.0204,5.7983,2.6855,-0.4272
-0.0182,-0.0276,1.0211,5.7983,2.9297,0.0000
-0.0167,-0.0280,1.0240,5.7983,2.9907,1.2207
-0.0161,-0.0198,1.0228,5.7373,3.7231,-0.1221
-0.0194,-0.0391,1.0291,5.9204,5.6152,-1.0986
-0.0132,-0.0316,1.0183,5.9814,7.6294,-1.2207
-0.0077,-0.0441,1.0229,5.7983,5.6152,-1.5259
-0.0126,-0.0323,1.0219,5.6152,3.9673,-0.5493
-0.0095,-0.0289,1.0220,5.5542,1.9531,-1.2207
-0.0082,-0.0378,1.0222,6.0425,3.3569,-0.7324
-0.0090,-0.0326,1.0219,5.8594,2.4414,-0.6714
-0.0105,-0.0310,1.0216,5.7373,1.9531,-0.9155
-0.0115,-0.0310,1.0206,5.6763,1.7090,-0.9155
-0.0123,-0.0344,1.0208,5.7983,1.9531,-0.7935
-0.0125,-0.0310,1.0244,5.8594,1.4648,-0.4883
-0.0002,-0.0328,1.0052,5.7983,-0.1221,-1.2207
-0.0190,-0.0511,1.0214,6.5308,0.0000,-0.9766
-0.0200,-0.0331,1.0216,7.0801,-0.7935,-0.1221
-0.0225,-0.0344,1.0209,6.8970,-0.3052,0.6104
-0.0234,-0.0337,1.0277,5.7983,2.4414,-0.7935
-0.0226,-0.0342,1.0221,5.9814,2.5024,-1.6479
-0.0212,-0.0343,1.0203,5.8594,2.7466,-0.8545
-0.0079,-0.0310,1.0217,5.9204,2.7466,-1.4038
-0.0288,-0.0562,1.0189,5.7373,2.7466,-4.2114
-0.0184,-0.0228,1.0410,9.3384,2.7466,-1.4038
-0.0155,-0.0087,1.0093,4.0283,2.8687,1.8311
-0.0209,-0.0394,1.0203,5.4932,2.9297,2.5635
-0.0195,-0.0011,1.0217,5.7983,2.5635,2.7466
-0.0150,0.0682,1.0236,24.1699,2.8687,-3.1128
-0.0217,-0.0950,1.0471,23.6816,-0.1831,-5.4932
-0.0247,-0.0834,1.0037,15.8691,4.0894,-2.5024
-0.0223,-0.0626,1.0229,-1.8921,3.4790,-1.7700
-0.0221,-0.0503,1.0269,-2.4414,2.6855,-0.9766
-0.0212,-0.0566,1.0194,1.7090,2.8076,-0.9766
-0.0221,-0.0490,1.0210,0.4883,2.8076,-1.1597
-0.0229,-0.0535,1.0164,0.3662,2.8076,-0.7324
-0.0225,-0.0380,1.0304,-2.2583,2.7466,-0.7324
-0.0244,-0.0419,1.0204,-0.4272,2.6855,-0.7935
-0.0275,-0.0453,1.0280,-0.9766,2.9297,-3.7231
-0.0228,-0.0469,1.0223,5.8594,2.8687,-3.8452
-0.0253,-0.0365,1.0227,5.8594,2.7466,-3.9062
-0.0245,-0.0466,1.0215,5.7983,2.8076,-2.0142
-0.0220,-0.0303,1.0239,5.8594,2.8076,-1.4648
-0.0227,-0.0360,1.0223,5.7983,2.7466,-1.7700
-0.0227,-0.0430,1.0208,5.6763,2.6855,-1.2817
-0.0223,-0.0355,1.0238,5.8594,2.8076,-0.9155
-0.0225,-0.0349,1.0227,5.8594,2.7466,-0.8545
-0.0220,-0.0348,1.0221,5.7983,2.8687,-0.8545
-0.0222,-0.0339,1.0231,5.7983,2.7466,-0.6714
-0.0227,-0.0334,1.0240,5.8594,2.6855,-0.7935
-0.0219,-0.0332,1.0239,5.7373,2.8687,-0.7324
-0.0222,-0.0337,1.0204,5.6763,2.6855,-0.9766
-0.0217,-0.0338,1.0228,5.8594,2.7466,-0.7324
-0.0231,-0.0341,1.0214,5.8594,2.8076,-0.7935
-0.0225,-0.0343,1.0229,5.7983,2.6245,-0.6104
-0.0217,-0.0328,1.0216,5.8594,2.7466,-0.8545
-0.0226,-0.0339,1.0221,5.7373,2.6855,-0.8545
-0.0232,-0.0341,1.0221,5.9814,2.6855,-0.9155
-0.0222,-0.0345,1.0226,5.9204,2.8076,-0.7935
-0.0212,-0.0338,1.0237,5.9814,2.8076,-0.4883
-0.0223,-0.0334,1.0225,5.9814,2.6855,-0.6714
-0.0226,-0.0333,1.0206,5.8594,2.8076,-0.7324
-0.0214,-0.0034,1.0250,5.7983,2.7466,-0.3662
-0.0240,-0.0360,1.0248,5.8594,2.6245,-0.7324
-0.0228,-0.0349,1.0192,5.7983,2.8687,-0.4883
-0.0211,-0.0330,1.0273,5.8594,2.7466,-0.5493
-0.0243,-0.0342,1.0244,5.7373,2.6855,-0.7324
-0.0228,-0.0326,1.0231,5.7373,2.7466,-0.6104
-0.0240,-0.0347,1.0239,5.9814,2.8076,-0.6714
-0.0215,-0.0339,1.0232,5.8594,2.8687,-0.4272
-0.0229,-0.0345,1.0205,5.7983,2.6855,-0.6714
-0.0237,-0.0334,1.0247,5.7983,2.8076,-0.6104
-0.0225,-0.0347,1.0261,5.9204,2.7466,-0.4272
-0.0225,-0.0349,1.0204,6.0425,2.8076,-0.5493
-0.0211,-0.0328,1.0219,5.6152,2.9907,-0.4272
-0.0232,-0.0344,1.0220,5.8594,2.1973,-0.3662
-0.0221,-0.0331,1.0219,5.9204,2.7466,-0.7324
-0.0231,-0.0337,1.0242,5.9814,2.7466,-0.3662
-0.0232,-0.0336,1.0209,5.7983,2.6245,-0.4883
-0.0231,-0.0315,1.0234,5.7373,2.7466,-0.3052
-0.0228,-0.0332,1.0223,5.8594,2.6855,-0.5493
-0.0219,-0.0334,1.0211,5.8594,2.7466,-0.7935
-0.0232,-0.0337,1.0234,5.8594,2.8687,-0.4272
-0.0234,-0.0334,1.0237,5.6152,2.8076,-0.5493
-0.0220,-0.0334,1.0234,5.7983,2.8076,-0.6104
-0.0226,-0.0330,1.0228,5.9814,2.5024,-0.7935
-0.0228,-0.0341,1.0234,5.7983,2.7466,-0.5493
-0.0221,-0.0342,1.0240,5.7983,2.9907,-0.5493
-0.0219,-0.0326,1.0227,6.1035,2.9907,-0.5493
-0.0219,-0.0348,1.0226,5.8594,2.6245,-0.7935
FIN_VENTANA
INICIO_VENTANA arriba
-0.0216,-0.0219,1.0203,5.6763,2.7466,-1.5869
0.0004,0.0098,1.0204,5.9814,2.6855,-0.6714
-0.0198,0.0070,1.0361,15.8081,2.8076,0.6714
-0.0652,-0.1036,1.0239,4.0894,2.6855,-0.8545
-0.0200,-0.0387,1.0103,-3.9062,2.6245,-1.7090
-0.0505,-0.0585,1.0212,5.8594,2.9907,-3.1128
-0.0005,-0.0074,1.0205,5.8594,2.8687,-1.2207
-0.0433,-0.0244,1.0248,5.8594,2.6855,-1.0376
0.0151,-0.0232,0.9906,4.1504,8.8501,-1.4038
-0.0446,-0.0580,1.0718,2.9297,16.2964,-7.0190
0.0497,0.0382,1.0334,5.7983,3.4790,2.9297
-0.0107,-0.0208,1.1210,5.9204,-21.3013,2.6855
-0.0002,0.0298,1.0239,5.8594,2.3804,0.1831
-0.0383,-0.0504,1.0249,5.9204,2.7466,0.6104
-0.0504,-0.0995,1.0005,11.0474,2.7466,-1.2817
-0.0253,-0.0361,1.0233,4.6997,3.0518,-2.4414
0.0289,-0.0083,0.9542,0.6104,20.0806,-2.6245
-0.0057,-0.0333,0.9940,5.7373,8.6060,-0.9155
-0.0195,-0.0391,1.0186,5.9814,-2.3804,-1.8921
-0.0320,-0.0216,1.0023,6.2256,0.4272,1.4038
-0.0204,-0.0334,1.0214,6.8970,-1.4038,0.3052
-0.0239,-0.0317,1.0229,5.8594,2.6855,0.5493
-0.0497,0.0007,1.0259,5.6763,2.8687,-0.7324
-0.0226,-0.0482,1.0277,5.5542,2.9907,-2.5024
-0.0139,-0.0299,1.0171,5.6152,3.1128,-0.9155
-0.0238,-0.0321,1.0265,6.5308,0.6104,-0.2441
-0.0200,-0.0336,1.0234,5.9814,2.6855,0.5493
-0.0243,-0.0238,1.0103,6.3477,1.0376,-0.2441
-0.0275,-0.0544,1.0215,5.9204,2.5635,-3.9062
0.0063,-0.0055,1.0400,15.8691,2.7466,-0.0610
-0.0295,0.0225,1.0782,-9.7656,2.8076,-15.1367
-0.0306,-0.0637,1.0254,5.5542,2.8687,-7.0190
-0.0405,-0.0292,1.0269,5.6152,3.3569,2.7466
-0.0413,-0.0195,1.0073,12.6343,2.7466,13.1226
-0.0175,-0.0249,1.0338,0.3052,2.8687,0.4883
-0.0227,-0.0302,1.0322,6.0425,2.8076,1.8311
-0.0187,-0.0302,1.0264,12.2070,2.6855,0.7935
-0.0293,-0.0259,1.0288,5.1270,2.8076,3.3569
-0.0173,-0.0398,1.0067,2.2583,2.7466,2.6855
-0.0071,-0.0115,1.0226,4.2725,2.5635,-3.2349
-0.0015,0.0073,1.0221,5.7983,2.6245,-0.1831
-0.0231,0.0227,1.0249,5.6763,2.6855,-1.3428
0.0164,0.0182,0.9471,4.3335,6.8970,-1.3428
-0.0167,-0.0250,1.0258,5.6152,2.9297,-1.3428
-0.0231,-0.0323,1.0254,5.9814,2.3193,-9.9487
-0.0214,-0.0264,1.0260,5.5542,3.0518,-13.0005
-0.0178,-0.0284,1.0269,5.7983,2.8076,-12.7563
-0.0128,-0.0300,1.0325,6.0425,3.1128,-12.1460
-0.0142,-0.0579,1.0195,5.7373,0.9766,-14.2822
-0.0326,-0.0333,0.9951,6.2256,0.8545,-6.8359
-0.1255,-0.1251,1.0288,7.6904,-1.2817,-7.4463
0.0215,0.0408,1.0265,5.1880,2.0142,5.5542
-0.0112,-0.0201,1.0245,5.8594,2.6855,-3.5400
-0.0243,-0.0281,1.0146,2.9907,4.7607,-3.4790
-0.0276,-0.0428,1.0298,6.7139,2.8076,-2.6245
-0.0309,-0.0566,1.0299,-5.0659,0.6714,-4.8218
-0.0133,0.0062,0.9948,-7.2021,3.9062,-14.0991
-0.0162,-0.0105,1.0188,-8.7891,2.4414,-7.3242
-0.0077,0.0100,1.0114,12.1460,2.6245,-8.5449
-0.0280,0.1047,1.0476,52.4292,7.4463,15.0757
-0.0265,-0.1044,0.9911,1.4038,8.3618,-0.2441
-0.0239,0.0458,1.0339,6.2256,8.7891,7.9956
-0.0259,-0.0958,1.0273,5.8594,3.0518,0.8545
-0.0149,-0.0374,1.0327,5.9204,0.5493,-0.2441
-0.0146,-0.0614,1.0308,7.5684,-3.7231,-2.4414
-0.0215,-0.0231,1.0294,3.9673,6.7749,-2.8076
-0.0319,-0.0996,1.0259,9.8877,6.9580,-0.4883
-0.0227,0.0083,1.0153,5.9814,5.2490,0.5493
-0.0110,-0.0291,1.0441,5.8594,3.2959,-0.9766
-0.0044,0.0065,1.0449,5.9204,12.0850,-2.8076
-0.0070,-0.0343,1.0128,5.7983,13.6108,-7.7515
-0.0011,-0.0353,1.0205,5.5542,6.4087,-11.7187
0.0028,-0.0635,1.0142,5.9204,3.5400,-8.2397
0.0060,-0.0419,1.0278,5.9204,2.1362,0.1221
0.0035,0.0173,1.0339,6.0425,3.2349,7.7515
-0.0023,0.0319,1.0161,5.7983,2.3804,2.7466
-0.0034,-0.0277,1.0258,5.9204,-0.8545,-2.0142
-0.0029,-0.0402,1.0215,5.7983,1.5869,-0.9766
-0.0034,-0.0309,1.0205,5.6152,3.6621,-1.2817
-0.0010,-0.0320,1.0123,5.9814,5.0659,-1.3428
-0.0021,-0.0416,1.0237,5.7983,3.9062,-2.0142
-0.0044,-0.0482,1.0192,5.9204,1.7090,1.2817
-0.0004,-0.0356,1.0251,5.8594,1.2207,2.6855
-0.0007,-0.0338,1.0222,5.9204,4.0894,0.8545
-0.0009,-0.0358,1.0249,5.6763,5.5542,-0.5493
0.0001,-0.0356,1.0181,5.9814,3.7231,-1.0986
0.0010,-0.0280,1.0215,6.0425,3.0518,0.6714
0.0001,-0.0258,1.0227,5.8594,2.5635,0.1831
0.0001,-0.0321,1.0135,5.8594,2.6245,-0.5493
-0.0022,-0.0260,1.0200,5.8594,1.4038,-0.9155
0.0010,-0.0082,1.0208,5.9204,0.7324,1.0376
-0.0020,-0.0281,1.0228,5.7983,2.1973,-0.4883
-0.0020,-0.0365,1.0210,5.9204,2.5024,-0.9766
-0.0020,-0.0325,1.0223,5.8594,2.1362,-0.6714
0.0004,-0.0298,1.0167,6.1035,2.1362,0.0610
-0.0026,-0.0326,1.0217,5.9204,2.4414,0.7935
-0.0021,-0.0314,1.0162,5.7983,2.9297,1.1597
-0.0037,-0.0316,1.0222,5.6763,2.8687,-0.9155
-0.0024,-0.0367,1.0222,5.9814,1.8311,0.4883
-0.0021,-0.0272,1.0187,5.8594,1.7700,0.4883
FIN_VENTANA
INICIO_VENTANA arriba
-0.0018,-0.0311,1.0227,5.7983,2.5635,-1.2207
-0.0011,-0.0333,1.0212,5.6763,2.5635,-0.6714
-0.0001,-0.0316,1.0215,5.9814,2.3804,-0.0610
-0.0018,-0.0315,1.0203,5.8594,2.1973,-0.3662
-0.0007,-0.0322,1.0209,5.7983,2.5024,-0.8545
-0.0020,-0.0326,1.0204,5.9204,2.3804,-0.6104
-0.0026,-0.0323,1.0206,5.8594,1.8921,0.4272
-0.0035,-0.0299,1.0214,5.8594,2.1362,-0.3662
-0.0033,-0.0330,1.0203,5.7983,1.8921,-0.7935
-0.0029,-0.0315,1.0203,5.8594,2.0142,-0.9766
-0.0046,-0.0319,1.0214,5.6763,1.7090,-0.7324
-0.0051,-0.0309,1.0201,5.6763,1.5259,-0.9155
-0.0042,-0.0330,1.0206,5.9204,1.6479,-1.4038
-0.0077,-0.0350,1.0216,6.1035,1.4038,-0.1831
-0.0084,-0.0361,1.0148,5.6763,1.5259,-0.6714
-0.0050,-0.0250,1.0247,5.7983,-0.6714,-0.5493
-0.0093,-0.0321,1.0182,5.9814,-0.1221,-0.3662
-0.0095,-0.0284,1.0236,5.9814,-1.4648,-0.0610
-0.0145,-0.0331,1.0216,5.9204,-0.0610,-0.9155
-0.0170,-0.0349,1.0161,5.9204,-0.1831,-1.0986
-0.0165,-0.0344,1.0221,6.0425,2.1973,-2.3193
-0.0183,-0.0417,1.0209,5.9814,2.2583,-0.6714
-0.0156,-0.0254,1.0203,5.9204,2.7466,-0.1831
-0.0177,-0.0327,1.0211,5.9814,2.9297,-0.0610
-0.0161,-0.0350,1.0226,5.9814,2.9297,0.1831
-0.0172,-0.0228,1.0190,5.9204,2.8687,-0.4272
-0.0162,-0.0273,1.0200,5.8594,2.8687,-0.2441
-0.0162,-0.0327,1.0204,5.9204,2.8687,0.1221
-0.0168,-0.0308,1.0205,5.9204,2.8687,0.0000
-0.0171,-0.0314,1.0216,5.7373,3.0518,-0.8545
-0.0166,-0.0312,1.0215,5.9204,2.7466,-0.6104
-0.0168,-0.0330,1.0193,5.9204,3.1738,-0.6714
-0.0160,-0.0321,1.0201,5.9814,2.7466,-0.5493
-0.0167,-0.0315,1.0209,5.7983,2.8687,-0.9155
-0.0170,-0.0323,1.0211,5.7373,2.9297,-0.6714
-0.0162,-0.0322,1.0201,5.8594,2.8076,-0.5493
-0.0162,-0.0314,1.0205,6.1035,2.7466,-0.7324
-0.0156,-0.0321,1.0203,5.7983,2.9907,-1.2207
-0.0157,-0.0323,1.0209,5.8594,2.8076,-1.4648
-0.0165,-0.0334,1.0199,5.9204,2.3804,-1.3428
-0.0166,-0.0328,1.0219,5.6763,2.5635,-1.1597
-0.0162,-0.0328,1.0212,5.9814,2.8687,-0.7935
-0.0159,-0.0321,1.0206,5.7373,2.6245,-0.6104
-0.0159,-0.0316,1.0216,5.7983,2.8687,-0.6104
-0.0154,-0.0310,1.0200,5.9204,3.1128,-1.0986
-0.0156,-0.0325,1.0205,6.0425,2.8687,-0.6714
-0.0156,-0.0309,1.0212,5.7373,2.8076,-0.3052
-0.0153,-0.0309,1.0209,5.9814,3.1128,-0.7324
-0.0160,-0.0336,1.0222,5.9204,2.8687,-1.5869
-0.0156,-0.0326,1.0182,5.9204,2.9297,-0.4883
-0.0161,-0.0323,1.0200,5.7983,2.6855,-0.3662
-0.0161,-0.0315,1.0192,5.9814,2.8076,-0.6714
-0.0164,-0.0317,1.0210,5.8594,2.8076,-0.6714
-0.0160,-0.0322,1.0192,5.7373,2.8076,-0.4272
-0.0166,-0.0333,1.0215,5.9814,2.9297,-0.9155
-0.0156,-0.0336,1.0177,5.9814,2.7466,-0.4272
-0.0157,-0.0309,1.0219,5.8594,2.8076,-0.3052
-0.0150,-0.0375,1.0192,5.7983,2.5635,0.3052
-0.0139,-0.0314,1.0245,5.9814,2.9297,1.9531
-0.0173,-0.0291,1.0162,5.7983,5.2490,0.6104
-0.0144,-0.0338,1.0182,5.6763,3.7231,-0.0610
-0.0154,-0.0309,1.0192,5.7373,2.6855,-0.2441
-0.0149,-0.0006,1.0201,5.8594,2.7466,-0.6714
-0.0145,-0.0333,1.0197,6.0425,2.9297,-0.8545
-0.0142,-0.0315,1.0217,6.0425,3.0518,-0.8545
-0.0144,-0.0309,1.0189,5.9204,2.8076,-1.0986
-0.0135,-0.0319,1.0205,5.9204,2.7466,-1.2207
-0.0132,-0.0327,1.0186,5.5542,2.9297,-0.6714
-0.0137,-0.0320,1.0204,5.9814,2.8687,-0.8545
-0.0133,-0.0319,1.0210,5.9204,3.0518,-0.7935
-0.0121,-0.0355,1.0193,5.7983,2.8076,-0.7324
-0.0132,-0.0424,1.0200,5.7983,3.1738,0.0000
-0.0134,-0.0306,1.0210,5.7983,3.2349,0.8545
-0.0132,-0.0433,1.0195,5.8594,2.7466,0.3662
-0.0125,-0.0236,1.0206,5.7373,2.9297,2.4414
-0.0123,-0.0283,1.0199,5.7983,3.3569,1.4038
-0.0127,-0.0259,1.0204,5.9204,2.8687,0.0000
-0.0129,-0.0314,1.0205,5.7983,2.5635,-0.5493
-0.0127,-0.0250,1.0221,5.8594,2.6245,-0.6714
-0.0128,-0.0308,1.0200,5.9204,2.8687,-0.6714
-0.0117,-0.0321,1.0194,5.8594,2.9907,-0.5493
-0.0134,-0.0339,1.0214,5.9204,2.6245,-0.3662
-0.0126,-0.0327,1.0203,6.1035,2.9907,-0.7935
-0.0120,-0.0317,1.0200,5.9204,2.7466,-0.8545
-0.0126,-0.0332,1.0204,5.8594,2.5635,-0.7935
-0.0137,-0.0289,1.0226,5.8594,2.8687,-0.3662
-0.0114,-0.0321,1.0206,5.7983,2.9907,-0.7935
-0.0126,-0.0393,1.0209,5.9814,2.5635,-0.7324
-0.0133,-0.0394,1.0179,5.7983,2.3193,0.6104
-0.0135,-0.0275,1.0201,5.7983,1.9531,0.1831
-0.0133,-0.0306,1.0209,5.9814,2.3193,-0.4272
-0.0148,-0.0372,1.0188,5.8594,2.6245,-0.4883
-0.0145,-0.0326,1.0206,5.7983,2.6855,-0.0610
-0.0140,-0.0325,1.0223,5.8594,2.8076,-0.0610
-0.0138,-0.0292,1.0204,5.7373,2.9907,0.4272
-0.0138,-0.0273,1.0197,5.9204,3.1128,-0.1221
-0.0133,-0.0327,1.0208,5.9204,2.9297,-0.5493
-0.0139,-0.0309,1.0201,5.9204,3.0518,-0.3052
-0.0138,-0.0326,1.0214,5.9204,2.9297,-0.4272
-0.0129,-0.0323,1.0189,5.9204,2.6245,-0.4272
FIN_VENTANA
INICIO_VENTANA arriba
-0.0143,-0.0332,1.0198,5.6763,2.6245,-0.7324
-0.0150,-0.0302,1.0209,5.7983,2.7466,-0.7324
-0.0145,-0.0325,1.0184,5.7373,2.8687,-0.8545
-0.0131,-0.0314,1.0190,5.7373,2.9297,-0.6104
-0.0144,-0.0317,1.0194,5.9204,2.8687,-0.8545
-0.0142,-0.0312,1.0209,6.0425,2.5635,-0.6104
-0.0165,-0.0310,1.0184,6.0425,2.8076,-0.4272
-0.0144,-0.0320,1.0212,5.7983,2.8687,-0.4883
-0.0138,-0.0319,1.0198,5.9814,2.9297,-0.7324
-0.0149,-0.0325,1.0194,5.9814,2.7466,-0.7935
-0.0148,-0.0328,1.0205,5.7373,2.6855,-0.7935
-0.0149,-0.0319,1.0210,5.7983,2.6245,-0.4272
-0.0142,-0.0317,1.0204,5.9204,2.8687,-0.3662
-0.0151,-0.0311,1.0190,5.8594,2.9297,-0.4272
-0.0149,-0.0312,1.0203,5.7983,2.8076,-0.6104
-0.0159,-0.0321,1.0199,5.8594,3.0518,-0.6104
-0.0150,-0.0327,1.0197,5.9204,2.9907,-0.4272
-0.0140,-0.0311,1.0204,5.6763,2.8687,-0.7324
-0.0150,-0.0320,1.0192,5.7983,2.8076,-0.8545
-0.0143,-0.0311,1.0189,5.9204,2.9297,-0.9155
-0.0146,-0.0363,1.0216,5.8594,2.6245,-0.9766
-0.0143,-0.0310,1.0206,5.7983,2.6855,-0.7324
-0.0145,-0.0310,1.0211,5.9204,2.6855,-0.6714
-0.0139,-0.0323,1.0179,5.7983,2.8687,-0.5493
-0.0144,-0.0332,1.0199,5.9814,2.6855,-0.4883
-0.0143,-0.0300,1.0214,5.7983,2.6855,0.0610
-0.0148,-0.0302,1.0209,5.7983,2.8076,-0.2441
-0.0149,-0.0310,1.0203,5.7983,2.5635,-0.3052
-0.0155,-0.0348,1.0205,5.8594,2.9297,-0.6104
-0.0137,-0.0353,1.0184,5.7983,2.8687,-0.1221
-0.0145,-0.0352,1.0186,5.7983,2.8076,0.3052
-0.0146,-0.0327,1.0182,5.8594,2.6855,-0.6104
-0.0142,-0.0306,1.0195,5.9204,2.7466,-0.6104
-0.0156,-0.0315,1.0204,5.9204,2.8076,-0.5493
-0.0135,-0.0316,1.0188,5.9814,2.8076,-0.6104
-0.0159,-0.0337,1.0208,5.8594,2.6245,-0.4272
-0.0137,-0.0076,1.0200,5.9204,2.5024,2.2583
-0.0154,-0.0310,1.0200,5.9814,2.9297,-0.3662
-0.0157,-0.0331,1.0183,5.6763,2.8076,-0.4883
-0.0149,-0.0323,1.0217,5.7983,2.8076,-0.3052
-0.0142,-0.0234,1.0178,5.7373,2.8076,0.0000
-0.0155,-0.0317,1.0210,5.7373,2.6245,-0.4883
-0.0137,-0.0339,1.0187,5.8594,2.8076,-0.2441
-0.0148,-0.0298,1.0210,5.7983,3.1128,-0.6104
-0.0150,-0.0315,1.0186,5.7983,2.8687,-0.7324
-0.0149,-0.0317,1.0201,5.7983,3.2959,-0.6714
-0.0134,-0.0321,1.0188,6.0425,3.0518,-0.7935
-0.0138,-0.0320,1.0187,5.7373,2.9297,-0.3662
-0.0140,-0.0308,1.0205,5.9814,2.9907,-0.5493
-0.0144,-0.0315,1.0201,5.7983,2.8687,-0.4272
-0.0137,-0.0300,1.0203,5.8594,3.1738,-0.7935
-0.0146,-0.0328,1.0197,6.0425,2.8076,-0.4272
-0.0143,-0.0308,1.0219,6.0425,2.8687,-0.3662
-0.0137,-0.0323,1.0146,6.0425,2.8687,-0.6104
-0.0133,-0.0310,1.0206,6.0425,2.8076,-0.4272
-0.0146,-0.0332,1.0205,5.9204,3.0518,-0.8545
-0.0129,-0.0338,1.0167,5.8594,2.9297,-0.4272
-0.0146,-0.0327,1.0159,5.7983,2.9907,-0.6104
-0.0143,-0.0306,1.0198,5.7983,2.9297,-0.4272
-0.0131,-0.0302,1.0203,5.9204,3.0518,-0.6714
-0.0131,-0.0328,1.0155,5.7983,2.6855,-0.4272
-0.0134,-0.0302,1.0210,5.9204,2.6245,-0.7324
-0.0144,-0.0316,1.0178,5.9204,2.8076,-0.7324
-0.0126,-0.0312,1.0188,5.7983,2.5635,-0.4272
-0.0122,-0.0332,1.0165,5.8594,2.8687,-0.4883
-0.0142,-0.0309,1.0201,5.9814,2.7466,-0.4272
-0.0142,-0.0317,1.0203,5.9814,2.7466,-0.9766
-0.0132,-0.0319,1.0198,6.0425,2.8076,-0.6714
-0.0143,-0.0303,1.0205,5.6763,2.9297,-0.4272
-0.0139,-0.0322,1.0193,5.9204,2.7466,-0.3052
-0.0146,-0.0314,1.0211,6.0425,2.7466,-0.5493
-0.0132,-0.0320,1.0178,5.8594,2.6245,-0.3662
-0.0117,-0.0079,1.0232,5.7983,2.8076,0.7324
-0.0126,-0.0262,1.0188,5.8594,3.8452,-3.2959
-0.0167,-0.0082,1.0178,5.9814,2.8687,-4.6997
-0.0150,-0.0372,1.0192,5.8594,1.7700,-0.6714
-0.0148,-0.0404,1.0214,6.0425,2.3193,-1.1597
-0.0154,-0.0343,1.0181,5.8594,2.8076,-2.5635
-0.0133,-0.0381,1.0204,5.9204,2.3193,0.9766
-0.0149,-0.0132,1.0201,5.7373,2.1973,2.0752
-0.0134,-0.0129,1.0214,6.0425,2.2583,0.7935
-0.0153,-0.0334,1.0197,5.9814,2.8076,0.1831
-0.0142,-0.0342,1.0204,5.9204,2.8687,0.1221
-0.0159,-0.0309,1.0182,6.3477,2.6245,0.7324
-0.0162,-0.0328,1.0208,5.8594,2.6245,0.4272
-0.0157,-0.0303,1.0177,5.9814,2.6855,0.2441
-0.0161,-0.0317,1.0194,5.8594,2.6855,-0.7324
-0.0157,-0.0315,1.0179,5.9204,2.6855,-0.9155
-0.0160,-0.0303,1.0208,5.9204,2.6245,-0.9155
-0.0162,-0.0305,1.0187,6.0425,2.6245,-1.1597
-0.0155,-0.0348,1.0222,5.9814,2.6245,-1.5869
-0.0170,-0.0349,1.0178,5.7983,2.4414,-1.0986
-0.0199,-0.0106,1.0166,5.9204,2.5635,2.4414
-0.0149,-0.0354,1.0201,5.7983,2.4414,0.6104
-0.0166,-0.0249,1.0197,5.7983,2.8076,0.4272
-0.0173,-0.0347,1.0187,5.9814,2.2583,0.4883
-0.0171,-0.0344,1.0189,5.9814,2.4414,0.4883
-0.0170,-0.0526,1.0189,5.0049,2.7466,2.3804
-0.0190,-0.0358,1.0168,-2.7466,2.3804,6.2866
-0.0177,-0.0044,1.0236,-8.0566,3.1738,8.7280
FIN_VENTANA
INICIO_VENTANA arriba
-0.0143,-0.0325,1.0203,5.7983,2.5024,0.3662
-0.0138,-0.0508,1.0195,5.7983,2.3804,1.6479
-0.0154,-0.0245,1.0171,5.8594,1.8311,3.2959
-0.0161,-0.0447,1.0165,5.9204,0.6714,4.8828
-0.0134,-0.0073,1.0220,6.1035,1.9531,5.3101
-0.0160,-0.0283,1.0156,5.9814,2.5635,5.4321
-0.0161,-0.0216,1.0188,6.3477,1.4038,5.9204
-0.0233,-0.0291,1.0154,6.6528,0.3052,5.7983
-0.0240,-0.0405,1.0195,7.2021,-1.2207,5.3101
-0.0250,-0.0349,1.0221,5.7983,2.9297,4.3945
-0.0244,-0.0143,1.0187,5.9204,2.7466,3.5400
-0.0220,-0.0350,1.0183,5.7373,2.7466,0.2441
-0.0195,-0.0471,1.0208,6.0425,2.8076,-0.0610
-0.0220,-0.0374,1.0222,5.7373,3.9062,1.0986
-0.0220,-0.0303,1.0204,5.9204,2.9907,0.7324
-0.0225,-0.0337,1.0181,5.9814,2.5024,0.3662
-0.0164,-0.0293,1.0209,5.1880,4.3945,-0.1221
-0.0203,-0.0282,1.0201,5.9204,3.1738,-0.1221
-0.0166,-0.0225,1.0214,5.8594,3.2349,-0.5493
-0.0167,-0.0199,1.0201,5.6152,3.7231,-1.4038
-0.0215,-0.0361,1.0203,6.1646,2.4414,-1.2207
-0.0214,-0.0316,1.0194,5.9204,2.3804,-1.2817
-0.0211,-0.0331,1.0182,5.9814,2.3804,-1.0376
-0.0201,-0.0294,1.0192,5.2490,4.4556,-1.5259
-0.0179,-0.0363,1.0166,5.4321,3.6011,-1.8921
-0.0184,-0.0358,1.0210,5.8594,2.6855,-1.5259
-0.0192,-0.0356,1.0159,5.4932,4.0283,-0.4272
-0.0149,-0.0331,1.0159,6.2256,1.6479,0.6104
-0.0084,-0.0339,1.0171,7.1411,-0.6104,2.0752
-0.0062,-0.0371,1.0240,6.6528,0.4272,2.1362
-0.0553,-0.0238,1.0190,6.0425,2.8687,1.0376
-0.0300,-0.0638,1.0695,22.3389,3.4790,0.0610
-0.0171,-0.0458,1.0322,56.1523,20.3857,2.0752
-0.0112,-0.1090,1.0156,78.0029,14.7095,1.2817
-0.0045,-0.1237,0.9905,87.6465,15.2588,2.3193
0.0031,-0.1733,0.9829,73.6084,11.9019,4.2725
0.0060,-0.1730,0.9659,40.4663,7.6294,2.6855
0.0325,-0.2280,1.0425,50.2319,3.7231,6.6528
-0.0283,-0.2268,1.0192,94.7876,11.2305,9.3384
-0.0321,-0.3405,0.9934,142.0898,17.2119,3.9062
0.0159,-0.5481,0.9900,211.7920,13.1836,5.3101
0.0114,-0.5389,0.7358,305.2979,-6.7749,26.8555
0.0326,-0.6039,0.8293,52.3682,-4.1504,0.4883
0.0338,-0.7273,0.7450,82.4585,-5.3711,2.5024
0.0203,-0.6525,0.7802,233.8867,6.9580,21.7285
0.0752,-0.3239,-0.0740,879.3945,-62.4390,62.7441
-0.1328,-1.6289,-0.4374,363.4644,-63.1104,-5.0049
-0.1261,-0.3257,0.3535,127.2583,-76.8433,0.3052
0.0287,-1.0444,0.3842,-16.0522,-39.2456,-5.0049
0.0367,-1.0254,0.1229,5.9204,11.7187,0.2441
0.0507,-1.0245,0.1655,5.7983,4.5776,-0.0610
0.0419,-1.0197,0.1527,6.0425,8.5449,0.6714
0.0480,-1.0238,0.1544,5.4321,3.9062,-0.5493
0.0468,-1.0249,0.1556,5.3711,9.5215,0.0000
0.0433,-1.0209,0.1466,5.3711,7.7515,0.1221
0.0396,-1.0256,0.1389,5.7373,5.6763,0.1221
0.0491,-1.0304,0.1311,5.9814,2.1362,-0.1831
0.0430,-1.0264,0.1154,6.1646,-1.2817,0.6714
0.0494,-1.0100,0.1309,6.5308,-6.5918,0.7935
0.0425,-1.0145,0.1437,7.2632,-13.0615,1.1597
0.0543,-1.0073,0.2030,6.8359,-13.6108,0.8545
0.0459,-1.0092,0.1454,6.0425,-3.9673,1.2817
0.0447,-1.0183,0.1503,6.5308,-9.6436,0.9766
0.0426,-1.0311,0.1503,6.7749,-9.7046,1.0376
0.0450,-1.0085,0.1742,6.4087,-10.0708,0.9766
0.0375,-1.0294,0.1561,7.3242,-9.5825,0.7324
0.0347,-1.0226,0.1842,7.1411,-8.4229,0.8545
0.0444,-0.9973,0.1829,6.2256,-3.5400,0.8545
0.0341,-1.0194,0.1576,6.6528,-3.9062,0.4272
0.0433,-1.0118,0.1486,6.7749,-6.3477,0.5493
0.0122,-1.0574,0.1774,7.0801,-8.5449,0.1221
0.0470,-1.0128,0.1925,6.2256,-10.8643,-1.5259
0.0649,-1.0204,0.1488,5.8594,-5.0049,-2.1973
0.0306,-1.0240,0.1506,4.7607,-7.3242,-3.6011
0.0311,-1.0189,0.1764,-4.1504,-0.8545,-2.4414
0.0432,-1.0144,0.1625,-6.1035,1.7700,-3.5400
0.0291,-1.0118,0.1871,-2.8076,0.7324,-6.0425
0.0303,-1.0160,0.1779,4.4556,2.4414,-6.6528
-0.0605,-0.9738,0.2408,9.9487,17.7612,2.5635
0.0831,-1.0441,0.0797,3.3569,12.4512,24.3530
0.0328,-1.0233,0.1528,10.6812,-8.6670,-6.7139
0.0302,-1.0208,0.1882,7.0801,-6.1035,-0.4272
0.0321,-1.0092,0.1699,-15.3198,0.0610,5.4321
0.0378,-1.0281,0.1788,15.8691,-0.2441,-1.6479
0.0433,-1.0310,0.1652,12.9395,1.5259,-0.7935
0.0345,-1.0168,0.1705,3.2349,2.5024,-2.6245
0.0367,-1.0165,0.1289,14.5264,4.8828,-1.7090
0.0388,-1.0205,0.1511,5.8594,2.7466,-0.7935
0.0371,-1.0229,0.1561,6.1646,1.2817,-0.7935
0.0361,-1.0276,0.1594,6.1646,0.8545,-1.1597
0.0361,-1.0215,0.1565,5.9204,2.5635,0.1221
0.0385,-1.0223,0.1545,5.9814,1.8921,-0.4272
0.0344,-1.0208,0.1605,5.9204,1.4038,-1.4648
0.0366,-1.0244,0.1559,5.7373,2.8076,-0.3052
0.0371,-1.0193,0.1561,5.9204,2.2583,-0.5493
0.0361,-1.0245,0.1586,6.0425,2.1362,-1.0986
0.0356,-1.0231,0.1554,5.9204,2.7466,-0.9766
0.0356,-1.0231,0.1566,5.7983,2.6245,-0.3662
0.0364,-1.0204,0.1592,5.7373,2.5635,-0.7324
0.0348,-1.0238,0.1583,5.6763,2.9907,-1.0376
FIN_VENTANA
INICIO_VENTANA arriba
0.0336,-1.0197,0.1541,5.9814,2.8076,-0.6714
0.0342,-1.0244,0.1552,5.7983,2.9297,-0.4272
0.0341,-1.0220,0.1545,5.9814,2.8687,-0.4883
0.0341,-1.0272,0.1561,6.0425,2.7466,-0.6104
0.0331,-1.0258,0.1543,5.8594,2.8687,-0.9155
0.0328,-1.0240,0.1550,5.9204,2.9297,-0.4883
0.0353,-1.0227,0.1544,5.9814,2.8687,-0.4883
0.0333,-1.0227,0.1556,5.9204,2.5635,-0.9155
0.0348,-1.0247,0.1562,5.6763,2.8076,-0.5493
0.0336,-1.0205,0.1555,5.7373,2.9907,-0.3662
0.0342,-1.0234,0.1562,5.6763,2.8076,-0.5493
0.0339,-1.0254,0.1560,6.1035,2.6245,-0.7935
0.0334,-1.0229,0.1550,5.9204,2.8687,-0.6104
0.0339,-1.0227,0.1542,6.1035,2.7466,-0.6714
0.0331,-1.0229,0.1549,5.8594,2.8076,-0.5493
0.0344,-1.0232,0.1564,5.9814,2.9297,-0.4272
0.0350,-1.0215,0.1552,5.9204,2.7466,-0.6104
0.0342,-1.0226,0.1561,5.8594,2.8076,-0.7935
0.0344,-1.0234,0.1560,6.0425,2.9297,-0.6104
0.0337,-1.0226,0.1547,5.8594,2.6855,-0.4272
0.0338,-1.0239,0.1553,5.8594,2.7466,-0.6104
0.0336,-1.0228,0.1554,5.8594,2.8687,-0.7324
0.0339,-1.0238,0.1545,5.7373,2.8687,-0.5493
0.0334,-1.0228,0.1532,5.9204,2.8076,-0.6104
0.0338,-1.0206,0.1536,5.9204,2.8076,-0.4883
0.0359,-1.0214,0.1543,5.9204,2.8687,-0.6714
0.0342,-1.0216,0.1548,5.9814,2.8076,-0.6104
0.0337,-1.0222,0.1550,6.0425,2.7466,-0.5493
0.0339,-1.0232,0.1562,5.8594,2.8687,-0.4883
0.0347,-1.0237,0.1553,5.9814,2.8076,-0.4883
0.0349,-1.0231,0.1534,6.0425,2.9907,-0.7324
0.0334,-1.0225,0.1547,5.9204,2.8687,-0.6104
0.0341,-1.0205,0.1539,5.9204,2.7466,-0.6714
0.0334,-1.0273,0.1570,5.9204,2.8687,-0.4883
0.0333,-1.0248,0.1553,5.6763,2.8076,-0.6714
0.0336,-1.0242,0.1554,5.8594,2.8076,-0.5493
0.0341,-1.0232,0.1549,6.0425,2.8687,-0.6104
0.0336,-1.0221,0.1542,5.8594,2.8076,-0.3662
0.0338,-1.0220,0.1543,5.7373,2.8687,-0.6104
0.0342,-1.0227,0.1562,6.1035,2.8687,-0.5493
0.0333,-1.0223,0.1554,5.7983,2.9297,-0.5493
0.0339,-1.0223,0.1567,6.1035,2.8076,-0.7324
0.0334,-1.0240,0.1566,6.1646,2.9907,-0.4883
0.0343,-1.0240,0.1530,5.8594,2.7466,-0.4883
0.0339,-1.0232,0.1537,6.0425,2.9297,-0.7935
0.0327,-1.0208,0.1569,5.7983,2.6855,-0.6104
0.0314,-1.0745,0.1602,5.4321,2.4414,-1.2207
0.0352,-1.0176,0.1542,6.1646,3.1738,-0.2441
0.0309,-1.0217,0.1550,5.7983,2.8076,-0.7324
0.0327,-1.0289,0.1593,5.9204,3.0518,-0.6104
0.0330,-1.0193,0.1517,6.1035,2.9297,-0.1221
0.0341,-1.0236,0.1554,5.9204,2.6855,-1.0376
0.0352,-1.0226,0.1534,5.7983,2.9297,-0.7324
0.0344,-1.0226,0.1530,5.9204,2.9297,-0.1831
0.0352,-1.0220,0.1571,5.7983,2.9297,-0.5493
0.0337,-1.0210,0.1547,5.8594,2.6855,-0.9155
0.0347,-1.0237,0.1558,6.0425,2.9297,-0.3662
0.0331,-1.0239,0.1544,6.0425,2.9297,-0.5493
0.0337,-1.0228,0.1554,6.1035,2.9297,-0.7324
0.0343,-1.0245,0.1556,5.6763,2.7466,-0.3662
0.0338,-1.0215,0.1545,5.8594,2.8076,-0.6104
0.0336,-1.0251,0.1576,5.8594,3.0518,-0.6104
0.0332,-1.0231,0.1548,5.8594,2.8687,-0.6104
0.0309,-1.0217,0.1550,5.8594,2.9297,-0.5493
0.0333,-1.0233,0.1544,6.0425,2.8076,-0.6104
0.0350,-1.0238,0.1550,5.7983,2.9297,-0.4883
0.0342,-1.0223,0.1559,5.9814,2.9297,-0.5493
0.0342,-1.0228,0.1559,6.1646,2.8687,-0.7935
0.0344,-1.0232,0.1548,5.9204,2.8687,-0.3662
0.0341,-1.0233,0.1542,5.9814,2.8687,-0.7324
0.0334,-1.0233,0.1543,5.8594,2.6855,-0.6714
0.0347,-1.0221,0.1555,6.0425,2.9907,-0.5493
0.0337,-1.0243,0.1539,6.0425,2.8076,-0.4883
0.0336,-1.0209,0.1550,5.7983,2.7466,-0.7324
0.0349,-1.0221,0.1550,5.9204,2.8687,-0.6104
0.0342,-1.0219,0.1548,5.8594,2.9297,-0.6104
0.0343,-1.0231,0.1534,5.9204,2.6855,-0.5493
0.0334,-1.0221,0.1543,5.8594,2.8687,-0.5493
0.0330,-1.0223,0.1538,5.9814,2.8687,-0.6104
0.0345,-1.0222,0.1553,5.8594,2.9297,-0.6104
0.0339,-1.0227,0.1544,6.1646,2.9297,-0.6104
0.0338,-1.0231,0.1558,5.9814,2.9907,-0.4883
0.0339,-1.0225,0.1543,5.9204,2.7466,-0.5493
0.0342,-1.0228,0.1555,5.7983,2.7466,-0.6714
0.0332,-1.0222,0.1545,6.1035,2.8687,-0.6104
0.0342,-1.0217,0.1541,5.7373,2.8687,-0.3662
0.0327,-1.0225,0.1544,6.1035,2.8076,-0.6714
0.0332,-1.0220,0.1550,5.6152,2.8076,-0.4883
0.0342,-1.0228,0.1554,5.7983,2.8076,-0.7324
0.0354,-1.0223,0.1538,5.9204,2.9907,-0.6714
0.0336,-1.0217,0.1544,5.8594,2.8687,-0.6714
0.0339,-1.0219,0.1552,5.9814,2.8076,-0.3662
0.0338,-1.0217,0.1538,5.9204,2.7466,-0.5493
0.0347,-1.0211,0.1554,5.9204,2.7466,-0.4272
0.0343,-1.0253,0.1545,5.9204,2.9297,-0.5493
0.0334,-1.0211,0.1542,5.9814,2.7466,-0.6104
0.0334,-1.0220,0.1541,5.7983,2.9297,-0.4883
0.0328,-1.0240,0.1537,5.9204,2.8687,-0.6104
0.0321,-1.0239,0.1548,5.7373,2.7466,-0.6104
0.0332,-1.0214,0.1539,5.7373,2.8076,-0.5493
FIN_VENTANA
INICIO_VENTANA arriba
0.0338,-1.0215,0.1552,6.0425,2.8076,-0.3662
0.0332,-1.0221,0.1552,5.9204,2.9297,-0.4272
0.0341,-1.0227,0.1560,5.9814,3.0518,-0.5493
0.0341,-1.0216,0.1539,5.9204,2.8687,-0.5493
0.0330,-1.0220,0.1545,6.2256,2.9907,-0.6714
0.0344,-1.0209,0.1561,6.0425,2.7466,-0.4272
0.0342,-1.0220,0.1534,6.0425,2.8076,-0.6104
0.0342,-1.0242,0.1528,6.1035,2.7466,-0.6104
0.0344,-1.0215,0.1566,5.9204,2.8076,-0.6104
0.0338,-1.0209,0.1572,5.9814,2.8076,-0.4883
0.0341,-1.0228,0.1558,6.0425,2.8076,-0.6714
0.0334,-1.0250,0.1534,5.9814,2.7466,-0.5493
0.0330,-1.0223,0.1559,5.9204,3.1128,-0.4883
0.0330,-1.0232,0.1560,5.8594,2.8687,-0.6714
0.0336,-1.0217,0.1559,5.8594,2.8076,-0.6104
0.0348,-1.0233,0.1542,5.8594,2.8076,-0.6714
0.0334,-1.0227,0.1556,5.8594,2.8687,-0.5493
0.0344,-1.0214,0.1554,5.8594,2.7466,-0.7324
0.0343,-1.0226,0.1578,5.9814,2.9297,-0.5493
0.0331,-1.0249,0.1564,5.9814,2.7466,-0.5493
0.0334,-1.0239,0.1549,5.9814,2.7466,-0.6104
0.0339,-1.0226,0.1553,6.0425,2.9297,-0.4883
0.0325,-1.0234,0.1552,5.9814,2.8687,-0.5493
0.0339,-1.0227,0.1559,5.9814,2.8076,-0.6104
0.0334,-1.0226,0.1553,5.7983,2.9297,-0.4883
0.0337,-1.0222,0.1556,5.9814,2.9297,-0.7324
0.0334,-1.0217,0.1552,6.2256,2.9907,-0.5493
0.0338,-1.0222,0.1564,5.9204,2.6855,-0.7935
0.0333,-1.0225,0.1552,5.8594,2.8076,-0.5493
0.0336,-1.0234,0.1556,5.8594,2.8687,-0.5493
0.0334,-1.0227,0.1559,5.8594,2.8687,-0.6104
0.0336,-1.0209,0.1548,5.8594,2.8076,-0.6104
0.0338,-1.0229,0.1556,5.9204,2.8076,-0.4883
0.0342,-1.0238,0.1559,5.9204,2.9297,-0.6714
0.0327,-1.0248,0.1565,5.8594,2.9297,-0.6104
0.0337,-1.0220,0.1549,5.9814,2.8687,-0.5493
0.0344,-1.0215,0.1552,6.0425,2.9297,-0.6714
0.0338,-1.0216,0.1552,5.7983,2.8076,-0.5493
0.0338,-1.0225,0.1556,5.7983,2.9297,-0.4272
0.0331,-1.0238,0.1555,5.7983,2.8076,-0.4272
0.0334,-1.0243,0.1564,6.1035,2.6855,-0.5493
0.0344,-1.0219,0.1548,6.0425,2.9297,-0.5493
0.0338,-1.0240,0.1552,5.8594,2.8076,-0.6714
0.0325,-1.0223,0.1548,5.8594,2.6855,-0.7324
0.0350,-1.0192,0.1549,5.9204,2.8687,-0.5493
0.0342,-1.0237,0.1567,6.2866,2.8076,-0.4883
0.0334,-1.0247,0.1560,6.1035,2.8076,-0.6104
0.0331,-1.0214,0.1543,5.9814,2.8076,-0.5493
0.0322,-1.0240,0.1554,5.9204,2.8687,-0.6104
0.0344,-1.0208,0.1555,5.8594,2.9297,-0.4883
0.0341,-1.0216,0.1554,5.9204,2.7466,-0.5493
0.0330,-1.0248,0.1553,6.0425,2.8687,-0.6104
0.0337,-1.0212,0.1554,5.9204,2.7466,-0.5493
0.0334,-1.0249,0.1558,5.8594,2.9297,-0.6104
0.0334,-1.0211,0.1545,5.7373,2.9297,-0.6104
0.0337,-1.0217,0.1562,5.8594,2.8687,-0.6714
0.0330,-1.0234,0.1564,6.1646,2.8076,-0.6104
0.0326,-1.0220,0.1552,5.9814,2.8687,-0.6714
0.0349,-1.0221,0.1542,6.1646,2.7466,-0.6714
0.0333,-1.0239,0.1559,5.8594,2.8687,-0.6104
0.0334,-1.0221,0.1545,5.9814,2.7466,-0.6714
0.0343,-1.0223,0.1560,6.0425,2.8076,-0.6104
0.0333,-1.0228,0.1545,6.0425,2.9907,-0.5493
0.0338,-1.0243,0.1548,5.9204,2.8687,-0.6714
0.0343,-1.0228,0.1560,6.1035,3.0518,-0.6104
0.0337,-1.0225,0.1549,5.7983,2.8687,-0.4883
0.0350,-1.0227,0.1561,5.8594,2.9297,-0.7324
0.0337,-1.0233,0.1553,5.7373,2.9297,-0.5493
0.0338,-1.0228,0.1561,5.9814,2.8076,-0.5493
0.0333,-1.0233,0.1564,6.0425,2.7466,-0.5493
0.0334,-1.0227,0.1559,5.9204,3.0518,-0.6104
0.0338,-1.0231,0.1559,5.9204,2.9297,-0.4883
0.0333,-1.0214,0.1554,6.0425,2.7466,-0.4272
0.0338,-1.0227,0.1564,5.8594,2.9297,-0.6104
0.0339,-1.0214,0.1553,5.9204,2.7466,-0.6104
0.0338,-1.0222,0.1544,5.9814,2.7466,-0.6104
0.0336,-1.0222,0.1555,5.8594,2.8076,-0.5493
0.0336,-1.0209,0.1542,5.9814,2.8687,-0.5493
0.0332,-1.0220,0.1548,5.8594,2.6855,-0.6104
0.0339,-1.0226,0.1548,6.1035,2.9297,-0.6104
0.0333,-1.0212,0.1572,5.8594,2.8687,-0.5493
0.0336,-1.0223,0.1544,5.9814,2.9907,-0.4883
0.0342,-1.0215,0.1553,5.9204,2.8076,-0.6714
0.0338,-1.0228,0.1558,5.9814,2.6855,-0.5493
0.0343,-1.0216,0.1544,5.8594,2.9907,-0.5493
0.0332,-1.0232,0.1548,5.8594,2.9297,-0.6104
0.0342,-1.0215,0.1558,5.9814,2.9907,-0.5493
0.0334,-1.0233,0.1538,5.7983,2.8076,-0.3662
0.0333,-1.0225,0.1552,5.8594,2.8687,-0.6104
0.0332,-1.0231,0.1543,5.8594,2.9297,-0.5493
0.0339,-1.0219,0.1549,6.0425,2.8076,-0.5493
0.0332,-1.0223,0.1555,5.8594,2.9297,-0.4883
0.0333,-1.0220,0.1559,5.9204,2.8076,-0.5493
0.0338,-1.0215,0.1543,5.8594,2.9297,-0.6104
0.0334,-1.0240,0.1554,5.8594,2.9297,-0.6714
0.0332,-1.0248,0.1543,5.8594,2.9297,-0.6714
0.0344,-1.0237,0.1554,5.9814,2.8687,-0.4883
0.0332,-1.0243,0.1544,5.9204,2.7466,-0.5493
0.0344,-1.0204,0.1542,5.7373,2.9297,-0.3662
0.0345,-1.0228,0.1556,5.9814,3.1128,-0.7324
FIN_VENTANA
INICIO_VENTANA arriba
0.0331,-1.0232,0.1545,5.9204,2.8076,-0.7324
0.0338,-1.0225,0.1525,6.1035,2.9297,-0.7324
0.0337,-1.0204,0.1559,5.9814,2.8687,-0.5493
0.0327,-1.0222,0.1537,6.1035,2.9907,-0.7324
0.0343,-1.0229,0.1547,6.0425,2.8687,-0.4883
0.0338,-1.0223,0.1533,5.9814,2.9907,-0.4883
0.0334,-1.0217,0.1548,6.2256,2.9297,-0.4883
0.0336,-1.0239,0.1541,5.9814,2.8076,-0.4883
0.0337,-1.0222,0.1541,5.8594,2.9907,-0.5493
0.0333,-1.0231,0.1536,5.9204,2.9907,-0.4883
0.0336,-1.0222,0.1545,6.1035,2.9297,-0.6104
0.0331,-1.0222,0.1544,5.9814,2.8076,-0.4272
0.0336,-1.0208,0.1537,5.9204,3.0518,-0.3662
0.0320,-1.0206,0.1555,6.0425,2.7466,-0.7935
0.0327,-1.0217,0.1543,5.7983,2.9907,-0.6104
0.0327,-1.0242,0.1543,5.8594,2.6855,-0.4883
0.0321,-1.0247,0.1547,5.9204,2.8076,-0.6714
0.0347,-1.0233,0.1553,6.0425,2.8687,-0.7324
0.0336,-1.0240,0.1541,5.9204,2.9297,-0.6714
0.0347,-1.0204,0.1541,5.7373,2.8076,-0.4883
0.0338,-1.0211,0.1552,5.8594,2.8687,-0.5493
0.0330,-1.0243,0.1548,5.9814,2.9907,-0.4272
0.0330,-1.0212,0.1544,5.9814,2.9907,-0.6104
0.0332,-1.0253,0.1544,6.0425,2.8076,-0.6104
0.0325,-1.0222,0.1538,5.7983,2.6855,-0.5493
0.0348,-1.0210,0.1552,5.9204,2.6855,-0.5493
0.0343,-1.0242,0.1549,5.8594,2.8687,-0.6104
0.0325,-1.0233,0.1543,5.6763,2.8687,-0.4272
0.0341,-1.0211,0.1537,5.7983,2.9907,-0.6714
0.0341,-1.0233,0.1544,6.1035,2.8076,-0.5493
0.0342,-1.0211,0.1544,6.0425,2.6855,-0.4883
0.0336,-1.0229,0.1543,5.7983,2.8076,-0.6714
0.0330,-1.0211,0.1550,6.0425,2.7466,-0.6104
0.0337,-1.0211,0.1541,5.9814,3.0518,-0.6104
0.0338,-1.0216,0.1538,5.9204,2.9297,-0.5493
0.0333,-1.0208,0.1549,5.9204,2.9297,-0.6714
0.0332,-1.0216,0.1544,5.8594,2.5635,-0.6104
0.0338,-1.0216,0.1542,5.7983,2.8687,-0.4883
0.0349,-1.0216,0.1544,5.8594,2.9297,-0.6104
0.0338,-1.0226,0.1537,5.9814,2.9297,-0.6104
0.0344,-1.0228,0.1537,5.9204,2.8076,-0.5493
0.0336,-1.0221,0.1542,5.7983,2.8687,-0.5493
0.0334,-1.0229,0.1538,5.5542,2.6245,-0.5493
0.0344,-1.0212,0.1543,5.8594,2.9297,-0.6714
0.0343,-1.0215,0.1533,5.9814,2.7466,-0.4883
0.0332,-1.0238,0.1537,5.9204,2.6855,-0.6104
0.0337,-1.0231,0.1547,5.9814,2.9907,-0.7324
0.0334,-1.0234,0.1553,5.7983,2.7466,-0.5493
0.0338,-1.0226,0.1544,5.9814,2.7466,-0.6714
0.0325,-1.0222,0.1534,5.9204,2.8076,-0.6104
0.0326,-1.0234,0.1517,5.8594,2.8076,-0.6104
0.0334,-1.0211,0.1550,5.9814,2.8076,-0.6104
0.0336,-1.0236,0.1542,5.9204,2.8687,-0.5493
0.0338,-1.0216,0.1545,5.8594,2.8687,-0.7324
0.0342,-1.0247,0.1527,5.7983,2.6855,-0.5493
0.0327,-1.0233,0.1548,5.9204,2.9297,-0.4883
0.0322,-1.0234,0.1534,5.8594,2.9297,-0.5493
0.0337,-1.0222,0.1559,5.9204,2.7466,-0.4883
0.0333,-1.0236,0.1527,5.8594,2.6855,-0.4272
0.0341,-1.0221,0.1542,5.8594,2.9297,-0.4883
0.0333,-1.0219,0.1538,5.7983,2.8687,-0.5493
0.0330,-1.0225,0.1550,5.8594,2.8076,-0.5493
0.0341,-1.0229,0.1544,5.7983,2.7466,-0.3662
0.0336,-1.0225,0.1541,5.9204,2.7466,-0.6714
0.0342,-1.0215,0.1531,5.8594,2.8687,-0.4883
0.0342,-1.0231,0.1534,5.8594,2.8076,-0.4883
0.0325,-1.0254,0.1541,6.1035,2.8687,-0.6104
0.0330,-1.0216,0.1533,5.8594,2.8076,-0.5493
0.0341,-1.0242,0.1541,5.8594,2.9297,-0.5493
0.0330,-1.0217,0.1537,5.7373,2.8687,-0.4883
0.0344,-1.0212,0.1531,5.9814,2.8687,-0.5493
0.0339,-1.0240,0.1533,5.9814,2.7466,-0.5493
0.0328,-1.0233,0.1525,5.7983,2.8687,-0.5493
0.0339,-1.0244,0.1534,5.9814,2.9297,-0.6104
0.0330,-1.0226,0.1537,5.8594,2.7466,-0.4883
0.0341,-1.0212,0.1532,5.9204,2.7466,-0.4272
0.0338,-1.0247,0.1536,5.8594,2.8076,-0.4883
0.0323,-1.0232,0.1537,5.8594,2.9297,-0.6714
0.0343,-1.0204,0.1530,5.9814,3.1128,-0.4883
0.0337,-1.0228,0.1538,5.9204,2.8076,-0.5493
0.0347,-1.0211,0.1536,5.8594,2.7466,-0.4272
0.0339,-1.0223,0.1528,5.7983,2.8687,-0.5493
0.0334,-1.0232,0.1532,5.9204,2.8687,-0.5493
0.0338,-1.0211,0.1554,5.8594,2.8687,-0.4883
0.0339,-1.0232,0.1545,5.9204,2.9297,-0.6104
0.0342,-1.0222,0.1533,5.9814,2.8687,-0.5493
0.0336,-1.0208,0.1538,6.1035,2.8687,-0.4883
0.0337,-1.0217,0.1534,5.8594,2.8687,-0.7324
0.0333,-1.0220,0.1541,5.7373,2.9907,-0.4883
0.0341,-1.0226,0.1537,5.9814,2.8687,-0.4883
0.0330,-1.0236,0.1538,5.9204,2.8687,-0.4883
0.0336,-1.0228,0.1525,6.0425,2.8687,-0.6104
0.0338,-1.0229,0.1533,5.9204,2.8076,-0.5493
-0.0563,-1.2036,0.1407,6.1646,2.8076,0.1221
0.2400,-1.4612,-0.1279,277.5879,-6.6528,9.6436
0.0721,-1.0229,-0.1924,56.3354,27.9541,1.0376
0.0374,-1.0229,0.2126,1.2207,18.6768,0.7324
-0.1035,-1.0535,-0.1901,5.2490,21.4233,-2.0142
0.1125,-1.0417,0.0604,-16.4185,-46.6309,-4.3335
0.0935,-0.9652,0.3219,-7.8125,-17.7002,-4.9438
FIN_VENTANA
INICIO_VENTANA arriba
0.1448,-0.8058,0.3693,-24.5361,-24.4751,-8.0566
0.1266,-0.8020,0.4530,-95.3369,-18.1885,-19.5313
-0.0160,-0.9358,0.3014,-706.1768,-23.5596,30.1514
-0.1216,-0.3593,1.6169,-744.5679,-68.0542,-67.6270
0.0541,-0.2014,1.0587,-346.4355,21.3013,-48.1567
0.1656,-0.0959,1.2255,17.7002,8.0566,-2.3804
0.1011,-0.1125,0.9261,102.7222,29.0527,11.4136
0.0983,-0.0831,0.9830,44.5557,1.2817,6.3477
0.1075,-0.1027,0.5779,-123.3521,7.0801,-17.7612
0.0488,0.0383,0.7616,-291.3208,-81.5430,-18.6157
0.0143,0.1731,1.1521,-170.4102,-100.3418,-0.7935
-0.0063,0.2313,1.2773,-28.6255,-37.5366,10.8643
-0.0554,0.2185,1.0311,43.5791,3.1128,-1.6479
-0.0344,0.2273,1.1185,51.3916,37.4756,-6.2256
-0.0485,0.1656,0.8242,25.2686,36.1938,-11.3525
-0.0039,0.1348,0.8197,-23.4375,8.3008,-11.7798
-0.0078,0.2303,0.8121,-68.1152,-25.3906,-10.6201
0.0515,0.2710,1.0651,46.6309,-0.0610,-13.0005
-0.0422,0.3003,0.9390,-63.3545,1.1597,-20.9961
-0.0326,0.3727,0.9386,-32.0435,-2.4414,-30.3345
0.0018,0.1815,1.0042,-2.2583,-12.9395,-54.0771
0.0105,0.1450,0.9950,47.0581,-8.9722,-35.8887
0.0060,0.1365,0.9824,118.4082,2.5635,-7.9956
-0.0607,0.0935,0.9929,223.4497,0.6714,7.2021
-0.1766,0.1925,1.3041,235.4736,2.1362,8.8501
-0.0270,-0.1102,1.0315,1.1597,3.1738,-27.3438
-0.0717,0.0870,1.0184,4.3945,6.7139,-34.4238
-0.0024,-0.0001,1.0332,-41.6260,14.0991,-86.0596
0.0092,-0.2059,1.0118,-75.9277,28.2593,-42.6025
0.0016,0.0376,0.9917,-71.7773,24.4141,-7.6294
0.0132,0.0214,1.0092,-69.2749,24.1089,3.8452
0.0254,0.1881,0.9955,-75.3784,21.1792,18.4326
0.0321,0.1957,0.9894,-50.1099,19.6533,13.9771
0.0236,0.2721,0.9586,-69.8853,15.5640,15.0146
0.0718,0.2880,1.1176,-14.9536,23.4375,1.7090
0.0710,0.2941,0.9880,-51.2085,43.2129,-3.6011
0.1451,0.2870,0.9338,-10.2539,41.5039,-1.0986
0.0901,0.3514,0.9698,67.0776,29.9683,-8.2397
0.1027,0.3466,1.0713,10.5591,14.8926,-12.8174
0.1210,0.2460,0.9878,104.2480,38.8184,-24.1089
0.1411,0.0776,0.7926,-28.0151,29.7852,-15.6250
0.1692,0.1537,0.8451,-56.4575,17.7612,-7.3853
0.1636,0.1221,0.7036,-106.6895,1.8311,5.3101
0.1501,0.4387,0.9888,-129.7607,-21.9116,23.3765
0.1218,0.2947,0.7534,87.6465,-16.1133,21.4844
0.0894,0.2357,0.8141,18.9819,-53.2837,36.6821
0.0659,0.4170,1.3809,130.9204,-49.4385,20.1416
0.0471,0.2249,0.9263,1.6479,-5.9814,-0.8545
0.0322,0.3318,0.9678,-31.7993,-5.2490,-2.3193
0.0507,0.2729,0.9249,15.5029,-15.9912,-1.7090
0.0347,0.1841,0.9354,6.0425,6.6528,-2.9297
0.0270,0.2777,0.9531,-1.4648,-1.5259,-7.6904
0.0247,0.2834,0.9619,29.4189,-2.2583,-8.7280
0.0292,0.2467,0.9857,28.8696,-2.9297,-9.6436
0.0254,0.2593,0.9712,19.6533,-0.7324,-5.0049
0.0236,0.2385,0.9763,11.1084,-1.0986,-4.3335
0.0243,0.2568,0.9723,-7.7515,-4.8218,-5.4321
0.0295,0.2256,0.9739,-23.9258,-5.4321,-6.7749
0.0153,0.2959,0.9613,-27.0996,-4.8828,-5.2490
0.0265,0.2542,0.9733,-7.8125,-4.8218,-1.5869
0.0112,0.2869,0.9655,15.2588,-2.9297,-2.8076
0.0032,0.2538,0.9580,14.7095,-5.3101,-2.6855
0.0277,0.3026,0.9880,6.4697,-12.0850,2.1973
-0.0256,0.3768,0.9325,5.3101,-28.5034,-3.7231
0.0040,0.3180,0.9595,-20.7520,0.1831,6.4087
-0.0720,0.3662,0.9489,13.0615,6.5918,5.6763
-0.0601,0.2982,0.9681,-0.5493,2.7466,-0.9155
-0.0222,0.2925,0.9662,0.4883,3.0518,0.1831
-0.0172,0.2769,0.9733,5.3711,3.2349,0.7935
-0.0127,0.3094,0.9773,-9.0332,2.1362,5.2490
-0.0005,0.2968,1.0057,0.9766,-25.4517,12.2681
-0.0917,0.4071,1.1560,-0.9155,-52.6123,18.0664
-0.1345,0.3737,0.8745,16.9678,28.9307,-5.7983
-0.0676,0.2281,0.8669,53.5278,31.3721,-17.7002
-0.0286,0.1162,0.6647,30.8838,22.0947,-2.5024
-0.0033,0.1843,0.7667,6.5918,0.3052,17.1509
-0.0347,0.3324,1.0020,-28.0151,-24.7192,20.9351
-0.0428,0.2888,1.0094,-15.0757,42.6636,-7.3853
-0.0616,0.3285,0.9711,-22.3389,18.3716,-1.2207
-0.0465,0.2820,0.9526,-16.0522,13.7329,-1.4038
0.0048,0.3939,0.9962,-36.6211,23.5596,-5.1270
-0.0212,0.3585,0.9377,-11.8408,2.6855,-0.6104
-0.0214,0.3827,0.9263,12.2681,2.1362,-3.5400
-0.0251,0.3153,0.9596,44.4336,1.0376,-6.6528
-0.0288,0.3079,0.9563,60.1196,2.0142,2.6855
-0.0129,0.2645,0.9773,66.7114,2.9297,1.0376
-0.0267,0.2289,0.9778,32.6538,1.8311,-2.5024
-0.0208,0.2413,0.9700,48.1567,3.4790,2.8687
-0.0228,0.1857,0.9971,46.8140,2.4414,-1.3428
-0.0216,0.1926,0.9966,6.5918,2.5635,-0.4272
-0.0212,0.1935,0.9958,15.9912,2.6855,-1.2817
-0.0228,0.2052,0.9927,11.8408,2.6855,-0.3052
-0.0402,0.2051,0.9763,19.9585,2.3804,-2.2583
-0.0308,0.1526,1.0005,26.0620,2.1973,-2.6245
-0.0190,0.1719,0.9996,10.6201,2.6245,-1.7700
-0.0222,0.1838,0.9906,13.1226,2.4414,-1.7700
-0.0157,0.1317,1.0092,27.8320,3.3569,2.1362
-0.0303,0.1562,1.0002,18.7378,2.4414,-1.6479
-0.0454,0.1443,0.9960,39.1235,2.6855,-0.1221
-0.0087,0.1238,1.0128,53.0396,2.5635,-1.2817
FIN_VENTANA
INICIO_VENTANA arriba
-0.0219,-0.0312,1.0186,5.9814,2.8076,0.5493
-0.0227,0.0001,1.0209,5.7983,2.8076,-1.4038
-0.0176,-0.0468,1.0199,5.8594,2.6855,-3.7842
-0.0160,-0.0371,1.0205,5.8594,2.8076,-0.6714
-0.0206,-0.0316,1.0211,5.6763,2.9297,-0.4883
-0.0270,-0.0076,1.0198,5.9204,2.7466,-1.4648
-0.0233,-0.0409,1.0209,5.8594,2.9297,-5.1880
-0.0264,-0.0050,1.0203,5.9204,2.9297,-5.7373
-0.0212,-0.0269,1.0187,5.8594,2.6855,-7.6904
-0.0195,-0.0453,1.0201,5.9814,2.6245,-5.5542
-0.0208,-0.0347,1.0208,5.7983,2.8076,-0.6714
-0.0209,-0.0364,1.0214,5.7983,2.8687,-0.9766
-0.0216,-0.0303,1.0211,5.7373,2.6855,-1.7090
-0.0215,-0.0327,1.0210,5.8594,2.9907,-0.2441
-0.0293,-0.0304,1.0198,5.7373,2.8687,2.9907
-0.0217,-0.0312,1.0222,6.1035,2.8076,3.6621
-0.0190,-0.0355,1.0210,5.9204,2.8076,6.0425
-0.0254,-0.0190,1.0217,5.9204,2.6855,7.5684
-0.0135,-0.0361,1.0211,5.7983,2.8076,12.5732
-0.0035,-0.0374,1.0209,5.7983,3.1128,13.8550
-0.0399,-0.0316,1.0193,5.7373,2.9907,15.6860
-0.0211,-0.0291,1.0204,5.8594,2.8687,17.6392
-0.0175,-0.0327,1.0197,5.7983,2.8687,16.0522
0.0011,0.0028,1.0281,6.0425,3.4180,51.3916
-0.0066,-0.0042,1.0231,5.7373,2.6245,0.5493
-0.0061,-0.0333,1.0205,5.7983,2.8076,5.6763
-0.0208,-0.0355,1.0219,5.8594,2.8076,2.3193
-0.0199,-0.0339,1.0222,5.7983,2.8687,3.7842
-0.0195,-0.0287,1.0219,5.7373,2.8076,9.8267
-0.0231,-0.0347,1.0222,5.8594,2.6245,3.2349
-0.0225,-0.0339,1.0216,5.8594,2.7466,1.7700
-0.0259,-0.0281,1.0214,5.7983,2.9297,-8.4839
-0.0282,-0.0131,1.0226,5.8594,2.6855,0.0610
-0.0228,-0.0264,1.0206,5.8594,2.8076,1.3428
-0.0233,-0.0320,1.0217,5.7983,2.8076,0.3052
-0.0221,-0.0322,1.0219,5.8594,2.6245,-0.1831
-0.0221,-0.0336,1.0219,5.9814,2.6245,-0.1831
-0.0215,-0.0333,1.0223,5.9814,2.6245,-0.3052
-0.0223,-0.0342,1.0215,6.0425,2.9907,-0.5493
-0.0216,-0.0332,1.0214,5.8594,2.8076,-0.4883
-0.0214,-0.0341,1.0231,5.8594,2.8076,-0.3662
-0.0214,-0.0343,1.0212,5.8594,2.8076,-0.4883
-0.0219,-0.0327,1.0217,5.9204,2.8687,-0.3662
-0.0215,-0.0338,1.0194,5.7983,2.7466,-0.4272
-0.0215,-0.0323,1.0240,5.6152,2.8687,-0.4272
-0.0223,-0.0317,1.0239,5.8594,2.8076,-0.4272
-0.0183,-0.0227,1.0211,5.6763,2.6855,0.3662
-0.0134,-0.0325,1.0228,5.8594,2.6245,0.6104
-0.0164,-0.0121,1.0228,5.6763,3.0518,3.6011
-0.0482,-0.0573,1.0226,5.6152,2.7466,-0.6714
-0.0209,-0.0331,1.0215,5.7983,2.7466,-1.0986
-0.0271,-0.0515,1.0226,5.8594,2.8076,-1.4038
-0.0167,-0.0292,1.0239,5.6152,2.9907,0.0610
-0.0171,-0.0271,1.0217,5.9204,2.8076,0.2441
-0.0221,-0.0297,1.0237,5.8594,2.5635,-0.6104
-0.0215,-0.0342,1.0214,5.7373,2.6855,-0.4272
-0.0220,-0.0319,1.0245,5.8594,2.8687,-0.3662
-0.0214,-0.0321,1.0234,5.7373,2.8687,-0.4883
-0.0133,-0.0269,1.0240,5.9814,2.7466,-0.3052
-0.0315,-0.0405,1.0239,5.9204,2.6855,0.1831
-0.0236,-0.0349,1.0221,5.7373,2.7466,-0.6714
-0.0227,-0.0330,1.0236,5.9204,2.5635,-0.6714
-0.0214,-0.0339,1.0226,5.9204,2.8076,-0.7935
-0.0210,-0.0331,1.0216,5.7983,2.8076,-0.6104
-0.0216,-0.0323,1.0229,6.0425,2.8687,-0.7324
-0.0219,-0.0341,1.0229,5.8594,2.8076,-0.7324
-0.0205,-0.0334,1.0239,6.0425,2.8687,-0.6714
-0.0217,-0.0333,1.0228,5.9204,2.7466,-0.7324
-0.0242,-0.0334,1.0214,5.8594,2.8076,-0.6104
-0.0212,-0.0338,1.0217,5.9204,2.9297,-0.3052
-0.0228,-0.0345,1.0231,5.7983,2.8687,-0.4883
-0.0220,-0.0328,1.0236,5.7983,2.5635,-0.4883
-0.0215,-0.0326,1.0215,5.8594,2.9297,-0.6714
-0.0217,-0.0330,1.0209,5.9204,2.8076,-0.6714
-0.0216,-0.0333,1.0232,5.7983,2.8687,-0.6104
-0.0220,-0.0337,1.0229,5.7983,2.7466,-0.5493
-0.0215,-0.0334,1.0233,5.9204,2.8076,-0.6104
-0.0222,-0.0331,1.0223,5.9814,2.9907,-0.6104
-0.0215,-0.0319,1.0204,5.9204,2.9907,-0.6104
-0.0219,-0.0336,1.0228,5.8594,2.6245,-0.4272
-0.0219,-0.0334,1.0223,5.7373,2.7466,-0.5493
-0.0212,-0.0330,1.0226,5.7373,2.8076,-0.7324
-0.0221,-0.0322,1.0216,5.9814,2.8076,-0.3662
-0.0212,-0.0338,1.0212,6.0425,2.8687,-0.7324
-0.0216,-0.0336,1.0232,5.9814,2.8687,-0.6714
-0.0222,-0.0321,1.0216,5.7373,2.6855,-0.7324
-0.0223,-0.0332,1.0219,5.6763,2.8687,-0.4272
-0.0214,-0.0326,1.0219,5.7983,2.6855,-0.6104
-0.0220,-0.0336,1.0217,5.9814,2.7466,-0.6714
-0.0214,-0.0327,1.0222,5.8594,2.8076,-0.6104
-0.0223,-0.0330,1.0219,5.7373,2.6245,-0.4883
-0.0212,-0.0330,1.0222,5.8594,2.6245,-0.6104
-0.0212,-0.0323,1.0234,5.8594,2.7466,-0.5493
-0.0222,-0.0330,1.0231,5.9814,2.8687,-0.6714
-0.0222,-0.0323,1.0217,5.8594,2.6855,-0.7324
-0.0222,-0.0341,1.0223,5.9814,2.8076,-0.6104
-0.0205,-0.0342,1.0211,5.7983,2.8076,-0.6104
-0.0223,-0.0336,1.0212,5.8594,2.7466,-0.6104
-0.0220,-0.0327,1.0229,6.0425,2.8076,-0.6104
-0.0225,-0.0331,1.0222,5.7983,2.8076,-0.6714
FIN_VENTANA
INICIO_VENTANA arriba
-0.0219,-0.0326,1.0242,5.8594,2.8076,-0.6714
-0.0219,-0.0330,1.0232,5.8594,2.8687,-0.6714
-0.0212,-0.0334,1.0204,5.9814,2.8076,-0.5493
-0.0221,-0.0315,1.0239,5.9204,2.9297,-0.6104
-0.0223,-0.0319,1.0237,5.7373,2.8076,-0.6104
-0.0211,-0.0327,1.0232,6.0425,2.9297,-0.4883
-0.0222,-0.0336,1.0206,5.9814,2.8687,-0.6714
-0.0225,-0.0320,1.0232,5.8594,2.8687,-0.5493
-0.0208,-0.0328,1.0226,5.7983,2.8687,-0.6104
-0.0221,-0.0332,1.0228,5.7983,2.8076,-0.6104
-0.0216,-0.0326,1.0217,5.9204,2.8687,-0.6714
-0.0226,-0.0331,1.0222,5.9204,2.8076,-0.4883
-0.0212,-0.0334,1.0231,5.9204,2.9297,-0.6104
-0.0217,-0.0330,1.0234,6.1035,2.8687,-0.4272
-0.0227,-0.0328,1.0217,5.8594,2.6855,-0.6104
-0.0220,-0.0348,1.0211,6.0425,2.8687,-0.4272
-0.0229,-0.0311,1.0221,5.7983,2.8687,-0.1831
-0.0217,-0.0331,1.0223,5.7373,2.6855,-0.6104
-0.0223,-0.0365,1.0222,5.7983,2.7466,-0.5493
-0.0225,-0.0308,1.0219,6.0425,2.9297,-0.0610
-0.0223,-0.0334,1.0221,5.7373,2.8687,-0.1831
-0.0211,-0.0303,1.0217,5.9204,2.8076,-0.0610
-0.0223,-0.0334,1.0226,5.8594,2.8076,-0.3052
-0.0221,-0.0355,1.0220,5.8594,2.8687,-0.3052
-0.0226,-0.0411,1.0222,5.9204,2.7466,-0.0610
-0.0216,-0.0243,1.0226,5.8594,2.7466,-0.2441
-0.0219,-0.0322,1.0242,5.7983,2.8076,-0.6104
-0.0216,-0.0347,1.0204,5.8594,2.8076,-0.4883
-0.0229,-0.0325,1.0208,6.0425,2.8687,-0.6714
-0.0214,-0.0337,1.0242,6.1035,2.9907,-0.6714
-0.0212,-0.0337,1.0231,5.5542,2.8076,-0.6104
-0.0229,-0.0325,1.0237,5.9814,2.9297,-0.6104
-0.0214,-0.0337,1.0229,5.9814,2.7466,-0.5493
-0.0222,-0.0338,1.0203,5.9204,2.8076,-0.5493
-0.0221,-0.0332,1.0240,5.7373,2.8076,-0.4883
-0.0333,-0.0563,1.0201,5.8594,2.8687,1.0986
-0.0172,-0.0166,1.0228,5.9204,3.0518,0.5493
-0.0214,-0.0332,1.0228,5.9204,2.8076,-0.6714
-0.0221,-0.0333,1.0204,5.8594,2.7466,-0.4272
-0.0217,-0.0315,1.0220,5.9814,2.8076,-0.5493
-0.0231,-0.0284,1.0227,5.8594,2.7466,-0.3662
-0.0205,-0.0469,1.0236,5.7983,2.7466,-0.6104
-0.0214,-0.0326,1.0226,6.0425,2.6245,-0.5493
-0.0221,-0.0337,1.0206,5.7983,2.7466,-0.5493
-0.0212,-0.0319,1.0238,5.9814,2.8076,-0.4883
-0.0226,-0.0334,1.0234,5.7373,2.6245,-0.4883
-0.0238,-0.0360,1.0247,6.0425,2.9297,-0.4883
-0.0281,-0.0664,1.0242,5.7983,2.6245,0.9766
-0.0146,-0.0017,1.0208,6.0425,2.9907,-0.1831
-0.0209,-0.0342,1.0239,5.7983,2.7466,-0.4883
-0.0227,-0.0322,1.0232,5.9814,2.8687,-0.6104
-0.0214,-0.0326,1.0214,5.7983,2.8076,-0.6104
-0.0220,-0.0333,1.0223,5.9814,2.8076,-0.6104
-0.0221,-0.0325,1.0232,6.0425,2.7466,-0.6104
-0.0220,-0.0330,1.0229,5.8594,2.6855,-0.6104
-0.0225,-0.0331,1.0229,5.9814,2.9297,-0.4272
-0.0236,-0.0321,1.0223,5.9814,2.7466,-0.6104
-0.0216,-0.0334,1.0211,5.7983,2.6245,-0.6104
-0.0227,-0.0331,1.0212,5.8594,2.7466,-0.6104
-0.0219,-0.0332,1.0221,5.7983,2.7466,-0.5493
-0.0222,-0.0333,1.0208,5.9204,2.6245,-0.4272
-0.0212,-0.0322,1.0231,5.8594,2.8076,-0.4883
-0.0227,-0.0334,1.0244,5.7983,2.6855,-0.4883
-0.0222,-0.0316,1.0229,5.8594,2.7466,-0.6714
-0.0231,-0.0314,1.0212,5.7983,2.6855,-0.4272
-0.0208,-0.0331,1.0237,5.7983,2.8076,-0.4272
-0.0216,-0.0330,1.0236,5.7373,2.8076,-0.6714
-0.0221,-0.0339,1.0217,5.8594,2.8076,-0.6104
-0.0222,-0.0323,1.0237,5.8594,2.7466,-0.6104
-0.0229,-0.0347,1.0209,5.8594,2.8076,-0.7324
-0.0219,-0.0321,1.0240,5.9204,2.8076,-0.6104
-0.0227,-0.0330,1.0209,5.7983,2.8687,-0.6714
-0.0239,-0.0297,1.0223,5.9204,2.7466,-0.6714
-0.0216,-0.0377,1.0236,5.9204,2.7466,-0.9766
-0.0221,-0.0337,1.0217,5.7983,2.6855,-0.4883
-0.0204,-0.0311,1.0217,5.7373,2.6245,-0.7324
-0.0228,-0.0350,1.0205,5.9204,2.7466,-0.6714
-0.0212,-0.0336,1.0220,5.8594,2.6855,-0.4272
-0.0222,-0.0317,1.0242,5.9204,2.6245,-0.5493
-0.0220,-0.0342,1.0205,5.7983,2.7466,-0.6714
-0.0215,-0.0347,1.0220,5.7983,2.8076,-0.5493
-0.0215,-0.0317,1.0231,6.1035,2.8076,-0.5493
-0.0219,-0.0332,1.0233,5.9204,2.8076,-0.6104
-0.0231,-0.0330,1.0239,5.7373,2.8076,-0.6104
-0.0222,-0.0339,1.0221,5.8594,2.7466,-0.6714
-0.0211,-0.0342,1.0212,5.7373,2.7466,-0.6104
-0.0229,-0.0323,1.0245,5.9204,2.8687,-0.6714
-0.0225,-0.0325,1.0244,5.6763,2.8687,-0.6104
-0.0225,-0.0323,1.0234,5.9204,2.8687,-0.7324
-0.0223,-0.0323,1.0236,6.0425,2.8076,-0.6104
-0.0219,-0.0326,1.0225,5.9814,2.8687,-0.7324
-0.0223,-0.0326,1.0216,5.9814,2.8687,-0.6714
-0.0209,-0.0332,1.0225,6.2256,2.8687,-0.5493
-0.0228,-0.0322,1.0219,5.8594,2.8076,-0.4272
-0.0215,-0.0336,1.0226,5.9204,2.6855,-0.6104
-0.0226,-0.0325,1.0244,5.7983,2.9297,-0.4883
-0.0210,-0.0327,1.0227,5.8594,2.7466,-0.6714
-0.0216,-0.0331,1.0212,5.9814,2.6245,-0.6104
-0.0220,-0.0332,1.0223,5.8594,2.6855,-0.6104
-0.0211,-0.0322,1.0234,5.9814,2.8076,-0.7935
FIN_VENTANA
INICIO_VENTANA arriba
-0.0221,-0.0321,1.0231,5.7373,2.6855,-0.3662
-0.0223,-0.0326,1.0215,5.8594,2.8076,-0.5493
-0.0223,-0.0332,1.0229,5.7983,2.9297,-0.6104
-0.0216,-0.0321,1.0216,5.9814,2.8687,-0.5493
-0.0221,-0.0327,1.0223,5.6763,2.8076,-0.7324
-0.0217,-0.0321,1.0223,6.0425,2.8076,-0.6714
-0.0216,-0.0327,1.0232,6.0425,2.8076,-0.6104
-0.0229,-0.0325,1.0236,5.9204,2.7466,-0.6714
-0.0222,-0.0337,1.0214,6.1035,2.9297,-0.5493
-0.0226,-0.0319,1.0238,5.9204,2.7466,-0.6104
-0.0217,-0.0334,1.0231,5.9204,2.6855,-0.6104
-0.0216,-0.0332,1.0239,5.7983,2.8687,-0.6714
-0.0219,-0.0331,1.0229,5.9204,2.8076,-0.6104
-0.0217,-0.0328,1.0222,6.1035,2.9297,-0.6104
-0.0223,-0.0326,1.0231,6.0425,2.6855,-0.7935
-0.0226,-0.0325,1.0227,6.1035,2.8076,-0.6714
-0.0227,-0.0311,1.0255,5.7373,2.8076,-0.6104
-0.0225,-0.0337,1.0219,5.9814,2.8076,-0.7324
-0.0227,-0.0332,1.0203,5.9204,2.9297,-0.7935
-0.0220,-0.0321,1.0238,6.0425,2.9297,-0.5493
-0.0226,-0.0322,1.0233,6.1035,2.6855,-0.6714
-0.0211,-0.0342,1.0216,5.9204,2.8076,-0.4883
-0.0223,-0.0327,1.0242,5.9814,2.8076,-0.6714
-0.0220,-0.0334,1.0210,5.9204,2.8687,-0.6104
-0.0214,-0.0323,1.0231,5.8594,2.8687,-0.5493
-0.0222,-0.0321,1.0244,5.8594,2.8687,-0.6714
-0.0228,-0.0342,1.0222,5.9204,2.8687,-0.7935
-0.0226,-0.0316,1.0238,5.9204,2.6855,-0.4883
-0.0221,-0.0325,1.0223,5.8594,2.9297,-0.3052
-0.0231,-0.0330,1.0212,5.9204,2.8076,-0.6104
-0.0221,-0.0322,1.0225,5.8594,2.6245,-0.5493
-0.0212,-0.0342,1.0248,5.9814,2.7466,-0.7324
-0.0222,-0.0284,1.0247,5.9204,2.8687,-0.9155
-0.0219,-0.0365,1.0225,5.7983,2.7466,-0.1831
-0.0217,-0.0319,1.0259,6.0425,2.6855,-0.4272
-0.0239,-0.0328,1.0229,5.9814,2.6855,-0.8545
-0.0210,-0.0317,1.0229,5.9814,2.8687,-0.7935
-0.0220,-0.0333,1.0228,5.7983,2.6855,-0.7324
-0.0225,-0.0328,1.0220,5.9814,2.8076,-0.6714
-0.0222,-0.0331,1.0217,6.1035,2.8076,-0.5493
-0.0227,-0.0327,1.0217,5.6763,2.8687,-0.5493
-0.0226,-0.0328,1.0231,5.9814,2.8076,-0.6714
-0.0225,-0.0338,1.0220,5.9814,2.8076,-0.5493
-0.0225,-0.0330,1.0216,5.9204,2.9297,-0.5493
-0.0221,-0.0334,1.0219,5.9814,2.8687,-0.6714
-0.0223,-0.0333,1.0229,5.9814,2.8687,-0.7324
-0.0225,-0.0317,1.0214,5.9204,2.7466,-0.6714
-0.0223,-0.0326,1.0233,5.7373,2.7466,-0.6104
-0.0222,-0.0336,1.0212,5.7983,2.7466,-0.5493
-0.0226,-0.0325,1.0211,6.0425,2.9297,-0.6104
-0.0214,-0.0326,1.0225,5.9204,2.8687,-0.7935
-0.0217,-0.0341,1.0205,5.7983,2.8687,-0.5493
-0.0229,-0.0320,1.0221,5.9204,2.6855,-0.7324
-0.0220,-0.0327,1.0231,6.1035,2.8076,-0.7324
-0.0221,-0.0333,1.0226,5.9814,2.8687,-0.6714
-0.0214,-0.0325,1.0228,6.1035,2.7466,-0.6714
-0.0229,-0.0328,1.0219,5.8594,2.7466,-0.6714
-0.0216,-0.0328,1.0214,5.9814,2.8076,-0.6104
-0.0228,-0.0330,1.0225,5.7983,2.7466,-0.5493
-0.0219,-0.0331,1.0233,5.9814,2.8687,-0.7324
-0.0222,-0.0323,1.0232,5.9204,2.8076,-0.5493
-0.0223,-0.0323,1.0223,6.0425,2.8076,-0.7324
-0.0227,-0.0326,1.0232,5.8594,2.7466,-0.6104
-0.0227,-0.0330,1.0215,5.9814,2.8076,-0.6104
-0.0212,-0.0330,1.0228,6.0425,2.8687,-0.5493
-0.0222,-0.0315,1.0239,5.8594,2.8076,-0.6104
-0.0233,-0.0334,1.0214,5.9814,2.8687,-0.6714
-0.0210,-0.0330,1.0216,6.1035,2.7466,-0.5493
-0.0221,-0.0323,1.0249,5.9814,2.9297,-0.5493
-0.0222,-0.0334,1.0216,5.7983,2.8687,-0.6714
-0.0222,-0.0314,1.0239,5.7983,2.7466,-0.5493
-0.0236,-0.0327,1.0229,6.0425,2.6855,-0.6714
-0.0222,-0.0332,1.0210,6.0425,2.8687,-0.6104
-0.0225,-0.0322,1.0220,5.7983,2.8076,-0.6714
-0.0225,-0.0343,1.0209,6.1035,2.9297,-0.5493
-0.0209,-0.0319,1.0240,6.1035,2.9297,-0.6714
-0.0226,-0.0336,1.0226,5.8594,2.8076,-0.5493
-0.0221,-0.0333,1.0220,5.8594,2.9297,-0.6714
-0.0225,-0.0330,1.0223,5.9204,2.9907,-0.4883
-0.0214,-0.0326,1.0227,5.9814,2.8687,-0.6714
-0.0222,-0.0331,1.0219,5.9814,2.9907,-0.5493
-0.0231,-0.0322,1.0229,5.9204,2.8687,-0.4883
-0.0227,-0.0319,1.0240,5.9814,2.8076,-0.5493
-0.0226,-0.0333,1.0219,6.1035,2.6855,-0.7324
-0.0234,-0.0326,1.0228,5.9814,2.9907,-0.6104
-0.0219,-0.0330,1.0216,6.0425,2.7466,-0.6104
-0.0223,-0.0343,1.0217,5.7983,2.8687,-0.4883
-0.0220,-0.0331,1.0226,5.9814,2.8076,-0.7324
-0.0216,-0.0328,1.0219,6.1646,2.8076,-0.7324
-0.0219,-0.0332,1.0223,6.0425,2.6855,-0.6714
-0.0227,-0.0325,1.0217,5.9814,2.8687,-0.6104
-0.0232,-0.0333,1.0228,6.0425,2.9297,-0.5493
-0.0227,-0.0333,1.0237,5.9204,2.8687,-0.4272
-0.0225,-0.0326,1.0234,5.9204,2.9907,-0.4272
-0.0216,-0.0328,1.0221,5.7983,2.7466,-0.6104
-0.0215,-0.0316,1.0210,6.1646,2.8687,-0.6714
-0.0227,-0.0333,1.0220,5.8594,2.9297,-0.5493
-0.0219,-0.0319,1.0221,6.0425,2.9297,-0.6104
-0.0220,-0.0338,1.0236,6.0425,2.8076,-0.6104
-0.0211,-0.0325,1.0245,5.9204,2.8687,-0.6714
FIN_VENTANA
INICIO_VENTANA arriba
-0.0221,-0.0326,1.0210,6.0425,2.8076,-0.6104
-0.0223,-0.0336,1.0222,6.0425,2.6855,-0.6104
-0.0226,-0.0348,1.0233,5.8594,2.7466,-0.6714
-0.0222,-0.0322,1.0231,6.1035,2.9907,-0.9766
-0.0210,-0.0249,1.0258,6.1035,2.7466,-0.3052
-0.0182,-0.0302,1.0232,6.1035,2.6855,-0.5493
-0.0208,-0.0325,1.0242,5.9204,2.8076,-0.4272
-0.0217,-0.0314,1.0222,5.9814,2.8076,-0.5493
-0.0220,-0.0287,1.0225,6.1035,2.9297,-0.3052
-0.0219,-0.0391,1.0229,6.1035,2.8687,-1.2207
-0.0220,-0.0334,1.0220,5.9814,2.9297,-0.6104
-0.0219,-0.0322,1.0243,5.9814,2.9907,-0.7324
-0.0219,-0.0331,1.0234,5.8594,2.9297,-0.6714
-0.0219,-0.0314,1.0212,6.1035,2.8687,-0.4883
-0.0229,-0.0327,1.0217,5.8594,2.7466,-0.6714
-0.0237,-0.0364,1.0221,5.9814,2.9297,-1.0986
-0.0222,-0.0342,1.0232,5.9204,2.8687,-0.4883
-0.0220,-0.0317,1.0233,5.7373,2.9907,-0.7935
-0.0219,-0.0336,1.0249,5.9204,2.7466,-0.6714
-0.0221,-0.0331,1.0236,5.9814,2.8076,-0.6104
-0.0221,-0.0317,1.0226,6.1646,2.8687,-0.4883
-0.0221,-0.0328,1.0222,5.8594,2.8687,-0.0610
-0.0220,-0.0377,1.0234,5.7983,2.9297,-1.2817
-0.0229,-0.0347,1.0226,5.9814,2.8076,-0.7935
-0.0214,-0.0309,1.0234,6.1035,2.8076,-0.8545
-0.0223,-0.0337,1.0265,5.9814,2.7466,-0.6104
-0.0221,-0.0327,1.0237,6.0425,2.8076,-0.6714
-0.0215,-0.0295,1.0234,5.8594,2.9297,-0.9766
-0.0226,-0.0323,1.0253,5.7983,2.9297,-0.6714
-0.0219,-0.0322,1.0245,5.9814,2.8076,-0.6104
-0.0225,-0.0326,1.0214,6.1646,2.9297,-0.7324
-0.0219,-0.0331,1.0239,6.1035,2.9297,-0.5493
-0.0221,-0.0339,1.0234,5.9814,2.7466,-0.6714
-0.0219,-0.0328,1.0242,6.0425,2.6855,-0.6714
-0.0208,-0.0319,1.0220,5.8594,2.8687,-0.3052
-0.0237,-0.0325,1.0228,5.9814,2.7466,-0.7324
-0.0220,-0.0342,1.0237,6.1646,2.7466,-0.8545
-0.0236,-0.0337,1.0272,5.9814,2.9907,-0.5493
-0.0219,-0.0306,1.0244,6.0425,2.7466,-0.9155
-0.0229,-0.0350,1.0220,5.9814,2.8076,-0.4272
-0.0219,-0.0328,1.0249,5.6763,2.9907,-0.3052
-0.0223,-0.0310,1.0239,5.9814,2.8687,-0.7935
-0.0219,-0.0333,1.0231,6.0425,2.9297,-0.7324
-0.0222,-0.0333,1.0231,5.9814,2.7466,-0.4272
-0.0214,-0.0343,1.0226,6.0425,2.9907,-1.1597
-0.0222,-0.0308,1.0227,5.8594,3.0518,-0.2441
-0.0225,-0.0286,1.0239,6.0425,2.8076,0.6104
-0.0238,-0.0316,1.0229,6.0425,2.8687,-0.0610
-0.0214,-0.0360,1.0237,5.7373,2.8076,0.2441
-0.0233,-0.0344,1.0237,5.9204,2.9907,-0.0610
-0.0227,-0.0322,1.0232,5.7373,2.9297,-0.4883
-0.0228,-0.0354,1.0227,5.9204,2.9297,-0.6104
-0.0229,-0.0334,1.0234,5.8594,2.8687,0.0000
-0.0250,-0.0383,1.0231,5.9204,2.9297,0.0610
-0.0197,-0.0265,1.0223,5.9204,2.8076,-0.3662
-0.0211,-0.0287,1.0239,5.9204,2.8687,-0.3052
-0.0223,-0.0323,1.0242,6.0425,2.8076,-0.6714
-0.0219,-0.0323,1.0229,6.0425,2.8076,-0.6714
-0.0228,-0.0323,1.0226,6.0425,2.8687,-0.8545
-0.0228,-0.0305,1.0239,5.9814,2.8687,-0.9766
-0.0192,-0.0254,1.0210,5.6763,2.9297,-3.7231
-0.0221,-0.0444,1.0236,5.9204,2.6855,-3.7842
-0.0227,-0.0437,1.0238,5.7983,2.8076,-2.1973
-0.0217,-0.0356,1.0240,5.9204,2.9907,-0.6104
-0.0217,-0.0323,1.0238,5.9204,2.8687,-0.3662
-0.0219,-0.0326,1.0223,6.0425,2.9297,-0.4883
-0.0223,-0.0319,1.0232,5.9204,2.9907,-0.4272
-0.0231,-0.0325,1.0229,6.2256,2.7466,-0.1221
-0.0240,-0.0339,1.0253,6.1646,2.9297,0.2441
-0.0205,-0.0339,1.0197,6.0425,3.0518,-0.0610
-0.0211,-0.0328,1.0170,6.1035,2.8076,-0.3052
-0.0203,-0.0403,1.0215,6.0425,2.9907,-0.1221
-0.0210,-0.0338,1.0210,5.9814,2.9907,-0.3662
-0.0232,-0.0286,1.0236,6.1035,2.8076,-0.0610
-0.0226,-0.0328,1.0214,6.2256,2.8687,-0.7935
-0.0215,-0.0333,1.0209,5.9814,2.8687,-0.4883
-0.0236,-0.0413,1.0242,5.9204,2.8687,0.1221
-0.0206,-0.0253,1.0248,6.0425,2.9297,0.0610
-0.0219,-0.0330,1.0212,5.9814,2.8076,-0.6714
-0.0228,-0.0332,1.0233,5.9814,2.7466,-0.6714
-0.0214,-0.0332,1.0215,5.8594,2.9297,-0.6104
-0.0220,-0.0334,1.0219,5.8594,2.8076,-0.4272
-0.0220,-0.0314,1.0234,6.1035,2.9907,0.1221
-0.0231,-0.0317,1.0223,6.0425,2.9907,-0.4883
-0.0229,-0.0322,1.0231,5.9204,2.8687,-0.5493
-0.0226,-0.0322,1.0234,5.7373,2.8687,-0.7324
-0.0205,-0.0337,1.0187,5.9204,2.7466,-0.6714
-0.0223,-0.0353,1.0205,6.3477,2.8076,-0.4883
-0.0223,-0.0389,1.0208,6.1646,2.9297,0.0610
-0.0198,-0.0306,1.0217,6.1035,2.8076,-0.0610
-0.0225,-0.0316,1.0215,6.1035,2.9907,-0.1831
-0.0231,-0.0326,1.0232,5.9814,2.8687,-0.7935
-0.0215,-0.0326,1.0227,6.0425,2.9297,-0.6714
-0.0214,-0.0323,1.0215,5.9204,2.8687,-0.6714
-0.0220,-0.0310,1.0150,6.1035,2.8076,-0.5493
-0.0193,-0.0350,1.0176,5.9204,2.8687,-0.2441
-0.0232,-0.0317,1.0211,5.9204,2.7466,-0.6714
-0.0225,-0.0331,1.0238,6.2256,3.1128,-0.7935
-0.0222,-0.0337,1.0233,6.0425,2.9907,-0.6714
-0.0215,-0.0334,1.0227,5.9814,2.9907,-0.9766
FIN_VENTANA
INICIO_VENTANA arriba
-0.0217,-0.0327,1.0222,5.9814,2.9297,-0.6714
-0.0209,-0.0322,1.0237,6.0425,2.8076,-0.6104
-0.0216,-0.0327,1.0221,5.9204,2.8076,-0.5493
-0.0220,-0.0334,1.0234,5.9204,2.8687,-0.5493
-0.0221,-0.0326,1.0236,5.9204,2.8687,-0.5493
-0.0178,-0.0461,1.0234,5.9814,2.9907,-0.1221
-0.0217,-0.0244,1.0237,5.9814,2.8076,0.8545
-0.0225,-0.0327,1.0215,5.9814,2.8076,-0.3662
-0.0151,-0.0283,1.0236,5.9204,2.8076,-0.1831
-0.0297,-0.0380,1.0229,5.9814,2.9907,-0.2441
-0.0216,-0.0322,1.0248,5.9814,2.9297,-0.5493
-0.0228,-0.0330,1.0221,5.9814,2.9297,-0.4883
-0.0233,-0.0332,1.0231,5.9814,2.6855,-0.5493
-0.0229,-0.0338,1.0232,5.9204,2.8687,-0.3052
-0.0220,-0.0333,1.0226,5.9814,2.9907,-0.3662
-0.0226,-0.0326,1.0220,5.9204,2.9297,-0.5493
-0.0226,-0.0323,1.0234,6.1035,2.9907,-0.6714
-0.0219,-0.0328,1.0240,5.8594,3.0518,-0.7935
-0.0223,-0.0328,1.0220,5.9814,2.8687,-0.6714
-0.0227,-0.0337,1.0237,6.1646,2.9907,-0.6104
-0.0226,-0.0334,1.0225,5.9814,2.9297,-0.6104
-0.0227,-0.0326,1.0221,5.9814,2.8687,-0.5493
-0.0215,-0.0320,1.0233,6.1035,3.1128,-0.6104
-0.0227,-0.0343,1.0220,5.8594,2.9907,-0.5493
-0.0226,-0.0320,1.0238,6.1035,2.9297,-0.5493
-0.0217,-0.0325,1.0220,6.0425,3.0518,-0.6104
-0.0223,-0.0317,1.0234,5.8594,2.8687,-0.6714
-0.0217,-0.0327,1.0232,6.3477,3.1128,-0.6714
-0.0228,-0.0322,1.0237,6.0425,2.8076,-0.7324
-0.0222,-0.0321,1.0229,5.9814,3.0518,-0.6104
-0.0238,-0.0315,1.0222,6.1646,2.7466,-0.5493
-0.0222,-0.0344,1.0215,6.1035,2.9907,-0.2441
-0.0226,-0.0286,1.0238,5.8594,2.9907,-0.2441
-0.0193,-0.0210,1.0253,5.9204,2.8687,-0.6104
-0.0220,-0.0309,1.0234,5.8594,2.9297,-1.1597
-0.0215,-0.0352,1.0217,6.0425,2.9297,-0.5493
-0.0223,-0.0330,1.0216,5.9814,2.9297,-0.5493
-0.0222,-0.0319,1.0227,6.1035,3.0518,-0.6714
-0.0236,-0.0287,1.0356,5.9204,2.8687,-0.7324
-0.0223,-0.0338,1.0314,6.1035,2.8687,-0.7935
-0.0221,-0.0337,1.0237,5.9814,2.9297,-0.8545
-0.0225,-0.0325,1.0256,5.9204,2.8076,-0.6714
-0.0226,-0.0331,1.0215,5.9814,2.9297,-0.6714
-0.0217,-0.0317,1.0239,5.9814,2.9297,-0.4272
-0.0219,-0.0328,1.0231,6.0425,2.9907,-0.3662
-0.0220,-0.0339,1.0200,5.9204,3.0518,-0.4272
-0.0225,-0.0326,1.0228,6.0425,2.8687,-0.4883
-0.0221,-0.0322,1.0208,5.9204,2.9907,-0.6104
-0.0219,-0.0312,1.0237,6.1035,2.9907,-0.4883
-0.0209,-0.0334,1.0211,5.9204,2.8076,-0.6104
-0.0199,-0.0363,1.0125,5.9814,2.6855,-0.5493
0.0154,-0.0266,1.0159,5.9204,2.8687,-0.6714
-0.0244,-0.0358,1.0194,6.1035,2.9297,-0.6104
-0.0209,-0.0365,1.0222,5.9204,2.8687,-0.5493
-0.0240,-0.0043,1.0220,6.1035,2.7466,2.0752
-0.0222,-0.0164,1.0217,6.1035,2.8687,2.0142
-0.0233,-0.0303,1.0216,6.1646,2.7466,-0.2441
-0.0217,-0.0336,1.0211,5.9814,2.8076,-0.6104
-0.0226,-0.0327,1.0208,5.7983,3.0518,-0.6104
-0.0226,-0.0320,1.0222,5.9814,2.9297,-0.6104
-0.0211,-0.0326,1.0217,5.8594,2.9907,-0.6714
-0.0216,-0.0322,1.0222,6.1035,2.9297,-0.4883
-0.0237,-0.0319,1.0227,6.0425,2.9297,-0.4883
-0.0227,-0.0325,1.0217,6.0425,3.0518,-0.6714
-0.0229,-0.0333,1.0222,6.0425,2.7466,-0.6104
-0.0232,-0.0330,1.0222,5.8594,2.8076,-0.3662
-0.0223,-0.0316,1.0201,6.1035,2.8076,-0.1221
-0.0295,-0.0356,1.0302,5.9204,2.7466,-0.3052
-0.0189,-0.0365,1.0281,6.0425,2.9907,0.0000
-0.0206,-0.0204,1.0231,6.1035,2.8687,-0.4883
-0.0221,-0.0331,1.0214,5.7983,2.8687,-0.7935
-0.0227,-0.0334,1.0225,6.1035,2.8687,-0.7324
-0.0216,-0.0330,1.0215,5.9814,3.0518,-0.4883
-0.0229,-0.0339,1.0219,6.1646,2.9907,-0.7324
-0.0225,-0.0327,1.0222,5.9814,2.9297,-0.6104
-0.0227,-0.0317,1.0216,5.9204,2.8687,-0.8545
-0.0234,-0.0273,1.0216,5.9204,2.9907,-1.3428
-0.0227,-0.0355,1.0228,6.1035,2.9297,-1.2207
-0.0231,-0.0343,1.0232,6.0425,2.9297,-0.9155
-0.0240,-0.0348,1.0239,5.8594,2.8687,-1.4038
-0.0337,-0.0220,1.0225,6.1035,2.6855,-1.7090
-0.0314,-0.0603,1.0215,5.9204,3.1128,-2.0752
0.0059,0.0134,1.0221,6.0425,2.9297,-1.7090
-0.0161,-0.0238,1.0227,6.1035,2.9297,-3.9062
-0.0170,-0.0289,1.0237,6.0425,2.9907,-2.0142
-0.0231,-0.0280,1.0237,6.2256,2.8687,-1.1597
0.0044,-0.0074,1.0222,5.9814,2.9907,-2.6855
0.0189,0.0211,1.0225,5.8594,2.8076,-1.0986
-0.0308,-0.0409,1.0222,5.8594,2.8687,-0.4883
-0.0223,-0.0322,1.0240,6.0425,2.9297,-0.6104
-0.0228,-0.0330,1.0216,6.0425,2.9907,-0.5493
-0.0225,-0.0312,1.0244,6.1035,2.8687,-0.5493
-0.0238,-0.0323,1.0221,6.1035,2.9907,-0.7324
-0.0219,-0.0328,1.0208,6.0425,2.8076,-0.5493
-0.0228,-0.0317,1.0243,5.9814,2.8076,-0.5493
-0.0222,-0.0320,1.0255,5.9204,2.8687,-0.4272
-0.0219,-0.0342,1.0206,5.9204,2.8687,-0.3052
-0.0223,-0.0327,1.0242,5.9204,2.9907,-0.4883
-0.0184,-0.0355,1.0205,6.1646,2.9297,0.8545
-0.0233,-0.0308,1.0211,5.9204,2.8687,0.5493
FIN_VENTANA
INICIO_VENTANA arriba
-0.0234,-0.0316,1.0226,5.9814,2.9907,-0.6104
-0.0229,-0.0331,1.0229,6.1646,2.8687,-0.7324
-0.0233,-0.0314,1.0245,5.9814,2.8687,-0.5493
-0.0242,-0.0319,1.0201,5.9204,2.8076,-0.4272
-0.0225,-0.0306,1.0377,6.0425,3.0518,-0.3662
-0.0214,-0.0532,1.0173,5.9204,2.8687,0.9155
-0.0209,-0.0265,1.0214,5.9814,2.6245,1.4038
-0.0225,-0.0309,1.0208,6.0425,2.6855,0.5493
-0.0242,-0.0394,1.0226,6.0425,2.9297,1.2207
-0.0144,0.0400,1.0250,7.2632,2.1362,2.3804
-0.0183,-0.0314,1.0093,5.6763,2.9297,-0.6714
-0.0231,-0.0302,1.0165,6.2256,3.0518,-0.7935
-0.0243,-0.0328,1.0153,5.9204,2.8076,-0.7324
-0.0244,-0.0305,1.0233,6.2256,2.8687,-0.7935
-0.0233,-0.0336,1.0193,6.2866,2.8687,-0.6714
-0.0225,-0.0344,1.0173,5.9814,2.9907,-0.6714
-0.0216,-0.0319,1.0238,6.1035,2.8076,-0.5493
-0.0238,-0.0334,1.0200,6.1646,2.9297,-0.6714
-0.0233,-0.0355,1.0243,5.9814,2.9297,-0.7935
-0.0253,-0.0305,1.0228,5.8594,2.9297,-1.4648
-0.0258,-0.0359,1.0198,6.1646,2.9907,-1.1597
-0.0127,-0.0297,1.0226,5.8594,3.0518,-1.8311
-0.0225,-0.0320,1.0209,5.8594,2.9297,-0.4883
-0.0220,-0.0328,1.0238,6.0425,2.8076,-0.6104
-0.0234,-0.0316,1.0228,6.0425,2.8687,-0.4883
-0.0216,-0.0320,1.0231,6.0425,2.7466,-0.6714
-0.0225,-0.0316,1.0220,5.9814,2.9297,-0.6714
-0.0236,-0.0337,1.0227,5.9814,2.8076,-0.6714
-0.0236,-0.0315,1.0258,6.1035,2.9907,-0.7935
-0.0236,-0.0336,1.0227,6.1035,2.9907,-0.5493
-0.0231,-0.0315,1.0233,6.1035,2.9907,-0.5493
-0.0237,-0.0344,1.0226,6.1035,2.8687,-0.3662
-0.0231,-0.0322,1.0245,5.9814,2.9297,-0.4883
-0.0226,-0.0337,1.0211,6.0425,2.9297,-0.6714
-0.0231,-0.0328,1.0231,6.1035,2.9297,-0.4883
-0.0239,-0.0330,1.0212,6.1035,2.9297,-0.3662
-0.0229,-0.0326,1.0227,5.9204,2.8687,-0.3662
-0.0229,-0.0321,1.0234,5.9204,2.8687,-0.6714
-0.0231,-0.0332,1.0238,5.9814,2.9297,-0.7935
-0.0231,-0.0321,1.0227,6.1646,2.8076,-0.6714
-0.0231,-0.0350,1.0238,5.9204,2.8076,-1.5869
0.0233,0.0107,1.0233,5.6152,3.4790,-1.5259
0.0051,-0.0088,1.0231,6.0425,3.0518,-2.8076
-0.0031,-0.0148,1.0222,5.8594,2.8687,-1.8311
-0.0227,-0.0322,1.0239,6.1035,2.8076,-1.0376
-0.0232,-0.0308,1.0237,5.7983,2.7466,-0.4272
-0.0233,-0.0316,1.0221,6.0425,2.9907,-0.6104
-0.0217,-0.0172,1.0237,6.1035,2.8687,-1.2817
-0.0232,-0.0449,1.0217,6.0425,2.9907,-2.2583
-0.0238,-0.0375,1.0239,6.1646,2.9907,-1.4648
-0.0227,-0.0376,1.0228,5.7983,2.9297,-0.8545
-0.0231,-0.0321,1.0233,5.9814,2.8076,-0.4883
-0.0233,-0.0327,1.0245,6.0425,2.9907,-0.4883
-0.0232,-0.0319,1.0237,6.1646,2.8687,-0.5493
-0.0227,-0.0321,1.0233,5.8594,3.1128,-0.4883
-0.0234,-0.0320,1.0227,6.0425,2.9297,-0.7324
-0.0226,-0.0322,1.0221,5.9204,2.8076,-0.4883
-0.0232,-0.0320,1.0233,5.9204,2.8687,-0.7324
-0.0226,-0.0312,1.0247,5.9814,2.9297,-0.4883
-0.0228,-0.0321,1.0243,6.0425,2.8687,-0.5493
-0.0234,-0.0317,1.0259,5.7373,2.8687,-0.6104
-0.0222,-0.0323,1.0222,5.8594,2.8076,-0.4883
-0.0225,-0.0288,1.0219,6.1035,2.9297,-0.5493
-0.0001,-0.0087,1.0264,5.8594,2.9297,-2.0142
-0.0273,-0.0352,1.0254,5.7983,2.9907,-0.4883
-0.0096,-0.0129,1.0265,6.0425,2.8687,-0.3052
-0.0292,-0.0420,1.0243,6.2256,3.0518,-0.7324
-0.0232,-0.0316,1.0199,6.0425,2.9297,-0.4272
-0.0216,-0.0303,1.0240,6.1035,2.9907,-0.7324
-0.0237,-0.0315,1.0254,6.2866,2.8687,-0.7935
-0.0219,-0.0316,1.0225,6.1035,2.9907,-0.7324
-0.0226,-0.0337,1.0233,6.1646,2.9297,-0.6714
-0.0236,-0.0326,1.0259,6.0425,2.9907,-0.3662
-0.0225,-0.0338,1.0243,5.8594,2.8687,-0.4272
-0.0229,-0.0306,1.0243,6.0425,2.9907,-0.8545
-0.0199,-0.0359,1.0233,5.9204,2.9297,-0.3662
-0.0206,-0.0396,1.0229,6.1035,2.9907,2.5024
-0.0298,-0.0492,1.0223,6.0425,2.9297,2.0752
-0.0232,-0.0323,1.0229,5.7983,3.0518,0.1831
-0.0294,-0.0035,1.0251,5.7983,3.1128,1.1597
-0.0232,-0.0338,1.0226,6.1035,2.8687,-0.7935
-0.0219,-0.0327,1.0227,5.8594,2.9297,-0.4883
-0.0227,-0.0323,1.0234,6.1646,2.8687,-0.4272
-0.0226,-0.0321,1.0237,6.0425,2.9297,-0.3052
-0.0231,-0.0315,1.0231,5.9204,2.9297,-0.8545
-0.0236,-0.0323,1.0229,5.9814,2.8687,-0.6104
-0.0227,-0.0320,1.0238,6.1035,2.9297,-0.5493
-0.0223,-0.0333,1.0221,6.1035,2.9297,-0.6104
-0.0219,-0.0310,1.0234,5.8594,2.8076,-0.9155
-0.0223,-0.0365,1.0238,5.9814,2.9907,-0.9766
-0.0234,-0.0294,1.0229,5.8594,2.8687,-0.6104
-0.0221,-0.0320,1.0247,6.0425,2.8687,-0.7935
-0.0228,-0.0320,1.0225,5.9204,2.9297,-0.5493
-0.0229,-0.0327,1.0237,5.9204,2.8687,-0.6104
-0.0223,-0.0321,1.0233,6.1035,2.7466,-0.8545
-0.0221,-0.0328,1.0238,6.1035,2.7466,-0.9155
-0.0222,-0.0316,1.0234,5.9204,2.9297,-0.6104
-0.0223,-0.0327,1.0228,5.9204,2.8687,-0.4883
-0.0225,-0.0320,1.0210,6.1035,2.9297,-0.6714
-0.0221,-0.0320,1.0240,6.0425,2.8076,-0.5493
FIN_VENTANA
INICIO_VENTANA arriba
-0.0220,-0.0319,1.0219,6.0425,2.9297,-0.6104
-0.0226,-0.0327,1.0236,6.0425,3.0518,-0.5493
-0.0237,-0.0319,1.0216,5.7983,2.8076,-0.6104
-0.0223,-0.0326,1.0225,6.0425,2.8687,-0.6714
-0.0227,-0.0317,1.0231,5.9814,2.9297,-0.4883
-0.0226,-0.0321,1.0221,6.0425,2.9297,-0.4272
-0.0225,-0.0319,1.0222,5.9204,2.9297,-0.5493
-0.0223,-0.0323,1.0229,6.1035,3.0518,-0.7324
-0.0219,-0.0325,1.0222,6.1646,2.9297,-0.5493
-0.0229,-0.0316,1.0234,6.2256,3.0518,-0.6104
-0.0223,-0.0317,1.0221,5.9814,2.8687,-0.4272
-0.0221,-0.0330,1.0227,5.9814,3.0518,-0.5493
-0.0226,-0.0320,1.0232,6.0425,2.9297,-0.6714
-0.0217,-0.0320,1.0233,6.1035,3.0518,-0.6104
-0.0225,-0.0330,1.0214,6.0425,2.9297,-0.4883
-0.0227,-0.0310,1.0234,6.1035,2.9297,-0.6104
-0.0228,-0.0323,1.0232,6.1035,2.8076,-0.6104
-0.0219,-0.0323,1.0200,5.7983,2.9297,-0.4883
-0.0233,-0.0312,1.0254,5.9814,2.8687,-0.7324
-0.0239,-0.0330,1.0212,5.9204,2.9297,-0.6104
-0.0220,-0.0319,1.0201,5.8594,2.9297,-0.4883
-0.0232,-0.0320,1.0234,6.1035,3.0518,-0.5493
-0.0229,-0.0309,1.0253,6.0425,2.8687,-0.6104
-0.0226,-0.0317,1.0210,6.0425,2.9297,-0.4883
-0.0225,-0.0320,1.0222,5.9814,2.9297,-0.6714
-0.0217,-0.0326,1.0220,5.9814,3.0518,-0.6104
-0.0228,-0.0328,1.0231,5.9204,2.8076,-0.7324
-0.0236,-0.0325,1.0217,6.2256,2.9907,-0.5493
-0.0231,-0.0314,1.0217,6.1035,2.8076,-0.3662
-0.0227,-0.0317,1.0209,6.0425,2.8687,-0.5493
-0.0225,-0.0326,1.0238,6.0425,2.8076,-0.4883
-0.0231,-0.0325,1.0232,5.9814,2.8687,-0.6104
-0.0226,-0.0311,1.0222,5.8594,3.0518,-0.6104
-0.0223,-0.0322,1.0208,6.2256,2.9907,-0.5493
-0.0228,-0.0322,1.0226,5.9814,3.1128,-0.5493
-0.0225,-0.0319,1.0231,6.1646,2.8687,-0.6714
-0.0231,-0.0322,1.0227,6.0425,2.8687,-0.7324
-0.0217,-0.0315,1.0232,6.0425,2.8076,-0.6104
-0.0228,-0.0326,1.0225,6.1646,2.8076,-0.6104
-0.0232,-0.0325,1.0233,5.9814,2.8076,-0.6104
-0.0234,-0.0315,1.0242,6.1035,2.8687,-0.7935
-0.0225,-0.0325,1.0225,6.0425,2.8687,-0.7324
-0.0222,-0.0320,1.0229,6.0425,2.9297,-0.6104
-0.0232,-0.0325,1.0242,5.8594,2.8687,-0.4272
-0.0225,-0.0322,1.0231,5.9204,2.7466,-0.6714
-0.0229,-0.0328,1.0225,5.9204,2.9297,-0.4272
-0.0223,-0.0317,1.0238,5.9204,3.1738,-0.4883
-0.0233,-0.0326,1.0233,5.8594,2.8076,-0.4883
-0.0231,-0.0320,1.0216,6.0425,2.9907,-0.4883
-0.0228,-0.0316,1.0225,5.9204,2.8687,-0.4883
-0.0229,-0.0319,1.0229,6.0425,2.8687,-0.6104
-0.0223,-0.0312,1.0238,5.9204,2.9907,-0.4883
-0.0234,-0.0325,1.0219,5.9814,2.9907,-0.5493
-0.0221,-0.0323,1.0238,6.1035,2.9907,-0.6714
-0.0226,-0.0322,1.0222,6.1035,2.9907,-0.5493
-0.0232,-0.0316,1.0239,6.0425,2.8076,-0.6104
-0.0219,-0.0327,1.0219,5.9814,2.8687,-0.5493
-0.0237,-0.0315,1.0233,6.0425,2.8687,-0.4272
-0.0225,-0.0322,1.0231,6.1035,2.9907,-0.7324
-0.0226,-0.0326,1.0236,6.0425,2.8687,-0.4272
-0.0225,-0.0315,1.0239,6.1035,2.9907,-0.6104
-0.0236,-0.0320,1.0211,5.9814,2.9297,-0.5493
-0.0215,-0.0314,1.0244,5.9814,2.9907,-0.4883
-0.0223,-0.0322,1.0221,6.1646,2.9297,-0.5493
-0.0226,-0.0316,1.0239,6.0425,3.0518,-0.7324
-0.0225,-0.0323,1.0227,5.9814,3.0518,-0.4883
-0.0228,-0.0326,1.0216,5.9814,3.0518,-0.6104
-0.0227,-0.0319,1.0243,6.1646,2.9297,-0.6104
-0.0229,-0.0319,1.0248,6.1035,2.8076,-0.4883
-0.0225,-0.0330,1.0194,5.9814,2.8687,-0.4272
-0.0220,-0.0321,1.0226,5.9814,2.9297,-0.7324
-0.0220,-0.0326,1.0201,6.1035,3.0518,-0.3052
-0.0216,-0.0319,1.0216,5.9814,2.9907,-0.4272
-0.0236,-0.0327,1.0245,6.1035,2.8687,-0.5493
-0.0222,-0.0317,1.0220,5.8594,2.8687,-0.4883
-0.0238,-0.0321,1.0229,5.9204,2.8687,-0.4883
-0.0226,-0.0315,1.0221,5.8594,2.9907,-0.7324
-0.0227,-0.0319,1.0225,6.1035,3.1128,-0.3662
-0.0215,-0.0323,1.0226,6.1035,2.9297,-0.6104
-0.0229,-0.0326,1.0215,5.9204,2.9297,-0.4272
-0.0231,-0.0326,1.0243,6.0425,2.9297,-0.6104
-0.0227,-0.0327,1.0210,5.9814,3.0518,-0.4883
-0.0227,-0.0319,1.0244,6.0425,3.0518,-0.5493
-0.0229,-0.0319,1.0211,6.2256,2.9297,-0.5493
-0.0231,-0.0317,1.0245,6.1646,2.8687,-0.5493
-0.0221,-0.0327,1.0221,5.9204,2.8687,-0.6714
-0.0220,-0.0321,1.0238,5.9814,2.8687,-0.7324
-0.0226,-0.0320,1.0228,6.2256,3.0518,-0.5493
-0.0229,-0.0316,1.0242,5.9814,2.8076,-0.6104
-0.0229,-0.0325,1.0219,6.2866,2.9297,-0.4883
-0.0266,-0.0354,1.0227,5.9814,2.9297,-0.6714
-0.0221,-0.0328,1.0232,6.0425,2.9907,-0.6714
-0.0226,-0.0322,1.0234,5.9814,3.1128,-0.6104
-0.0222,-0.0325,1.0234,6.1646,2.8076,-0.7324
-0.0227,-0.0316,1.0236,6.0425,3.1128,-0.7324
-0.0227,-0.0332,1.0233,5.9814,2.9297,-0.3662
-0.0216,-0.0326,1.0236,5.9814,2.8687,-0.5493
-0.0234,-0.0326,1.0229,6.1035,2.9297,-0.8545
-0.0221,-0.0342,1.0226,5.8594,2.9297,-0.6714
-0.0221,-0.0332,1.0227,6.1035,2.9907,-0.6104
FIN_VENTANA
INICIO_VENTANA arriba
-0.0228,-0.0303,1.0221,6.0425,3.1738,-0.3052
-0.0217,-0.0327,1.0222,5.9814,3.0518,-0.3662
-0.0221,-0.0315,1.0222,6.1035,3.0518,-0.7324
-0.0237,-0.0322,1.0239,6.1035,2.8687,-0.6714
-0.0223,-0.0325,1.0211,6.0425,2.9297,-0.7324
-0.0228,-0.0314,1.0239,6.1035,2.8687,-0.6714
-0.0227,-0.0323,1.0216,6.0425,2.9297,-0.7324
-0.0229,-0.0321,1.0243,5.9814,2.9907,-0.7324
-0.0236,-0.0317,1.0217,6.1035,2.9297,-0.6104
-0.0228,-0.0315,1.0233,5.9814,2.9907,-0.6714
-0.0221,-0.0328,1.0223,6.0425,2.9907,-0.6714
-0.0231,-0.0320,1.0223,6.1035,2.9297,-0.6714
-0.0228,-0.0319,1.0211,5.7983,2.8076,-0.4272
-0.0237,-0.0323,1.0232,6.0425,2.9907,-0.6714
-0.0229,-0.0322,1.0231,5.8594,3.0518,-0.5493
-0.0228,-0.0327,1.0220,5.9204,2.9907,-0.3052
-0.0220,-0.0321,1.0227,5.9204,2.8687,-0.5493
-0.0227,-0.0322,1.0221,5.9204,2.6855,-0.4272
-0.0233,-0.0315,1.0234,5.7983,2.9907,-0.5493
-0.0223,-0.0315,1.0221,6.1646,2.8076,-0.6104
-0.0236,-0.0310,1.0216,5.9814,2.8687,-0.8545
-0.0220,-0.0323,1.0205,6.0425,2.9297,-0.7935
-0.0225,-0.0334,1.0261,6.1035,2.9907,-0.2441
-0.0225,-0.0331,1.0184,5.9814,2.9907,-0.3052
-0.0220,-0.0273,1.0273,5.8594,2.9297,-0.4883
-0.0220,-0.0347,1.0249,6.1035,2.9297,-0.3662
-0.0228,-0.0002,1.0243,5.9814,2.9297,-0.6104
-0.0234,-0.0325,1.0219,6.0425,2.7466,-0.9766
-0.0226,-0.0321,1.0236,6.0425,2.9907,-0.4883
-0.0228,-0.0322,1.0238,5.9814,2.9297,-0.4272
-0.0215,-0.0325,1.0184,6.1035,2.8687,-0.4272
-0.0209,-0.0326,1.0251,6.0425,2.8687,-0.1831
-0.0214,-0.0398,1.0247,6.1035,3.0518,-0.2441
-0.0197,-0.0302,1.0223,5.9204,2.8687,-1.2207
-0.0194,-0.0338,1.0214,5.9814,2.9297,0.4883
-0.0200,-0.0364,1.0229,6.1035,3.0518,0.4272
-0.0327,-0.0247,1.0237,6.1035,2.9297,1.6479
-0.0240,-0.0326,1.0216,5.8594,2.8687,0.5493
-0.0242,-0.0378,1.0228,5.8594,2.9907,0.6714
-0.0211,-0.0300,1.0243,6.1035,2.8076,1.2207
-0.0225,-0.0300,1.0215,5.9204,2.9907,1.1597
-0.0227,-0.0302,1.0238,6.1646,2.9297,-0.1221
-0.0210,-0.0355,1.0232,6.0425,2.9907,-0.1221
-0.0228,-0.0320,1.0225,6.1646,3.0518,0.3662
-0.0222,-0.0275,1.0249,5.9814,2.9297,0.0000
-0.0223,-0.0328,1.0236,6.0425,2.8687,-0.4883
-0.0232,-0.0300,1.0233,6.1646,2.9297,-0.4883
-0.0233,-0.0321,1.0215,6.1035,3.0518,-0.8545
-0.0221,-0.0322,1.0211,6.1035,2.7466,-0.8545
-0.0219,-0.0321,1.0227,6.1035,2.9907,-0.8545
-0.0217,-0.0321,1.0229,5.9204,2.9907,-0.4272
-0.0233,-0.0317,1.0231,6.0425,2.9907,-0.6104
-0.0221,-0.0338,1.0203,6.1646,2.8687,-0.6714
-0.0231,-0.0316,1.0253,6.1035,3.0518,-0.4272
-0.0226,-0.0323,1.0200,6.0425,2.8076,-0.4883
-0.0239,-0.0312,1.0248,6.1035,2.8687,-0.7935
-0.0234,-0.0311,1.0243,5.9814,2.9297,-0.1831
-0.0237,-0.0322,1.0198,6.1035,2.9297,-0.1221
-0.0234,-0.0288,1.0223,6.1035,3.1128,0.1831
-0.0258,-0.0248,1.0231,6.1646,3.0518,-1.0986
-0.0204,-0.0422,1.0316,6.0425,2.9297,-1.2817
-0.0249,-0.0297,1.0283,5.9204,2.9297,-0.5493
-0.0232,-0.0310,1.0242,5.9814,3.1738,-0.6104
-0.0227,-0.0337,1.0220,6.2256,3.0518,-0.6104
-0.0225,-0.0330,1.0245,5.9204,2.8687,-0.4272
-0.0226,-0.0314,1.0242,5.9814,2.9297,-0.7935
-0.0227,-0.0306,1.0194,6.1035,2.9907,-0.6714
-0.0210,-0.0161,1.0237,6.1035,2.8076,-1.0986
-0.0219,-0.0361,1.0187,5.9814,2.9907,-0.9155
-0.0216,-0.0338,1.0189,5.9814,2.9907,-0.7324
-0.0206,-0.0361,1.0211,6.1035,2.9907,-0.9155
-0.0234,-0.0300,1.0243,5.9814,3.1128,-1.2817
-0.0220,-0.0350,1.0248,6.0425,2.9297,-0.4883
-0.0222,-0.0283,1.0240,6.1035,3.1128,-0.0610
-0.0228,-0.0334,1.0233,6.2256,2.9907,-0.2441
-0.0225,-0.0372,1.0237,5.9204,2.9907,0.3052
-0.0234,-0.0265,1.0240,5.9204,2.9297,0.3052
-0.0223,-0.0312,1.0234,6.2866,2.9297,-0.6104
-0.0233,-0.0315,1.0208,5.9204,2.8687,-0.7324
-0.0216,-0.0344,1.0209,5.9204,2.8687,-0.3052
-0.0122,-0.0719,1.0170,5.8594,2.8687,0.7324
-0.0308,-0.0298,1.0272,5.8594,2.9297,2.0752
-0.0255,-0.0165,1.0239,5.9814,2.9297,0.4272
-0.0231,-0.0291,1.0237,6.1035,3.1128,-0.4272
-0.0217,-0.0304,1.0221,6.1646,2.8076,-0.4883
-0.0233,-0.0337,1.0222,5.9814,3.0518,-0.5493
-0.0223,-0.0333,1.0223,5.9814,2.9907,-0.6714
-0.0226,-0.0317,1.0231,6.1035,3.1128,-0.9766
-0.0222,-0.0321,1.0248,6.0425,2.9297,-0.7935
-0.0228,-0.0321,1.0209,6.0425,2.9297,-0.6104
-0.0223,-0.0321,1.0231,6.1035,2.8687,-0.6714
-0.0216,-0.0319,1.0219,6.0425,2.9907,-0.6104
-0.0234,-0.0315,1.0239,6.1646,2.9297,-0.6104
-0.0222,-0.0319,1.0233,5.9204,2.9907,-0.6104
-0.0234,-0.0321,1.0231,5.9814,2.9297,-0.5493
-0.0231,-0.0320,1.0214,5.9814,2.8687,-0.6104
-0.0172,-0.0394,1.0132,6.1646,2.9297,0.5493
-0.0203,-0.0359,1.0229,5.9814,3.1128,-0.3052
-0.0219,-0.0372,1.0217,6.0425,2.9907,-0.6714
-0.0228,-0.0305,1.0271,6.0425,2.8076,-0.9155
FIN_VENTANA
INICIO_VENTANA arriba
-0.0211,-0.0328,1.0231,5.9814,2.9297,-0.6104
-0.0228,-0.0624,1.0225,6.0425,2.9907,-0.2441
-0.0233,-0.0311,1.0227,5.9814,2.8076,-0.3662
-0.0226,-0.0317,1.0220,6.1035,2.8687,-0.6104
-0.0223,-0.0326,1.0220,6.0425,2.9297,-0.7935
-0.0219,-0.0321,1.0223,5.9814,2.9907,-0.7935
-0.0231,-0.0321,1.0209,5.8594,2.8076,-0.6714
-0.0226,-0.0336,1.0216,6.0425,2.9297,-0.4272
-0.0225,-0.0317,1.0245,5.9204,2.9907,-0.6714
-0.0227,-0.0325,1.0206,5.7983,2.8687,-0.4272
-0.0239,-0.0304,1.0232,6.1646,2.9297,-0.7324
-0.0229,-0.0325,1.0219,6.2256,3.1738,-0.6714
-0.0226,-0.0325,1.0245,5.9204,2.9297,-0.5493
-0.0225,-0.0310,1.0209,6.1646,2.9907,-0.6104
-0.0232,-0.0344,1.0206,5.9204,2.8687,-0.5493
-0.0227,-0.0369,1.0237,6.1035,2.9297,-0.3052
-0.0249,-0.0137,1.0216,6.1646,2.9297,0.9155
-0.0072,0.0000,1.0223,6.1035,3.1128,0.4272
-0.0031,-0.0037,1.0210,6.1646,2.9907,-1.5869
-0.0227,-0.0311,1.0231,6.1646,2.9297,-1.2817
-0.0222,-0.0334,1.0215,6.1035,2.9297,-1.0986
-0.0242,-0.0323,1.0221,5.9814,2.8076,-0.6714
-0.0231,-0.0309,1.0244,5.9814,2.7466,-0.6104
-0.0233,-0.0330,1.0215,6.2256,2.7466,-0.6104
-0.0232,-0.0321,1.0234,6.1646,3.1128,-0.6104
-0.0238,-0.0308,1.0210,5.9814,2.8076,-1.2207
-0.0199,-0.0333,1.0214,6.0425,2.6855,-0.6714
-0.0237,-0.0316,1.0214,5.9204,2.7466,-0.4883
-0.0228,-0.0331,1.0227,6.2256,3.0518,-0.4272
-0.0227,-0.0316,1.0219,5.9814,2.8076,-0.5493
-0.0225,-0.0331,1.0209,5.8594,2.7466,-0.5493
-0.0225,-0.0316,1.0240,6.1035,2.9297,-0.6104
-0.0238,-0.0310,1.0227,6.0425,2.8076,-0.4883
-0.0222,-0.0325,1.0219,6.1035,2.9907,-0.6714
-0.0240,-0.0327,1.0216,6.2256,2.9297,-0.2441
-0.0215,-0.0330,1.0238,5.9204,2.8687,-0.4883
-0.0226,-0.0321,1.0215,5.9204,2.9297,-0.3662
-0.0240,-0.0328,1.0205,6.0425,2.9297,-0.6714
-0.0221,-0.0320,1.0277,6.0425,2.9297,-0.5493
-0.0242,-0.0322,1.0215,6.1035,2.9907,-0.5493
-0.0223,-0.0326,1.0234,6.2256,2.9297,-0.5493
-0.0267,-0.0284,1.0199,6.2256,2.8076,-0.7324
-0.0192,-0.0352,1.0162,5.9814,3.0518,-0.1831
-0.0229,-0.0320,1.0205,6.0425,2.8687,-0.6714
-0.0229,-0.0325,1.0258,6.0425,2.9297,-0.4883
-0.0222,-0.0323,1.0225,6.1646,2.8076,-0.5493
-0.0232,-0.0319,1.0209,6.1646,2.9907,-0.5493
-0.0242,-0.0330,1.0243,6.0425,2.9297,-0.6714
-0.0249,-0.0334,1.0247,6.1035,2.9297,-0.7935
-0.0525,-0.0613,1.0262,5.9814,2.9907,-0.3662
0.0175,0.0022,1.0249,5.9204,2.9907,-2.0142
0.0038,-0.0098,1.0197,6.1646,2.9297,-0.7324
-0.0149,-0.0182,1.0251,6.0425,2.8076,-1.0986
-0.0206,-0.0309,1.0238,6.2256,2.9297,-0.9766
-0.0222,-0.0306,1.0216,6.1646,2.8687,0.0610
-0.0187,-0.0129,1.0242,6.1035,3.1738,-1.2817
-0.0280,-0.0507,1.0239,6.1035,3.0518,-0.9155
-0.0221,-0.0330,1.0233,6.0425,3.0518,-0.6104
-0.0184,-0.0312,1.0223,5.8594,2.8076,0.1221
-0.0251,-0.0352,1.0222,5.8594,3.1128,0.4272
-0.0187,-0.0304,1.0267,5.9204,2.8687,0.6714
-0.0024,-0.0562,1.0228,6.0425,2.8687,2.8687
-0.0160,0.1173,1.2020,11.4746,2.8076,3.4180
-0.0883,-0.6338,0.7465,93.2617,1.8921,26.4282
-0.0090,-0.1635,0.9277,118.2251,2.6245,10.6812
-0.0112,-0.1655,0.9255,-0.4272,2.3193,2.9907
-0.0247,-0.2139,0.8843,-129.1504,2.7466,-3.1738
-0.0430,0.1318,1.0818,-102.1729,1.7700,-0.8545
-0.0221,-0.0322,1.0234,5.8594,2.7466,-1.2207
-0.0117,-0.0176,1.0240,5.9814,2.8687,0.1831
-0.0319,-0.0339,1.0229,5.8594,2.9297,0.8545
-0.0233,-0.0305,1.0239,6.0425,2.8687,0.6714
-0.0210,-0.0369,1.0251,6.1035,2.8076,0.2441
-0.0232,-0.0311,1.0248,6.0425,2.9297,-0.8545
-0.0231,-0.0314,1.0234,5.9204,2.9907,-0.6714
-0.0229,-0.0322,1.0227,6.0425,2.8076,-0.6104
-0.0233,-0.0312,1.0247,5.8594,2.9907,-0.6104
-0.0212,-0.0295,1.0264,5.9814,2.9297,-0.6714
-0.0216,-0.0300,1.0248,5.9204,2.9907,-0.7935
-0.0203,-0.0338,1.0250,6.1035,2.8687,-0.8545
-0.0217,-0.0293,1.0211,5.9814,2.9297,-0.7324
-0.0217,-0.0469,1.0217,6.0425,2.8076,-0.3662
-0.0216,-0.0237,1.0223,5.9814,2.6855,1.8921
-0.0219,-0.0276,1.0245,5.9814,2.9297,0.3662
-0.0236,-0.0345,1.0223,6.0425,2.8076,-0.3662
-0.0270,-0.0746,1.0240,5.7983,2.9907,2.8076
-0.0088,-0.0430,1.0216,5.9814,3.0518,2.5024
-0.0415,-0.0752,1.0219,6.1035,3.0518,2.2583
-0.0093,0.0073,1.0238,6.0425,2.8687,0.6104
-0.0216,-0.0299,1.0244,6.2256,2.9297,-1.4648
-0.0251,-0.0326,1.0206,6.0425,2.8687,-1.3428
-0.0216,-0.0332,1.0244,6.0425,3.0518,-1.1597
-0.0239,-0.0305,1.0208,5.9814,2.8687,-0.6714
-0.0231,-0.0345,1.0237,5.9204,2.8687,-0.6714
-0.0261,-0.0271,1.0255,6.1646,3.0518,-0.6714
-0.0399,-0.0236,1.0231,5.7983,2.8687,-3.6011
-0.0182,-0.0341,1.0228,6.0425,2.9907,-2.8076
-0.0168,-0.0397,1.0239,5.9814,3.0518,-1.0986
-0.0229,-0.0308,1.0247,5.9814,3.0518,-0.4883
-0.0223,-0.0326,1.0236,6.1646,2.8076,-0.4883
FIN_VENTANA
INICIO_VENTANA reposo
-0.0231,-0.0305,1.0227,6.1035,3.1128,-0.6714
-0.0229,-0.0332,1.0236,5.9204,2.9297,-0.7935
-0.0227,-0.0309,1.0226,6.2256,3.0518,-0.6714
-0.0227,-0.0323,1.0247,5.9814,2.9907,-0.7324
-0.0225,-0.0320,1.0228,6.1035,2.9907,-0.7324
-0.0225,-0.0316,1.0239,5.9814,3.0518,-0.6714
-0.0226,-0.0336,1.0220,6.0425,2.8687,-0.4883
-0.0215,-0.0330,1.0234,6.0425,3.1128,-0.7324
-0.0236,-0.0304,1.0216,6.0425,2.8687,0.0000
-0.0166,-0.0372,1.0220,5.9204,2.9297,-0.4272
-0.0254,-0.0303,1.0234,6.1035,2.9907,0.0000
-0.0247,-0.0304,1.0231,6.1646,2.9907,-0.6104
-0.0228,-0.0316,1.0242,6.0425,2.8687,-0.6104
-0.0234,-0.0322,1.0234,6.0425,2.9297,-0.7935
-0.0219,-0.0322,1.0217,5.9814,3.1738,-0.7324
-0.0233,-0.0321,1.0251,5.9204,2.9297,-0.6104
-0.0226,-0.0327,1.0216,6.0425,2.9907,-0.4883
-0.0221,-0.0310,1.0249,6.0425,2.9297,-0.6104
-0.0221,-0.0317,1.0221,6.1035,2.9907,-0.8545
-0.0231,-0.0320,1.0248,6.1035,2.7466,-0.7935
-0.0227,-0.0328,1.0217,6.2256,3.0518,-0.6714
-0.0227,-0.0311,1.0238,5.9204,2.9907,-0.8545
-0.0221,-0.0326,1.0232,6.1646,3.1738,-0.4883
-0.0228,-0.0323,1.0248,6.1035,2.9297,-0.6714
-0.0234,-0.0320,1.0211,6.0425,2.8076,-0.6714
-0.0223,-0.0320,1.0256,5.9814,2.8076,-0.6714
-0.0223,-0.0325,1.0239,6.1646,2.9907,-0.7324
-0.0223,-0.0319,1.0237,5.8594,2.9907,-0.9155
-0.0190,-0.0348,1.0244,6.1646,2.8687,-1.6479
-0.0276,-0.0305,1.0232,6.2256,2.8687,0.4883
-0.0236,-0.0251,1.0238,5.8594,2.7466,0.0610
-0.0237,-0.0284,1.0269,6.1035,2.6855,0.0000
0.0256,0.0826,1.0240,5.9814,2.9297,-3.7842
0.0040,-0.0189,1.0266,5.6763,2.8076,-7.9346
-0.0399,-0.0725,1.0225,6.0425,2.9297,-5.9814
-0.0376,-0.0844,1.0233,6.2866,2.9907,-2.1362
-0.0226,-0.0330,1.0244,5.9204,2.8687,-1.3428
-0.0232,-0.0304,1.0226,6.2256,2.9297,-0.9155
-0.0222,-0.0361,1.0248,6.0425,3.1128,-0.7324
-0.0214,-0.0315,1.0238,6.1035,3.1128,-1.3428
-0.0220,-0.0355,1.0234,5.9814,3.1738,-0.7935
-0.0234,-0.0256,1.0223,6.0425,2.7466,0.0000
-0.0223,-0.0325,1.0234,5.7983,2.7466,-0.2441
-0.0193,-0.0436,1.0222,5.9204,2.8076,-0.4272
-0.0258,-0.0237,1.0236,6.0425,2.9907,1.2207
-0.0225,-0.0295,1.0240,5.9204,2.9907,0.8545
-0.0250,-0.0261,1.0239,5.9814,3.0518,-0.3052
-0.0232,-0.0308,1.0238,6.0425,3.0518,-0.6714
-0.0222,-0.0331,1.0243,5.9814,2.8687,-0.7324
-0.0223,-0.0327,1.0247,6.1646,3.0518,-0.9155
-0.0227,-0.0326,1.0228,5.9814,2.9907,-0.7935
-0.0222,-0.0321,1.0240,5.8594,2.8687,-0.7935
-0.0232,-0.0317,1.0236,6.0425,2.9297,-0.8545
-0.0222,-0.0319,1.0226,5.9204,2.8687,-0.7935
-0.0228,-0.0321,1.0242,5.9204,3.1128,-0.6714
-0.0238,-0.0310,1.0236,6.1035,2.8687,-0.7324
-0.0221,-0.0323,1.0236,6.0425,2.9297,-0.7935
-0.0227,-0.0321,1.0238,5.9814,2.9907,-0.7324
-0.0229,-0.0366,1.0240,5.9814,2.9297,-0.6104
-0.0243,-0.0425,1.0234,5.9204,2.9907,0.1831
-0.0223,-0.0269,1.0240,5.9814,2.9907,0.9155
-0.0231,-0.0309,1.0245,5.9814,2.9907,0.6104
-0.0216,-0.0300,1.0228,6.1646,2.8076,-0.3052
-0.0222,-0.0299,1.0242,5.9204,2.9297,-0.5493
-0.0232,-0.0315,1.0244,5.9204,2.8687,-0.5493
-0.0220,-0.0316,1.0216,6.1646,2.9907,-0.6714
-0.0227,-0.0327,1.0190,6.1035,2.8687,-0.7935
-0.0226,-0.0308,1.0251,5.9814,2.9907,-0.8545
-0.0232,-0.0320,1.0239,6.2256,3.0518,-0.5493
-0.0231,-0.0319,1.0214,5.9204,2.9297,-0.5493
-0.0234,-0.0341,1.0205,6.1035,2.8687,-0.5493
-0.0226,-0.0315,1.0249,6.0425,2.9297,-0.5493
-0.0226,-0.0320,1.0237,5.8594,2.8687,-0.5493
-0.0219,-0.0320,1.0217,6.1035,2.9907,-0.6104
-0.0231,-0.0311,1.0256,6.1035,2.8076,-0.7324
-0.0232,-0.0315,1.0251,5.9204,2.8687,-0.4272
-0.0226,-0.0331,1.0223,6.0425,2.9907,-0.5493
-0.0226,-0.0320,1.0225,5.9814,2.9297,-0.5493
-0.0222,-0.0325,1.0236,6.0425,2.9907,-0.4883
-0.0233,-0.0336,1.0217,6.1035,2.9907,-0.3662
-0.0219,-0.0326,1.0210,6.0425,2.9297,-0.3662
-0.0223,-0.0376,1.0237,5.9204,2.9297,-0.0610
-0.0232,-0.0314,1.0244,5.9814,2.9297,-0.1221
-0.0227,-0.0287,1.0239,6.1646,2.8687,-0.1831
-0.0226,-0.0319,1.0238,5.9814,2.9297,-0.3052
-0.0229,-0.0309,1.0232,6.2256,2.9297,-0.6104
-0.0221,-0.0319,1.0223,6.2256,2.8687,-0.6104
-0.0229,-0.0323,1.0225,6.1646,2.9907,-0.4883
-0.0221,-0.0321,1.0236,6.0425,2.9297,-0.6104
-0.0231,-0.0312,1.0222,6.1035,2.9907,-0.5493
-0.0231,-0.0322,1.0232,5.9814,2.8687,-0.6714
-0.0225,-0.0323,1.0227,6.0425,2.9297,-0.6714
-0.0231,-0.0327,1.0231,5.9204,2.9297,-0.5493
-0.0225,-0.0316,1.0258,6.1646,2.9907,-0.5493
-0.0220,-0.0327,1.0197,6.0425,3.0518,-0.5493
-0.0227,-0.0311,1.0254,6.0425,2.9907,-0.6714
-0.0238,-0.0317,1.0206,5.9204,2.8687,-0.7935
-0.0226,-0.0306,1.0248,6.1035,2.8687,-0.7324
-0.0225,-0.0316,1.0244,6.0425,3.0518,-0.5493
-0.0221,-0.0337,1.0210,5.9814,2.9907,-0.6104
FIN_VENTANA
INICIO_VENTANA reposo
-0.0226,-0.0325,1.0222,6.1035,3.1128,-0.7324
-0.0231,-0.0319,1.0226,6.0425,2.9907,-0.5493
-0.0231,-0.0319,1.0258,6.0425,2.7466,-0.6714
-0.0227,-0.0319,1.0234,6.1646,2.8076,-0.7324
-0.0228,-0.0319,1.0240,5.7983,2.9297,-0.7324
-0.0223,-0.0322,1.0220,5.9814,2.9907,-0.6714
-0.0228,-0.0312,1.0233,6.1035,2.8687,-0.7935
-0.0226,-0.0328,1.0233,6.1035,2.9907,-0.7935
-0.0233,-0.0326,1.0228,6.1035,2.8687,-0.7935
-0.0216,-0.0319,1.0228,5.7983,2.9297,-0.7324
-0.0233,-0.0323,1.0240,6.1035,2.9907,-0.6104
-0.0234,-0.0306,1.0240,6.1035,2.9297,-0.6714
-0.0233,-0.0321,1.0233,5.9814,3.0518,-0.7324
-0.0232,-0.0325,1.0238,5.9814,2.9297,-0.7935
-0.0237,-0.0321,1.0209,6.0425,2.8687,-0.6104
-0.0223,-0.0320,1.0255,6.0425,2.9907,-0.5493
-0.0228,-0.0322,1.0258,6.1646,3.0518,-0.5493
-0.0221,-0.0332,1.0221,6.1035,2.9907,-0.7324
-0.0227,-0.0322,1.0228,6.2256,2.9907,-0.7935
-0.0222,-0.0315,1.0209,6.0425,2.8687,-0.7935
-0.0205,-0.0316,1.0248,6.0425,2.9297,-0.6104
-0.0232,-0.0323,1.0253,5.7373,2.9297,-0.7324
-0.0223,-0.0315,1.0214,5.9814,2.9297,-0.7935
-0.0227,-0.0322,1.0227,6.0425,2.9297,-0.6104
-0.0220,-0.0315,1.0248,5.7983,2.9297,-0.6714
-0.0232,-0.0325,1.0226,6.0425,2.8076,-0.8545
-0.0237,-0.0319,1.0247,6.1646,3.0518,-0.7324
-0.0228,-0.0330,1.0242,5.6763,2.9907,-0.6714
-0.0228,-0.0320,1.0236,6.0425,2.8076,-0.7324
-0.0228,-0.0316,1.0234,6.1035,2.8076,-0.6714
-0.0236,-0.0317,1.0240,5.9814,2.9297,-0.6104
-0.0231,-0.0316,1.0237,5.9204,2.9907,-0.6714
-0.0220,-0.0326,1.0221,5.9814,2.7466,-0.6104
-0.0229,-0.0316,1.0239,5.9204,2.8687,-0.6104
-0.0232,-0.0317,1.0245,5.9204,2.9907,-0.7324
-0.0232,-0.0317,1.0234,5.9814,2.9297,-0.6104
-0.0229,-0.0314,1.0242,5.9814,2.7466,-0.7324
-0.0226,-0.0322,1.0244,6.0425,2.8076,-0.6104
-0.0234,-0.0322,1.0239,6.0425,2.9907,-0.6714
-0.0226,-0.0310,1.0237,6.0425,2.8687,-0.7324
-0.0227,-0.0325,1.0231,5.9204,3.1128,-0.6714
-0.0234,-0.0319,1.0231,6.0425,3.0518,-0.7935
-0.0227,-0.0321,1.0244,6.1035,2.8687,-0.6714
-0.0232,-0.0319,1.0240,5.9204,2.9297,-0.7935
-0.0225,-0.0317,1.0239,5.9204,2.9297,-0.8545
-0.0234,-0.0316,1.0237,5.7373,2.7466,-0.6104
-0.0221,-0.0319,1.0231,5.9204,2.9907,-0.6104
-0.0228,-0.0321,1.0233,5.9814,2.9297,-0.7324
-0.0231,-0.0322,1.0227,6.1035,2.8076,-0.7935
-0.0233,-0.0320,1.0238,6.0425,3.0518,-0.8545
-0.0228,-0.0317,1.0242,5.9814,2.8076,-0.6714
-0.0222,-0.0312,1.0231,6.1035,2.8076,-0.6104
-0.0226,-0.0314,1.0243,5.9204,2.8076,-0.6104
-0.0222,-0.0320,1.0221,5.8594,2.9297,-0.6104
-0.0221,-0.0315,1.0242,5.9204,2.7466,-0.7324
-0.0236,-0.0311,1.0225,5.9814,2.8076,-0.7935
-0.0229,-0.0322,1.0244,6.0425,2.7466,-0.7935
-0.0232,-0.0321,1.0232,5.9204,2.8076,-0.7324
-0.0231,-0.0321,1.0245,5.9204,2.9297,-0.6714
-0.0232,-0.0319,1.0233,6.1646,2.8687,-0.6714
-0.0227,-0.0320,1.0254,5.9814,2.7466,-0.8545
-0.0227,-0.0308,1.0228,5.7983,2.8076,-0.7324
-0.0228,-0.0317,1.0236,5.8594,2.8076,-0.6104
-0.0226,-0.0315,1.0248,6.2866,3.0518,-0.7935
-0.0232,-0.0319,1.0219,5.9204,2.9907,-0.7324
-0.0222,-0.0316,1.0244,5.7373,2.9297,-0.6104
-0.0231,-0.0321,1.0238,5.9814,2.8076,-0.8545
-0.0220,-0.0316,1.0238,5.9204,2.8687,-0.8545
-0.0240,-0.0315,1.0227,5.7373,2.8076,-0.6714
-0.0220,-0.0322,1.0243,6.1646,2.9297,-0.7935
-0.0226,-0.0319,1.0223,6.0425,2.9297,-0.6714
-0.0229,-0.0311,1.0251,6.1646,3.1128,-0.6714
-0.0220,-0.0314,1.0228,6.1035,3.1128,-0.6714
-0.0226,-0.0315,1.0232,5.7983,2.8076,-0.7324
-0.0231,-0.0325,1.0236,6.1035,2.9907,-0.7324
-0.0229,-0.0315,1.0249,5.9814,2.9907,-0.7324
-0.0231,-0.0314,1.0238,5.9814,2.8076,-0.7324
-0.0223,-0.0310,1.0248,5.9204,2.9297,-0.6104
-0.0228,-0.0319,1.0236,5.9814,2.9297,-0.6714
-0.0211,-0.0319,1.0238,6.0425,2.9907,-0.7935
-0.0234,-0.0310,1.0237,6.0425,2.8687,-0.6104
-0.0227,-0.0312,1.0244,5.9204,2.8687,-0.5493
-0.0222,-0.0322,1.0229,6.1646,3.0518,-0.7935
-0.0227,-0.0323,1.0216,5.7983,2.8687,-0.6104
-0.0222,-0.0315,1.0260,6.0425,2.8076,-0.6104
-0.0238,-0.0317,1.0244,5.9814,2.9907,-0.6714
-0.0227,-0.0319,1.0260,5.9814,2.9297,-0.6714
-0.0236,-0.0327,1.0239,5.9814,3.1128,-0.6714
-0.0217,-0.0328,1.0212,6.1035,2.9297,-0.6104
-0.0225,-0.0304,1.0245,6.0425,2.9297,-0.7324
-0.0229,-0.0316,1.0259,6.1035,2.9907,-0.7935
-0.0221,-0.0310,1.0248,6.0425,2.9297,-0.6714
-0.0237,-0.0322,1.0245,6.1035,2.9907,-0.5493
-0.0225,-0.0330,1.0217,6.0425,2.9297,-0.5493
-0.0216,-0.0322,1.0229,5.9814,2.7466,-0.7324
-0.0223,-0.0322,1.0211,5.9204,2.8076,-0.6104
-0.0221,-0.0310,1.0233,6.1035,2.8076,-0.6714
-0.0232,-0.0327,1.0242,6.0425,2.6855,-0.7324
-0.0217,-0.0323,1.0233,5.8594,2.8687,-0.6714
-0.0227,-0.0314,1.0214,6.0425,3.0518,-0.5493
FIN_VENTANA
INICIO_VENTANA reposo
-0.0228,-0.0319,1.0232,5.8594,2.8687,-0.6104
-0.0236,-0.0327,1.0237,6.0425,2.8076,-0.6104
-0.0226,-0.0322,1.0215,5.7983,2.9297,-0.6714
-0.0232,-0.0306,1.0248,6.2866,2.7466,-0.5493
-0.0221,-0.0327,1.0229,6.1646,2.8687,-0.8545
-0.0225,-0.0320,1.0215,6.1646,2.9297,-0.6714
-0.0236,-0.0328,1.0211,6.0425,2.9907,-0.6104
-0.0220,-0.0315,1.0242,5.9204,2.7466,-0.5493
-0.0238,-0.0312,1.0220,5.9814,2.9297,-0.6104
-0.0212,-0.0339,1.0216,5.9814,2.9907,-0.7324
-0.0247,-0.0323,1.0214,5.8594,2.8687,0.0610
-0.0217,-0.0259,1.0244,6.2256,2.8076,0.0610
-0.0221,-0.0308,1.0226,5.8594,2.9297,-0.3662
-0.0226,-0.0308,1.0222,5.8594,2.9297,-0.4272
-0.0234,-0.0321,1.0240,5.8594,2.9297,-0.7324
-0.0229,-0.0337,1.0220,6.0425,2.8076,-0.6104
-0.0225,-0.0316,1.0242,6.1646,2.9907,-0.7324
-0.0226,-0.0312,1.0216,5.9204,2.9907,-0.7324
-0.0222,-0.0315,1.0238,6.1646,2.9297,-0.7324
-0.0229,-0.0312,1.0231,5.9204,2.8687,-0.5493
-0.0223,-0.0326,1.0232,6.0425,2.9907,-0.7324
-0.0226,-0.0319,1.0223,6.1035,2.8076,-0.7324
-0.0220,-0.0275,1.0236,5.9814,2.8687,0.6104
-0.0220,-0.0243,1.0240,5.9204,2.8687,0.0000
-0.0232,-0.0323,1.0212,6.1035,2.9297,-0.4883
-0.0227,-0.0331,1.0222,6.0425,2.9297,-0.5493
-0.0222,-0.0328,1.0219,5.9204,2.8687,-0.5493
-0.0240,-0.0314,1.0233,6.0425,2.8687,-0.6714
-0.0226,-0.0320,1.0237,6.0425,2.7466,-0.7935
-0.0239,-0.0316,1.0240,5.9814,2.9907,-0.6714
-0.0233,-0.0321,1.0237,6.1035,2.9297,-0.7935
-0.0232,-0.0322,1.0244,5.9814,2.8076,-0.7935
-0.0234,-0.0331,1.0232,6.1646,2.8687,-0.7324
-0.0222,-0.0325,1.0233,6.1646,2.9297,-0.8545
-0.0223,-0.0310,1.0220,6.1646,2.8076,-0.5493
-0.0227,-0.0321,1.0259,6.1646,2.8687,-0.6714
-0.0236,-0.0326,1.0195,6.0425,2.8687,-0.6104
-0.0234,-0.0302,1.0270,6.0425,3.0518,-0.5493
-0.0242,-0.0322,1.0204,5.9814,2.9907,-0.7324
-0.0233,-0.0326,1.0219,5.9814,2.9907,-0.6714
-0.0243,-0.0284,1.0249,6.0425,2.9907,-0.6104
-0.0234,-0.0339,1.0220,5.9204,2.9297,-0.9155
-0.0203,-0.0150,1.0193,5.7983,2.5635,1.2817
-0.0150,-0.0345,1.0249,6.4697,3.1738,0.1831
-0.0170,-0.0028,1.0305,6.1035,2.8076,1.7700
-0.0232,-0.0192,1.0212,6.1035,2.8076,0.0000
-0.0247,-0.0338,1.0302,6.1646,3.0518,-0.4883
-0.0233,-0.0297,1.0194,5.8594,2.6855,-0.1831
-0.0221,-0.0336,1.0273,6.1646,2.9297,-0.3662
-0.0236,-0.0321,1.0211,5.9204,2.8076,0.3052
-0.0219,-0.0256,1.0248,6.1035,3.0518,0.3662
-0.0227,-0.0299,1.0219,5.9814,2.9297,-0.3052
-0.0232,-0.0336,1.0215,6.1035,3.1738,-0.6714
-0.0217,-0.0327,1.0251,6.0425,3.0518,-0.7324
-0.0233,-0.0322,1.0240,6.1035,2.8687,-0.6104
-0.0216,-0.0319,1.0228,6.1035,3.0518,-0.7935
-0.0239,-0.0331,1.0223,6.0425,2.8076,-0.8545
-0.0225,-0.0326,1.0219,5.7983,2.8687,-0.8545
-0.0227,-0.0319,1.0233,6.1035,2.8687,-0.8545
-0.0231,-0.0338,1.0221,6.0425,2.8687,-0.8545
-0.0227,-0.0360,1.0232,5.9814,2.8687,-1.0376
-0.0231,-0.0312,1.0220,6.0425,2.9297,-0.1831
-0.0226,-0.0277,1.0239,6.1646,2.9297,-0.4272
-0.0236,-0.0320,1.0234,6.1646,3.0518,-0.7324
-0.0236,-0.0325,1.0228,6.0425,2.9907,-0.6104
-0.0237,-0.0380,1.0231,6.1035,2.8687,-0.7324
-0.0249,-0.0460,1.0223,5.9204,2.8687,0.4272
-0.0228,-0.0455,1.0220,5.9814,3.0518,1.3428
-0.0240,-0.0256,1.0233,5.7983,2.8076,0.9155
-0.0220,-0.0269,1.0228,6.1035,3.0518,-0.4272
-0.0232,-0.0336,1.0206,6.1035,3.0518,-0.6714
-0.0229,-0.0310,1.0247,6.0425,2.9907,-0.8545
-0.0221,-0.0323,1.0231,6.0425,2.8076,-0.7935
-0.0239,-0.0314,1.0233,5.9814,2.9907,-0.7935
-0.0234,-0.0327,1.0211,5.7983,2.9297,-0.3662
-0.0226,-0.0321,1.0217,5.9204,2.7466,-0.5493
-0.0233,-0.0321,1.0242,5.7983,2.9297,-0.5493
-0.0233,-0.0317,1.0250,5.9814,2.9297,-0.7324
-0.0219,-0.0336,1.0254,6.1035,2.8687,-0.7324
-0.0232,-0.0311,1.0240,6.0425,2.9297,-0.6714
-0.0232,-0.0322,1.0234,6.0425,3.0518,-0.4883
-0.0234,-0.0315,1.0254,5.9204,2.8687,-0.9155
-0.0232,-0.0320,1.0237,5.9814,2.7466,-0.6714
-0.0232,-0.0319,1.0239,6.0425,2.8687,-0.5493
-0.0240,-0.0311,1.0250,5.9204,2.9907,-0.6714
-0.0233,-0.0322,1.0209,6.0425,2.9297,-0.6104
-0.0227,-0.0304,1.0250,5.9814,2.8687,-0.6714
-0.0239,-0.0352,1.0239,6.1035,2.9297,-0.8545
-0.0237,-0.0315,1.0254,5.9814,2.9297,-0.6104
-0.0238,-0.0321,1.0237,6.1035,2.8076,-0.8545
-0.0223,-0.0325,1.0210,5.9814,2.9907,-0.6714
-0.0228,-0.0322,1.0233,5.7983,2.9297,-0.3662
-0.0238,-0.0327,1.0239,5.8594,2.8687,-0.6714
-0.0236,-0.0312,1.0238,5.7373,2.9297,-0.6104
-0.0232,-0.0315,1.0249,5.9204,2.8687,-0.6714
-0.0229,-0.0319,1.0209,5.7983,2.9297,-0.6104
-0.0226,-0.0316,1.0239,5.9814,2.8076,-0.7935
-0.0231,-0.0311,1.0251,6.1035,2.9907,-0.7324
-0.0228,-0.0326,1.0233,5.9814,2.9297,-0.7324
-0.0217,-0.0316,1.0242,5.9814,3.0518,-0.9155
FIN_VENTANA
INICIO_VENTANA reposo
-0.0226,-0.0305,1.0254,5.8594,3.1128,-0.7324
-0.0220,-0.0319,1.0240,6.0425,2.8687,-0.7324
-0.0238,-0.0325,1.0217,5.9814,2.8076,-0.7935
-0.0226,-0.0316,1.0208,6.1035,3.0518,-0.7324
-0.0233,-0.0319,1.0227,6.0425,2.8687,-0.6714
-0.0227,-0.0327,1.0153,6.0425,2.8687,-0.6714
-0.0220,-0.0282,1.0400,5.7373,2.9907,-0.6714
-0.0217,-0.0300,1.0233,5.9814,2.9297,-0.7324
-0.0260,-0.0353,1.0149,6.0425,2.8687,-0.7935
-0.0208,-0.0277,1.0277,5.9814,3.0518,-0.6714
-0.0231,-0.0333,1.0203,6.1646,2.9297,-0.6714
-0.0210,-0.0293,1.0227,5.9204,2.8076,-0.6714
-0.0231,-0.0338,1.0205,6.0425,2.8687,-0.6714
-0.0220,-0.0297,1.0238,6.1035,2.9907,-0.6104
-0.0220,-0.0317,1.0238,6.1035,2.9907,-0.7935
-0.0242,-0.0322,1.0205,6.0425,2.9907,-0.6714
-0.0212,-0.0308,1.0248,5.9814,3.0518,-0.6714
-0.0247,-0.0325,1.0204,5.9204,2.8687,-0.3052
-0.0216,-0.0286,1.0234,6.0425,2.9907,-0.3052
-0.0231,-0.0306,1.0247,5.9204,2.9907,-0.6104
-0.0238,-0.0322,1.0223,6.1646,2.9907,-0.6104
-0.0233,-0.0320,1.0219,5.9814,2.8076,-0.6714
-0.0238,-0.0304,1.0222,5.8594,2.9297,-0.6714
-0.0225,-0.0295,1.0247,5.9204,2.9907,-0.7324
-0.0233,-0.0328,1.0222,6.1035,2.8687,-0.7324
-0.0220,-0.0312,1.0203,6.1035,2.8687,-0.7935
-0.0229,-0.0310,1.0262,6.1646,2.8687,-0.6714
-0.0225,-0.0319,1.0204,5.9204,2.8687,-0.7324
-0.0223,-0.0327,1.0255,5.9204,2.9907,-0.6714
-0.0236,-0.0314,1.0225,6.0425,2.8687,-0.4272
-0.0212,-0.0297,1.0219,6.0425,3.1128,-0.4883
-0.0226,-0.0322,1.0229,6.2256,2.9297,-0.7324
-0.0223,-0.0314,1.0203,6.1035,3.0518,-0.7935
-0.0225,-0.0320,1.0232,6.0425,2.9907,-0.7935
-0.0245,-0.0302,1.0280,5.9204,2.8687,-0.7935
-0.0236,-0.0272,1.0299,5.9814,2.9297,-0.7324
-0.0221,-0.0319,1.0181,6.1646,2.9297,-0.6714
-0.0231,-0.0325,1.0239,5.9814,2.9297,-0.7324
-0.0231,-0.0310,1.0226,6.1035,2.8687,-0.6104
-0.0232,-0.0312,1.0227,6.1646,2.8687,-0.7324
-0.0234,-0.0293,1.0258,6.0425,2.9907,-0.6714
-0.0219,-0.0315,1.0205,6.1035,3.0518,-0.6104
-0.0236,-0.0314,1.0219,6.0425,3.0518,-0.7324
-0.0220,-0.0321,1.0253,6.0425,2.9907,-0.7324
-0.0233,-0.0320,1.0227,6.0425,2.9297,-0.6714
-0.0227,-0.0320,1.0233,6.1035,2.9907,-0.6104
-0.0216,-0.0295,1.0231,6.0425,2.9907,-0.4272
-0.0236,-0.0321,1.0227,6.1035,2.9297,-0.7324
-0.0227,-0.0315,1.0238,6.1035,2.9297,-0.6714
-0.0233,-0.0317,1.0226,6.1646,2.9297,-0.4272
-0.0209,-0.0309,1.0229,6.1035,3.0518,-0.5493
-0.0219,-0.0378,1.0232,6.2256,2.9907,-0.1221
-0.0239,-0.0309,1.0234,6.1035,3.0518,-0.8545
-0.0214,-0.0317,1.0242,6.0425,2.9907,-0.8545
-0.0234,-0.0305,1.0236,6.1035,3.0518,-0.6714
-0.0237,-0.0319,1.0237,6.1646,2.9907,-0.7324
-0.0225,-0.0323,1.0226,5.9814,3.1738,-0.7935
-0.0232,-0.0317,1.0242,5.9814,2.9297,-0.7324
-0.0242,-0.0304,1.0240,6.1646,2.8076,-0.7935
-0.0239,-0.0294,1.0219,5.9204,2.9907,-0.4272
-0.0227,-0.0325,1.0238,6.1035,2.8687,-0.3052
-0.0232,-0.0331,1.0232,6.1035,2.8076,0.1831
-0.0226,-0.0349,1.0229,6.1646,3.1738,0.7935
-0.0226,-0.0319,1.0236,6.0425,2.9297,0.1221
-0.0231,-0.0295,1.0226,5.9814,2.8076,-0.3662
-0.0229,-0.0310,1.0234,5.9204,2.9297,-0.7935
-0.0227,-0.0306,1.0220,5.8594,2.6855,-0.6714
-0.0217,-0.0315,1.0233,5.9814,2.9907,-0.6714
-0.0225,-0.0342,1.0244,5.9204,3.0518,-0.8545
-0.0229,-0.0300,1.0237,6.1646,3.0518,-0.7935
-0.0227,-0.0310,1.0222,6.2866,2.9907,-0.7935
-0.0223,-0.0321,1.0237,6.0425,2.8687,-0.5493
-0.0223,-0.0320,1.0214,5.9814,2.9297,-0.6104
-0.0228,-0.0315,1.0259,5.9204,2.9297,-0.6104
-0.0238,-0.0317,1.0222,6.0425,3.1738,-0.6104
-0.0229,-0.0298,1.0221,6.0425,3.1128,-0.6714
-0.0237,-0.0312,1.0219,6.1646,2.9297,-0.6104
-0.0211,-0.0347,1.0243,5.9814,2.9297,-0.0610
-0.0228,-0.0312,1.0242,6.2256,2.8687,-0.9155
-0.0225,-0.0320,1.0253,6.2256,2.9907,-1.2207
-0.0226,-0.0319,1.0228,6.2256,2.9297,-0.8545
-0.0243,-0.0304,1.0245,6.0425,2.9907,-1.0376
-0.0239,-0.0312,1.0239,6.0425,2.9907,-1.0376
-0.0238,-0.0302,1.0240,6.1035,2.9907,-0.6714
-0.0245,-0.0291,1.0247,5.9814,2.9907,-0.1831
-0.0225,-0.0331,1.0226,6.1646,3.0518,-0.4883
-0.0220,-0.0333,1.0232,6.0425,2.8687,-0.3052
-0.0227,-0.0297,1.0216,5.9204,3.1738,-0.6104
-0.0256,-0.0291,1.0240,5.8594,2.8687,-0.0610
-0.0221,-0.0364,1.0240,6.1035,2.7466,-1.8921
-0.0212,-0.0341,1.0231,6.1035,2.8687,-0.5493
-0.0222,-0.0349,1.0226,6.1035,2.9907,-0.7324
-0.0239,-0.0312,1.0251,6.0425,3.0518,-0.4883
-0.0227,-0.0320,1.0278,5.9814,2.9907,-0.4883
-0.0232,-0.0292,1.0219,6.1646,3.0518,-0.3052
-0.0239,-0.0146,1.0237,6.0425,2.9297,0.3662
-0.0236,-0.0354,1.0250,6.2866,2.9297,-1.1597
-0.0210,-0.0383,1.0219,6.1646,2.9907,-1.0376
-0.0240,-0.0376,1.0251,6.1646,2.8076,-1.0986
-0.0228,-0.0317,1.0206,5.9814,2.8687,-0.7324
FIN_VENTANA
INICIO_VENTANA reposo
-0.0233,-0.0309,1.0233,5.9814,2.9907,-0.6714
-0.0236,-0.0315,1.0227,5.9204,2.9297,-0.9155
-0.0237,-0.0316,1.0228,5.9814,2.6855,-0.7324
-0.0238,-0.0295,1.0244,6.2256,2.9297,-0.7935
-0.0232,-0.0315,1.0244,6.1035,2.8687,-0.6104
-0.0223,-0.0314,1.0219,5.9814,3.1128,-0.5493
-0.0225,-0.0310,1.0225,6.1035,2.9297,-0.7935
-0.0229,-0.0289,1.0227,6.0425,2.9297,-0.5493
-0.0232,-0.0306,1.0234,6.0425,2.8076,-0.5493
-0.0229,-0.0323,1.0247,5.8594,2.9297,-0.5493
-0.0225,-0.0322,1.0229,6.1646,2.8076,-0.6104
-0.0223,-0.0371,1.0253,6.1035,2.7466,0.0610
-0.0247,-0.0266,1.0229,6.2256,2.9907,-0.1221
-0.0223,-0.0311,1.0233,6.0425,2.8687,-0.5493
-0.0223,-0.0312,1.0233,5.9204,2.8687,-0.6104
-0.0222,-0.0315,1.0240,6.3477,3.1128,-0.6104
-0.0234,-0.0314,1.0226,6.3477,2.9907,-0.6104
-0.0231,-0.0308,1.0247,6.1035,2.9907,-0.6714
-0.0238,-0.0311,1.0228,6.1035,2.9907,-0.6714
-0.0228,-0.0312,1.0233,6.1035,2.9907,-0.4883
-0.0225,-0.0319,1.0238,5.8594,2.9907,-0.8545
-0.0228,-0.0299,1.0236,6.1646,3.1128,-0.8545
-0.0228,-0.0309,1.0242,5.9204,3.2349,-0.4883
-0.0255,-0.0281,1.0228,5.9814,2.8687,-0.6104
-0.0426,-0.0054,1.0208,6.2866,2.9297,0.1831
-0.0012,-0.0652,1.0116,6.1646,2.9907,-2.0142
-0.0179,-0.0435,1.0194,6.0425,2.8687,-1.4038
-0.0128,-0.0424,1.0201,5.7983,2.9907,-0.9155
-0.0208,-0.0430,1.0249,5.9814,3.1128,0.3662
-0.0287,-0.0350,1.0216,6.1646,3.0518,2.0752
-0.0233,-0.0232,1.0251,5.9814,3.1128,0.1831
-0.0222,-0.0336,1.0238,6.0425,3.0518,-0.4272
-0.0221,-0.0275,1.0217,6.1646,2.9907,-0.5493
-0.0244,-0.0292,1.0229,6.1035,3.0518,-0.5493
-0.0178,-0.0403,1.0203,6.2866,3.0518,-0.1831
-0.0237,-0.0291,1.0222,5.9204,2.7466,-0.7324
-0.0237,-0.0292,1.0238,6.1035,2.8076,-0.6714
-0.0226,-0.0323,1.0236,6.1646,2.9297,-0.5493
-0.0221,-0.0325,1.0240,6.3477,3.1128,-0.6104
-0.0234,-0.0314,1.0249,5.9814,3.1128,-0.6104
-0.0232,-0.0304,1.0242,5.9814,2.8687,-0.6104
-0.0221,-0.0306,1.0243,6.0425,2.9297,-0.6104
-0.0240,-0.0287,1.0228,5.7373,2.9297,-0.4272
-0.0231,-0.0294,1.0258,6.0425,2.9907,-0.3662
-0.0211,-0.0364,1.0238,6.1035,2.8687,-0.0610
-0.0233,-0.0303,1.0228,5.8594,2.8076,-0.6104
-0.0223,-0.0309,1.0302,6.0425,3.0518,-0.4883
-0.0205,-0.0347,1.0203,5.9814,2.9297,-0.7324
-0.0518,-0.0406,1.0245,6.1646,3.1738,2.5024
-0.0460,-0.0250,1.0201,6.2866,3.1738,2.9297
-0.0312,-0.0305,1.0292,6.1646,3.1738,2.7466
-0.0259,-0.0142,1.0265,6.1646,3.4180,2.4414
-0.0228,-0.0188,1.0232,6.0425,2.8687,0.0000
-0.0233,-0.0314,1.0243,6.0425,2.8687,-0.6714
-0.0228,-0.0321,1.0233,6.1646,2.9297,-0.6714
-0.0232,-0.0316,1.0238,5.9204,2.9297,-0.6104
-0.0236,-0.0311,1.0195,5.9814,2.9297,-0.4272
-0.0209,-0.0328,1.0166,6.1035,3.1738,-0.5493
-0.0208,-0.0344,1.0201,6.1035,2.9907,-0.5493
-0.0205,-0.0310,1.0228,6.1035,2.9907,-0.8545
-0.0226,-0.0330,1.0201,6.0425,3.1128,-0.6714
-0.0233,-0.0322,1.0242,6.2256,2.9907,-0.5493
-0.0222,-0.0314,1.0233,5.9814,2.9297,-0.7324
-0.0243,-0.0312,1.0234,6.1035,2.9297,-0.6714
-0.0222,-0.0317,1.0232,6.1646,2.9907,-0.8545
-0.0239,-0.0304,1.0243,6.1646,3.1738,-0.7324
-0.0226,-0.0319,1.0232,6.2256,2.9297,-0.8545
-0.0236,-0.0306,1.0232,5.8594,2.9907,-0.6714
-0.0234,-0.0319,1.0232,5.9814,2.9297,-0.8545
-0.0227,-0.0303,1.0233,6.0425,2.9297,-0.6714
-0.0231,-0.0310,1.0215,5.9814,2.9297,-0.6104
-0.0232,-0.0311,1.0236,6.1035,2.8687,-0.5493
-0.0237,-0.0297,1.0225,5.8594,2.9907,-0.4883
-0.0223,-0.0103,1.0242,5.9204,3.0518,-1.1597
-0.0238,-0.0300,1.0226,6.1035,2.8076,-3.1128
-0.0231,-0.0259,1.0238,6.2256,3.0518,-1.4648
-0.0211,-0.0127,1.0255,6.2256,2.9907,-2.0142
-0.0219,-0.0291,1.0233,6.0425,2.9297,-1.5259
-0.0220,-0.0309,1.0225,6.0425,3.0518,-1.2207
-0.0215,-0.0352,1.0245,5.9204,2.9907,-0.4272
-0.0188,-0.0319,1.0233,6.0425,2.8687,-1.4038
-0.0376,-0.0281,1.0238,6.1646,3.1738,0.9155
-0.0236,-0.0370,1.0222,6.2256,3.0518,0.3662
-0.0270,-0.0348,1.0251,6.1646,3.1738,0.0610
-0.0306,0.0044,1.0227,5.9814,3.1738,-0.2441
-0.0244,-0.0338,1.0222,6.1035,2.9297,0.7324
-0.0181,-0.0168,1.0222,6.1035,2.9907,1.0986
-0.0259,-0.0267,1.0214,6.1646,3.1738,-0.3662
-0.0240,-0.0214,1.0225,6.0425,2.9907,-0.1831
-0.0212,-0.0409,1.0236,6.1646,3.1128,-1.4648
-0.0234,-0.0333,1.0229,5.7983,2.9297,-1.1597
-0.0229,-0.0317,1.0233,6.1646,2.9297,-0.7324
-0.0233,-0.0325,1.0232,6.1035,2.8687,-0.6714
-0.0220,-0.0336,1.0223,5.9814,2.9907,-0.7324
-0.0231,-0.0297,1.0221,6.0425,2.8687,-0.5493
-0.0219,-0.0320,1.0219,6.1646,2.9907,-0.3052
-0.0237,-0.0317,1.0221,6.1035,2.9297,-0.4272
-0.0237,-0.0325,1.0237,6.0425,2.8687,-0.5493
-0.0231,-0.0304,1.0220,6.0425,2.8076,-0.4883
-0.0216,-0.0316,1.0168,6.2256,3.1128,-0.7935
FIN_VENTANA
INICIO_VENTANA reposo
-0.0237,-0.0275,1.0223,6.2866,2.8687,-0.7935
-0.0240,-0.0315,1.0236,6.1035,2.9907,-1.8921
-0.0245,-0.0262,1.0204,6.3477,2.8687,-2.5024
-0.0217,-0.0228,1.0347,6.0425,3.0518,-3.2349
-0.0153,-0.0378,1.0206,6.0425,3.1128,-1.0376
-0.0232,-0.0310,1.0215,5.9814,3.0518,-1.9531
-0.0156,-0.0465,1.0234,5.9814,2.9907,-0.4883
-0.0243,-0.0278,1.0233,6.1035,2.8687,1.8921
-0.0575,-0.0099,1.0234,5.9204,2.7466,1.2207
-0.0228,-0.0312,1.0232,5.9814,3.0518,-0.4272
-0.0231,-0.0314,1.0228,6.1035,2.9907,-0.6714
-0.0220,-0.0312,1.0227,6.1035,3.0518,-0.6714
-0.0232,-0.0303,1.0227,5.9814,2.9907,-0.7324
-0.0229,-0.0316,1.0248,6.0425,2.9907,-0.6104
-0.0232,-0.0303,1.0220,6.1646,2.8687,-0.1221
-0.0244,-0.0295,1.0229,6.1035,2.9907,-0.5493
-0.0219,-0.0322,1.0220,6.0425,3.1128,-0.7324
-0.0238,-0.0320,1.0220,6.1035,2.8687,-0.7324
-0.0212,-0.0298,1.0233,6.1035,2.8687,-0.4883
-0.0231,-0.0311,1.0217,5.9814,3.0518,-0.6714
-0.0229,-0.0315,1.0233,6.1646,2.8687,-0.7935
-0.0234,-0.0317,1.0214,6.1035,3.0518,-0.6714
-0.0221,-0.0288,1.0219,6.1646,2.9907,-1.2207
-0.0216,-0.0322,1.0221,6.2256,3.1738,-1.1597
-0.0217,-0.0308,1.0228,6.1646,2.9297,-0.9155
-0.0238,-0.0298,1.0219,5.9814,3.0518,-0.7324
-0.0234,-0.0309,1.0216,6.0425,3.1128,-0.9155
-0.0228,-0.0305,1.0211,6.2256,3.1128,-0.7324
-0.0232,-0.0304,1.0216,5.8594,2.9907,-0.3662
-0.0234,-0.0315,1.0222,6.1646,3.0518,-0.4883
-0.0242,-0.0321,1.0219,6.1035,3.0518,-0.6714
-0.0232,-0.0289,1.0247,6.1035,2.9907,-1.1597
-0.0216,-0.0294,1.0215,5.9814,2.9907,-0.4272
-0.0231,-0.0334,1.0216,6.1035,2.9297,-0.4272
-0.0237,-0.0297,1.0223,6.0425,2.8076,-0.5493
-0.0233,-0.0321,1.0247,6.0425,2.9907,-0.6104
-0.0222,-0.0311,1.0227,6.0425,2.8687,-0.5493
-0.0227,-0.0299,1.0233,6.0425,2.8076,-0.4883
-0.0227,-0.0289,1.0232,5.8594,2.8687,-0.3662
-0.0366,-0.0314,1.0237,6.1035,2.8687,-0.1221
-0.0220,-0.0322,1.0226,6.1646,3.1128,-0.6104
-0.0229,-0.0314,1.0234,6.0425,3.1128,-0.4883
-0.0238,-0.0308,1.0238,6.0425,2.9907,-0.6104
-0.0231,-0.0322,1.0247,5.9204,2.9907,-0.6104
-0.0215,-0.0328,1.0222,6.1646,3.1738,-0.7324
-0.0228,-0.0305,1.0226,5.9204,2.9907,-0.7324
-0.0231,-0.0298,1.0250,6.0425,3.0518,-0.6104
-0.0228,-0.0319,1.0214,6.1035,2.9907,-0.6104
-0.0240,-0.0304,1.0254,6.0425,3.1128,-0.7324
-0.0223,-0.0332,1.0215,6.1035,2.9297,-0.6104
-0.0223,-0.0304,1.0215,5.9814,3.0518,-0.7324
-0.0232,-0.0303,1.0251,6.1035,2.9297,-0.9155
-0.0254,-0.0305,1.0223,6.2256,2.9907,-0.4272
-0.0280,-0.0221,1.0261,6.1035,3.1738,0.0000
-0.0289,-0.0342,1.0220,6.1646,2.8687,-2.2583
-0.0156,-0.0397,1.0222,6.1035,3.0518,-1.8311
-0.0228,-0.0299,1.0256,6.0425,3.0518,-0.9766
-0.0269,-0.0309,1.0216,6.0425,3.0518,-1.1597
-0.0254,-0.0305,1.0243,6.2866,2.9907,-1.3428
-0.0205,-0.0345,1.0222,5.9204,2.8687,-1.2817
-0.0184,-0.0361,1.0216,6.2256,3.1738,-1.2207
-0.0228,-0.0321,1.0221,5.9814,2.9297,-0.9155
-0.0232,-0.0319,1.0209,6.2256,2.9907,-0.7324
-0.0227,-0.0319,1.0240,6.1035,3.0518,-0.8545
-0.0236,-0.0300,1.0233,5.9814,3.0518,-0.9766
-0.0229,-0.0325,1.0229,5.9204,2.9297,-0.6714
-0.0225,-0.0317,1.0226,6.1035,2.8076,-0.8545
-0.0229,-0.0314,1.0219,6.1035,3.0518,-0.6714
-0.0229,-0.0330,1.0232,6.0425,2.9907,-0.9155
-0.0231,-0.0314,1.0226,6.1035,2.9297,-0.7324
-0.0226,-0.0315,1.0227,6.2256,2.9907,-0.9155
-0.0229,-0.0309,1.0221,6.1646,2.9907,-0.8545
-0.0231,-0.0304,1.0223,6.1035,2.9297,-0.7324
-0.0236,-0.0308,1.0220,6.1035,2.9907,-0.8545
-0.0236,-0.0304,1.0232,6.0425,3.0518,-0.4883
-0.0225,-0.0308,1.0220,5.9814,2.9907,-0.7324
-0.0227,-0.0322,1.0217,6.1035,3.1128,-0.6714
-0.0233,-0.0312,1.0212,6.0425,2.9907,-0.6714
-0.0232,-0.0359,1.0216,5.9204,3.0518,-0.6104
-0.0237,-0.0309,1.0217,6.1646,2.9297,-0.3662
-0.0228,-0.0278,1.0219,6.0425,2.9297,-0.3662
-0.0228,-0.0300,1.0222,6.2866,2.9297,-0.4883
-0.0233,-0.0303,1.0228,6.1646,2.9297,-0.7324
-0.0217,-0.0305,1.0221,6.0425,2.9907,-0.7324
-0.0233,-0.0309,1.0219,6.0425,3.0518,-0.7324
-0.0234,-0.0306,1.0217,6.0425,2.8687,-0.6714
-0.0231,-0.0308,1.0240,6.0425,2.9907,-0.5493
-0.0226,-0.0314,1.0212,6.0425,2.8687,-0.6104
-0.0223,-0.0330,1.0223,5.9814,2.9297,-0.6104
-0.0229,-0.0309,1.0236,6.2256,2.7466,-0.6714
-0.0231,-0.0314,1.0234,6.1035,3.0518,-0.4883
-0.0231,-0.0308,1.0225,5.9204,2.8687,-0.6714
-0.0227,-0.0308,1.0214,6.0425,2.9297,-0.7935
-0.0237,-0.0323,1.0214,6.1646,3.0518,-0.6104
-0.0229,-0.0298,1.0209,5.9814,2.9907,-0.5493
-0.0229,-0.0311,1.0240,5.9204,3.0518,-0.6104
-0.0216,-0.0299,1.0220,6.1035,2.9907,-0.4883
-0.0240,-0.0308,1.0251,5.9814,2.9907,-0.6104
-0.0238,-0.0317,1.0229,6.1035,2.9297,-0.7324
-0.0227,-0.0310,1.0212,6.0425,2.9907,-0.6104
FIN_VENTANA
INICIO_VENTANA reposo
-0.0223,-0.0308,1.0227,6.0425,2.9907,-0.7935
-0.0227,-0.0305,1.0240,6.1035,2.9297,-0.6714
-0.0231,-0.0316,1.0223,6.0425,2.8687,-0.7324
-0.0234,-0.0325,1.0223,6.0425,2.7466,-0.6104
-0.0236,-0.0330,1.0228,5.9814,2.9297,-0.4272
-0.0226,-0.0309,1.0222,6.0425,2.9297,-0.4883
-0.0219,-0.0294,1.0234,5.9814,2.9297,-0.3052
-0.0239,-0.0302,1.0219,6.2256,2.9907,-0.4883
-0.0221,-0.0289,1.0225,6.1035,2.9297,-0.6714
-0.0220,-0.0339,1.0231,6.1646,2.8687,-0.8545
-0.0234,-0.0281,1.0238,5.8594,2.8076,-0.6714
-0.0222,-0.0331,1.0229,5.9814,2.8687,-0.7935
-0.0200,-0.0382,1.0211,6.0425,2.9907,-0.8545
-0.0266,-0.0240,1.0225,5.9204,2.9297,-0.4272
-0.0223,-0.0283,1.0245,5.9814,2.9297,-0.2441
-0.0223,-0.0341,1.0220,6.1646,2.8076,-0.5493
-0.0228,-0.0320,1.0219,5.9814,2.9297,-0.6714
-0.0234,-0.0310,1.0225,6.1035,3.0518,-0.9155
-0.0244,-0.0300,1.0216,5.9814,2.9907,-0.9766
-0.0236,-0.0248,1.0228,5.9814,2.9907,-0.9155
-0.0229,-0.0292,1.0223,5.9814,2.7466,-0.7324
-0.0233,-0.0316,1.0226,6.0425,2.8687,-0.6104
-0.0233,-0.0325,1.0215,6.1646,3.0518,-0.5493
-0.0225,-0.0310,1.0219,5.9204,2.9297,-0.6104
-0.0234,-0.0308,1.0211,6.1035,2.9297,-0.6714
-0.0227,-0.0304,1.0233,6.1035,3.0518,-0.7935
-0.0219,-0.0320,1.0234,6.0425,2.8687,-0.6104
-0.0228,-0.0291,1.0238,5.9814,2.9297,-0.5493
-0.0223,-0.0319,1.0228,6.0425,2.8687,-0.5493
-0.0223,-0.0283,1.0225,6.0425,2.9907,-0.3662
-0.0269,-0.0330,1.0228,6.1035,2.9907,-1.7700
-0.0233,-0.0352,1.0229,6.2256,3.1128,-2.3193
-0.0201,-0.0428,1.0222,6.0425,2.9297,-1.6479
-0.0220,-0.0291,1.0221,6.1035,2.9297,-1.0986
-0.0220,-0.0151,1.0221,6.1035,2.9297,-1.0986
-0.0240,-0.0529,1.0234,6.0425,2.8687,-1.7090
-0.0219,-0.0332,1.0255,5.8594,2.8687,-0.9766
-0.0223,-0.0322,1.0225,5.9814,2.8687,-1.0986
-0.0238,-0.0288,1.0220,5.9814,2.8687,-1.0986
-0.0222,-0.0330,1.0217,6.0425,2.9297,-0.9766
-0.0065,-0.0472,1.0223,5.9814,3.1738,-1.1597
-0.0281,-0.0204,1.0205,6.0425,2.9297,1.7700
-0.0269,-0.0261,1.0233,6.1035,2.9907,0.3052
-0.0236,-0.0309,1.0222,5.9814,2.9297,-0.7935
-0.0240,-0.0308,1.0219,6.1646,2.8687,-0.6714
-0.0221,-0.0322,1.0243,6.1646,2.8687,-0.9155
-0.0236,-0.0416,1.0237,6.0425,2.9907,-0.7935
-0.0217,-0.0287,1.0223,6.1035,3.1128,0.3052
-0.0231,-0.0317,1.0233,5.9814,2.8687,-0.1221
-0.0229,-0.0287,1.0238,5.9204,2.9907,-0.5493
-0.0237,-0.0288,1.0243,6.0425,2.8076,-0.7324
-0.0231,-0.0312,1.0232,5.8594,2.8076,-0.9155
-0.0215,-0.0317,1.0232,5.9204,2.9907,-0.7935
-0.0231,-0.0309,1.0244,5.9814,2.7466,-0.7324
-0.0237,-0.0293,1.0244,5.8594,2.7466,-0.5493
-0.0222,-0.0315,1.0234,6.1035,2.9907,-0.5493
-0.0223,-0.0309,1.0244,6.2256,2.9297,-0.5493
-0.0237,-0.0303,1.0284,6.1646,2.8076,-0.6104
-0.0212,-0.0331,1.0249,5.9814,3.0518,-0.6714
-0.0243,-0.0288,1.0273,5.7983,2.9297,-0.9155
-0.0251,-0.0289,1.0264,6.1646,2.8687,-0.6714
-0.0243,-0.0310,1.0237,6.2256,2.9907,-0.7324
-0.0226,-0.0312,1.0236,6.1646,2.9907,-0.6714
-0.0276,-0.0258,1.0275,6.0425,2.9907,-0.6104
-0.0094,-0.0397,1.0245,6.1646,3.0518,-1.0986
-0.0233,-0.0294,1.0231,6.1035,2.9297,-0.8545
-0.0220,-0.0322,1.0217,5.7983,2.7466,-0.6714
-0.0217,-0.0347,1.0236,6.0425,3.1128,-0.5493
-0.0259,-0.0374,1.0238,6.2256,3.1738,1.4038
-0.0233,-0.0244,1.0236,6.0425,3.1128,1.4038
-0.0233,-0.0115,1.0227,6.1646,2.8076,1.3428
-0.0238,-0.0314,1.0236,5.9814,2.8687,-0.7935
-0.0231,-0.0292,1.0237,5.9814,2.9297,-0.6714
-0.0226,-0.0321,1.0223,6.0425,2.9297,-0.4883
-0.0225,-0.0319,1.0231,5.9814,2.8687,-0.7324
-0.0229,-0.0317,1.0223,6.0425,2.9907,-0.7324
-0.0234,-0.0292,1.0225,6.0425,2.8687,-0.7324
-0.0229,-0.0312,1.0236,5.9204,2.8687,-0.6714
-0.0225,-0.0310,1.0236,6.2866,3.0518,-0.7935
-0.0229,-0.0321,1.0236,6.1646,2.9907,-0.6714
-0.0237,-0.0312,1.0237,6.0425,2.8687,-0.6104
-0.0237,-0.0314,1.0226,5.9814,2.8076,-0.6714
-0.0228,-0.0305,1.0232,5.9814,2.9907,-0.7324
-0.0259,-0.0277,1.0231,5.9814,2.8687,-0.7324
-0.0155,-0.0269,1.0228,5.8594,2.8687,-2.0752
-0.0165,-0.0421,1.0226,6.1646,2.8076,-2.8687
-0.0161,-0.0391,1.0370,5.9204,2.9297,-0.9766
-0.0171,-0.0392,1.0228,6.1646,2.8687,-1.1597
-0.0039,-0.0383,1.0201,5.9204,2.9907,0.1831
-0.0253,-0.0260,1.0250,5.9204,3.0518,0.7935
-0.0297,-0.0238,1.0226,5.9204,3.0518,0.8545
-0.0227,-0.0277,1.0239,5.9814,2.8076,-0.5493
-0.0233,-0.0312,1.0227,6.0425,3.0518,-0.5493
-0.0236,-0.0303,1.0247,6.1035,2.8687,-0.7324
-0.0229,-0.0312,1.0231,6.1035,3.1128,-0.5493
-0.0227,-0.0319,1.0232,6.1646,2.9907,-0.7935
-0.0234,-0.0306,1.0227,6.1646,2.9297,-0.7324
-0.0238,-0.0314,1.0261,6.1646,2.9907,-0.6714
-0.0233,-0.0292,1.0276,6.2256,2.9297,-0.7935
-0.0242,-0.0306,1.0211,5.8594,2.9907,-0.6714
FIN_VENTANA
INICIO_VENTANA reposo
-0.0227,-0.0300,1.0240,6.0425,2.9907,-0.6104
-0.0228,-0.0292,1.0240,6.1035,2.6245,-0.7324
-0.0227,-0.0315,1.0226,6.1035,2.9297,-0.5493
-0.0229,-0.0302,1.0223,6.0425,3.0518,-0.7935
-0.0233,-0.0308,1.0226,5.9814,2.8687,-0.6714
-0.0234,-0.0310,1.0226,5.9204,2.9297,-0.9766
-0.0240,-0.0303,1.0234,6.1035,2.9297,-0.6714
-0.0228,-0.0304,1.0231,5.8594,2.8687,-0.9155
-0.0237,-0.0302,1.0217,5.8594,2.8076,-0.6714
-0.0225,-0.0309,1.0231,6.1646,2.9297,-0.7324
-0.0226,-0.0310,1.0229,6.1035,2.8687,-0.6714
-0.0233,-0.0304,1.0221,6.1646,2.9907,-0.6714
-0.0237,-0.0304,1.0221,5.9204,2.8076,-0.6714
-0.0233,-0.0304,1.0219,5.9204,2.9907,-0.6714
-0.0217,-0.0311,1.0231,5.9814,2.9907,-0.7324
-0.0228,-0.0303,1.0227,5.9204,2.9907,-0.6714
-0.0229,-0.0302,1.0232,6.0425,2.8687,-0.7935
-0.0231,-0.0306,1.0243,6.1035,3.0518,-0.9155
-0.0233,-0.0314,1.0234,5.9204,2.9297,-0.8545
-0.0234,-0.0300,1.0217,6.1035,2.9907,-0.7324
-0.0237,-0.0311,1.0233,6.0425,2.9297,-0.7324
-0.0233,-0.0310,1.0220,5.9814,2.8076,-0.7935
-0.0237,-0.0310,1.0229,6.0425,2.9907,-0.8545
-0.0233,-0.0304,1.0222,5.8594,2.8687,-0.8545
-0.0231,-0.0308,1.0219,5.9204,3.1738,-0.6104
-0.0231,-0.0306,1.0219,6.2256,2.8687,-0.6714
-0.0234,-0.0300,1.0234,5.9814,2.8687,-0.7324
-0.0225,-0.0305,1.0216,6.0425,2.9907,-0.9155
-0.0232,-0.0310,1.0231,6.0425,2.8687,-0.6104
-0.0223,-0.0306,1.0217,6.2256,2.8687,-0.7935
-0.0231,-0.0305,1.0225,6.1646,2.9297,-0.7935
-0.0229,-0.0311,1.0232,5.9814,2.9907,-0.6714
-0.0238,-0.0311,1.0225,6.2866,2.9297,-0.6104
-0.0236,-0.0300,1.0255,6.2866,3.0518,-0.6714
-0.0238,-0.0308,1.0217,6.1646,2.9297,-0.6714
-0.0219,-0.0312,1.0198,6.1646,2.8687,-0.6714
-0.0250,-0.0314,1.0250,6.1646,2.9907,-0.7935
-0.0232,-0.0284,1.0250,6.1035,2.8076,-0.8545
-0.0223,-0.0310,1.0204,6.1646,3.1738,-0.6104
-0.0232,-0.0306,1.0225,5.9814,2.9907,-0.6714
-0.0225,-0.0306,1.0200,6.0425,3.1738,-0.5493
-0.0236,-0.0295,1.0222,6.0425,2.9907,-0.6104
-0.0232,-0.0292,1.0247,6.0425,2.9907,-0.6104
-0.0232,-0.0312,1.0208,6.2256,2.9297,-0.5493
-0.0215,-0.0306,1.0178,5.8594,2.9907,-0.4883
-0.0226,-0.0305,1.0229,6.2866,3.0518,-0.5493
-0.0234,-0.0294,1.0221,6.1035,2.9297,-0.9155
-0.0247,-0.0300,1.0222,6.1035,2.9297,-0.7324
-0.0236,-0.0308,1.0219,6.1646,3.1128,-0.7935
-0.0231,-0.0306,1.0216,5.7983,3.0518,-0.5493
-0.0233,-0.0305,1.0243,6.1646,3.0518,-0.7935
-0.0233,-0.0320,1.0214,6.1035,2.8687,-0.7324
-0.0221,-0.0303,1.0212,5.9204,3.0518,-0.7324
-0.0233,-0.0304,1.0227,6.1035,2.8687,-0.7324
-0.0228,-0.0314,1.0221,6.2256,2.8076,-0.6104
-0.0225,-0.0314,1.0221,6.1035,2.8687,-0.4883
-0.0232,-0.0305,1.0227,6.0425,2.8687,-0.3662
-0.0245,-0.0221,1.0229,6.0425,2.8076,-0.3662
-0.0192,-0.0404,1.0219,5.9814,3.0518,-3.4790
-0.0248,-0.0514,1.0227,5.9814,3.0518,-1.7700
-0.0238,-0.0342,1.0222,6.0425,2.8687,-0.8545
-0.0228,-0.0316,1.0225,6.1035,3.0518,-0.9766
-0.0204,-0.0387,1.0231,6.1646,3.2959,-0.6714
-0.0232,-0.0294,1.0221,6.1646,3.1128,0.0610
-0.0236,-0.0291,1.0226,5.9814,2.7466,-0.4883
-0.0237,-0.0305,1.0219,6.0425,2.8687,-0.7324
-0.0237,-0.0283,1.0220,6.1035,3.0518,-0.6104
-0.0231,-0.0305,1.0219,6.1035,2.9297,-0.5493
-0.0228,-0.0310,1.0222,6.2256,2.9297,-0.7324
-0.0221,-0.0330,1.0198,6.0425,2.9907,-0.6104
-0.0228,-0.0314,1.0238,6.1035,3.0518,-0.5493
-0.0222,-0.0303,1.0226,5.8594,3.0518,-0.7935
-0.0236,-0.0300,1.0226,5.9204,3.0518,-0.6104
-0.0221,-0.0326,1.0226,6.2256,2.8687,-0.7935
-0.0226,-0.0339,1.0229,6.1646,2.9297,-0.6104
-0.0267,-0.0126,1.0229,6.2256,2.8687,3.6621
-0.0228,-0.0284,1.0226,6.2866,3.1128,0.2441
-0.0238,-0.0298,1.0242,6.1035,3.1128,-0.4883
-0.0247,-0.0442,1.0232,5.9814,2.9297,0.0000
-0.0149,-0.0192,1.0236,6.1035,2.9907,0.9766
-0.0269,-0.0209,1.0214,6.2256,2.8687,0.4272
-0.0238,-0.0305,1.0217,6.0425,3.1738,-0.7324
-0.0239,-0.0306,1.0247,6.0425,2.9907,-0.6104
-0.0234,-0.0441,1.0236,6.0425,3.0518,-0.4883
-0.0215,-0.0266,1.0229,6.0425,3.1128,0.3662
-0.0228,-0.0258,1.0221,6.1035,2.9907,-0.6714
-0.0221,-0.0311,1.0219,6.1035,2.9297,-0.4272
-0.0228,-0.0293,1.0226,6.2256,2.8687,-0.6714
-0.0233,-0.0308,1.0227,6.0425,3.1128,-0.6714
-0.0232,-0.0293,1.0243,6.2866,2.9297,-0.7935
-0.0238,-0.0311,1.0236,6.1646,3.1128,-0.7324
-0.0221,-0.0319,1.0219,6.2866,3.0518,-0.7935
-0.0236,-0.0316,1.0210,6.1646,2.9907,-0.7324
-0.0234,-0.0306,1.0236,5.9814,2.9297,-0.6714
-0.0239,-0.0309,1.0222,6.1035,2.9907,-0.7935
-0.0232,-0.0304,1.0236,5.9814,2.9907,-0.6104
-0.0221,-0.0308,1.0223,6.1035,3.0518,-0.6714
-0.0232,-0.0310,1.0225,6.3477,2.9907,-0.5493
-0.0231,-0.0302,1.0229,6.1035,3.0518,-0.4883
-0.0249,-0.0270,1.0225,6.0425,2.9907,-0.5493
FIN_VENTANA
INICIO_VENTANA reposo
-0.0242,-0.0310,1.0219,6.1646,2.9297,-0.8545
-0.0231,-0.0295,1.0233,6.1035,3.0518,-0.4272
-0.0225,-0.0311,1.0212,5.8594,2.9907,-0.5493
-0.0228,-0.0309,1.0231,6.3477,2.9297,-0.6714
-0.0229,-0.0309,1.0225,6.0425,2.9907,-0.6714
-0.0232,-0.0330,1.0229,5.8594,3.0518,-1.0376
-0.0227,-0.0297,1.0227,6.1646,3.0518,-0.7935
-0.0226,-0.0312,1.0228,6.0425,2.9297,-0.5493
-0.0226,-0.0312,1.0220,6.1646,2.9907,-0.6714
-0.0233,-0.0312,1.0245,6.1035,2.9297,-0.6104
-0.0239,-0.0308,1.0221,6.2256,3.0518,-0.8545
-0.0227,-0.0310,1.0229,5.8594,3.0518,-0.5493
-0.0220,-0.0299,1.0225,5.9814,2.9907,-0.8545
-0.0236,-0.0308,1.0237,6.1035,2.9907,-0.3662
-0.0240,-0.0291,1.0226,6.0425,2.9297,-0.4272
-0.0315,-0.0187,1.0201,5.9814,2.8687,-0.7324
-0.0189,-0.0444,1.0172,5.7983,3.0518,-0.8545
-0.0189,-0.0354,1.0212,6.0425,3.0518,0.1831
-0.0242,-0.0298,1.0221,5.8594,2.9297,-0.4883
-0.0215,-0.0312,1.0233,6.2256,2.9907,-0.6104
-0.0255,-0.0302,1.0219,6.0425,3.1128,-0.8545
-0.0234,-0.0298,1.0234,6.2256,3.0518,-0.6714
-0.0226,-0.0316,1.0226,6.4087,3.1738,-0.4883
-0.0223,-0.0305,1.0242,6.1035,2.9297,-0.8545
-0.0221,-0.0302,1.0247,5.9814,2.8687,-0.9155
-0.0244,-0.0288,1.0250,6.0425,2.9297,-0.9766
-0.0234,-0.0317,1.0245,6.0425,2.9297,-0.4883
-0.0232,-0.0293,1.0223,5.9204,3.0518,-0.4883
-0.0234,-0.0325,1.0236,6.1035,2.9907,-0.6104
-0.0238,-0.0304,1.0215,6.1035,3.1128,-0.7935
-0.0228,-0.0311,1.0216,6.0425,2.8076,-0.6714
-0.0197,-0.0319,1.0238,6.1646,2.9907,-0.7935
-0.0300,-0.0294,1.0231,6.2866,3.1128,-0.5493
-0.0127,-0.0382,1.0217,6.0425,2.9907,-0.7324
-0.0215,-0.0326,1.0205,6.0425,2.8076,-0.9155
-0.0227,-0.0309,1.0210,6.0425,3.0518,-0.6714
-0.0237,-0.0306,1.0228,5.9204,2.9907,-0.6104
-0.0229,-0.0316,1.0221,5.9814,2.9907,-0.7324
-0.0228,-0.0319,1.0232,6.2256,3.1128,-0.6104
-0.0221,-0.0306,1.0212,6.1646,2.9297,-0.6714
-0.0234,-0.0316,1.0233,5.8594,2.9907,-0.6104
-0.0229,-0.0303,1.0231,5.9204,3.1128,-0.9766
-0.0220,-0.0354,1.0226,6.1646,2.8076,-0.7324
-0.0232,-0.0316,1.0217,6.0425,2.8687,-0.3052
-0.0221,-0.0306,1.0232,5.9814,3.0518,-0.6104
-0.0228,-0.0304,1.0220,6.0425,2.9297,-0.8545
-0.0236,-0.0303,1.0221,6.0425,2.9297,-0.6104
-0.0232,-0.0314,1.0221,6.0425,2.8687,-0.6714
-0.0222,-0.0305,1.0237,6.1646,2.9907,-0.7324
-0.0229,-0.0322,1.0220,6.1035,2.8687,-0.5493
-0.0236,-0.0302,1.0232,6.0425,2.9297,-0.3662
-0.0237,-0.0311,1.0232,6.0425,2.9907,-0.4272
-0.0236,-0.0328,1.0223,6.2256,2.9297,-0.3052
-0.0221,-0.0293,1.0232,6.0425,2.9907,-0.2441
-0.0227,-0.0287,1.0249,6.1035,2.7466,-0.4883
-0.0227,-0.0328,1.0215,6.1646,3.0518,-0.6714
-0.0226,-0.0292,1.0210,6.1035,3.0518,-0.5493
-0.0234,-0.0327,1.0212,6.1646,2.8687,-0.7935
-0.0227,-0.0298,1.0231,5.9814,2.9907,-0.5493
-0.0236,-0.0309,1.0249,6.1646,3.1738,-0.6714
-0.0231,-0.0309,1.0215,6.4087,2.9907,-0.5493
-0.0231,-0.0306,1.0203,5.9814,3.0518,-0.7324
-0.0223,-0.0277,1.0229,6.2866,2.9907,-0.5493
-0.0223,-0.0311,1.0221,6.2256,3.0518,-0.6714
-0.0233,-0.0305,1.0239,6.1646,2.9297,-0.6104
-0.0223,-0.0316,1.0226,6.1646,2.9297,-0.5493
-0.0227,-0.0298,1.0225,6.1035,3.0518,-0.7935
-0.0234,-0.0309,1.0220,6.1035,2.9907,-0.6714
-0.0234,-0.0309,1.0219,6.2866,2.9907,-0.8545
-0.0226,-0.0306,1.0219,5.9814,2.9907,-0.7324
-0.0234,-0.0308,1.0236,6.1035,3.0518,-0.6104
-0.0225,-0.0315,1.0215,6.1035,3.0518,-0.7935
-0.0221,-0.0310,1.0225,6.1035,2.9907,-0.7935
-0.0231,-0.0299,1.0233,6.1035,2.9907,-0.6104
-0.0236,-0.0311,1.0222,6.2866,3.0518,-0.6714
-0.0234,-0.0314,1.0234,6.2256,2.9907,-0.6714
-0.0237,-0.0310,1.0225,5.8594,2.9297,-0.6104
-0.0234,-0.0299,1.0226,6.2866,3.1128,-0.6104
-0.0226,-0.0308,1.0227,5.9814,3.1128,-0.6714
-0.0227,-0.0298,1.0229,6.1646,2.9907,-0.8545
-0.0227,-0.0305,1.0223,6.1035,2.9907,-0.7935
-0.0236,-0.0306,1.0222,6.1646,3.1738,-0.6104
-0.0229,-0.0308,1.0240,6.2866,2.9907,-0.7324
-0.0232,-0.0305,1.0229,6.1646,2.8076,-0.6714
-0.0229,-0.0308,1.0228,6.3477,3.0518,-0.6104
-0.0233,-0.0304,1.0236,5.9814,3.0518,-0.5493
-0.0234,-0.0306,1.0238,5.9814,3.1128,-0.7324
-0.0228,-0.0311,1.0227,6.0425,2.9907,-0.6714
-0.0233,-0.0300,1.0240,5.9204,3.0518,-0.5493
-0.0234,-0.0304,1.0231,6.0425,2.9907,-0.7935
-0.0238,-0.0306,1.0250,6.2256,3.0518,-0.7324
-0.0248,-0.0317,1.0220,6.2256,3.0518,-0.3052
-0.0254,-0.0304,1.0242,6.2256,2.8687,-0.0610
-0.0214,-0.0282,1.0212,5.9814,2.9907,-0.7935
-0.0229,-0.0308,1.0227,6.1035,2.9907,-0.6714
-0.0234,-0.0300,1.0232,6.1646,2.9297,-0.8545
-0.0229,-0.0300,1.0231,6.1035,2.9907,-0.6104
-0.0237,-0.0308,1.0225,6.1646,3.1738,-0.5493
-0.0238,-0.0294,1.0236,6.1035,2.9907,-0.6104
-0.0232,-0.0308,1.0223,6.3477,2.8687,-0.8545
FIN_VENTANA
INICIO_VENTANA reposo
-0.0188,-0.0835,1.2032,67.2607,6.3477,-1.2207
0.0072,-0.0642,0.9745,-55.7861,14.0991,-12.5122
-0.0314,-0.0687,0.9308,-66.1621,19.4702,-14.2822
0.0199,-0.0245,0.9357,-10.7422,10.2539,-2.3804
-0.0143,0.0043,1.0067,-9.2163,4.8828,-0.9766
-0.0027,-0.0219,0.9730,23.4985,-3.2959,8.8501
-0.0081,-0.0062,1.0227,37.1704,-4.1504,10.5591
-0.0042,-0.0485,1.0037,56.6406,-4.2725,10.2539
-0.0016,-0.0414,1.0256,42.7246,4.9438,5.9204
-0.0070,-0.0348,1.0096,-31.9824,-12.2070,5.9814
-0.0343,-0.0438,1.0226,5.8594,2.8687,-0.8545
-0.0319,-0.0519,1.0431,1.4038,3.1128,-2.0752
-0.0217,0.0067,1.0374,-27.3438,16.1133,-5.8594
-0.0164,0.0775,1.0956,-4.1504,17.8833,-6.4087
-0.0095,-0.0177,0.9532,14.3433,4.6387,-2.1973
-0.0005,-0.0574,0.9658,37.4146,0.9766,3.2349
0.0070,-0.0732,0.9725,44.3115,1.2207,5.9204
-0.0507,-0.0806,1.0503,-3.9673,-34.0576,14.7095
-0.0339,-0.0593,1.0222,5.7983,2.8687,1.8921
-0.0250,-0.0160,1.0265,5.5542,3.1738,0.0000
-0.0096,0.0793,1.0505,-63.1104,18.3716,-5.8594
0.0198,-0.0129,0.9760,15.6860,1.5259,-2.3804
0.0138,-0.0336,0.9163,22.0947,6.2256,-3.5400
0.0029,-0.0488,0.9442,15.6250,7.0190,-2.3804
-0.0212,-0.0261,1.0177,31.6162,-0.9766,5.1270
-0.0176,0.0533,1.1530,6.0425,-14.8315,8.6060
0.0098,-0.0197,1.0228,6.1035,2.7466,0.2441
-0.0089,-0.0215,1.0216,6.0425,2.8687,0.0000
-0.0420,-0.0410,1.0206,6.0425,2.9907,-0.7324
-0.0245,-0.0303,1.0232,6.0425,3.0518,-0.9766
-0.0247,-0.0287,1.0236,5.9814,3.1128,-1.4648
-0.0199,-0.0269,1.0239,5.9204,3.0518,-1.0986
-0.0280,-0.0348,1.0231,6.1035,2.9297,-1.7090
-0.0254,-0.0311,1.0229,5.9814,2.9907,-0.6104
-0.0239,-0.0337,1.0223,6.2256,3.1738,-0.6104
-0.0226,-0.0304,1.0228,5.8594,2.9297,-0.4272
-0.0236,-0.0293,1.0229,6.2256,2.8687,-0.6104
-0.0192,-0.0254,1.0225,6.1646,3.1128,-1.2817
-0.0400,0.0261,1.1050,22.5830,3.0518,-3.2349
-0.0220,-0.0793,1.0662,69.3359,3.7842,-4.3335
-0.0134,-0.0546,1.1790,-3.1128,39.6729,-16.7236
0.0183,-0.0631,1.0165,-45.0439,23.6206,-11.1694
0.0259,0.0134,1.0078,-104.8584,27.7710,-12.6953
0.0044,0.0176,1.0317,-133.1787,46.3867,-21.5454
0.0479,0.1538,1.0955,-43.3960,37.9639,-15.9302
0.0518,0.1632,1.1364,-65.9180,45.8374,-17.8223
0.1722,0.2488,0.9644,52.7954,50.1709,-12.9395
0.1560,0.1140,0.8505,20.4468,38.2080,-11.1084
0.1830,0.1237,1.0356,12.9395,38.8794,-11.6577
0.1976,0.1348,1.0659,-33.7524,44.0674,-14.2212
0.1753,0.1161,1.0640,-6.1646,51.3916,-9.0942
0.1473,0.0317,0.8804,59.5093,33.9966,2.0752
0.2535,0.1064,0.9156,9.2163,39.0015,-0.1831
0.2461,0.1024,0.9048,-7.0190,35.2783,-3.0518
0.2090,0.0522,0.8170,19.6533,11.3525,6.7749
0.2399,0.0575,0.7706,56.3965,-6.9580,13.7329
0.2513,0.0614,0.8241,97.7173,-14.5874,8.7280
0.2240,0.0044,0.8201,132.8125,-31.9214,5.1880
0.2285,-0.1199,0.8888,147.2778,-17.8223,-9.7046
0.1968,-0.2002,1.0480,55.7251,-13.1836,-14.2212
0.1825,-0.2079,1.0752,42.1753,-25.2075,-8.3008
0.1909,-0.1989,0.9741,-28.9307,-17.8833,-5.5542
0.1382,-0.1350,1.1670,7.4463,-5.9814,-0.9155
0.1936,-0.1108,1.0668,45.5322,-14.5264,-1.2207
0.1628,-0.1904,1.1128,40.6494,-0.4883,-5.0659
0.1802,-0.2137,0.9529,29.2358,3.9673,-4.8828
0.1409,-0.1997,1.1937,9.6436,9.9487,-4.9438
0.2042,-0.2029,1.2167,-6.9580,22.8271,-3.9062
0.1542,-0.2458,1.2605,-76.0498,32.5928,3.7231
0.1913,-0.1656,1.1456,-38.9404,27.5879,15.1978
0.2756,-0.1338,1.0216,-6.3477,22.0947,28.0762
0.2260,-0.0980,0.8915,-18.3105,19.2871,30.3345
0.2646,-0.0529,0.7789,-49.2554,14.9536,12.8174
0.2094,-0.0145,0.7548,-35.8276,7.6904,-4.5166
0.1552,-0.0389,0.7175,-9.0942,-8.0566,-10.5591
0.1387,-0.0396,0.6522,28.4424,-3.7842,-0.6714
0.1104,-0.0292,0.5597,82.4585,20.8130,7.0190
0.4363,-0.0863,0.5663,160.0952,53.1006,9.5825
0.2665,-0.1902,1.0433,113.8916,-32.4097,-35.4614
0.3430,-0.3046,1.4647,42.4194,-8.7280,-32.8979
0.2489,-0.2748,1.2886,-46.5088,-10.9253,-7.4463
0.2295,-0.2330,1.1080,-33.3862,8.3618,0.6104
0.2456,-0.1268,1.0497,-21.3623,4.3945,1.7090
0.4448,-0.0751,1.2963,-80.9326,11.8408,-0.4272
0.4044,-0.0237,1.2859,-139.8926,26.7334,-1.0986
0.1553,-0.0962,1.0615,-178.6499,16.6626,7.3853
0.1960,0.0154,1.1499,-92.0410,20.2637,24.0479
0.3347,0.0997,0.8282,36.8652,3.9673,25.2075
0.2568,0.0515,0.8345,-18.3105,30.9448,-2.2583
0.2426,0.0299,0.7732,-0.5493,26.8555,-16.4795
0.1847,-0.0035,0.7723,9.7656,23.0713,-7.1411
0.2184,0.0231,0.7633,-9.7046,38.6963,6.0425
0.4429,0.1248,0.6763,51.6357,33.8745,0.2441
0.2300,0.0820,0.6709,110.5347,-7.4463,9.7656
0.4210,0.0339,0.8219,103.6987,1.0376,-7.8735
0.3583,-0.1354,0.9546,76.5991,-11.0474,-17.8833
0.2203,-0.1671,0.9590,86.4868,-24.5972,-19.8975
0.2665,-0.2281,1.0576,67.0776,-7.0801,-13.3667
0.2938,-0.1315,1.0684,0.5493,-10.0098,0.0610
0.2828,-0.1414,0.9512,-10.5591,-38.6963,5.9204
FIN_VENTANA
INICIO_VENTANA reposo
0.2875,-0.0460,0.6482,112.0605,-9.8877,-4.9438
0.2932,-0.0269,0.6526,152.7710,-12.3291,-24.7803
0.3676,-0.0056,0.7561,129.3335,10.9863,-50.7202
0.6906,-0.1421,1.6382,34.5459,-33.8135,-14.7095
0.4468,-0.2041,1.1810,18.9209,-91.6748,-5.1270
0.3163,-0.2700,1.1453,17.0898,-42.4805,-1.1597
0.3167,-0.1975,1.0021,-9.3384,-8.0566,1.5259
0.2854,-0.1958,0.9417,-21.9727,-1.5869,2.6855
0.2661,-0.1714,0.8387,-28.3813,-21.3623,5.1270
0.2482,-0.1305,0.8969,-83.1299,-44.0063,11.0474
0.1787,-0.1187,0.9471,-122.8638,-52.6733,14.7095
0.1906,0.0188,1.0781,-131.4697,-49.9268,20.1416
0.1805,0.0629,0.9570,-82.4585,-44.4336,18.4937
0.1497,1.0603,-0.1837,698.7305,-156.0669,-17.5171
-0.3750,-0.0753,0.6753,739.7461,-120.8496,39.0015
-0.3372,-1.0917,0.6072,197.6929,-90.3931,35.8276
-0.0538,-0.6635,0.9893,-89.0503,1.4648,-31.0059
-0.0090,-0.6160,0.8148,-41.0767,4.8218,-2.4414
-0.0140,-0.5083,0.9111,-78.5522,4.5166,-3.2349
0.0007,-0.4608,0.9490,-30.7007,3.5400,-2.0752
-0.0382,-0.5160,0.8945,-29.7852,-3.1738,10.9253
-0.0177,-0.4430,0.9437,-36.4990,1.1597,2.6855
-0.0057,-0.4725,0.9077,-22.6440,1.5869,2.2583
0.0101,-0.3928,0.9774,-21.8506,6.1035,-1.5869
-0.0104,-0.4556,0.9573,-15.6860,0.5493,7.8735
0.0016,-0.4331,0.9182,-23.5596,12.0239,-5.2490
-0.0669,-0.4512,0.9358,-18.6768,-3.1738,-2.4414
-0.0176,-0.3796,0.9351,-50.0488,0.7935,-0.0610
-0.0587,-0.3800,1.0356,-43.3350,-5.9814,3.4180
-0.0215,-0.2653,1.0428,5.3711,2.7466,-0.4883
-0.0164,-0.3503,0.9625,17.2119,3.1128,-0.9766
-0.0199,-0.3463,0.9647,2.1973,3.3569,-1.6479
-0.0195,-0.3300,0.9753,-13.0005,3.2959,-1.7090
-0.0272,-0.3011,1.0188,-21.4844,3.3569,-1.4648
-0.0195,-0.3027,0.9906,-2.8076,2.9297,-0.3662
-0.0208,-0.3035,0.9871,4.2725,2.9907,-0.4883
-0.0206,-0.3131,0.9764,7.9956,2.9297,-0.4883
-0.0204,-0.3018,0.9880,1.5869,2.9297,-0.1221
-0.0211,-0.3008,0.9863,4.6387,2.9907,-0.4883
-0.0205,-0.2975,0.9916,5.3711,2.9297,-0.4883
-0.0211,-0.3015,0.9871,7.3853,2.9907,-0.4272
-0.0206,-0.2976,0.9905,5.7983,2.8076,0.1221
-0.0205,-0.3002,0.9896,6.8359,2.8687,0.1221
-0.0126,-0.3214,0.9871,9.8267,2.1973,2.6855
-0.0227,-0.2971,0.9933,19.5923,2.4414,1.5869
-0.0444,-0.2904,1.0569,35.7056,2.6245,1.2817
-0.0123,-0.2527,0.9287,186.0352,1.5259,11.4136
0.0045,-0.5115,0.9618,258.6670,6.1035,21.4233
0.0060,-0.7329,0.6270,201.2329,18.1885,16.6016
-0.0029,-0.5883,0.8546,80.8105,2.6245,10.1929
-0.0026,-0.6914,0.7938,101.6846,13.0005,9.8267
0.0144,-0.7343,0.7529,161.8042,25.4517,14.5874
0.1345,-0.6948,0.6189,353.0273,23.8037,13.9771
-0.0146,-0.9426,0.4680,333.6182,47.7295,1.4038
0.0876,-1.0974,0.1361,93.2617,17.2119,-15.3809
0.0687,-1.0541,0.2213,0.6714,3.9062,2.3804
0.1049,-0.8583,0.3160,-52.7954,-4.3945,12.9395
0.0547,-0.9453,0.4161,16.5405,0.4883,0.3052
0.0486,-0.9917,0.3358,16.9678,5.3711,-0.6104
0.0580,-0.9802,0.3408,4.4556,2.5635,-0.3662
0.0568,-0.9685,0.3506,8.6670,3.6011,-0.6714
0.0654,-0.9739,0.3169,16.1743,2.9907,-0.7935
0.0546,-0.9791,0.3207,30.9448,-1.8921,-1.9531
0.0441,-1.0048,0.3534,18.6157,-0.6714,-1.4038
0.0570,-0.9758,0.3318,6.8359,3.1128,-0.4883
0.0532,-0.9758,0.3297,12.9395,4.2114,-1.7090
0.0541,-0.9802,0.3201,20.2637,5.0659,-3.3569
0.0511,-1.0258,0.2655,19.1650,3.8452,-3.2349
0.0558,-0.9454,0.3137,-3.7231,-0.6714,3.2959
0.0887,-0.9019,0.2936,-41.2598,-16.1133,-46.1426
-0.4950,-0.9391,0.3435,-168.5181,24.5972,-123.4131
-0.0466,-0.9873,0.4126,-32.0435,-8.5449,1.9531
0.0861,-1.1134,0.4658,-99.3652,12.0850,-5.8594
-0.0986,-0.8191,0.5940,-271.2402,-43.3960,37.9639
0.0586,-0.6636,0.5459,-435.6079,0.1221,0.4883
-0.0886,-0.1840,1.4373,-513.1836,-12.6953,34.5459
-0.0352,-0.1187,1.0334,366.8213,32.1655,9.4604
0.0479,-0.7489,0.6401,18.3716,5.6152,7.2021
-0.0624,-0.4052,0.9603,-120.5444,10.8643,0.7324
-0.0011,-0.3120,1.0132,-120.2393,7.2021,-0.9155
0.0125,-0.3181,0.9718,-34.9731,21.2402,-3.1128
0.0189,-0.3397,0.9745,-18.4326,11.8408,-3.5400
0.0214,-0.3357,0.9966,-23.6816,14.1602,-2.4414
0.0286,-0.2874,0.9901,-43.8843,7.2021,-1.0986
0.0271,-0.2684,0.9969,-52.9785,8.0566,0.7324
0.0315,-0.2207,1.0039,-37.0483,3.9673,0.6104
0.0278,-0.1993,1.0103,-28.2593,2.6855,1.3428
0.0385,-0.1711,1.0099,-12.8174,0.6104,2.1362
0.0267,-0.1810,1.0126,-5.4321,-2.0142,0.7935
0.0203,-0.2117,1.0193,-9.5825,-3.9673,0.8545
0.0248,-0.1464,1.0295,-48.2788,-3.7842,0.6104
-0.0183,-0.0681,0.9849,-137.3291,24.7192,-0.9155
0.0010,-0.0225,1.0216,-73.6084,-0.6104,2.1362
0.0366,0.0175,1.0201,-56.5186,-2.3193,3.0518
-0.0967,0.0137,1.0195,-71.8994,-3.3569,6.2256
0.0082,0.0814,0.9945,-75.9888,1.1597,9.8877
0.0105,0.1364,1.0061,-53.5889,0.1221,11.9019
-0.0217,0.1624,1.0061,-16.7236,-1.7090,21.1792
0.0004,0.1936,0.9880,-1.5869,0.8545,26.4893
0.0393,0.1682,1.0063,10.3149,3.6011,18.0054
FIN_VENTANA
INICIO_VENTANA reposo
0.0658,0.0928,1.0059,8.0566,2.9297,0.5493
0.0588,0.0837,1.0000,27.6489,5.7983,-2.3193
0.0450,0.0414,1.0310,45.3491,4.8828,-1.7090
0.0619,0.0435,1.0128,11.5967,6.7139,-1.4648
0.0547,0.0258,1.0143,15.6250,7.0801,-0.1221
0.0627,0.0256,1.0239,2.9907,7.8735,2.3804
0.0703,0.0438,1.0082,0.2441,7.8735,3.7231
0.0635,0.0505,1.0099,4.0894,7.5073,3.4790
0.0614,0.0464,1.0160,14.0991,2.9907,0.3662
0.0641,0.0206,1.0343,-0.1221,3.4790,-0.7324
0.0369,0.0363,1.0062,-24.2310,4.6997,0.9766
0.0671,0.0685,1.0045,-23.3765,4.9438,1.7090
0.0544,0.0481,1.0026,-7.0190,-0.6714,6.2866
0.0930,0.1804,0.9989,18.0664,-0.2441,-1.5259
0.0557,0.0497,1.0278,-22.8882,2.4414,-5.5542
0.0613,0.0868,1.0093,-9.0942,0.9766,-2.5024
-0.0055,0.0881,1.0100,19.2871,-0.9155,-0.6104
0.0615,0.0669,0.9244,102.6611,0.0000,-2.6855
0.1030,-0.2734,1.3319,304.2603,-5.5542,-14.8315
0.0140,-0.1541,1.0228,114.0747,-49.6826,-55.6641
0.0327,-0.1748,1.0026,28.2593,4.4556,-15.3198
0.2419,0.1080,0.9634,-122.3755,40.5273,5.4321
0.0370,-0.1183,0.9813,-28.7476,-7.2632,38.0859
0.0214,-0.0875,1.0800,-64.5752,-2.7466,2.9297
0.0302,-0.0181,1.0040,-70.0684,5.6152,2.1362
0.0233,-0.0037,0.9883,-4.0283,0.7935,2.5635
0.0222,0.0029,1.0195,43.3350,0.2441,1.7700
0.0397,-0.0243,1.0376,26.1230,0.9766,0.9155
0.0248,-0.0227,1.0189,2.0142,2.3804,-0.7935
0.0375,-0.0275,1.0300,-10.9253,3.7231,-1.2817
0.0287,-0.0035,1.0162,-27.3438,2.6245,-1.0376
0.0323,0.0001,1.0178,-14.3433,2.9907,-1.1597
0.0334,0.0166,1.0127,9.8267,3.3569,0.0000
0.0367,-0.0006,1.0251,26.6724,3.5400,0.4883
0.0325,-0.0054,1.0242,23.3765,2.5635,0.5493
0.0339,-0.0210,1.0233,11.8408,3.4180,0.1221
0.1283,0.1713,0.7531,4.8828,6.9580,1.0376
0.0916,-0.0304,1.0137,28.9307,18.1274,2.5635
0.0575,-0.0378,1.0118,0.2441,-4.3945,1.8311
0.0468,0.0039,1.0000,2.7466,-1.2207,1.1597
0.0315,-0.1052,1.0339,-0.1221,1.5259,0.4272
0.0413,-0.0171,1.0170,-12.5732,-2.1973,-1.8311
0.0427,0.0044,1.0116,-3.2349,0.7324,-2.4414
0.0474,-0.0072,1.0128,-12.2070,2.5024,-2.0752
0.0486,0.0200,1.0184,-3.7231,3.1738,-2.4414
0.0706,0.0266,0.9514,2.5635,4.0894,-1.8311
0.0547,-0.0262,1.0341,10.6201,7.3242,-4.9438
0.0382,-0.0378,1.0339,1.5869,5.5542,-1.0376
0.0565,-0.0096,1.0168,11.9629,3.6011,-1.4038
0.0295,0.0032,1.0078,5.3711,2.5024,-11.3525
0.0054,-0.0311,1.0254,11.1694,1.8921,-12.0850
0.0568,0.0270,1.0194,0.7935,-0.1221,-11.5356
0.0532,-0.0344,1.0465,8.9111,2.7466,-4.1504
0.0997,0.0540,0.9841,-0.1221,5.3101,-2.1973
0.0397,0.0044,1.0211,8.7891,8.0566,-3.4790
0.0238,0.0586,1.0167,12.8784,9.5825,-1.8921
0.0588,-0.0220,1.0197,25.6348,0.7935,-2.3193
0.0347,-0.0470,1.0182,41.0156,-1.8921,3.6621
0.1328,-0.0493,1.0042,41.9922,-1.6479,24.9634
-0.0253,-0.1001,1.1105,26.3062,-39.6729,29.2358
-0.0233,-0.0758,0.9115,-26.4893,-33.2642,18.8599
0.0221,0.0643,1.3950,3.1128,-80.3833,45.4712
0.0057,-0.0126,1.0236,6.0425,2.9297,15.2588
-0.0026,-0.0154,1.0223,6.3477,3.1128,16.9067
0.0181,-0.0270,1.0227,5.9814,3.1128,3.0518
-0.0211,-0.0201,1.0251,6.2256,3.2349,-5.1270
-0.1860,-0.0496,1.0250,6.2866,3.1128,-6.2866
-0.0287,-0.0536,1.0220,5.9814,2.8687,-20.2637
-0.0146,-0.0179,1.0216,6.0425,2.8076,-1.8921
0.0021,-0.0259,1.0275,6.4697,3.1128,-6.9580
0.0002,-0.0380,1.0228,6.1035,2.6855,-19.5923
-0.0106,-0.0142,1.0261,6.5308,2.8076,1.3428
-0.0464,-0.0294,1.0247,6.4087,2.8076,-1.3428
-0.0236,-0.0278,1.0220,6.2866,2.8076,-0.7935
-0.0172,-0.0325,1.0250,6.1646,2.9907,-0.6104
-0.0021,-0.0376,1.0238,6.0425,2.8687,-0.1831
-0.0204,-0.0437,1.0251,6.1646,3.1128,-1.2207
-0.0369,0.0062,1.0243,6.4087,2.7466,-2.6245
-0.0747,-0.0623,1.0239,6.1646,3.0518,11.2305
-0.0325,-0.0336,1.0234,6.2256,2.8076,1.2207
-0.0233,-0.0276,1.0233,6.1646,2.9297,1.0376
-0.0209,-0.0300,1.0247,6.0425,2.9907,-0.5493
-0.0092,-0.0249,1.0239,6.1035,2.8687,-1.4648
-0.0409,-0.0387,1.0232,6.0425,2.8076,-2.1362
-0.0248,-0.0298,1.0242,6.0425,2.9297,-0.4272
-0.0229,-0.0302,1.0239,6.1646,3.0518,-0.6104
-0.0242,-0.0315,1.0244,5.9204,2.9297,-0.7935
-0.0237,-0.0299,1.0227,6.2256,3.1128,-0.9155
-0.0255,-0.0305,1.0247,6.1035,3.0518,-0.8545
-0.0233,-0.0302,1.0236,6.1035,3.0518,-0.4883
-0.0237,-0.0306,1.0239,6.2256,2.9907,-0.8545
-0.0223,-0.0305,1.0242,6.1035,2.8687,-1.7700
-0.0200,-0.0305,1.0238,6.1035,2.8687,-5.2490
-0.0247,-0.0299,1.0247,6.2866,3.1128,-1.5259
-0.0249,-0.0302,1.0243,6.1035,2.9297,-0.6714
-0.0239,-0.0305,1.0229,6.2256,2.8687,-0.8545
-0.0247,-0.0293,1.0238,6.0425,2.9907,-1.0376
-0.0245,-0.0299,1.0236,6.1035,2.8687,-0.7324
-0.0248,-0.0298,1.0253,6.0425,2.9297,-0.3662
-0.0242,-0.0288,1.0244,6.1035,2.9907,-0.4883
FIN_VENTANA
INICIO_VENTANA reposo
-0.0248,-0.0298,1.0232,6.2256,2.9907,-0.4272
-0.0236,-0.0303,1.0247,6.2256,2.9907,-0.5493
-0.0253,-0.0288,1.0244,5.9814,3.0518,-0.6104
-0.0227,-0.0302,1.0242,6.2866,2.7466,-0.4883
-0.0247,-0.0304,1.0240,6.1646,3.1738,-0.6714
-0.0234,-0.0300,1.0244,6.1035,3.0518,-0.6104
-0.0236,-0.0305,1.0239,6.2256,3.0518,-0.6104
-0.0244,-0.0304,1.0244,6.1646,2.8076,-0.5493
-0.0247,-0.0304,1.0238,6.0425,2.9297,-0.6104
-0.0243,-0.0297,1.0228,6.2256,2.8076,-0.4883
-0.0247,-0.0299,1.0233,6.1035,2.9297,-0.6104
-0.0251,-0.0294,1.0237,6.1646,2.9297,-0.4272
-0.0242,-0.0298,1.0244,6.2866,2.8687,-0.7324
-0.0240,-0.0297,1.0243,6.1646,2.9297,-0.7324
-0.0236,-0.0298,1.0244,6.1646,2.9907,-0.6714
-0.0247,-0.0306,1.0238,6.0425,3.0518,-0.6714
-0.0237,-0.0305,1.0221,6.1646,2.9297,-0.5493
-0.0232,-0.0304,1.0243,5.9814,2.9297,-0.7324
-0.0240,-0.0304,1.0244,6.0425,2.9907,-0.4883
-0.0236,-0.0294,1.0225,6.2256,2.9297,-0.4272
-0.0247,-0.0302,1.0259,6.2256,2.9297,-0.7324
-0.0240,-0.0298,1.0234,5.9814,2.9907,-0.4883
-0.0245,-0.0294,1.0233,6.2866,2.8687,-0.6714
-0.0239,-0.0299,1.0239,6.2256,2.9907,-0.7935
-0.0247,-0.0295,1.0237,6.1646,2.9907,-0.6104
-0.0238,-0.0303,1.0236,6.1035,3.0518,-0.6104
-0.0239,-0.0297,1.0261,6.0425,3.0518,-0.7324
-0.0242,-0.0304,1.0226,6.2866,3.1128,-0.5493
-0.0242,-0.0294,1.0242,6.0425,2.7466,-0.4272
-0.0232,-0.0298,1.0236,6.2256,3.0518,-0.5493
-0.0242,-0.0304,1.0232,6.1646,2.9907,-0.7324
-0.0247,-0.0299,1.0229,6.1035,2.7466,-0.5493
-0.0255,-0.0303,1.0245,6.1035,3.0518,-0.6714
-0.0242,-0.0303,1.0232,6.1646,3.1128,-0.7935
-0.0264,-0.0231,1.0251,6.2256,2.9907,-0.6714
-0.0243,-0.0281,1.0243,6.2256,3.0518,-0.4883
-0.0227,-0.0331,1.0234,6.3477,2.8076,-0.4883
-0.0232,-0.0394,1.0229,6.1035,2.8687,-0.7935
-0.0244,-0.0297,1.0247,6.2866,3.0518,-0.7324
-0.0260,-0.0245,1.0232,6.2256,2.9297,-0.7324
-0.0232,-0.0288,1.0238,6.1646,3.0518,-0.6104
-0.0245,-0.0302,1.0234,6.1646,3.0518,-0.7935
-0.0214,-0.0327,1.0244,6.1646,2.9907,-1.3428
-0.0193,-0.0160,1.0238,6.1646,3.0518,-0.7935
-0.0219,-0.0137,1.0239,6.2256,2.9297,-0.4272
-0.0215,-0.0162,1.0236,6.0425,3.0518,-0.3052
-0.0231,-0.0385,1.0223,6.1035,2.9297,-1.0986
-0.0181,-0.0377,1.0233,6.2256,3.1738,-1.3428
-0.0070,-0.0359,1.0234,6.0425,3.1128,-0.9155
-0.0275,-0.0212,1.0240,6.1646,3.0518,-0.5493
-0.0227,-0.0276,1.0228,6.4087,2.7466,-0.5493
-0.0232,-0.0309,1.0237,6.2256,2.9907,-0.6104
-0.0228,-0.0243,1.0247,6.0425,2.9297,-0.7324
-0.0181,-0.0093,1.0237,6.2256,2.8687,-1.8311
-0.0236,-0.0361,1.0216,5.9814,2.9907,-1.5259
-0.0244,-0.0302,1.0261,6.2256,3.0518,-1.0376
-0.0219,-0.0309,1.0211,6.1646,2.9907,-0.9766
-0.0242,-0.0302,1.0247,6.1646,2.8687,-0.7935
-0.0247,-0.0321,1.0243,6.0425,2.8076,-0.7935
0.0112,-0.0222,1.0203,6.1035,2.9297,-1.1597
-0.0627,-0.0331,1.0243,6.1035,3.0518,-0.5493
-0.0299,-0.0295,1.0214,5.9814,2.9297,-0.0610
-0.0277,-0.0294,1.0234,5.9204,2.9297,-0.7935
-0.0245,-0.0321,1.0243,6.3477,2.9907,-0.5493
-0.0233,-0.0303,1.0226,6.1646,3.1738,-0.6104
-0.0255,-0.0284,1.0234,6.1035,2.9907,-0.5493
-0.0236,-0.0328,1.0238,6.2866,2.9907,-0.5493
-0.0239,-0.0291,1.0237,6.1646,2.9907,-0.4883
-0.0170,-0.0317,1.0243,6.1646,3.1128,-0.4272
-0.0195,-0.0316,1.0237,6.0425,2.8687,-0.4272
-0.0187,-0.0336,1.0217,6.1646,2.9297,-0.6104
-0.0330,-0.0269,1.0238,6.1646,3.0518,0.0610
-0.0300,-0.0272,1.0243,6.1035,3.0518,0.3662
-0.0292,-0.0254,1.0234,6.0425,2.9907,-0.1221
-0.0226,-0.0294,1.0248,6.0425,2.9297,-0.6714
-0.0234,-0.0298,1.0242,6.0425,3.0518,-0.7935
-0.0244,-0.0293,1.0243,6.3477,3.0518,-0.6714
-0.0236,-0.0304,1.0238,6.1035,2.9907,-0.5493
-0.0237,-0.0308,1.0234,6.3477,2.9297,-0.6104
-0.0237,-0.0297,1.0251,6.1035,3.1128,-0.6104
-0.0244,-0.0297,1.0229,6.2256,2.9297,-0.5493
-0.0233,-0.0305,1.0243,6.2256,2.9907,-0.7935
-0.0240,-0.0294,1.0227,5.9204,2.8687,-0.3662
-0.0242,-0.0294,1.0247,6.1646,3.1128,-0.4272
-0.0226,-0.0319,1.0228,5.9814,3.1128,-0.3662
-0.0281,-0.0222,1.0247,6.2256,2.9907,0.4883
-0.0249,-0.0270,1.0228,6.2866,2.9297,-0.4883
-0.0247,-0.0298,1.0236,6.1035,3.1128,-0.4883
-0.0236,-0.0300,1.0234,6.1646,3.1738,-0.5493
-0.0242,-0.0300,1.0227,6.2256,2.9907,-0.6104
-0.0242,-0.0312,1.0227,6.1646,2.9907,-0.3662
-0.0264,-0.0294,1.0238,6.1646,3.0518,0.7324
-0.0251,-0.0254,1.0237,6.2256,3.1738,0.4272
-0.0239,-0.0264,1.0253,6.1646,3.0518,-0.2441
-0.0214,-0.0358,1.0236,6.1646,3.1738,-0.5493
-0.0260,-0.0494,1.0232,6.3477,3.0518,1.5259
-0.0227,-0.0289,1.0227,6.0425,3.0518,1.2817
-0.0215,-0.0360,1.0238,6.2256,2.9907,0.6714
-0.0258,-0.0154,1.0243,5.9204,3.1738,0.7935
-0.0260,-0.0281,1.0234,6.1035,2.8687,-0.3052
FIN_VENTANA
INICIO_VENTANA reposo
0.1205,0.0461,1.0222,5.7373,3.1128,-4.5776
-0.0253,-0.0598,1.0236,6.3477,2.8687,-2.9297
-0.0095,-0.0255,1.0237,6.0425,3.0518,-3.1738
-0.0259,-0.0363,1.0231,6.1646,3.0518,-1.4648
-0.0238,-0.0308,1.0273,6.1035,3.0518,-1.0986
-0.0270,-0.0310,1.0227,6.2866,3.0518,-1.0376
-0.0261,-0.0298,1.0206,6.1646,3.1128,-1.3428
-0.0076,-0.0248,1.0239,6.1646,3.0518,-1.2817
-0.0277,-0.0321,1.0211,6.2256,3.1128,-1.2817
-0.0228,-0.0299,1.0245,6.2256,2.9297,-1.1597
-0.0264,-0.0298,1.0255,6.4087,2.9907,-1.0986
-0.0237,-0.0309,1.0216,6.2256,3.0518,-0.6714
-0.0242,-0.0302,1.0232,6.0425,2.9297,-0.8545
-0.0291,-0.0292,1.0219,5.9814,2.8076,-0.8545
-0.0255,-0.0288,1.0225,6.2866,2.9907,-0.6714
-0.0237,-0.0299,1.0247,6.2256,2.8687,-0.6714
-0.0143,-0.0334,1.0232,6.1035,2.9907,-0.8545
-0.0265,-0.0283,1.0236,6.2866,2.9907,-0.9766
-0.0260,-0.0291,1.0237,6.2866,2.9907,-0.6104
-0.0251,-0.0291,1.0227,6.2256,3.1738,-0.7935
-0.0236,-0.0303,1.0226,6.1646,3.1738,-0.7324
-0.0242,-0.0291,1.0247,6.2256,3.0518,-0.7935
-0.0228,-0.0319,1.0228,6.0425,3.0518,-0.9155
-0.0237,-0.0303,1.0232,6.3477,2.9907,-1.2207
-0.0255,-0.0282,1.0236,6.1035,2.9297,-1.0986
-0.0244,-0.0303,1.0220,6.3477,3.0518,-1.1597
-0.0226,-0.0347,1.0233,6.1646,2.9907,-1.5259
-0.0245,-0.0302,1.0232,6.1035,2.9907,-2.9907
-0.0248,-0.0302,1.0233,6.1646,3.0518,-3.4790
-0.0255,-0.0308,1.0228,6.1035,2.9297,-2.8687
-0.0229,-0.0319,1.0232,6.2256,3.1128,-3.7842
-0.0234,-0.0284,1.0227,6.2866,2.9907,-4.2114
-0.0247,-0.0261,1.0223,6.1646,3.1128,-2.3193
-0.0250,-0.0271,1.0233,6.1035,3.0518,-1.8311
-0.0240,-0.0282,1.0231,6.1646,2.9297,-1.1597
-0.0232,-0.0287,1.0229,6.2866,2.9297,-0.9155
-0.0228,-0.0292,1.0220,6.2256,3.1128,-0.6714
-0.0240,-0.0298,1.0225,6.2866,2.9297,-0.7324
-0.0245,-0.0297,1.0242,6.2256,2.9297,-0.6714
-0.0229,-0.0294,1.0223,6.0425,2.9907,-0.7324
-0.0229,-0.0302,1.0245,6.4087,3.1128,-0.5493
-0.0323,-0.0300,1.0226,6.4087,2.9297,-0.5493
-0.0278,-0.0270,1.0242,6.1646,2.9907,-0.7935
-0.0245,-0.0273,1.0234,6.2866,3.2349,-1.8921
-0.0249,-0.0292,1.0238,6.1035,3.0518,-1.8311
-0.0233,-0.0283,1.0229,6.3477,3.0518,-1.8921
-0.0244,-0.0292,1.0236,6.2866,3.1128,-0.7324
-0.0238,-0.0298,1.0228,6.1646,3.1128,-0.6104
-0.0245,-0.0295,1.0238,6.2256,2.8076,-0.6714
-0.0239,-0.0306,1.0240,6.1035,2.9907,-0.4272
-0.0239,-0.0291,1.0237,6.1035,3.0518,-0.5493
-0.0236,-0.0294,1.0220,6.2256,2.9297,-0.4883
-0.0239,-0.0293,1.0247,6.2866,2.9297,-0.7324
-0.0244,-0.0298,1.0237,6.0425,3.1128,-0.4272
-0.0240,-0.0298,1.0203,6.1035,3.0518,-0.6104
-0.0237,-0.0283,1.0238,6.2256,2.9907,-0.4272
-0.0236,-0.0289,1.0254,6.1035,2.9907,-0.3662
-0.0237,-0.0310,1.0209,6.3477,2.9297,-0.5493
-0.0242,-0.0287,1.0253,6.3477,2.9907,-0.6104
-0.0243,-0.0298,1.0211,6.3477,3.1128,-0.4883
-0.0223,-0.0292,1.0219,6.1035,3.1128,-0.4883
-0.0234,-0.0292,1.0245,6.2256,2.9907,-0.5493
-0.0239,-0.0300,1.0225,6.1646,3.1738,-0.4272
-0.0244,-0.0298,1.0250,6.0425,3.0518,-0.4883
-0.0240,-0.0292,1.0225,6.0425,2.9907,-0.5493
-0.0227,-0.0299,1.0228,6.3477,2.8687,-0.7324
-0.0229,-0.0293,1.0234,6.2256,2.9907,-0.5493
-0.0236,-0.0297,1.0227,6.3477,2.9907,-0.7324
-0.0240,-0.0289,1.0232,6.2256,2.9907,-0.4272
-0.0243,-0.0286,1.0226,6.0425,2.9907,-0.5493
-0.0240,-0.0293,1.0242,6.1646,3.1128,-0.5493
-0.0244,-0.0300,1.0211,6.2256,2.9907,-0.6104
-0.0242,-0.0288,1.0236,6.2866,2.9297,-0.5493
-0.0242,-0.0295,1.0231,6.2256,2.9297,-0.4883
-0.0237,-0.0291,1.0223,6.3477,3.1738,-0.7324
-0.0245,-0.0293,1.0220,6.2866,3.1128,-0.5493
-0.0237,-0.0297,1.0233,6.2256,3.2349,-0.7324
-0.0232,-0.0284,1.0227,6.3477,3.0518,-0.5493
-0.0250,-0.0288,1.0223,6.2866,3.1738,-0.4883
-0.0232,-0.0289,1.0226,6.1035,3.0518,-0.5493
-0.0238,-0.0306,1.0232,6.3477,2.9907,-0.4883
-0.0254,-0.0298,1.0231,6.3477,2.9907,-0.3662
-0.0236,-0.0321,1.0228,6.1035,3.0518,0.1831
-0.0233,-0.0286,1.0227,6.0425,3.1128,0.5493
-0.0234,-0.0302,1.0232,6.1035,2.9297,0.1221
-0.0238,-0.0309,1.0237,6.1035,3.0518,0.1831
-0.0245,-0.0276,1.0234,6.2256,2.9907,-0.2441
-0.0233,-0.0283,1.0233,6.3477,3.0518,-0.5493
-0.0242,-0.0281,1.0238,6.1035,3.0518,-0.6104
-0.0240,-0.0292,1.0248,6.4697,3.0518,-0.5493
-0.0247,-0.0295,1.0238,6.2256,3.0518,-0.6104
-0.0238,-0.0302,1.0239,6.1646,3.0518,-0.7324
-0.0249,-0.0294,1.0227,6.0425,2.9297,-0.4272
-0.0242,-0.0298,1.0234,6.2866,2.8687,-0.7935
-0.0242,-0.0291,1.0225,6.1646,2.8687,-0.5493
-0.0242,-0.0308,1.0234,6.1035,2.9297,-0.5493
-0.0233,-0.0300,1.0231,6.2866,3.1128,-0.6714
-0.0231,-0.0302,1.0240,6.1646,3.0518,-0.4883
-0.0249,-0.0297,1.0228,6.1646,2.9907,-0.6104
-0.0233,-0.0299,1.0237,6.4087,3.0518,-0.6104
FIN_VENTANA
INICIO_VENTANA reposo
-0.0240,-0.0287,1.0253,6.1035,3.0518,-0.3662
-0.0233,-0.0300,1.0236,6.3477,3.0518,-0.6104
-0.0233,-0.0293,1.0234,6.1035,3.0518,-0.3052
-0.0233,-0.0293,1.0244,6.2866,3.1128,-0.6104
-0.0247,-0.0294,1.0254,6.2866,2.9297,-0.6714
-0.0234,-0.0300,1.0234,6.2256,2.9297,-0.6104
-0.0238,-0.0299,1.0245,6.1646,2.9907,-0.4883
-0.0229,-0.0304,1.0231,6.1035,2.9297,-0.5493
-0.0242,-0.0302,1.0240,6.1035,3.2349,-0.5493
-0.0245,-0.0308,1.0250,6.2866,3.0518,-0.6104
-0.0242,-0.0300,1.0238,6.2866,2.9907,-0.7324
-0.0248,-0.0300,1.0266,6.2866,2.8687,-0.6104
-0.0248,-0.0306,1.0232,6.1646,3.2349,-0.6104
-0.0240,-0.0299,1.0223,6.1646,2.9297,-0.6714
-0.0229,-0.0306,1.0236,6.1646,2.9907,-0.5493
-0.0243,-0.0303,1.0233,6.1646,2.9297,-0.6104
-0.0247,-0.0303,1.0239,6.2866,3.0518,-0.5493
-0.0242,-0.0298,1.0253,6.2256,2.9907,-0.5493
-0.0253,-0.0306,1.0238,6.1646,2.9907,-0.6714
-0.0240,-0.0292,1.0247,6.0425,2.9907,-0.6714
-0.0237,-0.0337,1.0242,6.2866,2.8687,-0.1221
-0.0237,-0.0282,1.0237,6.1646,3.0518,-0.6104
-0.0251,-0.0294,1.0237,6.1646,2.9297,-0.5493
-0.0239,-0.0299,1.0242,6.0425,2.9297,-0.4883
-0.0236,-0.0289,1.0243,6.1646,2.8076,-0.5493
-0.0247,-0.0303,1.0236,6.1035,2.9907,-0.6104
-0.0233,-0.0287,1.0240,6.1646,3.0518,-0.5493
-0.0247,-0.0291,1.0247,6.2866,3.1128,-0.4883
-0.0237,-0.0303,1.0234,5.9814,2.8687,-0.4883
-0.0248,-0.0289,1.0256,6.1035,2.9907,-0.4883
-0.0237,-0.0299,1.0240,6.1646,2.8687,-0.4883
-0.0243,-0.0289,1.0253,6.1646,2.9907,-0.6714
-0.0234,-0.0295,1.0229,6.1035,2.9907,-0.4272
-0.0239,-0.0293,1.0253,6.1646,2.9297,-0.6104
-0.0238,-0.0294,1.0243,6.2866,2.9297,-0.5493
-0.0240,-0.0293,1.0239,6.1646,2.9907,-0.6714
-0.0237,-0.0297,1.0233,6.2866,2.9297,-0.6104
-0.0242,-0.0295,1.0242,6.2866,2.9907,-0.6714
-0.0238,-0.0302,1.0245,6.2256,3.1128,-0.7324
-0.0238,-0.0294,1.0232,6.2256,2.9297,-0.4883
-0.0237,-0.0283,1.0249,6.1035,2.8687,-0.5493
-0.0242,-0.0295,1.0240,6.2256,2.9907,-0.5493
-0.0242,-0.0299,1.0214,6.2866,3.0518,-0.6104
-0.0242,-0.0299,1.0248,6.1646,2.9297,-0.6104
-0.0247,-0.0297,1.0238,6.1646,2.9907,-0.5493
-0.0234,-0.0294,1.0244,6.2866,2.9297,-0.4883
-0.0240,-0.0302,1.0243,6.2866,3.0518,-0.6104
-0.0242,-0.0289,1.0240,5.9814,3.0518,-0.6714
-0.0248,-0.0297,1.0231,6.2866,2.9907,-0.6104
-0.0237,-0.0293,1.0237,6.0425,3.0518,-0.5493
-0.0242,-0.0299,1.0238,6.1035,2.9297,-0.6104
-0.0242,-0.0295,1.0240,6.1035,2.9297,-0.6104
-0.0237,-0.0297,1.0228,6.2866,3.0518,-0.6714
-0.0249,-0.0295,1.0237,6.2256,2.9907,-0.7324
-0.0233,-0.0300,1.0243,6.1035,2.9907,-0.4883
-0.0245,-0.0305,1.0243,6.2866,3.0518,-0.7324
-0.0236,-0.0292,1.0244,6.2866,2.9907,-0.6714
-0.0238,-0.0298,1.0238,5.9814,2.9297,-0.5493
-0.0243,-0.0293,1.0245,6.1035,2.9907,-0.6714
-0.0239,-0.0293,1.0244,6.0425,2.9297,-0.6714
-0.0247,-0.0297,1.0240,6.1646,2.9297,-0.6714
-0.0239,-0.0295,1.0242,6.0425,2.9297,-0.6104
-0.0239,-0.0297,1.0244,6.2256,2.9907,-0.6714
-0.0245,-0.0292,1.0243,6.2256,2.9907,-0.5493
-0.0250,-0.0297,1.0244,6.0425,2.9297,-0.5493
-0.0247,-0.0287,1.0231,5.9814,2.7466,-0.5493
-0.0244,-0.0287,1.0247,6.1035,2.9907,-0.6104
-0.0231,-0.0305,1.0188,6.2866,2.9907,-0.7935
-0.0239,-0.0276,1.0277,6.1035,2.8687,-0.4883
-0.0236,-0.0295,1.0225,6.2256,3.0518,-0.7324
-0.0240,-0.0293,1.0253,6.1035,2.8687,-0.6104
-0.0244,-0.0303,1.0219,6.2866,3.0518,-0.6714
-0.0238,-0.0304,1.0239,6.2256,2.8687,-0.4272
-0.0234,-0.0295,1.0238,6.1646,2.9907,-0.7935
-0.0247,-0.0299,1.0240,6.1646,2.9297,-0.7935
-0.0247,-0.0294,1.0238,6.2256,2.9907,-0.6104
-0.0232,-0.0300,1.0238,6.1035,2.9907,-0.4883
-0.0239,-0.0294,1.0242,6.1646,2.9297,-0.7324
-0.0243,-0.0297,1.0236,6.1035,2.9907,-0.4272
-0.0243,-0.0300,1.0237,6.2866,3.0518,-0.4883
-0.0247,-0.0299,1.0238,6.2256,2.9297,-0.6714
-0.0251,-0.0295,1.0240,6.2256,2.8687,-0.6714
-0.0237,-0.0302,1.0236,6.2256,2.9907,-0.6714
-0.0242,-0.0294,1.0243,6.1646,3.1128,-0.6714
-0.0222,-0.0292,1.0239,6.2866,2.9907,-0.9766
-0.0239,-0.0297,1.0238,6.2866,2.9297,-0.5493
-0.0236,-0.0299,1.0226,6.3477,3.0518,-0.6714
-0.0248,-0.0294,1.0240,6.0425,2.8687,-0.4883
-0.0238,-0.0291,1.0237,6.1035,3.1128,-0.5493
-0.0239,-0.0302,1.0217,6.1646,2.8076,-0.7935
-0.0233,-0.0300,1.0198,6.2866,2.9907,-0.7324
-0.0245,-0.0310,1.0201,5.9814,2.9907,-0.6104
-0.0247,-0.0288,1.0248,6.0425,2.9297,-0.5493
-0.0245,-0.0298,1.0226,6.4087,2.9907,-0.7324
-0.0242,-0.0297,1.0231,6.2256,2.8687,-0.5493
-0.0238,-0.0291,1.0247,6.0425,2.8687,-0.6104
-0.0237,-0.0294,1.0232,6.1035,2.8687,-0.6104
-0.0243,-0.0297,1.0237,6.1646,2.8076,-0.6104
-0.0236,-0.0297,1.0233,6.2866,3.1128,-0.6714
-0.0240,-0.0305,1.0240,5.9814,2.9907,-0.6714
FIN_VENTANA
INICIO_VENTANA reposo
-0.0240,-0.0299,1.0238,6.2256,2.9297,-0.4883
-0.0238,-0.0295,1.0239,6.1646,3.0518,-0.5493
-0.0238,-0.0303,1.0233,6.2256,2.8076,-0.6714
-0.0237,-0.0300,1.0240,6.2256,3.0518,-0.7324
-0.0245,-0.0286,1.0270,6.2256,2.9907,-0.6714
-0.0249,-0.0304,1.0226,6.1646,2.9297,-0.5493
-0.0231,-0.0284,1.0216,6.1035,2.9907,-0.5493
-0.0249,-0.0300,1.0254,6.1646,3.0518,-0.5493
-0.0232,-0.0294,1.0236,6.3477,2.9297,-0.4883
-0.0233,-0.0293,1.0236,6.1646,2.9907,-0.5493
-0.0243,-0.0289,1.0234,6.0425,3.1128,-0.4883
-0.0245,-0.0304,1.0220,6.0425,2.9297,-0.5493
-0.0240,-0.0299,1.0233,6.1646,2.9907,-0.6104
-0.0237,-0.0289,1.0231,6.1035,3.0518,-0.6714
-0.0238,-0.0291,1.0228,6.1035,2.9907,-0.6104
-0.0245,-0.0300,1.0228,6.1646,3.0518,-0.6104
-0.0237,-0.0299,1.0234,6.2256,3.1128,-0.7324
-0.0232,-0.0299,1.0233,6.1646,2.8687,-0.7324
-0.0236,-0.0298,1.0240,6.1646,3.1128,-0.6714
-0.0243,-0.0299,1.0240,6.2256,3.1128,-0.5493
-0.0236,-0.0288,1.0226,6.2256,2.8687,-0.9155
-0.0243,-0.0303,1.0222,6.1035,2.8687,-0.7935
-0.0231,-0.0295,1.0232,6.1646,3.1128,-0.6714
-0.0232,-0.0302,1.0223,6.0425,2.9907,-0.7324
-0.0242,-0.0298,1.0226,6.1646,3.0518,-0.7935
-0.0243,-0.0295,1.0229,6.0425,2.9907,-0.7324
-0.0237,-0.0299,1.0229,6.1646,3.0518,-0.6104
-0.0236,-0.0311,1.0189,6.2866,2.9297,-0.6104
-0.0243,-0.0275,1.0275,6.1035,2.9297,-0.6714
-0.0239,-0.0297,1.0215,6.1646,2.9907,-0.6104
-0.0253,-0.0292,1.0247,6.2256,2.8687,-0.4883
-0.0240,-0.0294,1.0232,6.1646,2.9297,-0.5493
-0.0240,-0.0287,1.0233,6.2866,2.9907,-0.5493
-0.0244,-0.0293,1.0229,6.0425,2.9907,-0.5493
-0.0239,-0.0295,1.0225,6.2256,2.9297,-0.6104
-0.0234,-0.0297,1.0219,6.4087,3.1128,-0.6714
-0.0242,-0.0297,1.0220,6.1646,2.8076,-0.7935
-0.0239,-0.0299,1.0225,6.0425,2.8687,-0.5493
-0.0234,-0.0294,1.0210,6.1646,2.8076,-0.6104
-0.0239,-0.0293,1.0221,6.0425,2.8687,-0.6714
-0.0248,-0.0299,1.0214,6.0425,3.1128,-0.5493
-0.0243,-0.0294,1.0211,6.2256,2.9297,-0.4883
-0.0236,-0.0287,1.0215,6.2256,2.9907,-0.6714
-0.0237,-0.0292,1.0222,6.0425,2.9297,-0.5493
-0.0236,-0.0304,1.0222,6.2866,3.0518,-0.6104
-0.0237,-0.0289,1.0225,6.1035,3.0518,-0.3662
-0.0238,-0.0291,1.0231,6.4087,2.9297,-0.4883
-0.0240,-0.0299,1.0222,6.1646,2.9907,-0.7324
-0.0229,-0.0300,1.0206,6.2866,3.0518,-0.6104
-0.0240,-0.0295,1.0200,6.2256,3.1738,-0.4883
-0.0258,-0.0277,1.0272,6.0425,2.9297,-0.6104
-0.0237,-0.0309,1.0188,6.1646,2.9297,-0.5493
-0.0232,-0.0293,1.0236,6.0425,2.9297,-0.6104
-0.0237,-0.0298,1.0225,6.2866,2.9297,-0.6104
-0.0249,-0.0297,1.0215,6.1646,3.0518,-0.6104
-0.0242,-0.0294,1.0216,6.1646,2.9297,-0.4883
-0.0240,-0.0295,1.0206,6.1035,3.1128,-0.7324
-0.0247,-0.0293,1.0215,6.2256,2.9907,-0.7935
-0.0238,-0.0297,1.0199,6.2256,2.9907,-0.6714
-0.0248,-0.0293,1.0205,6.1646,2.9907,-0.6104
-0.0242,-0.0304,1.0197,6.1035,2.8687,-0.5493
-0.0236,-0.0292,1.0204,6.1646,3.0518,-0.6104
-0.0226,-0.0284,1.0212,6.1035,2.9907,-0.7324
-0.0236,-0.0288,1.0204,6.2866,3.0518,-0.6714
-0.0234,-0.0305,1.0204,6.0425,2.9297,-0.6104
-0.0247,-0.0299,1.0211,6.1035,3.0518,-0.5493
-0.0239,-0.0298,1.0209,6.1646,2.9297,-0.6714
-0.0242,-0.0293,1.0208,6.1646,2.9297,-0.6104
-0.0238,-0.0294,1.0211,6.0425,3.0518,-0.6104
-0.0242,-0.0302,1.0215,6.2866,3.0518,-0.4883
-0.0240,-0.0305,1.0192,6.1035,2.9907,-0.6714
-0.0244,-0.0294,1.0250,6.1035,2.9907,-0.6104
-0.0240,-0.0288,1.0212,6.1035,2.9297,-0.5493
-0.0236,-0.0294,1.0206,6.2866,2.9907,-0.5493
-0.0242,-0.0289,1.0222,6.2866,2.9907,-0.4883
-0.0236,-0.0297,1.0200,6.1035,2.9907,-0.4272
-0.0223,-0.0424,1.0220,6.2866,3.0518,1.2817
-0.0231,-0.0328,1.0216,6.1035,3.0518,1.7090
-0.0242,-0.0255,1.0206,6.1035,2.9297,-0.3052
-0.0238,-0.0299,1.0215,6.1646,3.0518,-0.6104
-0.0238,-0.0297,1.0209,6.2256,3.0518,-0.4883
-0.0234,-0.0298,1.0206,6.2256,3.0518,-0.5493
-0.0240,-0.0298,1.0210,6.1035,2.8076,-0.6714
-0.0236,-0.0289,1.0223,6.3477,2.9297,-0.6104
-0.0229,-0.0304,1.0205,6.2866,2.9297,-0.6104
-0.0223,-0.0256,1.0210,6.2256,2.9297,-0.5493
-0.0234,-0.0289,1.0214,6.2866,3.1128,-0.6714
-0.0236,-0.0304,1.0210,6.1035,3.0518,-0.5493
-0.0239,-0.0293,1.0211,6.2866,2.8687,-0.6104
-0.0229,-0.0288,1.0211,6.1646,2.9907,-0.8545
-0.0229,-0.0317,1.0205,6.1035,2.9907,-0.9155
-0.0239,-0.0298,1.0209,6.2256,2.9907,-0.6104
-0.0243,-0.0282,1.0221,6.1035,2.9297,-0.6714
-0.0243,-0.0299,1.0233,6.2256,3.1738,-0.4272
-0.0258,-0.0326,1.0153,6.1646,3.0518,-0.4883
-0.0514,-0.0591,1.0249,6.1646,2.9907,5.6763
-0.0402,-0.0337,1.0236,6.0425,3.1128,3.9673
-0.0206,-0.0198,1.1577,36.2549,10.3149,1.0986
-0.0830,-0.0624,1.0892,-24.4141,11.7187,-2.1973
-0.0140,-0.0038,1.0746,-44.2505,16.7236,4.5166
FIN_VENTANA
INICIO_VENTANA reposo
-0.0035,0.0170,1.0933,44.1895,-2.0752,6.7749
-0.0132,-0.0197,1.1747,78.0640,-4.1504,5.9814
-0.0312,-0.1526,1.0150,-27.6489,4.6387,-4.6997
0.0063,0.0450,1.1729,-48.3398,-12.5732,-1.7700
-0.0931,-0.0175,1.2950,10.6812,-39.1846,2.2583
-0.0256,-0.0363,1.0204,6.3477,2.8076,-3.7842
-0.0293,-0.0332,1.0209,6.8970,2.4414,-2.8076
-0.0240,-0.0314,1.0205,6.1035,2.8687,-1.4038
-0.0596,-0.0579,1.0229,3.7842,4.3335,0.0000
-0.0697,-0.0530,1.0657,-35.0342,2.9297,-3.1738
0.0219,0.1309,1.0647,-129.3335,24.2310,-14.5264
-0.0363,0.1862,1.1821,-76.4160,34.4238,-20.3247
-0.0204,0.0398,1.0186,-15.7471,25.4517,-19.2261
0.0382,0.1443,0.9738,53.7109,6.7749,-6.5308
0.0582,-0.0018,0.8453,74.4019,5.9814,1.5259
0.0593,0.0260,0.8855,31.7383,11.4136,-5.4932
0.0154,-0.0386,0.9213,29.6021,3.2349,-1.2817
0.0107,-0.0104,0.9794,11.7187,-5.0049,6.4697
0.0159,0.0692,1.0834,-6.8970,-1.0376,5.9204
0.0223,0.0842,1.0701,7.5073,2.7466,1.0376
0.0104,0.0369,1.0372,14.8926,7.2021,-1.4648
0.0211,0.0321,1.0010,20.6299,5.0659,-0.6104
0.0188,0.0182,1.0004,35.6445,1.5259,1.2817
0.0173,0.0189,1.0400,51.8799,-0.9766,1.5259
0.0197,-0.0312,1.0288,61.5234,0.2441,0.4272
0.0081,-0.0778,0.9857,54.0161,0.2441,0.8545
0.0312,-0.1519,0.9152,38.8794,2.9907,0.4883
0.0443,-0.0310,1.0948,-21.3013,-6.7749,1.2207
-0.0422,-0.0504,1.0509,-53.9551,-26.3062,3.0518
-0.0077,0.0525,1.1096,-38.3911,-11.1694,2.4414
-0.0046,-0.0358,1.0220,7.6294,2.1973,0.1221
-0.0277,-0.0201,1.0140,6.1646,3.0518,-0.2441
0.0051,-0.0173,1.0217,6.1646,3.1738,-1.7090
-0.0380,-0.0381,1.0173,6.0425,2.9297,-2.4414
-0.0312,-0.0303,1.0194,6.0425,3.0518,-0.7935
-0.0244,-0.0258,1.0186,4.1504,4.2725,-0.3662
-0.0293,-0.0276,1.0203,6.0425,3.0518,-0.3662
-0.0339,-0.0167,1.0662,5.6763,3.2959,-0.9766
-0.0104,0.0652,1.1110,41.0767,20.0806,-5.7983
-0.0090,-0.0970,1.0244,53.4058,15.8081,-7.2021
0.0035,-0.1436,0.9669,23.4985,15.9302,-5.1880
0.0164,-0.1222,0.9513,-3.5400,9.3384,-2.3193
0.0034,-0.0870,1.0356,-69.7021,12.0850,-5.0049
0.0197,0.0157,1.0359,-114.6851,15.8691,-6.4697
0.0140,0.0599,0.9474,-66.2231,9.2773,-2.4414
0.0247,0.0695,0.9519,-3.1128,0.8545,1.6479
0.0265,0.0294,0.9304,15.6860,-4.8828,5.4932
0.0043,0.0621,1.0028,48.8892,-3.8452,8.7891
-0.0148,0.0903,1.2701,62.3779,1.4648,7.8125
0.0312,0.0040,1.0325,67.9321,-29.0527,8.4839
-0.0928,-0.0328,1.0176,16.4795,-12.0239,0.4272
-0.0247,-0.0288,1.0245,9.0332,2.9907,-2.8076
-0.0443,-0.0403,1.0225,5.4932,2.8076,-3.0518
-0.0262,-0.0228,1.0187,-2.1973,2.8687,-1.7700
-0.0367,0.0074,1.0132,-0.4883,2.9907,-2.2583
-0.0320,-0.1516,1.0991,39.8560,3.1128,-1.2817
-0.0248,-0.0416,1.0216,7.5073,2.1973,-1.2207
-0.0222,-0.0310,1.0182,6.3477,2.9907,-0.3662
-0.0233,-0.0286,1.0200,6.1035,3.0518,-0.4883
-0.0221,-0.0209,1.0188,6.1646,2.9907,-0.2441
-0.0254,-0.0303,1.0206,6.2256,3.0518,-0.7935
-0.0247,-0.0292,1.0195,6.1035,3.0518,-0.3052
-0.0226,-0.0242,1.0201,5.3101,3.6621,-0.6104
-0.0244,-0.0286,1.0190,6.1646,3.0518,-0.7935
-0.0244,-0.0284,1.0197,6.0425,2.9297,-1.4648
-0.0190,-0.0271,1.0208,6.2256,2.8687,-0.9766
-0.0176,-0.0278,1.0210,6.4697,3.0518,-1.0986
-0.0237,-0.0308,1.0186,6.1646,3.1128,-0.5493
-0.0240,-0.0300,1.0204,6.2256,2.9297,-0.7324
-0.0237,-0.0272,1.0200,6.0425,2.9907,-0.4883
-0.0237,-0.0272,1.0210,6.3477,2.8687,-0.5493
-0.0248,-0.0294,1.0195,6.2256,3.1128,-0.3662
-0.0234,-0.0292,1.0215,6.0425,2.9907,-0.4883
-0.0245,-0.0308,1.0209,6.0425,3.1128,-0.5493
-0.0247,-0.0397,1.0171,5.9814,3.2349,-0.3052
-0.0309,-0.0350,1.0248,6.0425,3.1128,-0.3052
-0.0276,-0.0261,1.0204,5.9814,2.9907,-0.6104
-0.0247,-0.0342,1.0205,6.2866,3.1128,-0.1221
-0.0204,-0.0277,1.0205,5.9814,3.1738,0.4272
-0.0226,-0.0255,1.0198,6.2256,3.1738,-0.6714
-0.0237,-0.0302,1.0195,6.2866,2.9907,-0.6714
-0.0227,-0.0618,1.0198,6.2866,3.1128,-0.4272
-0.0234,-0.0258,1.0184,6.3477,2.8076,-0.2441
-0.0233,-0.0299,1.0200,6.1646,2.9297,-0.1831
-0.0239,-0.0317,1.0199,6.2866,3.0518,-0.3662
-0.0212,-0.0249,1.0182,6.4087,2.8687,-0.7935
-0.0247,-0.0057,1.0199,6.3477,3.1738,-0.4272
-0.0195,-0.0245,1.0238,6.1646,3.0518,-3.6011
-0.0239,-0.0624,1.0209,6.2256,2.8687,-5.0049
-0.0228,-0.0336,1.0193,6.1646,3.2349,-0.9766
-0.0239,-0.0406,1.0205,6.1035,3.1738,-0.6104
-0.0245,-0.0310,1.0197,6.2256,3.1128,-1.3428
-0.0255,-0.0292,1.0208,5.9204,2.8687,-2.3804
-0.0439,-0.0580,1.0192,6.2256,3.0518,-12.9395
-0.0182,-0.0211,1.0209,6.1646,3.1128,-13.9771
-0.0184,-0.0206,1.0200,6.3477,2.9297,-4.1504
-0.0229,-0.0288,1.0193,6.4697,2.9297,-0.6104
-0.0240,-0.0291,1.0143,6.3477,3.0518,-0.0610
-0.0234,-0.0284,1.0245,6.4087,3.0518,-0.2441
-0.0259,-0.0297,1.0182,7.3853,2.2583,-0.3662
FIN_VENTANA
INICIO_VENTANA reposo
-0.0240,-0.0293,1.0210,6.1035,3.1128,-0.7324
-0.0245,-0.0298,1.0184,6.1035,2.9907,-0.4883
-0.0239,-0.0292,1.0206,6.2256,2.9297,-0.6104
-0.0238,-0.0292,1.0200,6.3477,3.0518,-0.4883
-0.0237,-0.0286,1.0198,6.1646,2.9297,-0.5493
-0.0248,-0.0289,1.0205,6.2256,2.9907,-0.6714
-0.0240,-0.0297,1.0206,6.2256,2.9907,-0.6104
-0.0242,-0.0291,1.0211,6.4087,2.9907,-0.6714
-0.0251,-0.0295,1.0195,6.2256,2.8687,-0.6104
-0.0237,-0.0286,1.0204,6.1035,3.1128,-0.6714
-0.0240,-0.0300,1.0183,6.2256,3.0518,-0.5493
-0.0231,-0.0297,1.0170,6.2256,2.9907,-0.6104
-0.0237,-0.0288,1.0237,6.2256,3.0518,-0.6104
-0.0234,-0.0349,1.0183,6.1646,2.9907,-0.3052
-0.0245,-0.0295,1.0182,6.3477,2.9297,-0.2441
-0.0254,-0.0273,1.0205,6.1035,2.9907,-0.4272
-0.0247,-0.0291,1.0205,6.2256,2.9297,-0.4883
-0.0232,-0.0304,1.0187,6.2256,2.9907,-0.6104
-0.0232,-0.0312,1.0195,6.2256,2.9907,-0.1221
-0.0243,-0.0270,1.0203,6.2866,2.9907,-0.3662
-0.0242,-0.0281,1.0205,6.2866,3.0518,-0.7324
-0.0244,-0.0300,1.0200,6.1646,2.9907,-0.6104
-0.0244,-0.0286,1.0204,6.3477,2.9907,-0.6714
-0.0247,-0.0289,1.0203,6.1035,2.9297,-0.5493
-0.0228,-0.0300,1.0206,6.1035,2.9907,-0.4883
-0.0247,-0.0265,1.0199,6.1035,3.0518,-0.6714
-0.0240,-0.0297,1.0201,6.1646,3.1128,-0.7935
-0.0236,-0.0391,1.0205,6.1646,2.9907,-0.4272
-0.0242,-0.0293,1.0173,6.2866,3.1128,-0.3662
-0.0236,-0.0275,1.0209,6.3477,2.9907,-0.5493
-0.0243,-0.0293,1.0192,6.2256,2.9297,-0.8545
-0.0232,-0.0288,1.0222,6.2256,3.1128,-0.3662
-0.0236,-0.0295,1.0187,6.2256,2.9297,-0.6714
-0.0222,-0.0201,1.0220,6.3477,3.0518,-0.9766
-0.0092,-0.0199,1.0256,6.4087,2.8687,-1.8311
-0.0361,-0.0604,1.0143,6.1646,3.1128,-2.3804
-0.0316,-0.0336,1.0232,6.1035,3.2349,-0.3662
-0.0266,-0.0331,1.0192,6.1035,2.9907,-0.6104
-0.0236,-0.0284,1.0220,6.0425,3.0518,-0.3052
-0.0228,-0.0302,1.0189,6.2866,2.9297,-0.1831
-0.0260,-0.0297,1.0200,6.1646,3.0518,0.5493
-0.0182,-0.0204,1.0215,6.1035,2.9907,0.4883
-0.0172,-0.0248,1.0193,6.1646,3.0518,-0.1221
-0.0245,-0.0284,1.0204,6.2866,3.1128,-0.7324
-0.0250,-0.0308,1.0201,6.2256,3.0518,-0.5493
-0.0237,-0.0299,1.0211,6.1646,2.9907,-0.5493
-0.0234,-0.0325,1.0200,6.3477,2.8687,-0.4272
-0.0239,-0.0260,1.0193,6.2866,2.8076,-0.6104
-0.0238,-0.0288,1.0204,6.2256,2.8687,-0.7935
-0.0212,-0.0044,1.0201,6.1646,3.0518,-0.3052
-0.0156,-0.0344,1.0215,6.4697,2.8687,-1.6479
-0.0414,-0.0532,1.0206,6.1035,2.8687,-0.7324
-0.0234,-0.0448,1.0206,6.1035,3.1128,-0.5493
-0.0682,-0.0560,1.0212,6.0425,3.1128,2.7466
-0.0022,-0.0013,1.0208,6.2256,2.9297,0.0610
-0.0238,-0.0300,1.0228,6.2866,2.8687,-0.5493
-0.0243,-0.0288,1.0195,6.1646,2.8076,-0.6104
-0.0234,-0.0280,1.0195,6.2866,2.9907,-0.9155
-0.0237,-0.0266,1.0228,6.2866,2.9907,-0.3052
-0.0242,-0.0350,1.0222,6.2866,2.9297,-0.7324
-0.0237,-0.0284,1.0209,6.2866,3.1128,-0.7935
-0.0232,-0.0256,1.0212,6.1646,2.9297,-0.7324
-0.0206,-0.0298,1.0223,6.2866,2.9907,-2.0142
-0.0293,-0.0312,1.0214,6.1035,2.9297,-1.2817
-0.0272,-0.0435,1.0219,6.2866,2.9907,-1.2207
-0.0269,-0.0375,1.0214,6.2866,2.9297,-0.4272
-0.0250,-0.0289,1.0211,6.1035,3.0518,-0.5493
-0.0320,-0.0457,1.0198,6.1035,3.1128,-0.9155
-0.0393,-0.0331,1.0212,5.9814,2.8687,1.0986
-0.0024,-0.0024,1.0205,6.1646,3.1128,1.7700
-0.0226,-0.0272,1.0203,6.4087,3.1738,-0.6714
-0.0247,-0.0299,1.0210,6.1646,2.9907,-0.7324
-0.0233,-0.0291,1.0214,6.2256,2.8076,-0.3662
-0.0243,-0.0295,1.0214,6.1646,2.8687,-0.6104
-0.0232,-0.0302,1.0210,6.3477,2.8687,-0.5493
-0.0248,-0.0295,1.0210,6.2256,3.0518,-0.6104
-0.0239,-0.0302,1.0206,6.2256,2.9297,-0.7324
-0.0244,-0.0291,1.0223,6.1035,3.0518,-0.5493
-0.0245,-0.0309,1.0249,6.0425,2.9907,-0.6104
-0.0237,-0.0303,1.0168,6.3477,3.1738,-0.7324
-0.0243,-0.0284,1.0243,6.1646,3.0518,-0.7324
-0.0237,-0.0300,1.0193,6.1035,2.9907,-0.6104
-0.0238,-0.0286,1.0229,6.1646,2.9297,-0.6104
-0.0239,-0.0302,1.0210,6.1646,2.9297,-0.5493
-0.0227,-0.0288,1.0222,6.2866,2.8687,-0.4883
-0.0237,-0.0305,1.0211,6.1646,2.9907,-0.7324
-0.0237,-0.0300,1.0211,6.1035,2.9297,-0.4883
-0.0242,-0.0292,1.0217,6.0425,3.0518,-0.4883
-0.0236,-0.0297,1.0203,6.2256,2.9907,-0.7935
-0.0244,-0.0294,1.0227,6.2866,2.9907,-0.6104
-0.0247,-0.0294,1.0206,6.2256,2.8687,-0.7935
-0.0236,-0.0287,1.0212,6.3477,2.9297,-0.6714
-0.0234,-0.0293,1.0214,6.1646,2.9907,-0.5493
-0.0236,-0.0299,1.0208,6.1035,2.9297,-0.6714
-0.0239,-0.0289,1.0210,6.4087,3.2959,-0.7935
-0.0242,-0.0292,1.0205,6.4087,3.1128,-0.5493
-0.0236,-0.0293,1.0209,6.1646,2.8076,-0.4883
-0.0237,-0.0305,1.0211,6.0425,2.9907,-0.6714
-0.0233,-0.0297,1.0209,6.2866,3.1738,-0.5493
-0.0283,-0.0465,1.0222,6.1646,2.9907,-0.9155
FIN_VENTANA
INICIO_VENTANA reposo
-0.0234,-0.0271,1.0216,6.2866,2.9907,-0.1221
-0.0255,-0.0291,1.0210,6.1646,3.1738,-0.5493
-0.0242,-0.0304,1.0212,6.1646,3.0518,-0.6714
-0.0249,-0.0294,1.0219,6.0425,2.8687,-0.8545
-0.0240,-0.0326,1.0215,5.9814,2.9297,-0.4883
-0.0238,-0.0298,1.0215,6.0425,3.1738,-0.3052
-0.0250,-0.0286,1.0215,6.3477,2.9907,-0.2441
-0.0231,-0.0275,1.0210,6.4697,3.1738,-0.5493
-0.0248,-0.0309,1.0205,6.2256,3.0518,-0.5493
-0.0221,-0.0303,1.0214,6.4697,3.0518,-0.1831
-0.0240,-0.0330,1.0206,6.5308,3.0518,0.1221
-0.0242,-0.0298,1.0206,6.4697,2.9907,0.0610
-0.0250,-0.0259,1.0211,6.1035,3.1128,-0.1221
-0.0228,-0.0304,1.0209,6.2256,3.0518,-0.4272
-0.0245,-0.0291,1.0214,6.2256,2.8687,-0.4883
-0.0232,-0.0289,1.0200,6.1035,3.1128,-0.5493
-0.0244,-0.0282,1.0271,6.2256,2.9297,-0.6714
-0.0234,-0.0323,1.0160,6.2866,2.9297,-0.6714
-0.0251,-0.0286,1.0204,6.2256,3.1128,-0.4883
-0.0242,-0.0287,1.0226,6.1646,2.9907,-0.3662
-0.0239,-0.0308,1.0208,6.2866,3.0518,-0.5493
-0.0254,-0.0308,1.0209,6.2866,3.1128,-0.3662
-0.0233,-0.0325,1.0214,6.1035,2.7466,0.0000
-0.0226,-0.0282,1.0209,6.4087,2.8687,-0.2441
-0.0250,-0.0282,1.0206,6.1035,3.0518,-0.5493
-0.0244,-0.0288,1.0216,6.1035,2.9907,-0.5493
-0.0240,-0.0284,1.0212,6.2256,2.9907,-0.6714
-0.0253,-0.0287,1.0206,6.2256,2.9907,-0.5493
-0.0240,-0.0291,1.0215,6.1646,2.9907,-0.5493
-0.0231,-0.0302,1.0206,6.3477,3.0518,-0.7324
-0.0250,-0.0294,1.0216,6.1035,3.0518,-0.3662
-0.0233,-0.0333,1.0201,6.2256,3.0518,-0.4272
-0.0259,-0.0295,1.0214,6.2256,2.9907,-0.6104
-0.0245,-0.0283,1.0214,6.1035,2.8076,-0.4883
-0.0242,-0.0294,1.0206,6.2256,3.0518,-0.4883
-0.0239,-0.0275,1.0209,6.1646,3.0518,-0.4272
-0.0243,-0.0300,1.0199,6.3477,3.0518,-0.5493
-0.0242,-0.0280,1.0254,6.2256,3.0518,-0.5493
-0.0240,-0.0310,1.0256,6.2866,2.9907,-0.5493
-0.0250,-0.0288,1.0247,6.1646,3.2959,-0.7324
-0.0234,-0.0306,1.0200,6.3477,3.1738,-0.4883
-0.0240,-0.0289,1.0209,6.4697,3.0518,-0.5493
-0.0239,-0.0308,1.0221,6.1035,2.9907,0.3662
-0.0244,-0.0267,1.0204,6.2256,3.1128,-0.3662
-0.0234,-0.0304,1.0211,6.3477,2.9907,-0.5493
-0.0242,-0.0287,1.0227,6.2256,3.1128,-0.4272
-0.0242,-0.0298,1.0206,6.2866,3.1128,-0.6714
-0.0247,-0.0333,1.0214,6.1646,2.9907,-0.5493
-0.0237,-0.0286,1.0225,6.4697,2.9297,-0.4883
-0.0236,-0.0289,1.0219,6.2256,2.9907,-0.5493
-0.0249,-0.0354,1.0211,6.4087,3.1128,-0.5493
-0.0226,-0.0261,1.0209,6.2866,3.1738,-0.1221
-0.0236,-0.0232,1.0212,6.2866,3.0518,-0.1221
-0.0240,-0.0278,1.0219,5.9204,2.9907,-0.3662
-0.0248,-0.0283,1.0233,6.1646,3.0518,-0.5493
-0.0240,-0.0314,1.0212,6.4087,3.1128,-0.2441
-0.0244,-0.0292,1.0228,6.1646,3.0518,-0.4883
-0.0232,-0.0288,1.0214,6.2866,3.2959,-0.6714
-0.0234,-0.0302,1.0220,6.1035,2.9907,-0.5493
-0.0232,-0.0284,1.0182,6.3477,3.0518,-0.6714
-0.0251,-0.0282,1.0231,6.1035,3.0518,-0.6104
-0.0244,-0.0316,1.0220,6.1035,3.1128,-0.6104
-0.0242,-0.0245,1.0234,6.1035,3.1738,-0.8545
-0.0253,-0.0297,1.0189,6.3477,3.1128,-0.6104
-0.0237,-0.0287,1.0211,6.1646,3.0518,-0.5493
-0.0245,-0.0303,1.0208,6.1646,2.9907,-0.4883
-0.0238,-0.0292,1.0211,6.2256,2.9907,-0.6104
-0.0228,-0.0271,1.0212,6.1646,3.0518,-0.1221
-0.0247,-0.0270,1.0210,6.2256,2.9297,-0.3052
-0.0237,-0.0297,1.0217,6.1646,2.9907,-0.4883
-0.0258,-0.0286,1.0208,6.1646,2.9297,-0.5493
-0.0240,-0.0294,1.0209,6.1646,3.1738,-0.2441
-0.0237,-0.0306,1.0223,5.9814,3.1128,-0.6104
-0.0229,-0.0300,1.0206,6.1035,3.1128,-0.4883
-0.0239,-0.0292,1.0219,6.2866,3.2349,-0.6714
-0.0240,-0.0292,1.0209,6.2256,2.9907,-0.4883
-0.0244,-0.0288,1.0227,6.2256,2.9907,-0.4883
-0.0242,-0.0298,1.0209,6.1646,3.1128,-0.5493
-0.0254,-0.0293,1.0214,6.2256,3.2349,-0.5493
-0.0247,-0.0288,1.0237,6.2866,3.1128,-0.7324
-0.0245,-0.0275,1.0210,6.2866,3.1128,-0.6714
-0.0244,-0.0298,1.0211,6.2866,2.9907,-0.4883
-0.0262,-0.0289,1.0267,6.2866,3.0518,-0.5493
-0.0238,-0.0311,1.0175,6.4087,2.9907,-0.5493
-0.0244,-0.0273,1.0233,6.1646,2.9297,-0.6104
-0.0255,-0.0300,1.0200,6.1035,2.9297,-0.4883
-0.0245,-0.0292,1.0232,6.1035,3.1128,-0.6104
-0.0239,-0.0297,1.0211,6.1035,2.9297,-0.6104
-0.0245,-0.0289,1.0204,6.4087,3.1738,-0.6104
-0.0238,-0.0289,1.0228,6.0425,2.8076,-0.6714
-0.0234,-0.0295,1.0205,6.2256,2.9907,-0.7324
-0.0242,-0.0294,1.0232,6.1646,3.1128,-0.5493
-0.0242,-0.0291,1.0200,6.2256,3.0518,-0.4883
-0.0247,-0.0294,1.0222,6.1646,2.8687,-0.6104
-0.0247,-0.0278,1.0220,6.3477,2.9907,-0.6714
-0.0240,-0.0294,1.0216,6.1646,2.9907,-0.6714
-0.0242,-0.0282,1.0221,5.9814,2.8687,-0.6104
-0.0243,-0.0287,1.0214,6.1646,2.9907,-0.5493
-0.0244,-0.0294,1.0212,6.1035,3.1738,-0.5493
-0.0225,-0.0302,1.0219,6.1035,2.8687,-0.6104
FIN_VENTANA
INICIO_VENTANA reposo
-0.0387,-0.0331,1.0206,6.2866,2.8687,-1.4038
-0.0594,-0.0118,1.0211,6.4087,2.9297,-1.4648
-0.0416,-0.0345,1.0222,6.2866,3.1128,-8.9722
-0.0502,-0.0770,1.0204,6.5308,2.9297,-4.5166
-0.0251,-0.0299,1.0217,6.3477,2.8687,-0.7324
-0.0240,-0.0276,1.0229,6.0425,2.8687,-0.6104
-0.0231,-0.0295,1.0205,6.2256,3.1128,-0.7324
-0.0240,-0.0293,1.0223,6.2256,3.0518,-0.6714
-0.0234,-0.0295,1.0217,6.2256,2.9297,-0.7324
-0.0247,-0.0297,1.0226,6.2256,3.0518,-0.6714
-0.0243,-0.0294,1.0214,6.3477,2.9907,-0.5493
-0.0248,-0.0287,1.0211,6.1035,2.8687,-0.5493
-0.0239,-0.0298,1.0209,6.2256,3.1738,-0.6104
-0.0192,-0.0402,0.9608,6.2866,2.8687,-0.6104
-0.0289,-0.0348,1.0360,6.3477,3.3569,-1.0376
-0.0233,-0.0352,1.0059,6.3477,3.0518,-0.4883
-0.0198,-0.0259,1.0256,6.2866,2.9907,-0.8545
-0.0208,-0.0326,1.0128,6.4697,3.0518,-0.7935
-0.0251,-0.0276,1.0210,6.1646,3.0518,-0.6714
-0.0203,-0.0265,1.0254,6.0425,3.1128,-1.0376
-0.0255,-0.0306,1.0206,6.4087,2.9297,-1.2207
-0.0221,-0.0272,1.0234,6.2866,2.9907,-0.7324
-0.0250,-0.0298,1.0212,6.1646,3.0518,-0.8545
-0.0238,-0.0297,1.0195,6.2256,3.1128,-0.5493
-0.0249,-0.0278,1.0320,6.2866,3.0518,-0.6104
-0.0237,-0.0288,1.0211,6.1035,3.1738,-0.5493
-0.0236,-0.0295,1.0201,6.4697,2.8076,-0.5493
-0.0243,-0.0289,1.0234,6.1035,3.1738,-0.6104
-0.0243,-0.0281,1.0237,6.2866,2.9907,-0.6714
-0.0233,-0.0293,1.0216,6.2866,3.0518,-0.6104
-0.0251,-0.0303,1.0211,6.2256,2.9297,-0.6714
-0.0234,-0.0282,1.0275,6.3477,3.0518,-0.4883
-0.0231,-0.0278,1.0190,6.2866,2.9907,-0.4883
-0.0243,-0.0271,1.0232,6.1646,3.1128,-0.4272
-0.0240,-0.0298,1.0226,6.1646,3.1128,-0.7935
-0.0203,-0.0261,1.0225,6.2256,3.1738,-0.7324
-0.0355,-0.0367,1.0226,6.2256,2.9297,-1.5259
-0.0319,-0.0281,1.0220,5.8594,2.8687,-0.1221
-0.0219,-0.0226,1.0221,6.2866,2.9907,-0.3052
-0.0103,-0.0203,1.0221,6.2256,3.1738,-1.0376
-0.0209,-0.0310,1.0216,6.2256,2.9907,-1.5869
-0.0278,-0.0309,1.0233,6.2256,3.1738,-0.8545
-0.0183,-0.0182,1.0236,6.2866,3.1128,-0.6714
-0.0389,-0.0458,1.0223,6.1646,3.1128,-3.0518
-0.0294,-0.0463,1.0239,6.5308,3.0518,-2.6245
-0.0277,-0.0165,1.0240,6.1646,3.1128,-2.4414
-0.0203,-0.0101,1.0216,6.2256,3.1128,-3.4180
-0.0194,-0.0260,1.0247,6.2866,3.2349,-3.1738
-0.0243,-0.0554,1.0242,6.3477,2.8687,-4.5166
-0.0203,-0.0215,1.0234,6.1646,3.1128,-0.9155
-0.0297,-0.0422,1.0249,6.2256,3.0518,-1.6479
-0.0140,-0.0858,1.0247,12.8784,3.2349,0.7935
-0.0165,-0.0414,1.0441,15.5029,3.1738,0.1831
-0.0247,-0.0432,1.0160,8.5449,2.9297,1.8311
-0.0236,-0.0422,1.0148,9.3994,2.8687,-0.2441
-0.0236,-0.0286,1.0115,-6.1035,2.8687,-2.3804
-0.0204,-0.0043,1.0299,-1.6479,2.9907,-2.3193
-0.0167,-0.0345,1.0244,6.1646,3.1738,-2.1362
-0.0345,-0.0400,1.0239,6.0425,3.1738,-1.0986
-0.0253,-0.0299,1.0226,6.2256,3.0518,-0.7324
-0.0233,-0.0295,1.0239,6.2866,2.9907,-0.6714
-0.0238,-0.0284,1.0233,6.1646,3.1738,-0.7935
-0.0232,-0.0306,1.0237,6.4087,3.0518,-0.4883
-0.0365,-0.0248,1.0239,6.4697,3.0518,1.9531
-0.0258,-0.0314,1.0238,6.2256,3.1738,1.2207
-0.0150,-0.0447,1.0228,6.2256,3.0518,0.6714
-0.0320,-0.0352,1.0236,6.3477,2.9907,1.4648
-0.0204,-0.0464,1.0225,6.0425,3.0518,1.6479
-0.0240,-0.0341,1.0232,6.2256,3.1738,1.7700
-0.0264,-0.0188,1.0217,6.2256,2.9297,-0.1831
-0.0242,-0.0288,1.0231,6.4087,3.0518,-0.4883
-0.0250,-0.0288,1.0233,6.2866,3.1128,-0.4883
-0.0237,-0.0293,1.0239,6.2866,2.9297,-0.5493
-0.0248,-0.0297,1.0243,6.4087,3.0518,-0.3662
-0.0255,-0.0166,1.0239,6.1646,2.9907,0.9766
-0.0234,-0.0238,1.0242,6.2866,2.9907,-0.1831
-0.0247,-0.0278,1.0232,6.4087,2.9907,-0.6104
-0.0244,-0.0294,1.0240,6.1646,3.1128,-0.3662
-0.0244,-0.0365,1.0247,6.2256,3.0518,-0.1221
-0.0234,-0.0269,1.0233,6.2866,3.2349,0.0000
-0.0244,-0.0289,1.0244,6.2256,2.9907,-0.4883
-0.0243,-0.0292,1.0232,6.1646,3.0518,-0.4272
-0.0267,-0.0315,1.0236,6.2256,2.9907,0.1221
-0.0237,-0.0292,1.0239,6.4087,3.0518,-0.4272
-0.0319,-0.0425,1.0227,6.4697,2.8687,0.5493
-0.0175,-0.0200,1.0239,6.1646,3.1738,-0.4883
-0.0238,-0.0298,1.0234,6.1646,2.9297,-0.4883
-0.0249,-0.0282,1.0240,6.4087,3.1128,-0.6104
-0.0239,-0.0302,1.0239,6.2256,2.9297,-0.6714
-0.0234,-0.0295,1.0240,6.1035,2.9907,-0.4883
-0.0243,-0.0297,1.0233,6.2866,2.9907,-0.6104
-0.0249,-0.0292,1.0243,6.2256,2.9297,-0.4883
-0.0236,-0.0284,1.0238,6.1035,2.9297,-0.5493
-0.0245,-0.0299,1.0238,6.1035,2.8687,-0.5493
-0.0238,-0.0298,1.0240,6.3477,2.9297,-0.4272
-0.0236,-0.0293,1.0234,6.1646,2.8076,-0.3052
-0.0242,-0.0297,1.0236,6.2256,2.9297,-0.1831
-0.0255,-0.0293,1.0244,6.1646,3.1738,-0.3052
-0.0249,-0.0292,1.0240,6.0425,2.9297,-0.2441
-0.0242,-0.0288,1.0226,6.1035,2.9907,0.0610
FIN_VENTANA
INICIO_VENTANA reposo
-0.0240,-0.0288,1.0231,6.3477,2.9907,-0.6714
-0.0239,-0.0302,1.0225,6.2866,2.9907,-0.6104
-0.0243,-0.0294,1.0245,6.1035,3.1738,-0.6104
-0.0244,-0.0294,1.0232,6.2256,3.1738,-0.6714
-0.0234,-0.0295,1.0236,6.3477,3.0518,-0.3662
-0.0234,-0.0292,1.0237,6.2256,2.9297,-0.4883
-0.0240,-0.0287,1.0236,6.4697,2.9907,-0.5493
-0.0236,-0.0295,1.0231,6.1646,2.9907,-0.6104
-0.0239,-0.0286,1.0227,6.3477,3.0518,-0.4272
-0.0239,-0.0292,1.0231,6.4697,3.1128,-0.4272
-0.0243,-0.0284,1.0243,6.3477,3.1128,-0.6104
-0.0239,-0.0295,1.0237,6.2256,2.9297,-0.7324
-0.0186,-0.0143,1.0240,6.3477,3.0518,-1.5259
-0.0315,-0.0430,1.0226,6.2866,2.9907,-0.9766
-0.0243,-0.0319,1.0242,6.4087,2.9297,-0.2441
-0.0243,-0.0358,1.0227,6.3477,2.9907,0.5493
-0.0254,-0.0273,1.0243,6.3477,2.9907,-0.5493
-0.0233,-0.0302,1.0215,6.2256,2.9297,-0.1221
-0.0237,-0.0298,1.0244,6.1646,2.9907,-0.6714
-0.0247,-0.0269,1.0242,6.1646,3.1128,-0.5493
-0.0250,-0.0309,1.0234,6.1646,2.9297,-0.6714
-0.0239,-0.0282,1.0239,6.1035,2.9297,-0.4883
-0.0247,-0.0294,1.0242,6.0425,3.1738,-0.4883
-0.0244,-0.0297,1.0233,6.3477,2.9907,-0.3662
-0.0238,-0.0294,1.0243,6.2866,2.9907,-0.6104
-0.0248,-0.0291,1.0233,6.4087,3.1128,-0.6104
-0.0251,-0.0281,1.0242,6.2256,2.9907,-0.6714
-0.0234,-0.0286,1.0228,6.2256,2.9907,-0.5493
-0.0250,-0.0282,1.0239,6.2866,3.1128,-0.6714
-0.0240,-0.0287,1.0237,6.3477,3.1128,-0.6714
-0.0250,-0.0297,1.0227,6.1035,3.0518,-0.5493
-0.0239,-0.0288,1.0242,6.2866,2.9907,-0.5493
-0.0255,-0.0294,1.0238,6.2866,2.9907,-0.5493
-0.0236,-0.0299,1.0243,6.2256,2.9907,-0.6104
-0.0243,-0.0291,1.0227,6.3477,2.9907,-0.8545
-0.0232,-0.0399,1.0240,6.3477,3.1738,-0.6714
-0.0251,-0.0228,1.0271,6.2866,2.9297,0.0000
-0.0256,-0.0272,1.0253,6.3477,2.9297,-0.7324
-0.0251,-0.0312,1.0239,6.3477,3.0518,-0.4883
-0.0245,-0.0291,1.0238,6.1646,3.0518,-0.4272
-0.0243,-0.0293,1.0236,6.1646,2.9297,-0.5493
-0.0240,-0.0289,1.0231,6.1646,3.1738,-0.5493
-0.0239,-0.0295,1.0229,6.2866,3.1738,-0.4883
-0.0247,-0.0295,1.0244,6.2256,2.9907,-0.5493
-0.0250,-0.0289,1.0219,6.1646,3.0518,-0.6714
-0.0243,-0.0292,1.0237,6.2256,3.0518,-0.4272
-0.0247,-0.0292,1.0240,6.4697,3.2349,-0.5493
-0.0236,-0.0294,1.0239,6.1646,3.1128,-0.4883
-0.0247,-0.0289,1.0240,6.1035,3.1128,-0.4883
-0.0244,-0.0294,1.0239,6.2866,2.9907,-0.5493
-0.0253,-0.0298,1.0242,6.1035,3.0518,-0.5493
-0.0242,-0.0283,1.0275,6.3477,3.1128,-0.4272
-0.0244,-0.0294,1.0219,6.2866,3.1128,-0.5493
-0.0238,-0.0300,1.0243,6.4087,3.1128,-0.4883
-0.0242,-0.0281,1.0232,6.1646,3.1128,-0.4883
-0.0249,-0.0289,1.0228,6.2256,3.0518,-0.5493
-0.0242,-0.0293,1.0247,6.2256,2.9907,-0.6104
-0.0244,-0.0291,1.0242,6.2256,2.9907,-0.4272
-0.0250,-0.0302,1.0236,6.2256,3.0518,-0.6714
-0.0236,-0.0242,1.0237,6.3477,2.9907,0.0000
-0.0239,-0.0217,1.0240,6.4087,3.1128,0.4272
-0.0236,-0.0281,1.0242,6.2256,2.9297,-0.2441
-0.0249,-0.0297,1.0234,6.1035,3.0518,-0.4272
-0.0240,-0.0299,1.0222,6.2866,3.1738,-0.6714
-0.0244,-0.0292,1.0234,6.1646,3.0518,-0.4883
-0.0242,-0.0291,1.0244,6.0425,3.0518,-0.5493
-0.0243,-0.0287,1.0229,6.3477,2.9907,-0.4883
-0.0240,-0.0295,1.0229,6.4697,3.0518,-0.5493
-0.0239,-0.0300,1.0221,6.2256,2.9907,-0.6714
-0.0249,-0.0284,1.0242,6.1646,3.0518,-0.6104
-0.0237,-0.0291,1.0239,6.2256,2.8687,-0.5493
-0.0255,-0.0297,1.0244,6.2256,2.9297,-0.5493
-0.0242,-0.0299,1.0243,6.2256,3.0518,-0.4883
-0.0240,-0.0283,1.0237,6.2256,2.9297,-0.4272
-0.0239,-0.0297,1.0228,6.1035,3.1128,-0.3662
-0.0250,-0.0305,1.0231,6.1035,2.9297,-0.6714
-0.0245,-0.0295,1.0234,6.3477,3.1128,0.0000
-0.0251,-0.0276,1.0232,6.3477,2.9907,-0.2441
-0.0247,-0.0288,1.0238,6.1035,2.9907,-0.4272
-0.0244,-0.0293,1.0249,6.2256,3.1128,-0.4883
-0.0238,-0.0288,1.0227,6.2256,2.8687,-0.5493
-0.0238,-0.0294,1.0231,6.2866,2.7466,-0.5493
-0.0247,-0.0289,1.0227,6.1646,3.0518,-0.6714
-0.0238,-0.0287,1.0240,6.1646,3.0518,-0.6104
-0.0236,-0.0289,1.0234,6.2866,2.9907,-0.5493
-0.0247,-0.0292,1.0237,6.1035,3.0518,-0.4883
-0.0242,-0.0291,1.0233,6.2866,2.9297,-0.7935
-0.0255,-0.0297,1.0234,5.9204,2.9297,-0.6714
-0.0244,-0.0278,1.0236,6.3477,3.2349,-0.7935
-0.0242,-0.0280,1.0237,6.2866,3.0518,-0.6714
-0.0251,-0.0299,1.0240,6.3477,3.1128,-0.4883
-0.0245,-0.0286,1.0227,6.2256,2.9907,-0.5493
-0.0239,-0.0288,1.0234,6.1035,2.8687,-0.6104
-0.0237,-0.0291,1.0239,6.2866,3.1128,-0.5493
-0.0248,-0.0289,1.0242,6.0425,2.9907,-0.4883
-0.0247,-0.0319,1.0231,6.2256,3.0518,-0.2441
-0.0240,-0.0306,1.0244,6.3477,2.9907,0.1221
-0.0253,-0.0297,1.0226,6.3477,2.9907,-0.7935
-0.0254,-0.0273,1.0239,6.1035,3.1738,-0.4272
-0.0244,-0.0281,1.0239,6.2256,3.0518,-0.4883
FIN_VENTANA
INICIO_VENTANA reposo
-0.0242,-0.0287,1.0251,6.1646,3.0518,-0.4883
-0.0253,-0.0288,1.0228,6.2256,2.9297,-0.5493
-0.0250,-0.0291,1.0229,6.2866,3.0518,-0.7324
-0.0250,-0.0295,1.0234,6.2256,3.0518,-0.4883
-0.0253,-0.0284,1.0233,6.2866,3.1128,-0.6714
-0.0242,-0.0289,1.0243,6.4697,2.9907,-0.6714
-0.0245,-0.0287,1.0237,6.2256,2.9907,-0.5493
-0.0244,-0.0286,1.0221,6.3477,2.8687,-0.4883
-0.0239,-0.0294,1.0222,6.1646,3.0518,-0.5493
-0.0239,-0.0286,1.0225,6.2256,2.9297,-0.5493
-0.0243,-0.0294,1.0236,6.4697,3.1128,-0.6714
-0.0236,-0.0294,1.0239,6.3477,2.9907,-0.4883
-0.0236,-0.0284,1.0236,6.2256,2.8687,-0.5493
-0.0245,-0.0292,1.0226,6.1646,3.0518,-0.6104
-0.0247,-0.0298,1.0226,6.4697,3.1128,-0.6714
-0.0237,-0.0289,1.0237,6.2256,3.1128,-0.5493
-0.0250,-0.0283,1.0226,6.2866,3.1128,-0.5493
-0.0249,-0.0303,1.0240,6.2866,3.1128,-0.5493
-0.0244,-0.0299,1.0223,6.4087,2.9907,-0.4883
-0.0237,-0.0282,1.0231,6.1646,3.0518,-0.5493
-0.0243,-0.0299,1.0228,6.2866,3.1738,-0.6104
-0.0242,-0.0283,1.0226,6.1035,2.9297,-0.4272
-0.0250,-0.0277,1.0239,6.1646,2.9907,-0.4883
-0.0237,-0.0291,1.0222,6.4087,2.9907,-0.5493
-0.0238,-0.0284,1.0222,6.4087,2.9907,-0.6104
-0.0254,-0.0292,1.0234,6.2256,2.9297,-0.5493
-0.0248,-0.0284,1.0242,6.2866,2.9297,-0.3662
-0.0244,-0.0300,1.0238,6.2256,2.9907,-0.7324
-0.0240,-0.0293,1.0223,6.3477,3.2959,-0.6714
-0.0238,-0.0292,1.0233,6.2256,2.9907,-0.6104
-0.0244,-0.0291,1.0236,6.2866,3.0518,-0.4883
-0.0250,-0.0283,1.0232,6.1646,3.0518,-0.5493
-0.0238,-0.0295,1.0214,6.1035,2.8687,-0.6104
-0.0245,-0.0292,1.0223,6.1646,2.9907,-0.6714
-0.0240,-0.0294,1.0232,6.1646,3.0518,-0.4883
-0.0244,-0.0293,1.0225,6.2866,3.1738,-0.6104
-0.0240,-0.0286,1.0214,6.2866,2.9297,-0.6714
-0.0243,-0.0294,1.0232,6.1035,2.9907,-0.6714
-0.0238,-0.0293,1.0225,6.0425,2.9907,-0.4883
-0.0240,-0.0288,1.0227,6.2866,3.1128,-0.4272
-0.0243,-0.0286,1.0234,6.1035,3.1128,-0.4883
-0.0234,-0.0295,1.0237,6.0425,2.9907,-0.5493
-0.0248,-0.0322,1.0220,6.1035,2.9907,-0.7935
-0.0247,-0.0264,1.0243,5.9814,3.1738,0.0000
-0.0245,-0.0262,1.0231,6.2256,2.9297,-0.3052
-0.0249,-0.0294,1.0232,6.0425,3.0518,-0.5493
-0.0244,-0.0289,1.0232,6.2866,2.9297,-0.3662
-0.0248,-0.0287,1.0237,6.2256,2.9907,-0.4883
-0.0247,-0.0282,1.0232,6.4087,3.1738,-0.5493
-0.0236,-0.0289,1.0226,6.1646,3.1738,-0.3052
-0.0248,-0.0289,1.0239,6.3477,3.1128,-0.3662
-0.0243,-0.0277,1.0234,6.2256,2.8687,-0.4272
-0.0238,-0.0293,1.0233,6.2866,3.1738,-0.4272
-0.0250,-0.0283,1.0225,6.1646,2.9297,-0.6104
-0.0244,-0.0293,1.0234,6.2866,3.1738,-0.6714
-0.0240,-0.0291,1.0233,6.1035,2.9907,-0.3052
-0.0244,-0.0300,1.0236,6.4087,2.8687,-0.6104
-0.0240,-0.0289,1.0233,5.9814,2.8687,-0.4272
-0.0237,-0.0297,1.0240,6.2256,3.1128,-0.4883
-0.0243,-0.0286,1.0222,6.1646,2.8687,-0.4272
-0.0245,-0.0287,1.0221,6.3477,3.2349,-0.6104
-0.0242,-0.0278,1.0242,6.2866,3.1738,-0.4883
-0.0243,-0.0297,1.0216,6.2256,2.9907,-0.4272
-0.0254,-0.0293,1.0247,6.1646,2.9297,-0.6104
-0.0254,-0.0288,1.0242,6.2866,3.0518,-0.6104
-0.0243,-0.0281,1.0227,6.2256,3.1128,-0.3052
-0.0255,-0.0294,1.0233,6.1035,3.0518,-0.6104
-0.0238,-0.0293,1.0237,6.2256,3.1128,-0.6104
-0.0240,-0.0297,1.0239,6.0425,3.1128,-0.4883
-0.0248,-0.0282,1.0234,6.2256,3.0518,-0.5493
-0.0239,-0.0283,1.0225,6.1646,2.8076,-0.6104
-0.0248,-0.0289,1.0237,6.4697,3.0518,-0.4272
-0.0236,-0.0294,1.0237,6.1035,3.0518,-0.4883
-0.0238,-0.0287,1.0226,6.3477,3.1128,-0.4883
-0.0250,-0.0288,1.0240,6.2256,3.1128,-0.5493
-0.0228,-0.0284,1.0229,6.1646,3.0518,-0.4272
-0.0243,-0.0293,1.0228,6.1646,2.9907,-0.4272
-0.0233,-0.0295,1.0228,6.2866,2.9907,-0.6104
-0.0253,-0.0287,1.0225,6.0425,3.1128,-0.6714
-0.0249,-0.0292,1.0226,6.2256,3.1128,-0.6104
-0.0242,-0.0278,1.0233,6.1035,3.1128,-0.3662
-0.0249,-0.0291,1.0229,6.2866,2.9907,-0.5493
-0.0234,-0.0292,1.0231,6.0425,2.9297,-0.6104
-0.0250,-0.0291,1.0227,6.2866,3.0518,-0.6104
-0.0242,-0.0281,1.0239,6.3477,2.9907,-0.4272
-0.0238,-0.0322,1.0229,6.3477,2.8687,-0.8545
-0.0243,-0.0310,1.0236,6.1646,2.9297,-0.6104
-0.0249,-0.0291,1.0237,6.3477,3.1128,-0.6714
-0.0238,-0.0288,1.0225,6.1646,2.9907,-0.4883
-0.0258,-0.0284,1.0243,6.1035,3.1738,-0.4272
-0.0248,-0.0287,1.0237,6.2256,2.9297,-0.4883
-0.0249,-0.0291,1.0217,6.1646,3.0518,-0.5493
-0.0258,-0.0270,1.0237,6.4087,3.2349,-0.6714
-0.0281,-0.0226,1.0226,6.1646,3.1128,-0.5493
-0.0171,-0.0468,1.0220,6.1646,3.2349,-2.4414
-0.0249,-0.0286,1.0238,6.2866,3.0518,-1.5259
-0.0231,-0.0365,1.0232,6.2256,3.1128,-1.9531
-0.0242,-0.0387,1.0222,6.2866,3.1128,-1.4038
-0.0242,-0.0388,1.0223,6.2866,3.0518,-1.4648
-0.0239,-0.0282,1.0232,6.1035,3.1128,-1.2207
FIN_VENTANA
INICIO_VENTANA reposo
-0.0249,-0.0276,1.0242,6.2256,2.9907,-0.6104
-0.0249,-0.0288,1.0220,6.2866,2.9297,-0.4883
-0.0240,-0.0286,1.0238,6.2866,3.1128,-0.6714
-0.0244,-0.0294,1.0228,6.2256,2.9907,-0.4272
-0.0245,-0.0281,1.0243,6.4697,3.1738,-0.6714
-0.0244,-0.0293,1.0239,6.3477,2.9907,-0.5493
-0.0247,-0.0293,1.0234,6.2256,3.1738,-0.5493
-0.0245,-0.0289,1.0223,6.2866,2.9297,-0.5493
-0.0237,-0.0288,1.0222,6.4697,3.1128,-0.6104
-0.0248,-0.0282,1.0240,6.2866,3.0518,-0.5493
-0.0239,-0.0293,1.0219,6.2866,3.1738,-0.6104
-0.0253,-0.0292,1.0238,6.1646,3.0518,-0.4272
-0.0233,-0.0291,1.0225,6.1646,3.1128,-0.7324
-0.0250,-0.0288,1.0232,6.1035,3.0518,-0.4883
-0.0240,-0.0292,1.0240,6.3477,2.9907,-0.6104
-0.0251,-0.0292,1.0240,6.4697,2.9907,-0.4883
-0.0234,-0.0293,1.0234,6.1646,3.1128,-0.6714
-0.0242,-0.0281,1.0233,6.2866,3.2349,-0.5493
-0.0238,-0.0288,1.0229,6.5308,2.9907,-0.6104
-0.0243,-0.0286,1.0244,6.3477,2.9907,-0.6104
-0.0244,-0.0295,1.0232,6.2866,2.8687,-0.6714
-0.0239,-0.0277,1.0237,6.2866,2.9907,-0.5493
-0.0255,-0.0283,1.0231,6.2256,3.1128,-0.5493
-0.0258,-0.0287,1.0247,6.2256,3.0518,-0.4883
-0.0233,-0.0284,1.0223,6.4697,3.1128,-0.4883
-0.0248,-0.0283,1.0233,6.2866,3.1128,-0.5493
-0.0249,-0.0295,1.0240,6.3477,3.0518,-0.4883
-0.0240,-0.0288,1.0239,6.3477,2.9907,-0.3052
-0.0244,-0.0289,1.0234,6.1646,3.1738,-0.6104
-0.0240,-0.0293,1.0242,6.4087,2.8687,-0.6104
-0.0258,-0.0299,1.0229,6.2256,3.0518,-0.4272
-0.0237,-0.0288,1.0232,6.2866,3.0518,-0.6714
-0.0251,-0.0286,1.0240,6.3477,3.1128,-0.4883
-0.0240,-0.0286,1.0231,6.2256,3.0518,-0.4272
-0.0248,-0.0283,1.0231,6.4697,3.1128,-0.4883
-0.0242,-0.0289,1.0242,6.1646,3.0518,-0.3662
-0.0247,-0.0281,1.0236,6.2256,3.0518,-0.4883
-0.0233,-0.0293,1.0233,6.3477,3.2959,-0.6104
-0.0232,-0.0281,1.0226,6.2256,3.2349,-0.5493
-0.0242,-0.0292,1.0242,6.2866,3.0518,-0.4272
-0.0251,-0.0282,1.0244,6.1035,3.1738,-0.6714
-0.0240,-0.0304,1.0239,6.2256,3.1128,-0.5493
-0.0240,-0.0278,1.0250,6.1646,2.9297,-0.5493
-0.0249,-0.0298,1.0225,6.3477,2.9907,-0.4883
-0.0251,-0.0269,1.0244,6.2256,3.1738,-0.7324
-0.0248,-0.0293,1.0242,6.4087,3.1128,-0.6104
-0.0238,-0.0289,1.0244,6.4087,2.9907,-0.7324
-0.0253,-0.0282,1.0237,6.4697,3.0518,-0.4883
-0.0238,-0.0299,1.0232,6.4697,3.1738,-0.6104
-0.0251,-0.0288,1.0222,6.0425,3.0518,-0.4883
-0.0248,-0.0289,1.0250,6.1646,3.1128,-0.3662
-0.0242,-0.0287,1.0233,6.2866,3.0518,-0.5493
-0.0232,-0.0291,1.0240,6.3477,2.9297,-0.5493
-0.0240,-0.0282,1.0242,6.3477,2.9297,-0.4883
-0.0248,-0.0286,1.0237,6.1035,3.1738,-0.4883
-0.0247,-0.0281,1.0227,6.2256,3.1128,-0.4272
-0.0249,-0.0287,1.0242,6.1646,2.9907,-0.4883
-0.0245,-0.0293,1.0227,6.1646,3.0518,-0.4883
-0.0249,-0.0288,1.0253,6.1035,2.9907,-0.7324
-0.0240,-0.0299,1.0228,6.2256,2.9907,-0.5493
-0.0243,-0.0284,1.0239,6.5308,3.1738,-0.4883
-0.0247,-0.0286,1.0245,6.2256,3.1128,-0.5493
-0.0239,-0.0287,1.0243,6.1646,3.1128,-0.5493
-0.0245,-0.0288,1.0234,6.2256,3.1128,-0.5493
-0.0237,-0.0284,1.0242,6.1646,3.0518,-0.4883
-0.0247,-0.0293,1.0247,6.2256,3.0518,-0.6104
-0.0243,-0.0289,1.0228,6.2866,2.9907,-0.6714
-0.0242,-0.0283,1.0232,6.4697,3.1128,-0.7324
-0.0249,-0.0304,1.0237,6.4697,3.0518,-0.6104
-0.0249,-0.0275,1.0240,6.3477,3.1738,-0.5493
-0.0247,-0.0289,1.0229,6.4087,3.1738,-0.6104
-0.0254,-0.0284,1.0238,6.3477,3.1738,-0.6104
-0.0244,-0.0292,1.0242,6.4697,3.1128,-0.4883
-0.0243,-0.0291,1.0243,6.2866,3.2349,-0.4883
-0.0242,-0.0284,1.0242,6.3477,3.1128,-0.6104
-0.0249,-0.0286,1.0237,6.4087,3.1128,-0.5493
-0.0236,-0.0288,1.0243,6.1646,3.1128,-0.4272
-0.0261,-0.0284,1.0234,6.4087,2.9907,-0.4272
-0.0234,-0.0284,1.0247,6.2256,2.9297,-0.5493
-0.0242,-0.0278,1.0249,6.2256,3.1128,-0.5493
-0.0231,-0.0297,1.0227,6.2256,3.0518,-0.5493
-0.0243,-0.0281,1.0247,6.2866,2.9907,-0.4883
-0.0244,-0.0297,1.0239,6.2866,3.0518,-0.5493
-0.0240,-0.0286,1.0240,6.3477,3.0518,-0.4272
-0.0248,-0.0293,1.0236,6.3477,3.1738,-0.4883
-0.0239,-0.0287,1.0232,6.2256,3.0518,-0.4883
-0.0253,-0.0287,1.0244,6.2256,3.1128,-0.6104
-0.0239,-0.0291,1.0236,6.3477,2.9907,-0.7935
-0.0247,-0.0281,1.0242,6.2256,2.9297,-0.4272
-0.0249,-0.0289,1.0243,6.3477,3.1128,-0.6104
-0.0247,-0.0291,1.0242,6.2256,2.9297,-0.4272
-0.0248,-0.0299,1.0245,6.2256,3.1128,-0.4883
-0.0254,-0.0288,1.0234,6.1035,2.9297,-0.4883
-0.0248,-0.0287,1.0245,6.2256,3.0518,-0.4883
-0.0242,-0.0281,1.0239,6.2256,2.9297,-0.5493
-0.0243,-0.0287,1.0239,6.1646,3.0518,-0.6104
-0.0240,-0.0284,1.0238,6.4087,3.1738,-0.6714
-0.0244,-0.0282,1.0245,6.2866,3.1128,-0.6104
-0.0240,-0.0288,1.0240,6.2866,2.9907,-0.5493
-0.0238,-0.0286,1.0239,6.2256,3.0518,-0.7324
FIN_VENTANA
INICIO_VENTANA reposo
-0.0248,-0.0288,1.0237,6.1646,3.1738,-0.6104
-0.0251,-0.0287,1.0238,6.2866,3.0518,-0.4883
-0.0240,-0.0284,1.0237,6.2256,3.2959,-0.4883
-0.0253,-0.0288,1.0236,6.1646,3.0518,-0.4883
-0.0254,-0.0295,1.0237,6.1035,2.8687,-0.4272
-0.0243,-0.0289,1.0245,6.2866,3.1738,-0.6104
-0.0234,-0.0295,1.0226,6.2256,3.1738,-0.5493
-0.0244,-0.0288,1.0236,6.0425,3.0518,-0.6104
-0.0255,-0.0284,1.0232,6.1035,3.0518,-0.5493
-0.0237,-0.0284,1.0239,6.1646,2.9907,-0.5493
-0.0251,-0.0286,1.0234,6.3477,3.1128,-0.4883
-0.0247,-0.0298,1.0240,6.4697,3.0518,-0.4883
-0.0244,-0.0286,1.0247,6.4087,3.1128,-0.5493
-0.0239,-0.0288,1.0225,6.1035,3.1128,-0.4883
-0.0234,-0.0283,1.0243,6.3477,3.1738,-0.6714
-0.0244,-0.0288,1.0236,6.2256,3.0518,-0.4883
-0.0240,-0.0281,1.0243,6.3477,3.1128,-0.5493
-0.0248,-0.0289,1.0228,6.2256,3.1738,-0.4883
-0.0248,-0.0291,1.0234,6.1646,2.9907,-0.4272
-0.0249,-0.0281,1.0242,6.3477,3.1128,-0.5493
-0.0249,-0.0294,1.0233,6.1646,3.1738,-0.4883
-0.0245,-0.0276,1.0243,6.0425,3.1128,-0.4883
-0.0249,-0.0288,1.0242,6.1646,2.9907,-0.5493
-0.0243,-0.0282,1.0233,6.2256,2.9907,-0.4883
-0.0256,-0.0289,1.0233,6.6528,3.2959,-0.4883
-0.0244,-0.0287,1.0244,6.2866,3.1128,-0.4883
-0.0244,-0.0276,1.0233,6.2866,3.1128,-0.5493
-0.0249,-0.0288,1.0244,6.3477,2.9907,-0.4883
-0.0232,-0.0286,1.0238,6.2256,2.9907,-0.4883
-0.0245,-0.0286,1.0237,6.2866,2.9907,-0.5493
-0.0243,-0.0280,1.0234,6.2256,2.9297,-0.4883
-0.0249,-0.0291,1.0236,6.2256,3.1738,-0.6104
-0.0249,-0.0288,1.0228,6.1646,2.8687,-0.6714
-0.0239,-0.0286,1.0239,6.2256,3.0518,-0.6104
-0.0245,-0.0297,1.0239,6.2256,3.0518,-0.4883
-0.0236,-0.0286,1.0234,6.3477,3.1738,-0.3662
-0.0250,-0.0284,1.0239,6.3477,3.1128,-0.3052
-0.0248,-0.0275,1.0242,6.2866,2.9907,0.1221
-0.0265,-0.0265,1.0236,6.2866,3.0518,-0.5493
-0.0262,-0.0289,1.0242,6.2256,3.1128,-0.5493
-0.0220,-0.0322,1.0244,6.1646,3.2349,-0.3052
-0.0221,-0.0315,1.0222,6.2256,3.1128,0.4272
-0.0239,-0.0271,1.0236,6.1035,2.9907,-0.3662
-0.0260,-0.0280,1.0234,6.2866,3.0518,-0.5493
-0.0251,-0.0286,1.0220,6.2256,2.9297,-0.4883
-0.0251,-0.0286,1.0242,6.2866,3.0518,-0.4883
-0.0240,-0.0289,1.0232,6.2866,3.0518,-0.4883
-0.0242,-0.0291,1.0236,6.1646,3.2349,-0.4272
-0.0243,-0.0293,1.0236,6.4087,3.1738,-0.6714
-0.0248,-0.0292,1.0234,6.1646,2.9297,-0.6104
-0.0253,-0.0293,1.0238,6.1646,3.0518,-0.4883
-0.0243,-0.0281,1.0232,6.2866,2.9907,-0.4272
-0.0251,-0.0293,1.0234,6.2256,2.9907,-0.4883
-0.0238,-0.0298,1.0226,6.3477,3.0518,-0.6714
-0.0254,-0.0291,1.0232,6.2866,2.8687,-0.6714
-0.0247,-0.0284,1.0222,6.1646,3.1738,-0.5493
-0.0255,-0.0293,1.0238,6.4087,3.1128,-0.6714
-0.0244,-0.0292,1.0234,6.2256,2.9297,-0.6714
-0.0243,-0.0288,1.0236,6.2256,3.1128,-0.4272
-0.0243,-0.0295,1.0238,6.2866,2.9297,-0.5493
-0.0243,-0.0295,1.0242,6.3477,2.9297,-0.4883
-0.0251,-0.0303,1.0236,6.1035,3.0518,-0.6104
-0.0242,-0.0282,1.0234,6.2866,2.9297,-0.4272
-0.0249,-0.0291,1.0242,6.2256,2.8687,-0.5493
-0.0236,-0.0283,1.0243,6.1035,3.0518,-0.6104
-0.0245,-0.0287,1.0228,6.0425,2.9907,-0.5493
-0.0244,-0.0297,1.0237,6.1646,2.9297,-0.6104
-0.0242,-0.0287,1.0228,6.2256,3.0518,-0.4883
-0.0243,-0.0284,1.0240,6.4087,2.9907,-0.6104
-0.0250,-0.0288,1.0231,6.2866,2.9907,-0.5493
-0.0245,-0.0286,1.0239,6.2866,3.0518,-0.4883
-0.0245,-0.0278,1.0228,6.4087,3.1128,-0.7324
-0.0245,-0.0304,1.0225,6.1646,2.8687,-0.2441
-0.0217,-0.0317,1.0227,6.4087,2.9907,-0.6104
-0.0251,-0.0282,1.0234,6.3477,3.1128,-0.6714
-0.0247,-0.0293,1.0222,6.2866,2.9907,-0.6714
-0.0239,-0.0276,1.0250,6.2256,2.9907,-0.4883
-0.0240,-0.0297,1.0227,6.1646,3.1128,-0.6104
-0.0243,-0.0287,1.0238,6.2256,3.0518,-0.8545
-0.0240,-0.0286,1.0228,6.1646,3.1128,-0.7935
-0.0244,-0.0291,1.0253,6.1646,2.8687,-0.6104
-0.0250,-0.0273,1.0244,6.1646,3.0518,-0.7324
-0.0249,-0.0303,1.0239,6.2866,3.0518,-0.4883
-0.0249,-0.0287,1.0243,6.0425,2.9907,-0.3662
-0.0255,-0.0273,1.0231,6.2866,2.9907,-0.3052
-0.0244,-0.0299,1.0242,6.2256,3.2349,-0.4883
-0.0248,-0.0275,1.0237,6.2256,2.9907,-0.4883
-0.0240,-0.0311,1.0233,6.2866,3.1128,-0.3052
-0.0248,-0.0282,1.0238,6.3477,3.1128,-0.6714
-0.0242,-0.0275,1.0226,6.2256,3.1738,-0.4272
-0.0249,-0.0286,1.0245,6.3477,3.0518,-0.6714
-0.0243,-0.0282,1.0226,6.1035,2.9907,-0.6714
-0.0245,-0.0286,1.0229,6.4087,3.0518,-0.5493
-0.0243,-0.0303,1.0247,6.1646,2.9907,-0.5493
-0.0243,-0.0284,1.0247,6.2256,3.0518,-0.6104
-0.0245,-0.0273,1.0248,6.0425,2.9907,-0.7324
-0.0244,-0.0294,1.0240,6.3477,2.8076,-0.4883
-0.0244,-0.0288,1.0238,6.2256,3.1128,-0.3662
-0.0248,-0.0284,1.0242,6.2866,2.9297,-0.4883
-0.0240,-0.0293,1.0220,6.2866,3.0518,-0.5493
FIN_VENTANA
INICIO_VENTANA reposo
-0.0264,-0.0234,1.0226,6.0425,2.8076,-0.1831
-0.0237,-0.0294,1.0232,6.4087,2.9907,-0.6714
-0.0244,-0.0293,1.0219,6.4087,3.0518,-0.5493
-0.0248,-0.0297,1.0189,6.3477,2.9907,-0.6714
-0.0242,-0.0294,1.0264,6.3477,2.9297,-0.6714
-0.0242,-0.0302,1.0249,6.0425,3.1738,-0.6714
-0.0233,-0.0297,1.0233,6.1035,2.8687,-0.3052
-0.0237,-0.0287,1.0234,6.4087,3.0518,-0.4883
-0.0238,-0.0298,1.0226,6.3477,3.0518,-0.6714
-0.0250,-0.0278,1.0228,6.3477,3.0518,-0.6714
-0.0234,-0.0310,1.0184,6.3477,3.1738,-0.5493
-0.0254,-0.0275,1.0270,6.1035,2.8076,-0.3052
-0.0247,-0.0280,1.0255,6.2866,2.9297,-0.4883
-0.0232,-0.0293,1.0238,6.1646,3.0518,-0.6104
-0.0242,-0.0282,1.0225,6.2866,2.9297,-0.4883
-0.0244,-0.0287,1.0239,6.3477,2.9907,-0.4272
-0.0242,-0.0292,1.0222,5.9204,2.8076,-0.6714
-0.0237,-0.0293,1.0212,6.2866,2.9907,-0.4883
-0.0255,-0.0289,1.0222,6.2256,2.9907,-0.5493
-0.0234,-0.0277,1.0233,6.1035,2.8076,-0.4883
-0.0242,-0.0289,1.0236,6.2256,3.1738,-0.5493
-0.0244,-0.0283,1.0222,6.3477,3.0518,-0.6104
-0.0240,-0.0287,1.0225,6.2866,3.0518,-0.6714
-0.0243,-0.0294,1.0228,6.4087,2.9907,-0.4272
-0.0254,-0.0282,1.0240,6.2256,2.9297,-0.4883
-0.0238,-0.0293,1.0217,6.4697,2.8687,-0.6714
-0.0249,-0.0293,1.0244,6.1646,3.1128,-0.4272
-0.0243,-0.0283,1.0223,6.1646,2.9297,-0.2441
-0.0250,-0.0300,1.0215,6.1646,2.9907,-0.5493
-0.0244,-0.0291,1.0228,6.3477,2.9907,-0.5493
-0.0232,-0.0291,1.0217,6.2256,2.9297,-0.4883
-0.0249,-0.0292,1.0233,6.2256,3.1128,-0.6104
-0.0243,-0.0291,1.0226,6.5308,3.0518,-0.6104
-0.0247,-0.0294,1.0236,6.1646,3.0518,-0.6104
-0.0251,-0.0278,1.0225,6.4087,3.1738,-0.5493
-0.0245,-0.0289,1.0225,6.2256,3.1128,-0.6714
-0.0243,-0.0288,1.0231,6.1646,2.9297,-0.4883
-0.0244,-0.0288,1.0233,6.2866,2.8076,-0.5493
-0.0250,-0.0272,1.0242,6.3477,2.9907,-0.5493
-0.0234,-0.0287,1.0225,6.2256,3.0518,-0.5493
-0.0239,-0.0300,1.0221,6.3477,3.1128,-0.3662
-0.0251,-0.0277,1.0233,6.2256,2.9907,-0.4272
-0.0249,-0.0283,1.0222,6.3477,3.0518,-0.6104
-0.0250,-0.0287,1.0233,6.2256,3.0518,-0.4883
-0.0247,-0.0281,1.0250,6.4087,3.0518,-0.5493
-0.0240,-0.0295,1.0229,6.2256,3.0518,-0.3662
-0.0250,-0.0276,1.0244,6.1035,2.9297,-0.6104
-0.0238,-0.0281,1.0250,6.4087,3.1128,-0.6714
-0.0240,-0.0302,1.0223,6.2256,3.0518,-0.5493
-0.0256,-0.0295,1.0269,6.3477,2.9297,-0.6714
-0.0250,-0.0275,1.0229,6.1035,2.9907,-0.6714
-0.0259,-0.0294,1.0240,6.2866,3.1128,-0.4272
-0.0248,-0.0276,1.0240,6.2256,2.8687,-0.4272
-0.0249,-0.0304,1.0212,6.2256,3.1738,-0.4272
-0.0243,-0.0278,1.0259,6.2866,3.1128,-0.6714
-0.0243,-0.0297,1.0229,6.2866,3.0518,-0.6104
-0.0245,-0.0288,1.0234,6.1035,2.9907,-0.4272
-0.0245,-0.0291,1.0242,6.2256,3.0518,-0.7324
-0.0249,-0.0269,1.0214,6.2256,2.9297,0.6714
-0.0244,-0.0225,1.0249,6.3477,3.1128,0.0000
-0.0251,-0.0280,1.0227,6.1646,2.8687,-0.4272
-0.0251,-0.0289,1.0226,6.3477,3.1128,-0.6104
-0.0247,-0.0304,1.0256,6.2256,2.9907,-0.3662
-0.0234,-0.0308,1.0249,6.0425,2.9297,-0.5493
-0.0231,-0.0306,1.0233,6.2256,3.0518,-0.7324
-0.0244,-0.0300,1.0237,6.0425,2.8687,-0.7324
-0.0247,-0.0287,1.0228,6.1646,2.8687,-0.3662
-0.0253,-0.0280,1.0223,6.1646,3.0518,-0.3052
-0.0236,-0.0305,1.0227,6.4087,3.1738,-0.3052
-0.0231,-0.0306,1.0245,6.1035,2.9907,-0.0610
-0.0247,-0.0272,1.0227,6.4697,2.9297,-0.3662
-0.0242,-0.0282,1.0243,6.2866,3.1128,-0.6104
-0.0237,-0.0297,1.0208,6.2866,2.9907,-0.6714
-0.0239,-0.0278,1.0233,6.1646,3.2349,-0.6714
-0.0240,-0.0278,1.0255,6.0425,2.9297,-0.5493
-0.0239,-0.0334,1.0232,6.2256,3.1128,-0.5493
-0.0256,-0.0231,1.0248,6.2866,3.0518,-0.3052
-0.0244,-0.0291,1.0208,6.1646,2.9297,-0.6104
-0.0239,-0.0277,1.0245,6.1035,2.9907,-0.5493
-0.0254,-0.0283,1.0220,6.3477,2.9907,-0.4883
-0.0266,-0.0289,1.0221,6.2866,2.9297,-0.4272
-0.0250,-0.0239,1.0249,6.3477,3.1128,-0.3052
-0.0236,-0.0300,1.0216,6.2866,2.9297,-0.8545
-0.0239,-0.0352,1.0245,6.2866,2.9907,-1.1597
-0.0265,-0.0272,1.0221,6.3477,3.1128,-0.9155
-0.0226,-0.0312,1.0206,6.1646,3.0518,-1.2817
-0.0228,-0.0276,1.0251,6.4087,3.0518,-1.2207
-0.0251,-0.0327,1.0199,6.1035,3.1128,-1.0376
-0.0195,-0.0341,1.0242,6.2866,2.9907,-1.0376
-0.0249,-0.0305,1.0232,6.0425,2.8076,-0.5493
-0.0237,-0.0282,1.0229,6.2256,2.9297,-0.6104
-0.0239,-0.0276,1.0251,6.2866,2.9907,-0.7324
-0.0250,-0.0297,1.0208,6.1035,2.8687,-0.7324
-0.0243,-0.0262,1.0259,6.4087,3.1128,-0.6714
-0.0240,-0.0302,1.0219,6.2256,2.9297,-0.5493
-0.0247,-0.0294,1.0228,6.1646,2.8687,-0.6104
-0.0240,-0.0291,1.0255,6.2256,3.0518,-0.6714
-0.0253,-0.0281,1.0240,6.1646,2.9907,-0.7324
-0.0244,-0.0288,1.0244,6.2866,3.0518,-0.7324
-0.0255,-0.0264,1.0228,6.2866,2.9907,0.0610
FIN_VENTANA
INICIO_VENTANA reposo
-0.0217,-0.0306,1.0280,6.2256,3.1128,-0.5493
-0.0265,-0.0309,1.0170,6.4087,3.0518,-0.6104
-0.0245,-0.0273,1.0237,6.1646,3.1738,-0.7324
-0.0244,-0.0251,1.0337,6.2256,2.9907,-0.4883
-0.0267,-0.0316,1.0168,6.4697,3.1128,-0.7324
-0.0249,-0.0275,1.0234,6.1646,3.1128,-0.4272
-0.0261,-0.0292,1.0206,6.1646,3.1738,-0.7324
-0.0244,-0.0275,1.0231,6.4087,3.2349,-0.6714
-0.0236,-0.0289,1.0216,6.1646,3.0518,-0.6104
-0.0249,-0.0284,1.0208,6.2866,3.0518,-0.4883
-0.0240,-0.0271,1.0247,5.9814,2.9297,-0.3052
-0.0262,-0.0298,1.0204,6.3477,3.0518,-0.4883
-0.0250,-0.0270,1.0227,6.2866,2.9907,-0.4883
-0.0358,-0.0283,1.0212,6.2866,3.0518,-0.2441
-0.0220,-0.0278,1.0229,6.3477,2.9907,-0.1221
-0.0238,-0.0289,1.0225,6.2256,2.9297,-0.4272
-0.0236,-0.0288,1.0217,6.2866,3.1128,-0.4883
-0.0239,-0.0280,1.0212,6.1646,3.1128,-0.4272
-0.0254,-0.0289,1.0212,6.2866,2.9907,-0.5493
-0.0242,-0.0289,1.0221,6.1646,2.9907,-0.4272
-0.0248,-0.0280,1.0248,6.4087,3.1128,-0.4272
-0.0244,-0.0291,1.0211,6.3477,2.9907,-0.5493
-0.0237,-0.0281,1.0232,6.2866,2.9907,-0.4272
-0.0249,-0.0288,1.0216,6.2866,2.9297,-0.5493
-0.0248,-0.0286,1.0234,6.3477,3.0518,-0.6104
-0.0254,-0.0283,1.0212,6.2256,3.0518,-0.5493
-0.0253,-0.0283,1.0225,6.4087,2.9297,-0.5493
-0.0238,-0.0280,1.0216,6.2256,3.1128,-0.3052
-0.0245,-0.0288,1.0212,6.2866,2.9907,-0.4883
-0.0248,-0.0286,1.0212,6.2866,3.1128,-0.5493
-0.0240,-0.0292,1.0217,6.2256,2.8076,-0.5493
-0.0248,-0.0283,1.0220,6.3477,2.9297,-0.5493
-0.0250,-0.0292,1.0223,6.2866,2.9297,-0.6104
-0.0245,-0.0289,1.0223,6.4697,3.2349,-0.4883
-0.0245,-0.0297,1.0228,6.1646,2.9907,-0.5493
-0.0239,-0.0293,1.0226,6.1646,3.0518,-0.5493
-0.0250,-0.0280,1.0242,6.1646,2.9297,-0.4272
-0.0244,-0.0286,1.0222,6.2866,2.9907,-0.4883
-0.0245,-0.0297,1.0225,6.3477,3.2349,-0.3052
-0.0242,-0.0302,1.0222,6.1035,3.0518,-0.6104
-0.0243,-0.0277,1.0214,6.1035,2.8687,-0.8545
-0.0189,-0.0127,1.0234,6.3477,2.9297,0.6104
-0.0208,-0.0771,1.0231,6.1035,3.2349,-0.4883
-0.0095,-0.0502,1.0214,5.9814,3.1128,0.8545
-0.0338,-0.0135,1.0226,6.4087,3.1128,-0.2441
-0.0372,0.0107,1.0223,6.1646,2.9907,-0.5493
-0.0283,-0.0250,1.0219,6.2256,3.0518,-1.4648
-0.0103,0.0190,1.0262,6.4087,3.0518,-7.4463
-0.0085,-0.0583,1.0205,6.1035,3.1738,-8.5449
-0.0305,-0.0756,1.0239,6.2256,3.0518,-2.6855
-0.0251,-0.0339,1.0212,6.0425,2.9297,-0.5493
-0.0437,-0.0159,1.0231,5.9814,3.1128,-0.8545
-0.0242,-0.0262,1.0240,6.2866,2.9297,0.4272
-0.0256,-0.0298,1.0243,6.2256,3.0518,0.2441
-0.0192,-0.0322,1.0232,6.1646,3.0518,0.1221
0.0077,-0.0457,1.0221,6.3477,3.1128,0.3052
-0.0276,-0.0240,1.0266,6.0425,3.3569,-0.3662
-0.0273,-0.0236,1.0277,6.1646,2.9297,-0.2441
-0.0244,-0.0281,1.0277,6.1646,3.1128,-0.4272
-0.0236,-0.0271,1.0243,6.4087,2.9297,-0.4272
-0.0251,-0.0302,1.0220,6.3477,3.1128,-0.4883
-0.0236,-0.0269,1.0253,6.2256,3.1128,-0.3662
-0.0251,-0.0305,1.0208,6.4087,3.0518,-0.5493
-0.0242,-0.0261,1.0242,6.6528,3.1738,-0.5493
-0.0239,-0.0303,1.0237,6.2866,3.1128,-0.5493
-0.0237,-0.0298,1.0227,6.2256,3.1738,-0.4272
-0.0242,-0.0243,1.0250,6.4697,3.0518,-0.3662
-0.0258,-0.0327,1.0227,6.4087,3.2349,-0.3662
-0.0236,-0.0281,1.0255,6.2866,3.1128,-0.6104
-0.0256,-0.0300,1.0209,6.2866,3.1128,-0.6714
-0.0259,-0.0284,1.0238,6.2256,3.2959,-0.4883
-0.0239,-0.0283,1.0236,6.1646,3.1738,-0.4883
-0.0247,-0.0303,1.0221,6.2866,3.1128,-0.6104
-0.0238,-0.0298,1.0256,6.2256,3.0518,-0.6714
-0.0261,-0.0293,1.0234,6.0425,2.9907,-1.0376
-0.0253,-0.0385,1.0223,6.1035,3.3569,0.1831
-0.0247,-0.0200,1.0258,6.2866,2.9907,0.2441
-0.0239,-0.0284,1.0201,6.2256,3.1128,-0.3052
-0.0251,-0.0310,1.0284,6.1035,3.1738,-0.1831
-0.0249,-0.0229,1.0216,6.0425,3.0518,-0.3052
-0.0231,-0.0277,1.0248,6.3477,3.1738,-0.6714
-0.0267,-0.0292,1.0243,6.4087,2.9297,-0.5493
-0.0253,-0.0282,1.0237,6.4087,3.1738,-0.4272
-0.0244,-0.0271,1.0255,6.3477,2.9907,-0.4883
-0.0249,-0.0303,1.0223,6.2866,3.0518,-0.6714
-0.0238,-0.0286,1.0253,6.2866,3.0518,-0.4883
-0.0260,-0.0305,1.0231,6.3477,3.1128,-0.5493
-0.0231,-0.0281,1.0219,6.4697,3.0518,-0.4883
-0.0256,-0.0276,1.0243,6.3477,3.1128,-0.5493
-0.0247,-0.0311,1.0234,6.1646,3.0518,-0.5493
-0.0244,-0.0280,1.0237,6.3477,3.1738,-0.4883
-0.0258,-0.0303,1.0217,6.2256,3.0518,-0.4272
-0.0236,-0.0286,1.0238,6.2866,3.1738,-0.4883
-0.0249,-0.0288,1.0237,6.3477,3.0518,-0.4272
-0.0243,-0.0295,1.0250,6.3477,3.0518,-0.5493
-0.0237,-0.0288,1.0236,6.1646,2.9907,-0.4272
-0.0255,-0.0299,1.0221,6.2866,3.0518,-0.4883
-0.0237,-0.0280,1.0240,6.3477,3.0518,-0.6104
-0.0249,-0.0299,1.0212,6.3477,2.9907,-0.6104
-0.0234,-0.0303,1.0236,6.2866,3.1128,-0.4272
FIN_VENTANA
INICIO_VENTANA reposo
-0.0250,-0.0282,1.0245,6.4697,3.1738,-0.4883
-0.0256,-0.0278,1.0243,6.4087,3.1128,-0.5493
-0.0236,-0.0291,1.0214,6.2866,3.0518,-0.5493
-0.0254,-0.0278,1.0240,6.1646,2.9907,-0.4883
-0.0242,-0.0294,1.0242,6.2256,3.0518,-0.5493
-0.0253,-0.0280,1.0223,6.3477,2.8687,-0.5493
-0.0243,-0.0284,1.0231,6.2256,3.1128,-0.5493
-0.0239,-0.0288,1.0244,6.2256,3.1128,-0.4272
-0.0250,-0.0288,1.0232,6.1646,3.1738,-0.6104
-0.0240,-0.0283,1.0245,6.4087,3.0518,-0.6714
-0.0247,-0.0294,1.0222,6.2256,3.0518,-0.4883
-0.0250,-0.0277,1.0239,6.3477,3.1128,-0.4272
-0.0240,-0.0298,1.0229,6.2256,3.0518,-0.4883
-0.0245,-0.0278,1.0229,6.2256,3.0518,-0.5493
-0.0264,-0.0294,1.0240,6.1646,3.1128,-0.4883
-0.0233,-0.0275,1.0240,6.3477,2.9297,-0.5493
-0.0249,-0.0292,1.0217,6.4087,2.9297,-0.6714
-0.0244,-0.0292,1.0243,6.2866,3.1128,-0.5493
-0.0237,-0.0281,1.0240,6.2866,3.1128,-0.6714
-0.0264,-0.0304,1.0219,6.2866,3.1128,-0.5493
-0.0281,-0.0300,1.0256,6.2256,3.1128,1.5869
-0.0270,-0.0320,1.0242,6.5918,3.1128,2.3193
-0.0233,-0.0195,1.0243,6.1646,3.1128,1.2817
-0.0250,-0.0258,1.0231,6.3477,3.0518,-0.2441
-0.0250,-0.0292,1.0238,6.2866,3.1128,-0.5493
-0.0238,-0.0316,1.0248,6.3477,3.0518,-0.8545
-0.0249,-0.0300,1.0232,6.1035,3.0518,-0.4272
-0.0240,-0.0289,1.0244,6.2256,3.0518,-0.4883
-0.0247,-0.0280,1.0237,6.2256,2.9297,-0.7324
-0.0238,-0.0300,1.0219,6.3477,2.9297,-0.4272
-0.0239,-0.0273,1.0247,6.2866,3.0518,-0.4272
-0.0238,-0.0289,1.0233,6.1646,3.2959,-0.5493
-0.0231,-0.0286,1.0231,6.4087,3.0518,-0.5493
-0.0248,-0.0287,1.0237,6.2866,3.0518,-0.6104
-0.0238,-0.0287,1.0234,6.1646,3.1128,-0.3662
-0.0242,-0.0306,1.0243,6.3477,2.9297,-0.4272
-0.0245,-0.0239,1.0237,6.2256,3.0518,0.1221
-0.0250,-0.0269,1.0244,6.2256,2.8687,-0.3052
-0.0239,-0.0271,1.0245,6.2256,3.1128,-0.3662
-0.0262,-0.0293,1.0228,6.3477,2.9907,-0.4272
-0.0243,-0.0278,1.0261,6.2866,3.0518,-0.6714
-0.0238,-0.0295,1.0219,6.2866,2.9297,-0.6714
-0.0250,-0.0281,1.0256,6.1646,2.9907,-0.4272
-0.0237,-0.0292,1.0253,6.3477,3.0518,-0.6104
-0.0256,-0.0286,1.0240,6.2866,2.9907,-0.4272
-0.0256,-0.0283,1.0236,6.2866,3.0518,-0.5493
-0.0240,-0.0300,1.0229,6.3477,3.1128,-0.7324
-0.0250,-0.0304,1.0212,6.2256,2.8076,-0.6714
-0.0258,-0.0295,1.0272,6.2256,3.0518,-0.5493
-0.0233,-0.0334,1.0215,6.2866,3.0518,-0.5493
-0.0183,-0.0366,1.0215,6.2256,3.0518,0.2441
-0.0242,-0.0299,1.0227,6.0425,2.9907,0.0610
-0.0212,-0.0334,1.0217,6.4697,3.1128,0.1831
-0.0280,-0.0221,1.0222,6.1035,3.0518,-0.0610
-0.0255,-0.0260,1.0214,6.3477,3.0518,-0.5493
-0.0222,-0.0316,1.0172,6.3477,2.9907,-0.6714
-0.0238,-0.0287,1.0215,6.2866,3.0518,-0.3052
-0.0238,-0.0271,1.0200,6.2256,2.9907,-0.5493
-0.0240,-0.0305,1.0221,6.3477,3.1128,-0.7324
-0.0261,-0.0277,1.0248,6.4087,3.1128,-0.5493
-0.0239,-0.0284,1.0244,6.3477,3.1128,-0.6104
-0.0261,-0.0281,1.0231,6.1646,3.0518,-0.4883
-0.0247,-0.0303,1.0243,6.1646,2.9907,-0.4272
-0.0240,-0.0277,1.0245,6.3477,3.0518,-0.0610
-0.0250,-0.0272,1.0221,6.2256,3.0518,-0.3662
-0.0249,-0.0282,1.0250,6.2866,2.9297,-0.4883
-0.0234,-0.0278,1.0245,6.3477,3.0518,-0.7324
-0.0247,-0.0293,1.0219,6.2866,3.0518,-0.6714
-0.0239,-0.0272,1.0254,6.2256,2.9907,-0.6714
-0.0238,-0.0294,1.0210,6.2256,3.1128,-0.6104
-0.0259,-0.0280,1.0248,6.2256,3.1128,-0.5493
-0.0259,-0.0275,1.0240,6.1035,3.1738,-0.5493
-0.0234,-0.0280,1.0237,6.2866,3.1128,-0.7935
-0.0250,-0.0283,1.0233,6.5308,2.9907,-0.6714
-0.0243,-0.0297,1.0237,6.2866,2.8687,-0.5493
-0.0248,-0.0280,1.0228,6.1035,3.2349,-0.6104
-0.0228,-0.0260,1.0229,6.4697,3.1128,-0.4883
-0.0250,-0.0310,1.0275,6.2866,2.8687,-0.5493
-0.0237,-0.0269,1.0249,6.1035,3.0518,-0.2441
-0.0232,-0.0300,1.0178,6.2256,2.9907,-0.3662
-0.0259,-0.0271,1.0247,6.2866,2.8076,-0.6714
-0.0226,-0.0280,1.0245,6.3477,2.8076,-0.6104
-0.0270,-0.0267,1.0211,6.4087,2.9297,-0.4272
-0.0292,-0.0232,1.0229,6.1646,2.9907,-0.5493
-0.0186,-0.0327,1.0186,6.2256,2.8076,-1.0986
-0.0176,-0.0366,1.0094,6.1646,3.0518,-1.0986
-0.0222,-0.0316,1.0193,6.0425,3.0518,-0.7935
-0.0100,-0.0482,1.0211,6.1646,3.1738,-0.3662
-0.0239,-0.0314,1.0260,6.2256,3.1738,0.2441
-0.0270,-0.0317,1.0244,5.9814,3.1128,0.7324
-0.0283,-0.0216,1.0253,6.3477,3.1128,0.6714
-0.0242,-0.0293,1.0217,6.2866,2.9297,-0.2441
-0.0269,-0.0404,1.0238,6.1646,2.9907,0.3052
-0.0236,-0.0212,1.0222,6.4087,3.0518,0.1831
-0.0239,-0.0283,1.0248,6.2866,3.0518,-0.5493
-0.0237,-0.0291,1.0223,6.1646,2.9907,-0.7935
-0.0259,-0.0289,1.0237,6.2256,3.0518,-0.6104
-0.0248,-0.0293,1.0249,6.0425,3.1738,-0.5493
-0.0237,-0.0312,1.0219,6.2866,3.1128,-0.5493
-0.0259,-0.0267,1.0251,6.1646,3.0518,-0.6104
FIN_VENTANA
INICIO_VENTANA reposo
-0.0253,-0.0275,1.0234,6.2866,2.9907,-0.3662
-0.0256,-0.0292,1.0234,6.2256,3.0518,-0.3052
-0.0243,-0.0293,1.0223,6.3477,3.0518,-0.1221
-0.0251,-0.0286,1.0236,6.2866,3.1128,-0.3052
-0.0249,-0.0276,1.0272,6.2256,3.1128,-0.3662
-0.0247,-0.0309,1.0192,6.4087,3.1738,-0.1221
-0.0247,-0.0262,1.0261,6.2866,2.9907,-0.5493
-0.0253,-0.0315,1.0255,6.2866,3.0518,-0.7324
-0.0239,-0.0220,1.0251,6.2256,2.9907,-1.0986
-0.0219,-0.0273,1.0216,6.2256,2.9297,-1.7090
-0.0244,-0.0303,1.0238,6.1646,2.8687,-0.8545
-0.0135,-0.0221,1.0238,6.2256,3.0518,-0.4883
-0.0304,-0.0309,1.0240,6.1035,3.1128,-0.4272
-0.0262,-0.0314,1.0211,6.1646,3.0518,-0.4272
-0.0242,-0.0275,1.0259,6.2866,3.1128,-0.6104
-0.0247,-0.0289,1.0201,6.4087,2.9297,-0.6714
-0.0245,-0.0096,1.0231,6.4087,2.9297,-0.3662
-0.0239,-0.0284,1.0236,6.0425,3.0518,-1.4648
-0.0233,-0.0210,1.0219,6.1646,3.0518,-1.1597
-0.0258,-0.0374,1.0242,6.2866,3.0518,-1.4038
-0.0242,-0.0323,1.0227,5.9204,2.9907,-1.0986
-0.0243,-0.0288,1.0232,6.2866,2.8687,-0.7324
-0.0247,-0.0292,1.0232,6.2256,2.8076,-0.7324
-0.0232,-0.0203,1.0240,5.9814,3.0518,-0.6714
-0.0237,-0.0320,1.0205,6.2256,2.9907,-1.0986
-0.0155,-0.0187,1.0245,6.2866,2.9907,-0.9766
-0.0039,-0.0334,1.0184,6.4697,3.1738,-0.6104
-0.0508,-0.0238,1.0265,6.2256,2.9297,1.2207
-0.0276,-0.0272,1.0204,6.2256,2.9907,-0.3052
-0.0237,-0.0306,1.0240,6.1646,2.9907,-0.3662
-0.0232,-0.0526,1.0227,6.2256,3.2349,0.3662
-0.0276,-0.0190,1.0247,6.2256,2.9907,1.4038
-0.0243,-0.0287,1.0247,6.4087,3.1128,-0.5493
-0.0233,-0.0295,1.0225,6.2866,2.9907,-0.6714
-0.0242,-0.0293,1.0214,6.1646,2.9907,-0.6104
-0.0250,-0.0323,1.0258,6.2866,3.1128,-0.0610
-0.0247,-0.0251,1.0251,6.1646,2.9907,-0.6104
-0.0245,-0.0300,1.0217,6.2866,2.9297,-0.7324
-0.0275,-0.0293,1.0237,6.4087,3.0518,-0.6104
-0.0171,-0.0226,1.0236,6.2256,2.9297,-0.7324
-0.0253,-0.0292,1.0214,6.2256,2.9907,-0.6104
-0.0245,-0.0342,1.0262,6.4087,3.1738,-0.6104
-0.0253,-0.0278,1.0234,6.2256,3.0518,-0.5493
-0.0249,-0.0280,1.0204,6.2866,3.2349,-0.6714
-0.0308,-0.0165,1.0222,6.2256,3.0518,-0.6714
-0.0112,-0.0530,1.0104,6.2866,3.2959,-1.9531
-0.0254,-0.0292,1.0129,6.0425,3.1128,-0.4883
-0.0233,-0.0295,1.0156,6.2256,3.1128,-0.6714
-0.0238,-0.0341,1.0216,6.2866,2.9907,-0.6714
-0.0232,-0.0211,1.0187,6.4087,2.9297,-0.1831
-0.0234,-0.0289,1.0251,6.2256,3.0518,-0.5493
-0.0237,-0.0292,1.0203,6.2866,2.9907,-0.5493
-0.0238,-0.0612,1.0215,6.4087,3.1128,-0.3052
-0.0294,-0.0264,1.0226,6.2866,3.2349,-0.1221
-0.0242,-0.0281,1.0244,6.1035,3.1128,-0.4883
-0.0245,-0.0286,1.0225,6.2866,2.9297,-0.6104
-0.0243,-0.0293,1.0248,6.3477,2.9907,-0.6104
-0.0240,-0.0291,1.0217,6.2866,3.2349,-0.6104
-0.0251,-0.0280,1.0247,6.3477,3.1128,-0.4883
-0.0243,-0.0273,1.0259,6.2866,3.0518,-0.4883
-0.0245,-0.0287,1.0212,6.2256,3.0518,-0.4272
-0.0264,-0.0260,1.0206,6.5308,2.9297,-0.5493
-0.0342,0.0057,1.0225,6.4087,3.0518,-0.6104
-0.0199,-0.0485,1.0221,6.4087,3.1128,-2.4414
-0.0248,-0.0295,1.0228,6.3477,2.9907,-0.5493
-0.0256,-0.0277,1.0228,6.2256,2.9297,-0.5493
-0.0243,-0.0271,1.0242,6.2256,2.9297,-0.4272
-0.0260,-0.0288,1.0216,6.5308,3.1128,-0.5493
-0.0336,-0.0383,1.0240,6.2866,3.1738,-2.0142
-0.0342,-0.0519,1.0226,6.4087,3.1128,-2.3193
-0.0203,-0.0350,1.0199,6.3477,2.9907,-0.3662
-0.0206,-0.0248,1.0199,6.2866,2.8076,-0.4272
-0.0265,-0.0269,1.0260,6.0425,3.0518,-0.3662
-0.0244,-0.0284,1.0208,6.4087,2.8687,-0.6104
-0.0251,-0.0299,1.0231,6.2866,2.9907,-0.5493
-0.0245,-0.0293,1.0208,6.2866,3.0518,-0.5493
-0.0253,-0.0284,1.0253,6.2866,2.9907,-0.6104
-0.0249,-0.0288,1.0206,6.0425,2.8687,-0.4883
-0.0251,-0.0281,1.0259,6.2256,2.9907,-0.5493
-0.0238,-0.0288,1.0250,6.2256,3.1128,-0.5493
-0.0259,-0.0276,1.0227,6.2256,3.1128,-0.4272
-0.0242,-0.0306,1.0237,6.4697,3.0518,-0.4883
-0.0248,-0.0273,1.0253,6.3477,3.0518,-0.4272
-0.0249,-0.0297,1.0206,6.2866,3.1128,-0.4883
-0.0253,-0.0308,1.0233,6.2256,3.1128,-0.3662
-0.0237,-0.0273,1.0240,6.4697,2.9907,-0.4883
-0.0245,-0.0281,1.0238,6.1646,2.9907,-0.5493
-0.0247,-0.0293,1.0232,6.3477,3.1738,-0.4272
-0.0251,-0.0291,1.0226,6.2866,3.0518,-0.4883
-0.0248,-0.0304,1.0221,6.4087,2.9907,-0.3052
-0.0254,-0.0287,1.0232,6.2256,2.9907,-0.5493
-0.0237,-0.0277,1.0265,6.4087,3.0518,-0.4272
-0.0258,-0.0289,1.0221,6.1646,2.9907,-0.6104
-0.0237,-0.0284,1.0216,6.3477,2.9907,-0.4883
-0.0249,-0.0288,1.0242,6.1646,2.9297,-0.4272
-0.0253,-0.0283,1.0217,6.4087,3.1738,-0.5493
-0.0249,-0.0282,1.0245,6.1035,2.9297,-0.5493
-0.0251,-0.0289,1.0204,6.4087,2.8687,-0.4883
-0.0247,-0.0280,1.0237,6.3477,3.0518,-0.4883
-0.0244,-0.0282,1.0237,6.0425,2.8687,-0.4272
FIN_VENTANA
INICIO_VENTANA reposo
-0.0250,-0.0288,1.0239,6.1035,3.1128,-0.4272
-0.0237,-0.0283,1.0212,6.2256,3.0518,-0.3662
-0.0247,-0.0291,1.0238,6.1646,3.1128,-0.5493
-0.0248,-0.0288,1.0236,6.2256,2.9297,-0.5493
-0.0251,-0.0289,1.0232,6.3477,3.0518,-0.4272
-0.0247,-0.0282,1.0223,6.3477,3.0518,-0.6714
-0.0251,-0.0277,1.0233,6.3477,3.0518,-0.5493
-0.0256,-0.0280,1.0294,6.4087,3.1128,-0.5493
-0.0247,-0.0298,1.0193,6.3477,3.1128,-0.4272
-0.0250,-0.0277,1.0278,6.3477,3.0518,-0.5493
-0.0238,-0.0288,1.0200,6.2256,3.1128,-0.5493
-0.0245,-0.0276,1.0217,6.1035,3.1738,-0.4883
-0.0237,-0.0269,1.0215,6.3477,2.8076,-0.1221
-0.0002,-0.0208,1.0223,6.1646,3.1128,-3.4790
-0.0604,-0.0670,1.0222,6.3477,2.8076,-1.1597
-0.0518,-0.0197,1.0251,6.1646,2.9297,0.6104
-0.0237,-0.0339,1.0260,6.2256,2.8076,-1.4038
-0.0233,-0.0286,1.0221,6.1035,3.0518,-0.8545
-0.0245,-0.0289,1.0233,6.3477,2.9297,-0.9155
-0.0237,-0.0277,1.0226,6.4087,3.0518,-0.8545
-0.0237,-0.0283,1.0220,6.2866,2.9297,-0.5493
-0.0240,-0.0305,1.0232,6.1035,2.9907,-0.4883
-0.0259,-0.0349,1.0238,6.4087,2.9297,-1.2207
-0.0239,-0.0378,1.0226,6.2256,2.9297,-1.0376
-0.0254,-0.0131,1.0231,6.2256,2.9907,0.6104
-0.0250,-0.0297,1.0227,5.9814,3.0518,-0.2441
-0.0245,-0.0325,1.0229,5.9814,2.9907,0.0610
-0.0261,-0.0216,1.0231,6.2256,2.9297,-0.3052
-0.0255,-0.0272,1.0271,6.2866,3.0518,-0.5493
-0.0265,-0.0289,1.0289,6.2256,2.9907,-0.4883
-0.0244,-0.0272,1.0239,6.4087,2.9907,-0.2441
-0.0256,-0.0306,1.0286,6.1646,3.1738,-0.5493
-0.0256,-0.0284,1.0239,6.2256,3.1128,-0.6104
-0.0232,-0.0310,1.0243,6.1035,2.9907,-0.5493
-0.0237,-0.0281,1.0231,6.1646,3.2959,-0.6714
-0.0239,-0.0293,1.0214,6.2866,3.0518,-0.7324
-0.0248,-0.0288,1.0254,6.3477,3.0518,-0.5493
-0.0255,-0.0302,1.0223,6.1646,2.9297,-0.6104
-0.0243,-0.0287,1.0228,6.3477,2.9907,-0.3662
-0.0254,-0.0314,1.0209,6.1035,2.9907,-0.4883
-0.0289,-0.0299,1.0234,6.1646,2.9297,-0.1221
-0.0233,-0.0243,1.0222,6.3477,3.0518,-0.2441
-0.0217,-0.0284,1.0208,6.3477,3.1128,-0.4272
-0.0247,-0.0323,1.0197,6.2256,3.1128,-0.6104
-0.0286,-0.0377,1.0229,6.1646,3.1128,-0.6714
-0.0160,-0.0033,1.0212,6.3477,3.0518,-0.0610
-0.0247,-0.0300,1.0227,6.2256,2.9297,-0.5493
-0.0231,-0.0286,1.0223,6.1646,2.9907,-0.7324
-0.0302,-0.0260,1.0281,6.1646,3.1738,-0.6714
-0.0200,-0.0298,1.0254,6.4697,2.9297,-0.3052
-0.0248,-0.0261,1.0247,6.1035,2.9907,-1.1597
-0.0265,-0.0239,1.0266,6.1646,2.9907,0.4272
-0.0208,-0.0422,1.0190,6.2866,2.9297,0.4883
-0.0245,-0.0276,1.0199,6.4087,3.1128,0.0000
-0.0253,-0.0242,1.0260,6.3477,3.1128,-0.1221
-0.0238,-0.0292,1.0204,6.2256,3.1128,-0.4272
-0.0244,-0.0282,1.0236,6.2866,2.9907,-0.4883
-0.0245,-0.0308,1.0217,6.1646,3.1128,-0.5493
-0.0237,-0.0282,1.0229,6.4087,2.9297,-0.6104
-0.0231,-0.0289,1.0226,6.2866,3.0518,-0.4272
-0.0249,-0.0288,1.0220,6.4697,2.9907,-0.7324
-0.0264,-0.0237,1.0217,6.1646,2.8687,-0.5493
-0.0325,-0.0118,1.0220,6.3477,3.1128,-0.7324
-0.0172,-0.0442,1.0234,6.4087,3.1738,-2.4414
-0.0236,-0.0294,1.0228,6.2256,2.8687,-0.8545
-0.0248,-0.0280,1.0227,6.3477,3.1738,-0.7324
-0.0228,-0.0295,1.0212,6.3477,3.1738,-0.5493
-0.0242,-0.0273,1.0210,6.2256,2.9297,-0.6104
-0.0288,-0.0219,1.0216,6.2866,2.9907,-0.8545
-0.0239,-0.0281,1.0216,6.4087,3.1128,-1.4038
-0.0143,-0.0421,1.0333,6.2256,2.9907,-1.4648
-0.0219,-0.0316,1.0238,6.4087,3.3569,-0.6714
-0.0175,-0.0436,1.0284,6.1035,2.9907,-0.4883
-0.0206,-0.0411,1.0248,6.1646,3.1128,0.7935
-0.0309,-0.0283,1.0166,6.4087,3.2349,0.8545
-0.0298,-0.0111,1.0281,6.1035,3.1128,0.6104
-0.0239,-0.0325,1.0260,6.2866,3.0518,0.0610
-0.0253,-0.0249,1.0212,6.3477,2.9297,0.1221
-0.0272,-0.0276,1.0385,6.1646,3.0518,-0.4883
-0.0251,-0.0316,1.0273,6.2866,3.0518,-0.6104
-0.0248,-0.0300,1.0244,6.0425,2.9297,-0.5493
-0.0276,-0.0272,1.0229,6.3477,2.9297,-0.1831
-0.0099,-0.0294,1.0244,6.1035,3.2959,0.4883
-0.0165,-0.0366,1.0237,6.2256,3.1128,0.9766
-0.0272,-0.0267,1.0222,6.3477,3.0518,0.0000
-0.0251,-0.0305,1.0216,6.4087,3.0518,-0.3662
-0.0195,-0.0361,1.0221,6.2256,3.2349,-0.0610
-0.0264,-0.0228,1.0247,6.4087,3.1128,0.5493
-0.0251,-0.0273,1.0210,6.2256,3.1128,-0.3662
-0.0238,-0.0293,1.0219,6.3477,2.9297,-0.4883
-0.0242,-0.0284,1.0214,6.3477,3.1128,-0.4272
-0.0238,-0.0300,1.0220,5.9814,2.9907,-0.3662
-0.0244,-0.0291,1.0223,6.2866,3.1738,-0.6104
-0.0239,-0.0303,1.0228,6.4087,3.0518,-0.6714
-0.0178,-0.0466,1.0247,6.4697,3.1738,-0.1831
-0.0243,-0.0238,1.0201,6.4697,3.0518,0.3052
-0.0261,-0.0254,1.0216,6.2866,2.9907,0.3052
-0.0261,-0.0278,1.0249,6.3477,3.0518,-0.5493
-0.0248,-0.0286,1.0222,6.4087,2.9907,-0.4883
-0.0245,-0.0289,1.0223,6.4087,3.1128,-0.6104
FIN_VENTANA
INICIO_VENTANA reposo
-0.0256,-0.0311,1.0190,6.3477,3.1128,-0.6714
-0.0238,-0.0304,1.0184,6.3477,3.1738,0.6714
-0.0255,-0.0272,1.0203,6.1035,2.9297,-0.4883
-0.0232,-0.0298,1.0234,6.4697,3.1128,-0.6104
-0.0239,-0.0287,1.0226,6.4087,2.9297,-0.3662
-0.0239,-0.0272,1.0234,6.4087,3.0518,-0.7324
-0.0239,-0.0297,1.0239,6.2256,3.1128,-0.6104
-0.0234,-0.0291,1.0220,6.2256,2.9297,-0.6104
-0.0242,-0.0281,1.0254,6.3477,2.9297,-0.6104
-0.0238,-0.0299,1.0212,6.3477,3.2349,-0.4272
-0.0221,-0.0316,1.0229,6.3477,3.0518,-0.6714
-0.0261,-0.0178,1.0198,6.2256,3.0518,1.8921
-0.0243,-0.0248,1.0129,6.2866,2.9907,-0.1221
-0.0249,-0.0327,1.0186,6.2866,3.1128,0.1831
-0.0264,-0.0354,1.0228,6.3477,2.9297,1.4038
-0.0287,-0.0101,1.0171,6.3477,3.1128,1.7700
-0.0212,-0.0173,1.0209,6.4697,3.0518,0.1221
-0.0248,-0.0293,1.0284,6.3477,2.9297,-0.4883
-0.0256,-0.0300,1.0192,6.4087,3.1738,-0.6714
-0.0845,-0.0581,1.0206,6.4697,3.1738,-0.1831
-0.0070,-0.0236,1.0223,6.5308,3.0518,0.7324
-0.0094,-0.0284,1.0178,6.2256,3.0518,1.5259
-0.0244,-0.0231,1.0215,6.2256,3.1738,-0.6104
-0.0234,-0.0297,1.0219,6.4087,2.9297,-0.3052
-0.0226,-0.0286,1.0236,6.1646,3.0518,-0.3052
-0.0309,-0.0272,1.0254,6.2256,2.9907,0.2441
-0.0256,-0.0278,1.0211,6.1035,2.8687,0.1831
-0.0176,-0.0146,1.0204,6.2866,3.1128,-0.4883
-0.0382,-0.0629,1.0195,6.2866,2.9907,-1.4648
-0.0251,-0.0383,1.0210,6.3477,3.1128,-0.4883
-0.0244,-0.0292,1.0200,6.3477,2.9297,-0.4883
-0.0244,-0.0277,1.0223,6.2256,3.0518,-0.7324
-0.0250,-0.0282,1.0265,6.4087,3.0518,-0.7324
-0.0253,-0.0300,1.0179,6.2866,3.1738,-0.7324
-0.0234,-0.0273,1.0226,6.2256,3.1128,-0.7324
-0.0239,-0.0226,1.0219,6.1646,3.1128,-1.2207
-0.0248,-0.0267,1.0198,6.4087,3.2959,-1.5869
-0.0264,-0.0298,1.0240,6.3477,2.9297,-2.0752
-0.0227,-0.0343,1.0209,6.2866,2.9297,-1.2207
-0.0181,-0.0426,1.0192,6.1035,3.0518,-0.7324
-0.0277,-0.0294,1.0225,6.4087,2.9907,0.5493
-0.0254,-0.0421,1.0229,6.2866,3.1738,1.1597
-0.0295,-0.0278,1.0216,6.1035,3.1738,2.6855
-0.0225,-0.0151,1.0190,6.3477,3.1128,2.7466
-0.0210,-0.0070,1.0243,6.1646,3.1738,-0.4883
-0.0254,-0.0297,1.0232,6.5308,3.1128,-0.6104
-0.0243,-0.0286,1.0233,6.3477,2.9297,-0.4883
-0.0261,-0.0293,1.0208,6.2866,2.9297,-0.7935
-0.0271,-0.0334,1.0228,6.1646,2.9907,-1.1597
-0.0182,-0.0266,1.0249,6.1646,2.9297,-1.7700
-0.0234,-0.0302,1.0240,6.3477,2.8687,-0.8545
-0.0243,-0.0281,1.0204,6.2866,3.0518,-0.7935
-0.0237,-0.0269,1.0189,6.4087,3.0518,-0.4883
-0.0232,-0.0034,1.0321,6.5918,2.9297,-2.1362
-0.0267,0.0005,1.0164,6.4697,2.9297,-2.8687
-0.0243,-0.0157,1.0248,6.2256,3.1128,-3.2959
-0.0201,-0.0535,1.0150,6.2866,3.0518,-2.9907
-0.0244,-0.0327,1.0132,6.1035,3.0518,-0.8545
-0.0516,-0.0181,1.0244,6.2866,3.1128,-0.8545
-0.0309,-0.0220,1.0212,6.1646,3.0518,-0.3052
-0.0247,-0.0287,1.0211,6.1646,2.9907,-0.6714
-0.0243,-0.0273,1.0199,6.4087,3.1738,-0.3052
-0.0238,-0.0291,1.0222,6.2866,3.1128,-0.4883
-0.0249,-0.0315,1.0167,6.0425,3.1128,-0.8545
-0.0304,-0.0122,1.0221,6.4697,3.0518,1.0376
-0.0300,-0.0245,1.0217,6.1035,2.8687,0.3662
-0.0273,-0.0217,1.0212,6.4697,3.1128,0.0610
-0.0238,-0.0303,1.0178,6.2866,3.0518,0.0000
-0.0267,-0.0299,1.0240,6.1646,3.0518,0.1221
-0.0240,-0.0242,1.0193,6.2866,3.1128,-0.3662
-0.0239,-0.0298,1.0232,6.2256,3.1128,-0.4883
-0.0242,-0.0288,1.0215,6.4087,3.2349,-0.5493
-0.0247,-0.0293,1.0204,6.3477,3.0518,-0.5493
-0.0238,-0.0292,1.0200,6.2256,3.1738,-0.5493
-0.0240,-0.0287,1.0229,6.3477,2.9297,-0.6104
-0.0238,-0.0288,1.0208,6.2256,3.0518,-0.4883
-0.0244,-0.0287,1.0239,6.4697,3.2349,-0.5493
-0.0249,-0.0309,1.0262,6.4697,2.9907,-0.5493
-0.0601,-0.0819,1.0286,6.2256,3.1738,4.0894
0.0092,-0.0164,1.0186,6.2256,3.2349,4.5776
-0.0024,0.0046,1.0240,6.2256,3.2349,5.4932
-0.0175,0.0114,1.0223,6.3477,2.9907,1.8921
-0.0272,-0.0190,1.0240,6.2256,2.9297,0.0000
-0.0150,-0.0367,1.0217,6.5308,3.1738,-4.5776
-0.0463,-0.0859,1.0242,6.3477,3.1128,-6.3477
-0.0197,-0.0417,1.0219,6.2866,2.9907,-5.5542
-0.0145,-0.0209,1.0244,6.1646,3.2349,-3.3569
-0.0079,-0.0212,1.0188,6.1646,3.0518,-2.1362
-0.0284,-0.0317,1.0264,6.3477,3.1128,-0.6714
-0.0254,-0.0281,1.0234,6.2866,3.0518,-0.4883
-0.0236,-0.0288,1.0219,6.4087,2.9907,-0.5493
-0.0250,-0.0294,1.0226,6.2866,3.2349,-0.4883
-0.0239,-0.0286,1.0221,6.4087,3.1128,-0.3052
-0.0311,-0.0182,1.0223,6.5918,3.0518,-0.3052
-0.0277,-0.0361,1.0219,6.4697,3.0518,1.8921
0.0046,-0.0361,1.0210,6.4087,3.1128,6.1035
-0.0112,-0.0358,1.0212,6.2866,3.2349,3.7231
-0.0277,-0.0271,1.0242,6.2256,3.0518,-0.0610
-0.0222,-0.0325,1.0266,6.1646,3.1738,-0.3052
-0.0251,-0.0316,1.0188,6.2866,3.0518,-0.1831
FIN_VENTANA
INICIO_VENTANA reposo
-0.0067,0.0249,1.0217,6.1035,3.1128,3.3569
-0.0244,-0.0269,1.0200,6.5308,2.9907,-0.6104
-0.0229,-0.0117,1.0217,6.2256,3.0518,-1.5259
-0.0267,-0.0363,1.0237,6.2256,3.0518,-1.4648
-0.0276,-0.0139,1.0212,6.4697,3.0518,-0.6104
-0.0234,-0.0538,1.0240,6.2866,2.9907,-2.1362
0.0070,-0.0154,1.0145,6.3477,2.9907,-2.5635
-0.0540,-0.0510,1.0227,6.1035,3.1128,-2.6245
-0.0293,-0.0310,1.0222,6.2866,3.0518,-0.7324
-0.0240,-0.0286,1.0228,6.2866,3.1128,-0.3052
-0.0245,-0.0300,1.0214,6.2256,2.9907,-0.4272
-0.0236,-0.0289,1.0231,6.4087,2.9907,-0.6104
-0.0248,-0.0287,1.0231,6.2256,2.9907,-0.6104
-0.0254,-0.0294,1.0195,6.2866,3.0518,-0.6104
-0.0242,-0.0291,1.0248,6.4087,3.0518,-0.4272
-0.0247,-0.0300,1.0216,6.4087,3.1738,-0.7324
-0.0236,-0.0288,1.0271,6.4697,3.1128,-0.6104
-0.0236,-0.0287,1.0216,6.2256,2.9907,-0.6714
-0.0240,-0.0289,1.0238,6.2866,3.1128,-0.7935
-0.0242,-0.0299,1.0211,6.2866,3.1738,-0.4883
-0.0248,-0.0300,1.0248,6.2866,3.1738,-0.7324
-0.0240,-0.0302,1.0227,6.4697,2.9297,-0.9155
-0.0245,-0.0287,1.0232,6.2866,2.9907,-0.4272
-0.0242,-0.0277,1.0231,6.4087,3.0518,-0.5493
-0.0244,-0.0319,1.0244,6.2866,3.0518,-0.6104
-0.0250,-0.0327,1.0212,6.2256,2.9297,-0.1831
-0.0259,-0.0249,1.0245,6.1035,3.1128,-0.1831
-0.0243,-0.0272,1.0220,6.4697,3.1738,-0.1831
-0.0248,-0.0276,1.0231,6.3477,3.1738,-0.4883
-0.0253,-0.0287,1.0232,6.2866,2.9907,-0.4272
-0.0247,-0.0292,1.0223,6.2256,3.1738,-0.6104
-0.0244,-0.0294,1.0242,6.3477,2.9907,-0.6714
-0.0240,-0.0287,1.0228,6.5918,3.0518,-0.7935
-0.0245,-0.0295,1.0238,6.3477,3.1738,-0.6714
-0.0243,-0.0280,1.0223,6.2256,2.8687,-0.6714
-0.0250,-0.0297,1.0256,6.5308,3.0518,-0.6104
-0.0251,-0.0304,1.0192,6.2866,3.2349,-0.4883
-0.0237,-0.0275,1.0248,6.5308,3.1738,-0.3662
-0.0249,-0.0295,1.0225,6.2256,3.2349,-0.4883
-0.0244,-0.0280,1.0251,6.1646,3.1738,-0.4883
-0.0272,-0.0278,1.0295,6.2866,2.9907,-0.5493
-0.0248,-0.0295,1.0234,6.3477,3.1128,-0.6104
-0.0251,-0.0291,1.0221,6.5308,3.1738,-0.4883
-0.0245,-0.0278,1.0254,6.2256,3.0518,-0.6714
-0.0254,-0.0292,1.0200,6.3477,3.1128,-0.6104
-0.0245,-0.0277,1.0243,6.4087,3.0518,-0.5493
-0.0238,-0.0289,1.0197,6.4087,2.9297,-0.6714
-0.0248,-0.0284,1.0262,6.2256,3.1738,-0.6714
-0.0250,-0.0288,1.0248,6.4087,3.1128,-0.5493
-0.0248,-0.0286,1.0216,6.2866,3.1128,-0.5493
-0.0250,-0.0289,1.0223,6.2866,3.2349,-0.4883
-0.0238,-0.0292,1.0227,6.2256,2.8687,-0.4883
-0.0239,-0.0281,1.0236,6.4087,3.1128,-0.6714
-0.0250,-0.0283,1.0220,6.4697,3.1738,-0.4883
-0.0240,-0.0288,1.0223,6.0425,3.0518,-0.5493
-0.0253,-0.0294,1.0237,6.4087,2.9297,-0.5493
-0.0242,-0.0291,1.0239,6.2256,3.1738,-0.4883
-0.0258,-0.0289,1.0245,6.4697,3.2349,-0.4272
-0.0255,-0.0287,1.0267,6.2866,2.9907,-0.4272
-0.0248,-0.0297,1.0283,6.3477,2.9297,-0.4883
-0.0239,-0.0299,1.0170,6.4697,3.0518,-0.6714
-0.0250,-0.0283,1.0262,6.2256,3.0518,-0.5493
-0.0253,-0.0283,1.0217,6.4697,2.9297,-0.7324
-0.0251,-0.0289,1.0223,6.4087,3.1738,-0.6104
-0.0249,-0.0275,1.0245,6.2866,3.1128,-0.5493
-0.0247,-0.0289,1.0233,6.3477,3.0518,-0.4883
-0.0250,-0.0282,1.0212,6.4087,3.0518,-0.4883
-0.0248,-0.0283,1.0244,6.4697,3.1128,-0.6104
-0.0247,-0.0294,1.0216,6.3477,3.2349,-0.3662
-0.0254,-0.0277,1.0237,6.2866,3.1128,-0.6714
-0.0250,-0.0297,1.0198,6.2866,3.0518,-0.6104
-0.0260,-0.0283,1.0248,6.2256,2.8687,-0.3662
-0.0253,-0.0295,1.0210,6.5918,2.9907,-0.4883
-0.0245,-0.0287,1.0239,6.2256,3.1128,-0.4883
-0.0249,-0.0294,1.0233,6.3477,2.9907,-0.4272
-0.0250,-0.0277,1.0216,6.5918,3.0518,-0.3662
-0.0247,-0.0287,1.0219,6.3477,3.2959,-0.6104
-0.0243,-0.0283,1.0206,6.4087,3.1738,-0.6714
-0.0250,-0.0286,1.0216,6.3477,3.0518,-0.7324
-0.0254,-0.0286,1.0233,6.3477,3.1738,-0.6104
-0.0254,-0.0284,1.0197,6.1646,3.1128,-0.6104
-0.0238,-0.0272,1.0260,6.3477,3.1738,-0.5493
-0.0239,-0.0293,1.0194,6.3477,3.0518,-0.5493
-0.0258,-0.0280,1.0239,6.2866,3.1128,-0.4883
-0.0247,-0.0282,1.0238,6.1035,3.1128,-0.3052
-0.0247,-0.0291,1.0190,6.1646,2.9907,-0.3662
-0.0247,-0.0289,1.0211,6.3477,3.2349,-0.4883
-0.0248,-0.0293,1.0222,6.3477,3.0518,-0.4883
-0.0236,-0.0272,1.0221,6.4087,3.1738,-0.6104
-0.0250,-0.0291,1.0221,6.2866,3.1128,-0.3052
-0.0242,-0.0281,1.0227,6.1646,3.1128,-0.4272
-0.0254,-0.0283,1.0212,6.2866,3.1128,-0.4883
-0.0247,-0.0299,1.0204,6.2866,3.1128,-0.4272
-0.0249,-0.0282,1.0256,6.1035,3.1128,-0.4272
-0.0253,-0.0297,1.0204,6.2256,3.0518,-0.4883
-0.0258,-0.0283,1.0250,6.2866,3.1128,-0.3662
-0.0239,-0.0281,1.0227,6.2866,3.1738,-0.4883
-0.0245,-0.0277,1.0222,6.3477,3.1128,-0.5493
-0.0243,-0.0288,1.0225,6.2256,3.1128,-0.4272
-0.0237,-0.0291,1.0236,6.2866,2.9907,-0.6104
FIN_VENTANA
INICIO_VENTANA reposo
-0.0244,-0.0291,1.0237,6.2866,3.0518,-1.2207
-0.0255,-0.0284,1.0239,6.4697,2.9907,-1.2207
-0.0250,-0.0291,1.0226,6.2866,2.9907,-0.7935
-0.0242,-0.0293,1.0221,6.2256,3.1738,-0.7935
-0.0256,-0.0280,1.0240,6.4087,3.1738,-0.5493
-0.0249,-0.0280,1.0232,6.4087,2.9297,-0.4883
-0.0245,-0.0282,1.0229,6.2866,2.9907,-0.6104
-0.0250,-0.0286,1.0234,6.2866,3.1738,-0.7324
-0.0251,-0.0283,1.0223,6.4087,2.9907,-0.3662
-0.0250,-0.0291,1.0226,6.3477,3.0518,-0.4883
-0.0239,-0.0286,1.0223,6.4087,3.1128,-0.4272
-0.0238,-0.0286,1.0229,6.2866,2.8687,-0.4883
-0.0247,-0.0284,1.0225,6.2256,3.0518,-0.6104
-0.0251,-0.0278,1.0231,6.4697,3.2349,-0.4883
-0.0247,-0.0293,1.0212,6.4087,2.9907,-0.6104
-0.0247,-0.0282,1.0233,6.2866,2.9297,-0.4883
-0.0255,-0.0280,1.0227,6.4697,3.1128,-0.5493
-0.0240,-0.0295,1.0193,6.2256,3.1128,-0.4883
-0.0245,-0.0272,1.0236,6.4087,3.1738,-0.4272
-0.0250,-0.0298,1.0259,6.3477,2.9297,-0.4883
-0.0251,-0.0299,1.0221,6.4087,3.1128,-0.4883
-0.0262,-0.0288,1.0220,6.4087,2.9907,-0.4883
-0.0242,-0.0282,1.0221,6.3477,3.0518,-0.4883
-0.0244,-0.0282,1.0220,6.2866,2.9297,-0.4883
-0.0245,-0.0281,1.0238,6.3477,3.1128,-0.4883
-0.0253,-0.0299,1.0204,6.2866,2.9907,-0.6104
-0.0256,-0.0276,1.0262,6.2866,3.1738,-0.6714
-0.0254,-0.0297,1.0201,6.4697,3.0518,-0.7324
-0.0250,-0.0284,1.0201,6.3477,3.0518,-1.2817
-0.0260,-0.0287,1.0251,6.4087,2.9907,-1.0376
-0.0245,-0.0297,1.0219,6.2256,2.8687,-0.7935
-0.0253,-0.0293,1.0222,6.2866,2.9907,-1.1597
-0.0248,-0.0282,1.0216,6.2866,3.1738,-0.9766
-0.0248,-0.0283,1.0231,6.2256,3.1738,-0.6104
-0.0254,-0.0297,1.0222,6.3477,3.1738,-0.7324
-0.0254,-0.0286,1.0228,6.3477,2.9907,-0.5493
-0.0249,-0.0280,1.0232,6.4697,3.2349,-0.6714
-0.0253,-0.0283,1.0217,6.2256,3.1128,-0.4272
-0.0256,-0.0288,1.0233,6.2256,3.0518,-0.3662
-0.0240,-0.0283,1.0187,6.2256,3.0518,-0.5493
-0.0254,-0.0267,1.0277,6.2866,3.2349,-0.3662
-0.0238,-0.0309,1.0203,6.2256,3.0518,-0.6104
-0.0243,-0.0272,1.0249,6.1646,3.1128,-0.4272
-0.0247,-0.0291,1.0200,6.2866,3.1128,-0.6104
-0.0248,-0.0293,1.0242,6.2256,3.1128,-0.4883
-0.0251,-0.0284,1.0228,6.2256,3.0518,-0.4272
-0.0248,-0.0288,1.0220,6.2866,3.0518,-0.4272
-0.0254,-0.0283,1.0239,6.3477,3.0518,-0.3662
-0.0245,-0.0282,1.0215,6.3477,3.0518,-0.6104
-0.0254,-0.0283,1.0250,6.1646,3.0518,-0.4883
-0.0242,-0.0288,1.0233,6.2866,3.1128,-0.5493
-0.0250,-0.0288,1.0209,6.2256,2.9297,-0.6104
-0.0245,-0.0287,1.0251,6.3477,2.8687,-0.6714
-0.0243,-0.0286,1.0195,6.4087,2.8687,-0.6104
-0.0240,-0.0300,1.0208,6.2256,2.9907,-0.5493
-0.0254,-0.0278,1.0227,6.4087,3.1738,-0.5493
-0.0256,-0.0293,1.0233,6.1646,2.9907,-0.6104
-0.0245,-0.0276,1.0223,6.1035,3.1128,-0.7324
-0.0250,-0.0289,1.0232,6.3477,2.9907,-0.6104
-0.0254,-0.0288,1.0209,6.2256,2.9907,-0.6714
-0.0240,-0.0286,1.0228,6.3477,2.8687,-0.5493
-0.0243,-0.0280,1.0203,6.2256,2.9297,-0.6104
-0.0238,-0.0282,1.0209,6.2256,2.8076,-0.6104
-0.0244,-0.0294,1.0171,6.2256,3.0518,-0.5493
-0.0259,-0.0281,1.0273,6.4087,2.9907,-0.5493
-0.0234,-0.0292,1.0209,6.1646,3.0518,-0.3662
-0.0259,-0.0281,1.0228,6.2866,2.9297,-0.4272
-0.0245,-0.0277,1.0216,6.2866,3.0518,-0.6104
-0.0254,-0.0282,1.0247,6.3477,3.2959,-0.6104
-0.0244,-0.0291,1.0210,6.5308,3.0518,-0.6104
-0.0255,-0.0284,1.0247,6.2866,2.9907,-0.6104
-0.0250,-0.0297,1.0203,6.2256,3.2349,-0.6104
-0.0244,-0.0282,1.0212,6.2866,2.9907,-0.6104
-0.0248,-0.0289,1.0221,6.2866,3.1128,-0.6104
-0.0251,-0.0287,1.0236,6.2256,3.1738,-0.7935
-0.0265,-0.0309,1.0215,6.2866,3.2349,-0.9155
-0.0233,-0.0262,1.0229,6.4087,2.9907,-1.2817
-0.0289,-0.0314,1.0229,6.4087,2.9907,-1.2207
-0.0197,-0.0251,1.0223,6.4697,3.1128,-1.2207
-0.0236,-0.0269,1.0234,6.2256,3.1128,-0.7935
-0.0237,-0.0291,1.0216,6.4697,2.9907,-0.6104
-0.0254,-0.0288,1.0225,6.2866,2.9297,-0.7324
-0.0253,-0.0283,1.0236,6.1646,3.1128,-0.6714
-0.0251,-0.0270,1.0275,6.3477,2.9907,-0.5493
-0.0255,-0.0309,1.0204,6.2866,3.1128,-0.4272
-0.0255,-0.0261,1.0226,6.2256,2.9907,-0.3052
-0.0245,-0.0287,1.0225,6.4087,3.0518,-0.3662
-0.0244,-0.0282,1.0222,6.2256,3.2349,-0.3662
-0.0337,-0.0315,1.0233,6.2866,3.1128,-0.0610
-0.0123,-0.0240,1.0206,6.2866,2.8687,0.6104
-0.0333,-0.0293,1.0236,6.2866,2.8687,1.7700
-0.0482,-0.0375,1.0234,6.1646,2.9297,2.0142
-0.0399,-0.0283,1.0219,6.1035,2.9297,4.3335
0.0034,-0.0284,1.0209,6.2256,3.1128,10.3149
-0.0038,-0.0219,1.0264,6.1646,3.1128,6.7139
-0.0215,-0.0270,1.0210,6.2866,3.0518,-0.7324
-0.0001,0.0110,1.0242,6.1646,3.1128,-0.6714
-0.0533,-0.1223,1.0226,6.1646,3.0518,0.9766
-0.0105,0.0677,1.0222,6.1646,3.1738,-2.7466
0.0081,-0.0233,1.0239,6.1035,3.4180,-7.7515
FIN_VENTANA
INICIO_VENTANA reposo
0.0298,-0.9622,0.3706,24.5361,4.6997,-2.6855
0.0280,-0.9622,0.3645,23.4375,3.7842,-3.4790
0.0304,-1.0001,0.3755,36.6211,1.8921,-2.9297
0.0162,-0.9827,0.3558,15.4419,3.5400,-2.3193
0.0293,-0.9696,0.3379,15.8081,4.5776,-2.3804
0.0256,-0.9807,0.3363,18.1274,4.5166,-2.4414
0.0250,-0.9788,0.3252,19.0430,4.9438,-2.3804
0.0226,-0.9838,0.3176,19.9585,4.6997,-3.1128
0.0217,-0.9861,0.3103,20.3247,5.3101,-2.6855
0.0219,-0.9907,0.3008,20.2026,5.0049,-2.6855
0.0232,-0.9890,0.2902,19.5313,4.8218,-2.6855
0.0281,-1.0065,0.2708,34.3628,2.8076,-2.9907
0.0123,-1.0122,0.2649,32.8979,-2.0142,-3.1128
0.0092,-1.0175,0.2584,16.7847,-1.8311,-1.1597
0.0104,-0.9940,0.2411,4.3335,-0.3052,0.9155
0.0197,-1.0085,0.2634,8.5449,-1.3428,0.4272
0.0212,-0.9902,0.2612,-0.1221,2.9297,0.9155
0.0148,-0.9913,0.2682,10.1318,3.6621,-1.1597
0.0151,-0.9949,0.2601,23.4375,5.6152,-3.1738
0.0137,-1.0055,0.2358,27.4658,5.8594,-4.1504
0.0129,-1.0131,0.2181,25.3296,5.4321,-3.7842
0.0088,-1.0188,0.1742,27.4658,1.2207,-2.6855
0.0128,-1.0297,0.1829,16.1133,-3.7231,-0.3662
0.0032,-1.0244,0.2009,1.9531,-6.4087,2.1973
0.0110,-1.0012,0.2461,-14.0381,-6.5918,4.5166
0.0093,-0.9779,0.2717,-15.0757,0.0000,3.6621
0.0153,-0.9734,0.2620,11.9019,3.7842,-1.6479
0.0133,-0.9895,0.2094,36.8652,7.0190,-5.7373
0.0032,-1.0302,0.1923,46.8750,4.2114,-6.5308
0.0044,-1.0337,0.1719,23.9868,4.6997,-2.4414
0.0062,-1.0260,0.1716,2.3804,2.3804,0.4272
0.0071,-1.0138,0.1810,-4.0894,0.7935,1.5869
0.0060,-1.0020,0.1851,4.0894,-1.4648,0.8545
0.0052,-1.0131,0.1979,9.8877,-1.8921,-0.1221
0.0074,-1.0092,0.1908,11.5967,-1.0986,-0.6104
0.0083,-1.0146,0.1948,11.7187,0.2441,-0.9155
0.0063,-1.0164,0.1904,10.4980,2.0752,-1.0986
0.0056,-1.0100,0.1813,11.1084,3.6011,-1.3428
0.0056,-1.0164,0.1771,16.2354,3.4180,-2.0142
0.0033,-1.0206,0.1649,14.0991,4.3335,-1.7700
0.0056,-1.0267,0.1610,8.8501,3.6011,-0.7324
0.0032,-1.0176,0.1718,4.0894,2.1973,-0.1221
0.0044,-1.0107,0.1743,6.8970,3.1128,-0.5493
0.0031,-1.0144,0.1666,11.3525,3.7231,-1.2817
0.0028,-1.0238,0.1646,10.6812,3.8452,-1.0376
0.0054,-1.0173,0.1550,6.8359,3.2959,-0.6714
0.0037,-1.0187,0.1699,4.3945,2.9297,-0.1831
0.0044,-1.0170,0.1680,7.1411,3.3569,-0.6104
0.0038,-1.0200,0.1649,11.9019,3.1738,-1.0986
0.0046,-1.0227,0.1558,7.5073,3.2959,-0.5493
0.0049,-1.0188,0.1573,5.6152,2.9297,-0.1831
0.0029,-1.0217,0.1650,8.9722,2.3193,-0.5493
0.0045,-1.0204,0.1550,8.1177,2.8076,-0.5493
0.0048,-1.0176,0.1497,10.0098,2.2583,-0.7935
0.0032,-1.0194,0.1630,2.4414,1.8921,0.3052
0.0035,-1.0098,0.1664,6.7749,2.9297,-0.5493
0.0023,-1.0171,0.1621,4.8828,2.6855,-0.1221
0.0029,-1.0347,0.1447,7.8125,3.2349,-0.7324
0.0043,-1.0232,0.1520,7.1411,3.1738,-0.7324
0.0043,-1.0155,0.1581,5.9204,3.1738,-0.4883
0.0023,-1.0303,0.1621,6.1646,3.1128,-0.3662
0.0032,-1.0188,0.1569,6.4087,3.1738,-0.2441
0.0023,-1.0188,0.1543,6.3477,3.0518,-0.6104
0.0037,-1.0204,0.1556,6.4087,3.1738,-0.5493
0.0032,-1.0206,0.1588,6.4087,3.1128,-0.5493
0.0054,-1.0134,0.1603,6.2866,3.2959,-0.3662
0.0044,-1.0175,0.1544,6.4087,3.2349,-0.4883
0.0020,-1.0271,0.1549,6.2256,3.2959,-0.4272
0.0042,-1.0153,0.1584,6.2256,3.1128,-0.3662
0.0035,-1.0193,0.1565,6.3477,3.1738,-0.4272
0.0039,-1.0159,0.1567,6.3477,3.1738,-0.3662
0.0031,-1.0253,0.1550,6.4087,3.2959,-0.5493
0.0039,-1.0211,0.1578,6.2256,3.0518,-0.5493
0.0038,-1.0157,0.1564,6.4697,3.0518,-0.4883
0.0038,-1.0238,0.1565,6.2256,3.1128,-0.7324
0.0024,-1.0146,0.1571,6.4697,3.1128,-0.6714
0.0037,-1.0226,0.1564,6.4087,3.2349,-0.6714
0.0039,-1.0223,0.1555,6.2866,3.1128,-0.3052
0.0029,-1.0173,0.1562,6.2866,2.9907,-0.4883
0.0033,-1.0212,0.1560,6.2866,3.2959,-0.4883
0.0037,-1.0189,0.1559,6.3477,3.0518,-0.5493
0.0046,-1.0195,0.1562,6.3477,3.1128,-0.3662
0.0033,-1.0198,0.1552,6.2256,3.1128,-0.4883
0.0038,-1.0205,0.1561,6.4697,3.1738,-0.4272
0.0039,-1.0190,0.1552,6.2866,3.0518,-0.5493
0.0031,-1.0187,0.1569,6.2866,3.1738,-0.4883
0.0039,-1.0206,0.1555,6.2866,3.2959,-0.4883
0.0032,-1.0231,0.1561,6.4087,3.1738,-0.4883
0.0037,-1.0258,0.1567,6.4697,3.1738,-0.5493
0.0033,-1.0189,0.1554,6.1646,3.1738,-0.6104
0.0049,-1.0200,0.1576,6.4087,3.1128,-0.4883
0.0034,-1.0193,0.1263,6.2256,3.3569,-0.5493
0.0043,-1.0204,0.1547,6.2256,3.1738,-0.4883
0.0035,-1.0175,0.1611,6.3477,3.1128,-0.5493
0.0026,-1.0181,0.1572,6.2256,3.1738,-0.3662
0.0045,-1.0205,0.1564,6.4087,3.1738,-0.5493
0.0033,-1.0175,0.1559,6.1646,2.9907,-0.4883
0.0027,-1.0166,0.1564,6.3477,2.9297,-0.4883
0.0018,-1.0208,0.1530,6.1035,3.0518,-0.3662
0.0029,-1.0245,0.1559,6.3477,3.0518,-0.6714
FIN_VENTANA
INICIO_VENTANA reposo
0.0044,-1.0198,0.1533,6.4697,3.2959,-0.5493
0.0023,-1.0197,0.1545,6.2866,3.1738,-0.4883
0.0028,-1.0232,0.1554,6.2866,3.1128,-0.4883
0.0029,-1.0198,0.1547,6.4087,2.9907,-0.6714
0.0044,-1.0142,0.1560,6.1646,2.9297,-0.4272
0.0029,-1.0247,0.1547,6.1646,2.9907,-0.5493
0.0028,-1.0203,0.1543,6.2256,3.1738,-0.4272
0.0035,-1.0209,0.1552,6.2256,3.0518,-0.5493
0.0043,-1.0157,0.1539,6.1646,3.0518,-0.4883
0.0032,-1.0215,0.1553,6.0425,3.1738,-0.4883
0.0038,-1.0199,0.1553,6.3477,2.9907,-0.6104
0.0035,-1.0192,0.1545,6.3477,3.0518,-0.5493
0.0038,-1.0189,0.1556,6.1646,3.0518,-0.6714
0.0039,-1.0210,0.1565,6.1646,3.1128,-0.6104
0.0040,-1.0175,0.1556,6.1035,2.9297,-0.4883
0.0044,-1.0232,0.1550,6.4697,3.0518,-0.4883
0.0038,-1.0178,0.1549,6.3477,3.2959,-0.4272
0.0034,-1.0195,0.1555,6.2256,3.0518,-0.6104
0.0034,-1.0198,0.1549,6.2256,2.9297,-0.4272
0.0040,-1.0217,0.1510,6.2866,3.1128,-0.5493
0.0050,-1.0204,0.1567,6.1646,3.0518,-0.3052
0.0037,-1.0204,0.1537,6.4087,3.1128,-0.4272
0.0038,-1.0204,0.1547,6.1035,3.3569,-0.4272
0.0034,-1.0198,0.1553,6.4087,3.1738,-0.6104
0.0034,-1.0188,0.1558,6.3477,3.1128,-0.6104
0.0033,-1.0253,0.1561,6.4087,3.0518,-0.4883
0.0039,-1.0227,0.1567,6.2256,3.1738,-0.6104
0.0033,-1.0159,0.1554,6.2866,3.2349,-0.4272
0.0037,-1.0233,0.1565,6.3477,3.1738,-0.4272
0.0050,-1.0172,0.1548,6.2256,3.1128,-0.6104
0.0043,-1.0187,0.1542,6.3477,3.1128,-0.3662
0.0032,-1.0215,0.1553,6.4697,3.1738,-0.6104
0.0052,-1.0175,0.1542,6.4087,3.2349,-0.4272
0.0035,-1.0221,0.1567,6.2256,3.1738,-0.4883
0.0026,-1.0245,0.1536,6.4697,3.0518,-0.4883
0.0023,-1.0219,0.1521,6.2866,3.0518,-0.5493
0.0049,-1.0192,0.1528,6.2866,3.1738,-0.4883
0.0033,-1.0214,0.1550,6.3477,3.1738,-0.4272
0.0038,-1.0197,0.1537,6.1646,3.0518,-0.5493
0.0037,-1.0212,0.1550,6.1035,3.1128,-0.5493
0.0044,-1.0209,0.1544,6.2866,3.1128,-0.5493
0.0037,-1.0194,0.1538,6.4087,3.2959,-0.4883
0.0044,-1.0194,0.1556,6.2866,3.1738,-0.6104
0.0038,-1.0182,0.1544,6.2256,3.2349,-0.4883
0.0028,-1.0210,0.1555,6.4087,3.1738,-0.3662
0.0043,-1.0208,0.1564,6.3477,3.1738,-0.6104
0.0026,-1.0173,0.1538,6.4087,3.1738,-0.3662
0.0043,-1.0118,0.1542,6.2866,3.0518,-0.6104
0.0021,-1.0222,0.1532,6.3477,3.1738,-0.5493
0.0052,-1.0212,0.1610,6.3477,3.1128,-0.7324
0.0035,-1.0134,0.1531,6.2256,3.1128,-0.4883
0.0017,-1.0248,0.1493,6.4087,2.9907,-0.5493
0.0031,-1.0222,0.1533,6.1035,3.1128,-0.4272
0.0022,-1.0201,0.1519,6.4087,3.1738,-0.6104
0.0039,-1.0203,0.1520,6.2866,3.1738,-0.3662
0.0037,-1.0208,0.1536,6.4087,3.0518,-0.6104
0.0050,-1.0178,0.1526,6.2866,3.1738,-0.5493
0.0038,-1.0208,0.1536,6.4087,3.2959,-0.4883
0.0035,-1.0188,0.1541,6.0425,3.2349,-0.5493
0.0045,-1.0172,0.1538,6.2866,3.1128,-0.6104
0.0039,-1.0214,0.1536,6.2256,3.1738,-0.4883
0.0040,-1.0234,0.1547,6.2866,2.9907,-0.5493
0.0045,-1.0161,0.1539,6.1646,3.2349,-0.4883
0.0039,-1.0237,0.1553,6.2866,3.2349,-0.4883
0.0040,-1.0205,0.1559,6.2256,3.1128,-0.3662
0.0039,-1.0200,0.1534,6.2256,3.2959,-0.4272
0.0032,-1.0215,0.1543,6.5308,3.2349,-0.4883
0.0055,-1.0205,0.1534,6.2866,3.1738,-0.4272
0.0039,-1.0200,0.1538,6.4087,3.2959,-0.6104
0.0043,-1.0250,0.1545,6.4697,2.9907,-0.3662
0.0037,-1.0182,0.1532,5.9814,3.0518,-0.3662
0.0052,-1.0160,0.1533,6.4087,3.2959,-0.6104
0.0038,-1.0232,0.1536,6.5308,3.0518,-0.4883
0.0037,-1.0198,0.1530,6.4087,3.0518,-0.4883
0.0043,-1.0205,0.1542,6.2866,2.9297,-0.4272
0.0043,-1.0150,0.1525,6.3477,3.2349,-0.4883
0.0029,-1.0198,0.1532,6.3477,3.0518,-0.5493
0.0040,-1.0171,0.1536,6.3477,3.0518,-0.4883
0.0037,-1.0205,0.1532,6.2256,2.9907,-0.5493
0.0039,-1.0208,0.1530,6.2256,3.0518,-0.5493
0.0039,-1.0200,0.1534,6.4087,3.1738,-0.5493
0.0048,-1.0167,0.1520,6.2256,2.9297,-0.5493
0.0038,-1.0225,0.1548,6.3477,3.1128,-0.6104
0.0033,-1.0184,0.1531,6.2256,3.2959,-0.5493
0.0045,-1.0201,0.1542,6.4087,3.1128,-0.4883
0.0050,-1.0179,0.1517,6.2866,3.0518,-0.4883
0.0038,-1.0209,0.1542,6.2256,3.2349,-0.6104
0.0043,-1.0198,0.1541,6.2866,3.2959,-0.5493
0.0037,-1.0199,0.1530,6.4087,3.1738,-0.6714
0.0044,-1.0201,0.1532,6.2256,2.9907,-0.4883
0.0040,-1.0210,0.1525,6.2256,3.1128,-0.4883
0.0044,-1.0220,0.1536,6.2256,3.1738,-0.6714
0.0037,-1.0133,0.1509,6.3477,3.1128,-0.4272
0.0038,-1.0216,0.1548,6.2256,3.1738,-0.7324
0.0035,-1.0183,0.1520,6.2256,3.2959,-0.4272
0.0052,-1.0211,0.1543,6.3477,3.1128,-0.4883
0.0040,-1.0184,0.1531,6.4087,3.2349,-0.6104
0.0044,-1.0190,0.1538,6.4697,3.1128,-0.4272
0.0037,-1.0168,0.1530,6.2256,3.1738,-0.4883
0.0035,-1.0186,0.1532,6.4697,3.1128,-0.5493
FIN_VENTANA
INICIO_VENTANA reposo
0.0038,-1.0198,0.1547,6.4087,3.1738,-0.5493
0.0043,-1.0204,0.1543,6.2866,3.1738,-0.4272
0.0033,-1.0212,0.1538,6.2256,3.1128,-0.4883
0.0043,-1.0214,0.1532,6.3477,3.1738,-0.6104
0.0026,-1.0212,0.1523,6.4087,3.0518,-0.3662
0.0040,-1.0173,0.1554,6.2866,3.1738,-0.6714
0.0052,-1.0161,0.1537,6.3477,3.1128,-0.3052
0.0029,-1.0211,0.1561,6.2256,3.0518,-0.6104
0.0026,-1.0260,0.1509,6.4087,3.2349,-0.6104
0.0059,-1.0154,0.1549,6.4087,3.1128,-0.6714
0.0049,-1.0194,0.1554,6.3477,2.9907,-0.5493
0.0040,-1.0199,0.1556,6.2256,3.0518,-0.5493
0.0039,-1.0187,0.1539,6.4697,3.2349,-0.6104
0.0050,-1.0204,0.1550,6.2866,3.0518,-0.4272
0.0034,-1.0204,0.1543,6.2256,3.0518,-0.4272
0.0037,-1.0205,0.1552,6.2866,3.1738,-0.4272
0.0035,-1.0195,0.1556,6.3477,2.9907,-0.5493
0.0037,-1.0204,0.1554,6.4697,3.2349,-0.5493
0.0084,-1.0060,0.1592,6.2256,3.1128,-0.5493
0.0042,-1.0151,0.1566,6.2866,3.0518,-0.6104
0.0024,-1.0205,0.1541,6.3477,3.2349,-0.6104
0.0042,-1.0201,0.1554,6.2866,3.0518,-0.4272
0.0042,-1.0168,0.1566,6.3477,3.1128,-0.6104
0.0040,-1.0201,0.1558,6.4087,3.1128,-0.6104
0.0038,-1.0214,0.1550,6.2866,3.1128,-0.4883
0.0072,-1.0142,0.1515,6.2866,3.1128,-0.6714
-0.0017,-1.0393,0.1505,6.1646,3.2349,-0.3052
0.0005,-1.0269,0.1471,6.2866,3.1128,-0.4272
0.0049,-1.0148,0.1555,6.4697,3.2349,-0.4883
0.0071,-1.0094,0.1593,6.2866,3.0518,-0.5493
0.0056,-1.0240,0.1561,6.1646,2.9297,-0.5493
0.0038,-1.0146,0.1543,6.2866,2.9297,-0.4883
0.0045,-1.0223,0.1255,6.3477,3.1128,-0.5493
0.0045,-1.0233,0.1547,6.1646,2.9297,-0.6104
0.0027,-1.0178,0.1545,6.3477,3.2349,-0.5493
0.0042,-1.0182,0.1576,6.2866,3.2349,-0.6104
0.0039,-1.0183,0.1580,6.0425,3.1128,-0.6104
0.0044,-1.0178,0.1558,6.1035,3.1128,-0.7324
0.0042,-1.0189,0.1562,6.2866,3.0518,-0.5493
0.0039,-1.0203,0.1561,6.4087,3.0518,-0.7324
0.0052,-1.0205,0.1552,6.3477,2.9907,-0.5493
0.0037,-1.0201,0.1550,6.0425,3.1738,-0.6714
0.0028,-1.0205,0.1555,6.3477,3.1128,-0.6104
0.0043,-1.0172,0.1564,6.2256,2.9907,-0.4883
0.0049,-1.0205,0.1555,6.3477,3.1738,-0.7935
0.0037,-1.0204,0.1555,6.2256,3.2959,-0.4272
0.0035,-1.0216,0.1550,6.1646,3.1738,-0.5493
0.0055,-1.0194,0.1547,6.2256,3.0518,-0.5493
0.0038,-1.0203,0.1560,6.2866,2.9907,-0.4272
0.0037,-1.0200,0.1564,6.2866,3.1128,-0.4883
0.0040,-1.0189,0.1558,6.3477,3.1128,-0.5493
0.0032,-1.0145,0.1547,6.0425,2.9907,-0.5493
0.0057,-1.0140,0.1553,6.2866,3.0518,-0.4883
0.0024,-1.0271,0.1538,6.1035,3.0518,-0.4272
0.0029,-1.0162,0.1528,6.4087,2.9907,-0.6104
0.0043,-1.0170,0.1566,6.2866,3.1128,-0.6714
0.0039,-1.0198,0.1552,6.1646,3.1738,-0.4883
0.0045,-1.0176,0.1570,6.2256,3.1128,-0.4883
0.0090,-1.0105,0.1581,6.1035,3.1738,-0.4272
0.0018,-1.0155,0.1565,6.3477,2.9907,-0.5493
0.0057,-1.0187,0.1556,6.1646,2.9907,-0.4272
0.0043,-1.0182,0.1558,6.2256,3.0518,-0.5493
0.0042,-1.0172,0.1555,6.2866,3.0518,-0.6104
0.0049,-1.0179,0.1543,6.3477,3.2959,-0.4883
0.0026,-1.0247,0.1575,6.4087,2.9907,-0.7324
0.0065,-1.0139,0.1569,6.1035,2.9907,-0.5493
0.0038,-1.0245,0.1564,6.1646,2.9907,-0.4272
0.0031,-1.0206,0.1562,6.2866,3.1128,-0.3662
0.0044,-1.0154,0.1573,6.3477,3.1738,-0.6104
0.0050,-1.0155,0.1548,6.4087,3.1128,-0.6104
0.0028,-1.0242,0.1549,6.1035,2.9907,-0.5493
0.0055,-1.0173,0.1542,6.1646,2.9907,-0.4272
0.0059,-1.0171,0.1570,6.1646,2.9297,-0.4883
0.0046,-1.0209,0.1549,6.2866,3.1128,-0.6104
0.0056,-1.0133,0.1543,6.2866,2.9907,-0.4272
0.0044,-1.0214,0.1569,6.2256,3.1738,-0.5493
0.0033,-1.0219,0.1558,6.3477,2.9907,-0.4883
0.0046,-1.0186,0.1560,6.3477,3.2349,-0.7935
0.0052,-1.0215,0.1565,6.2256,2.9907,-0.4272
0.0050,-1.0173,0.1548,6.2256,3.0518,-0.5493
0.0044,-1.0186,0.1559,6.2256,3.1128,-0.4272
0.0042,-1.0187,0.1539,6.1646,3.0518,-0.5493
0.0037,-1.0179,0.1560,6.1035,2.9907,-0.4883
0.0035,-1.0225,0.1564,6.1035,2.9297,-0.4272
0.0044,-1.0205,0.1556,6.2256,3.0518,-0.4272
0.0039,-1.0195,0.1558,6.3477,2.9907,-0.6104
0.0043,-1.0189,0.1559,6.2256,3.0518,-0.3662
0.0040,-1.0199,0.1555,6.1646,2.9297,-0.5493
0.0045,-1.0220,0.1562,6.2866,2.9907,-0.5493
0.0034,-1.0189,0.1545,6.3477,2.9907,-0.5493
0.0046,-1.0167,0.1552,6.1035,3.1128,-0.4883
0.0039,-1.0176,0.1558,6.2866,2.9297,-0.6714
0.0045,-1.0211,0.1548,6.1646,3.0518,-0.6714
0.0049,-1.0177,0.1545,6.2256,3.1128,-0.4883
0.0052,-1.0153,0.1561,6.3477,2.9907,-0.6104
0.0040,-1.0214,0.1559,6.4087,3.0518,-0.5493
0.0033,-1.0201,0.1554,6.2256,3.1738,-0.6104
0.0061,-1.0123,0.1539,6.3477,3.1738,-0.6714
0.0028,-1.0254,0.1572,6.5918,3.1738,-0.6104
0.0038,-1.0149,0.1851,6.1035,3.0518,-0.4272
FIN_VENTANA
INICIO_VENTANA reposo
0.0039,-1.0201,0.1555,6.2866,3.0518,-0.6714
0.0037,-1.0177,0.1543,6.2256,3.0518,-0.5493
0.0049,-1.0183,0.1550,6.2256,3.2349,-0.5493
0.0048,-1.0204,0.1541,6.3477,3.1128,-0.4883
0.0038,-1.0187,0.1554,6.2866,2.8076,-0.4272
0.0039,-1.0222,0.1553,6.3477,2.9907,-0.6104
0.0040,-1.0220,0.1548,6.1646,3.1128,-0.6104
0.0046,-1.0206,0.1549,6.2866,3.1128,-0.4883
0.0046,-1.0222,0.1538,6.1035,3.1128,-0.4272
0.0037,-1.0236,0.1545,6.3477,3.1738,-0.6714
0.0037,-1.0186,0.1530,6.1646,2.9907,-0.5493
0.0043,-1.0179,0.1543,6.4697,3.1128,-0.4272
0.0043,-1.0233,0.1544,6.2866,3.1128,-0.7324
0.0048,-1.0199,0.1536,6.4087,3.0518,-0.5493
0.0042,-1.0170,0.1556,6.3477,3.1128,-0.5493
0.0060,-1.0203,0.1539,6.3477,2.9907,-0.4272
0.0029,-1.0216,0.1525,6.2866,3.1738,-0.6104
0.0046,-1.0212,0.1538,6.2256,2.9297,-0.4883
0.0066,-1.0143,0.1558,6.2256,2.9907,-0.4272
0.0046,-1.0172,0.1523,6.1646,3.1128,-0.6104
0.0035,-1.0164,0.1522,6.1646,3.1128,-0.4883
0.0057,-1.0253,0.1573,6.0425,3.1738,-0.4272
0.0034,-1.0166,0.1550,6.1646,3.1738,-0.3662
0.0065,-1.0162,0.1587,6.1035,2.9907,-0.5493
0.0043,-1.0176,0.1554,6.4087,3.1128,-0.6714
0.0042,-1.0238,0.1560,6.1646,2.9297,-0.6104
0.0045,-1.0171,0.1558,6.2866,3.0518,-0.6104
0.0029,-1.0215,0.1552,6.2866,3.1128,-0.5493
0.0050,-1.0176,0.1584,6.1035,3.1128,-0.5493
0.0033,-1.0183,0.1556,6.2256,2.9907,-0.4272
0.0048,-1.0194,0.1541,6.2256,2.9907,-0.5493
0.0044,-1.0201,0.1560,6.3477,3.2349,-0.4883
0.0046,-1.0208,0.1527,6.2866,3.1128,-0.6104
0.0048,-1.0171,0.1567,6.2866,3.1128,-0.5493
0.0043,-1.0200,0.1555,6.2866,3.1128,-0.6104
0.0045,-1.0278,0.1581,6.2866,3.1738,-0.4883
0.0040,-1.0128,0.1526,6.1035,3.2959,-0.6104
0.0049,-1.0248,0.1572,6.1035,2.9907,-0.4272
0.0049,-1.0209,0.1558,6.1035,3.2959,-0.4272
0.0042,-1.0219,0.1564,6.1646,3.1738,-0.7324
0.0050,-1.0160,0.1554,6.1035,3.1738,-0.5493
0.0045,-1.0215,0.1555,6.2866,3.0518,-0.5493
0.0044,-1.0205,0.1571,6.0425,3.2349,-0.4883
0.0044,-1.0201,0.1548,6.1035,2.8076,-0.4272
0.0059,-1.0198,0.1584,6.3477,3.1128,-0.7324
0.0048,-1.0215,0.1572,6.2866,2.9907,-0.4883
0.0040,-1.0173,0.1543,6.1646,2.9907,-0.6104
0.0048,-1.0225,0.1571,6.1646,2.9297,-0.6104
0.0050,-1.0167,0.1559,6.2256,3.0518,-0.4883
0.0033,-1.0215,0.1575,6.4087,3.1128,-0.4883
0.0038,-1.0194,0.1562,6.1646,2.9907,-0.5493
0.0038,-1.0203,0.1559,6.2256,3.1128,-0.5493
0.0045,-1.0189,0.1569,6.2256,2.9297,-0.4883
0.0037,-1.0189,0.1566,6.2866,3.0518,-0.4272
0.0044,-1.0198,0.1552,6.2866,3.0518,-0.6104
0.0044,-1.0181,0.1567,6.1035,2.9907,-0.3662
0.0052,-1.0170,0.1549,6.4087,3.0518,-0.5493
0.0039,-1.0193,0.1580,6.2866,2.9907,-0.5493
0.0037,-1.0261,0.1562,6.1646,3.1128,-0.3662
0.0060,-1.0143,0.1562,6.0425,3.0518,-0.7324
0.0039,-1.0153,0.1569,6.2866,3.1738,-0.5493
0.0045,-1.0211,0.1569,6.5308,3.0518,-0.6104
0.0045,-1.0204,0.1560,6.2256,3.2349,-0.5493
0.0056,-1.0214,0.1583,6.1646,2.9907,-0.6104
0.0038,-1.0198,0.1567,6.4697,3.0518,-0.5493
0.0040,-1.0182,0.1561,6.3477,3.1128,-0.4272
0.0044,-1.0227,0.1578,6.2256,2.9907,-0.5493
0.0039,-1.0168,0.1862,6.2866,2.9907,-0.5493
0.0050,-1.0182,0.1569,5.9814,3.1128,-0.6104
0.0054,-1.0209,0.1556,6.2256,3.0518,-0.5493
0.0051,-1.0187,0.1577,6.2866,3.0518,-0.6104
0.0040,-1.0219,0.1561,6.2256,2.9907,-0.6714
0.0049,-1.0193,0.1565,6.2256,3.1128,-0.6104
0.0040,-1.0208,0.1576,6.2256,3.1738,-0.4272
0.0049,-1.0205,0.1564,6.4087,3.0518,-0.6104
0.0054,-1.0211,0.1580,6.1646,2.9907,-0.5493
0.0051,-1.0183,0.1561,6.2256,3.0518,-0.6714
0.0042,-1.0162,0.1569,6.2256,3.1128,-0.6104
0.0049,-1.0178,0.1561,6.1035,3.1738,-0.6104
0.0038,-1.0146,0.1598,6.4087,3.0518,-0.3662
0.0013,-1.0297,0.1632,6.3477,2.9297,-0.5493
0.0035,-1.0217,0.1525,6.4697,3.1738,-0.6104
0.0033,-1.0194,0.1582,6.1646,3.0518,-0.6104
0.0028,-1.0187,0.1613,6.2256,3.1738,-0.4883
0.0006,-1.0221,0.1578,6.2256,3.1738,-0.4272
0.0052,-1.0192,0.1594,6.1646,3.3569,-0.4272
0.0040,-1.0214,0.1566,6.1646,3.0518,-0.5493
0.0037,-1.0237,0.1559,6.2256,3.1738,-0.4272
0.0038,-1.0215,0.1534,6.2256,3.2959,-0.4272
0.0027,-1.0212,0.1578,6.2866,3.0518,-0.6104
0.0043,-1.0205,0.1558,6.2866,3.1738,-0.5493
0.0044,-1.0232,0.1567,6.2866,3.1128,-0.6714
0.0042,-1.0181,0.1582,6.4087,2.8687,-0.4272
0.0045,-1.0170,0.1581,6.2866,3.1128,-0.5493
0.0038,-1.0201,0.1564,6.3477,3.2349,-0.4883
0.0045,-1.0201,0.1564,6.2866,3.0518,-0.6714
0.0039,-1.0214,0.1576,6.3477,3.0518,-0.5493
0.0033,-1.0182,0.1571,6.2256,2.7466,-0.6104
0.0037,-1.0205,0.1576,6.2866,3.1128,-0.4883
0.0052,-1.0179,0.1572,5.9814,3.1128,-0.4272
FIN_VENTANA
INICIO_VENTANA reposo
0.0037,-1.0142,0.1263,6.2866,2.8687,-0.6104
0.0042,-1.0197,0.1602,6.1646,3.1738,-0.5493
0.0037,-1.0203,0.1561,6.2256,3.1128,-0.5493
0.0045,-1.0219,0.1626,6.2256,2.9907,-0.7935
0.0070,-1.0195,0.1537,6.4087,3.1738,-0.3662
0.0062,-1.0216,0.1559,6.2866,3.1128,-0.4272
0.0032,-1.0150,0.1553,6.3477,2.8076,-0.4883
0.0011,-1.0214,0.1566,6.4087,2.9907,-0.6104
0.0012,-1.0171,0.1554,6.3477,2.9907,-0.5493
0.0015,-1.0151,0.1599,6.2866,2.9907,-0.5493
0.0029,-1.0187,0.1594,6.4087,3.1128,-0.6104
0.0033,-1.0228,0.1564,6.1646,3.1738,-0.4883
0.0046,-1.0182,0.1553,6.2866,3.1128,-0.5493
0.0023,-1.0225,0.1581,6.2866,2.9297,-0.6104
0.0034,-1.0219,0.1582,6.2866,2.9297,-0.6714
0.0017,-1.0203,0.1558,6.2866,2.8687,-0.4883
0.0077,-1.0247,0.1573,5.9814,3.0518,-0.4272
0.0026,-1.0153,0.1539,6.1646,2.9297,-0.6104
0.0045,-1.0236,0.1605,6.1646,3.1128,-0.6714
0.0031,-1.0175,0.1573,6.4697,3.1738,-0.5493
0.0048,-1.0237,0.1544,6.3477,3.2349,-0.4883
0.0049,-1.0178,0.1577,6.3477,3.0518,-0.6104
0.0038,-1.0205,0.1537,6.2256,3.1128,-0.4272
0.0063,-1.0209,0.1560,6.2866,3.2349,-0.7324
0.0032,-1.0206,0.1566,6.2256,2.9907,-0.4883
0.0056,-1.0201,0.1567,6.3477,3.0518,-0.6104
0.0040,-1.0229,0.1581,6.3477,3.1738,-0.2441
0.0046,-1.0165,0.1537,6.1035,3.1738,-0.4272
0.0039,-1.0222,0.1582,6.1646,3.0518,-0.6104
0.0057,-1.0140,0.1555,6.1646,3.0518,-0.7324
0.0052,-1.0219,0.1603,5.9814,2.9297,-0.4883
0.0031,-1.0198,0.1544,6.3477,3.1738,-0.3662
0.0037,-1.0203,0.1569,6.1646,3.1128,-0.6104
0.0040,-1.0211,0.1566,6.4087,3.1128,-0.6104
0.0051,-1.0192,0.1577,6.4087,2.8687,-0.4883
0.0016,-1.0195,0.1571,6.2256,2.9907,-0.6714
0.0050,-1.0201,0.1558,6.1035,3.0518,-0.5493
0.0035,-1.0212,0.1571,6.1035,3.1128,-0.6104
0.0045,-1.0217,0.1560,6.1035,2.9297,-0.4883
0.0037,-1.0229,0.1556,6.1646,3.0518,-0.4883
0.0059,-1.0139,0.1545,6.2256,2.9297,-0.4883
0.0050,-1.0261,0.1605,6.2256,3.0518,-0.7324
0.0038,-1.0128,0.1539,6.2866,2.9297,-0.5493
0.0077,-1.0237,0.1566,6.0425,2.9297,-0.5493
0.0035,-1.0211,0.1583,6.2866,2.8687,-0.4272
0.0038,-1.0198,0.1600,6.2256,2.9297,-0.7324
0.0040,-1.0204,0.1552,6.1646,3.2349,-0.3662
0.0044,-1.0194,0.1558,6.0425,3.1738,-0.5493
0.0056,-1.0201,0.1573,5.9814,2.9297,-0.3662
0.0039,-1.0176,0.1549,6.2866,3.1128,-0.5493
0.0040,-1.0200,0.1583,6.2866,3.0518,-0.5493
0.0038,-1.0210,0.1555,6.1646,3.1128,-0.4883
0.0048,-1.0188,0.1566,6.4087,3.1128,-0.7324
0.0055,-1.0190,0.1570,6.2866,3.0518,-0.2441
0.0046,-1.0208,0.1554,6.2256,3.0518,-0.5493
0.0037,-1.0206,0.1565,6.1646,2.9907,-0.4272
0.0045,-1.0189,0.1562,6.3477,3.1738,-0.6714
0.0043,-1.0204,0.1560,6.2256,3.1128,-0.4883
0.0042,-1.0159,0.1565,6.1646,2.9297,-0.7324
0.0045,-1.0193,0.1556,6.1035,2.9907,-0.4883
0.0050,-1.0183,0.1571,6.1646,3.1128,-0.5493
0.0037,-1.0194,0.1550,6.4697,3.1128,-0.4883
0.0051,-1.0214,0.1578,6.2256,3.1128,-0.6104
0.0048,-1.0190,0.1559,6.2256,3.0518,-0.5493
0.0043,-1.0209,0.1564,6.2866,2.9907,-0.6104
0.0046,-1.0204,0.1571,6.5308,3.2349,-0.6104
0.0050,-1.0203,0.1554,6.2866,3.0518,-0.4883
0.0052,-1.0200,0.1564,6.2866,3.1738,-0.7324
0.0038,-1.0194,0.1566,6.3477,2.9297,-0.4272
0.0052,-1.0190,0.1558,6.1646,2.9907,-0.7324
0.0042,-1.0195,0.1573,6.3477,3.1738,-0.4883
0.0043,-1.0197,0.1547,6.2866,3.0518,-0.4883
0.0035,-1.0201,0.1567,6.2866,3.2349,-0.5493
0.0056,-1.0190,0.1553,6.2866,3.1738,-0.6714
0.0044,-1.0215,0.1566,6.2866,3.1128,-0.6104
0.0042,-1.0199,0.1562,6.1646,3.1128,-0.5493
0.0048,-1.0198,0.1552,6.1646,2.9907,-0.4883
0.0042,-1.0193,0.1572,6.2256,2.9297,-0.4883
0.0050,-1.0197,0.1545,6.4087,3.0518,-0.6104
0.0033,-1.0204,0.1567,6.2256,3.1128,-0.4883
0.0046,-1.0189,0.1549,6.2256,3.0518,-0.4272
0.0051,-1.0193,0.1565,6.1646,3.1128,-0.4883
0.0039,-1.0184,0.1566,6.2256,2.9907,-0.5493
0.0045,-1.0216,0.1559,6.2866,2.9297,-0.7324
0.0048,-1.0173,0.1556,6.2866,3.1738,-0.6714
0.0040,-1.0186,0.1572,6.2256,2.9297,-0.7324
0.0043,-1.0209,0.1566,6.2256,3.0518,-0.5493
0.0054,-1.0197,0.1565,6.3477,3.0518,-0.5493
0.0043,-1.0203,0.1553,6.2256,2.9907,-0.4883
0.0050,-1.0208,0.1575,6.1646,3.0518,-0.5493
0.0043,-1.0171,0.1562,6.2256,2.9907,-0.6104
0.0057,-1.0260,0.1613,6.0425,2.9297,-0.4883
0.0066,-1.0167,0.1586,6.2866,2.9297,-0.7324
0.0038,-1.0199,0.1584,6.1035,2.9907,-0.4272
0.0039,-1.0229,0.1582,6.2866,3.2349,-0.4883
0.0038,-1.0236,0.1549,6.2256,3.1128,-0.7324
0.0070,-1.0208,0.1582,6.2256,3.1738,-0.6104
0.0052,-1.0198,0.1550,6.3477,2.9907,-0.5493
0.0045,-1.0222,0.1572,6.2256,3.1128,-0.6104
0.0034,-1.0146,0.1562,6.3477,3.0518,-0.6714
FIN_VENTANA
INICIO_VENTANA reposo
0.0037,-1.0209,0.1257,6.3477,2.9907,-0.5493
0.0060,-1.0195,0.1559,6.1646,3.1738,-0.6104
0.0063,-1.0176,0.1554,6.1646,2.8687,-0.7324
0.0054,-1.0190,0.1549,6.1646,2.9907,-0.4883
0.0057,-1.0181,0.1561,6.2256,3.1128,-0.4883
0.0054,-1.0181,0.1560,6.2866,2.9907,-0.3662
0.0038,-1.0195,0.1549,6.4697,3.0518,-0.6104
0.0048,-1.0201,0.1543,6.2256,3.1128,-0.6104
0.0037,-1.0220,0.1569,6.3477,2.9907,-0.4883
0.0051,-1.0186,0.1553,6.1646,3.0518,-0.5493
0.0031,-1.0192,0.1553,6.2256,3.1738,-0.5493
0.0050,-1.0195,0.1556,6.2866,3.1128,-0.6104
0.0034,-1.0183,0.1561,6.2256,2.9907,-0.5493
0.0054,-1.0199,0.1545,6.0425,3.0518,-0.4883
0.0054,-1.0205,0.1545,6.1035,3.0518,-0.4272
0.0049,-1.0186,0.1552,6.2256,3.0518,-0.5493
0.0043,-1.0211,0.1543,6.1646,2.9907,-0.6104
0.0045,-1.0199,0.1555,5.9814,3.1128,-0.6714
0.0037,-1.0199,0.1558,6.2256,3.0518,-0.4883
0.0046,-1.0199,0.1545,6.2256,3.1128,-0.4272
0.0035,-1.0203,0.1547,6.2866,3.1128,-0.6104
0.0055,-1.0211,0.1552,6.1035,3.0518,-0.4272
0.0039,-1.0192,0.1554,6.1035,3.1738,-0.3662
0.0054,-1.0210,0.1555,6.1646,3.1128,-0.3662
0.0045,-1.0209,0.1569,6.2256,3.1128,-0.4272
0.0051,-1.0201,0.1547,6.1646,3.0518,-0.5493
0.0049,-1.0182,0.1559,6.3477,3.2349,-0.6104
0.0045,-1.0206,0.1544,6.2256,3.1128,-0.4883
0.0049,-1.0195,0.1555,6.2256,2.9907,-0.4883
0.0046,-1.0197,0.1553,6.4697,3.0518,-0.5493
0.0042,-1.0195,0.1541,6.3477,2.9297,-0.6714
0.0051,-1.0215,0.1572,6.2866,3.0518,-0.4883
0.0051,-1.0172,0.1532,6.2866,3.1128,-0.5493
0.0050,-1.0211,0.1556,6.2866,3.1128,-0.4272
0.0040,-1.0189,0.1543,6.2866,2.9907,-0.6104
0.0046,-1.0204,0.1548,6.3477,3.1738,-0.5493
0.0051,-1.0204,0.1555,6.1035,3.0518,-0.4272
0.0039,-1.0181,0.1548,6.3477,2.8687,-0.4883
0.0054,-1.0193,0.1553,6.3477,3.0518,-0.4883
0.0052,-1.0198,0.1552,6.2866,3.0518,-0.4272
0.0056,-1.0199,0.1555,6.4087,3.1738,-0.6104
0.0040,-1.0200,0.1558,6.2866,2.9907,-0.6104
0.0048,-1.0200,0.1544,6.1646,3.0518,-0.4883
0.0050,-1.0197,0.1552,6.2256,3.1128,-0.5493
0.0043,-1.0203,0.1549,6.1035,2.9297,-0.6714
0.0049,-1.0211,0.1558,6.2866,2.9907,-0.6104
0.0042,-1.0187,0.1553,6.2256,3.2349,-0.6104
0.0044,-1.0201,0.1553,6.3477,3.0518,-0.6104
0.0050,-1.0210,0.1562,6.2256,2.9907,-0.4272
0.0043,-1.0189,0.1547,6.3477,3.1128,-0.6104
0.0048,-1.0211,0.1556,6.3477,3.1738,-0.4272
0.0048,-1.0182,0.1550,6.2256,3.1128,-0.4883
0.0051,-1.0198,0.1566,6.0425,3.0518,-0.4883
0.0045,-1.0200,0.1550,6.2866,2.9907,-0.4883
0.0052,-1.0204,0.1562,5.9814,3.2349,-0.4883
0.0037,-1.0168,0.1583,6.2256,3.1128,-0.4883
0.0065,-1.0125,0.1560,6.2256,3.1738,-0.5493
0.0046,-1.0236,0.1552,6.2866,2.9907,-0.6104
0.0054,-1.0198,0.1570,6.2866,2.9297,-0.4883
0.0050,-1.0179,0.1572,6.2256,3.1128,-0.6104
0.0057,-1.0208,0.1561,6.3477,2.9297,-0.5493
0.0052,-1.0192,0.1560,6.1646,3.0518,-0.4272
0.0062,-1.0208,0.1570,6.3477,3.2349,-0.5493
0.0046,-1.0184,0.1553,6.1646,3.1128,-0.4883
0.0052,-1.0189,0.1560,6.1035,3.0518,-0.4883
0.0049,-1.0192,0.1564,6.1035,3.0518,-0.4883
0.0048,-1.0181,0.1543,6.1035,3.1738,-0.6104
0.0051,-1.0215,0.1560,5.9814,3.0518,-0.6714
0.0042,-1.0183,0.1575,6.1035,3.1738,-0.4883
0.0044,-1.0204,0.1556,6.3477,3.1128,-0.6104
0.0051,-1.0206,0.1569,6.1646,3.0518,-0.5493
0.0050,-1.0183,0.1555,6.2866,3.2959,-0.4272
0.0043,-1.0223,0.1561,6.2866,2.9907,-0.5493
0.0044,-1.0183,0.1561,6.3477,2.9297,-0.5493
0.0045,-1.0183,0.1571,6.3477,2.9907,-0.5493
0.0051,-1.0206,0.1554,6.4697,2.8687,-0.6714
0.0043,-1.0201,0.1570,6.2256,2.9297,-0.6714
0.0038,-1.0204,0.1576,6.1646,3.1128,-0.4883
0.0046,-1.0208,0.1565,6.4087,3.1738,-0.5493
0.0037,-1.0188,0.1558,6.0425,3.1128,-0.6104
0.0040,-1.0211,0.1566,6.2866,3.0518,-0.4272
0.0046,-1.0206,0.1569,6.2256,3.1128,-0.5493
0.0049,-1.0204,0.1572,6.3477,3.0518,-0.3662
0.0051,-1.0173,0.1569,6.2256,3.0518,-0.3662
0.0048,-1.0201,0.1560,6.2866,3.1128,-0.6104
0.0048,-1.0184,0.1565,6.2866,2.9297,-0.7935
0.0052,-1.0206,0.1571,6.2256,3.1738,-0.5493
0.0052,-1.0193,0.1559,6.2866,3.1128,-0.5493
0.0049,-1.0182,0.1573,6.4087,3.1738,-0.4883
0.0062,-1.0179,0.1554,6.2256,2.9907,-0.4883
0.0057,-1.0187,0.1586,6.2866,3.2349,-0.4272
0.0038,-1.0232,0.1588,6.3477,3.2349,-0.5493
0.0055,-1.0177,0.1548,6.2256,3.1128,-0.4883
0.0062,-1.0178,0.1570,6.2866,3.1128,-0.5493
0.0039,-1.0242,0.1583,6.1646,3.1738,-0.4272
0.0043,-1.0199,0.1550,6.2866,3.0518,-0.4883
0.0038,-1.0236,0.1589,6.0425,3.1738,-0.5493
0.0059,-1.0173,0.1541,6.1646,3.0518,-0.4883
0.0056,-1.0190,0.1571,6.2866,2.9907,-0.4883
0.0032,-1.0226,0.1582,6.3477,3.0518,-0.4883
FIN_VENTANA
INICIO_VENTANA reposo
0.0046,-1.0209,0.1576,6.3477,3.1738,-0.6714
0.0049,-1.0204,0.1562,6.1035,2.9907,-0.6104
0.0048,-1.0201,0.1577,6.4087,2.9297,-0.6714
0.0049,-1.0198,0.1569,6.3477,3.0518,-0.6104
0.0054,-1.0204,0.1575,6.2866,3.0518,-0.5493
0.0045,-1.0206,0.1567,6.2256,3.0518,-0.4883
0.0054,-1.0193,0.1567,6.2866,3.1128,-0.6714
0.0060,-1.0206,0.1569,6.2866,3.0518,-0.6104
0.0052,-1.0206,0.1562,6.2256,2.9297,-0.4883
0.0045,-1.0201,0.1572,6.0425,3.2349,-0.4272
0.0046,-1.0198,0.1575,6.4087,2.9907,-0.4272
0.0051,-1.0142,0.1544,6.2866,3.0518,-0.6104
0.0072,-1.0162,0.1584,6.2256,2.9907,-0.7935
0.0068,-1.0178,0.1566,6.0425,3.1128,-0.6714
0.0065,-1.0179,0.1569,6.2866,3.0518,-0.5493
0.0039,-1.0208,0.1576,6.3477,3.0518,-0.4883
0.0067,-1.0172,0.1576,6.1035,2.9297,-0.6714
0.0048,-1.0198,0.1562,6.1035,2.9907,-0.4272
0.0068,-1.0165,0.1256,6.1646,3.1128,-0.6104
0.0048,-1.0203,0.1573,6.1646,2.9907,-0.5493
0.0040,-1.0204,0.1572,6.2256,3.0518,-0.6104
0.0049,-1.0206,0.1572,6.2256,3.2349,-0.5493
0.0057,-1.0205,0.1571,6.3477,2.9907,-0.5493
0.0051,-1.0206,0.1580,6.0425,3.1128,-0.6104
0.0050,-1.0203,0.1578,6.2866,2.9907,-0.7324
0.0055,-1.0204,0.1569,6.4087,3.1738,-0.4883
0.0051,-1.0203,0.1587,6.3477,2.9297,-0.6714
0.0043,-1.0214,0.1572,6.3477,3.0518,-0.5493
0.0049,-1.0217,0.1565,6.1035,3.0518,-0.6104
0.0055,-1.0216,0.1567,6.1646,2.9297,-0.4272
0.0048,-1.0206,0.1558,6.2256,3.1738,-0.4883
0.0056,-1.0189,0.1564,6.0425,2.9907,-0.5493
0.0049,-1.0183,0.1570,6.1646,3.0518,-0.3052
0.0056,-1.0186,0.1566,6.1646,3.1128,-0.5493
0.0040,-1.0206,0.1564,6.4697,2.9907,-0.4883
0.0043,-1.0209,0.1567,6.2866,3.0518,-0.6714
0.0052,-1.0193,0.1571,6.3477,3.1128,-0.5493
0.0049,-1.0184,0.1569,6.1646,3.1738,-0.6104
0.0046,-1.0199,0.1575,6.2256,3.0518,-0.4883
0.0052,-1.0201,0.1583,6.4697,2.9297,-0.5493
0.0045,-1.0182,0.1566,6.2256,3.0518,-0.6714
0.0046,-1.0206,0.1566,6.1646,2.9907,-0.4883
0.0048,-1.0200,0.1559,6.3477,3.1128,-0.4883
0.0067,-1.0192,0.1569,6.4087,2.9297,-0.4883
0.0056,-1.0190,0.1570,6.3477,3.0518,-0.5493
0.0040,-1.0195,0.1572,6.2866,3.1738,-0.5493
0.0048,-1.0197,0.1583,6.2256,2.9907,-0.3662
0.0046,-1.0198,0.1570,6.2256,3.1738,-0.6104
0.0044,-1.0206,0.1572,6.1646,3.1738,-0.4272
0.0060,-1.0189,0.1566,6.2866,3.1128,-0.4272
0.0052,-1.0201,0.1567,6.2866,3.1128,-0.4272
0.0045,-1.0197,0.1578,6.1035,3.1128,-0.6104
0.0042,-1.0184,0.1565,6.3477,3.1738,-0.6104
0.0054,-1.0201,0.1562,6.2866,3.2349,-0.4883
0.0054,-1.0203,0.1565,6.0425,2.9297,-0.6714
0.0048,-1.0205,0.1543,6.1035,3.1738,-0.6104
0.0070,-1.0166,0.1582,6.2866,3.1128,-0.6104
0.0046,-1.0205,0.1569,6.2866,3.1128,-0.6714
0.0057,-1.0201,0.1582,6.3477,3.0518,-0.4272
0.0046,-1.0204,0.1576,6.2866,3.0518,-0.4883
0.0027,-1.0208,0.1554,6.1035,3.1738,-0.4272
0.0052,-1.0199,0.1532,6.2256,3.0518,-0.6714
0.0057,-1.0176,0.1571,6.2256,2.8687,-0.7324
0.0033,-1.0209,0.1572,6.2866,3.0518,-0.5493
0.0048,-1.0182,0.1586,6.1646,3.1128,-0.5493
0.0042,-1.0203,0.1576,6.1646,2.9907,-0.4272
0.0052,-1.0201,0.1573,6.2866,3.0518,-0.4883
0.0040,-1.0206,0.1571,6.3477,3.2349,-0.6104
0.0038,-1.0200,0.1571,6.2866,3.2349,-0.5493
0.0051,-1.0211,0.1571,6.3477,3.0518,-0.5493
0.0039,-1.0208,0.1561,6.3477,3.1738,-0.4883
0.0043,-1.0186,0.1581,6.2256,3.0518,-0.4883
0.0035,-1.0221,0.1577,6.0425,3.1128,-0.5493
0.0048,-1.0192,0.1577,6.2866,3.1128,-0.5493
0.0046,-1.0189,0.1572,6.2866,2.9907,-0.4883
0.0048,-1.0195,0.1566,6.3477,3.2959,-0.6104
0.0057,-1.0215,0.1581,6.2866,3.1128,-0.6104
0.0044,-1.0204,0.1567,6.1646,2.9297,-0.5493
0.0043,-1.0208,0.1566,6.1646,3.1738,-0.5493
0.0039,-1.0201,0.1580,6.1035,3.0518,-0.4272
0.0045,-1.0203,0.1562,6.2256,3.1128,-0.5493
0.0043,-1.0192,0.1565,6.1646,3.1128,-0.6714
0.0050,-1.0203,0.1581,6.1646,2.9907,-0.4883
0.0054,-1.0200,0.1572,6.2256,2.9907,-0.6714
0.0046,-1.0209,0.1564,6.2256,3.1738,-0.4883
0.0050,-1.0209,0.1576,6.1035,3.1738,-0.4883
0.0045,-1.0206,0.1570,6.3477,3.2349,-0.5493
0.0052,-1.0194,0.1559,6.1035,3.3569,-0.6104
0.0048,-1.0212,0.1565,6.5918,3.1738,-0.5493
0.0045,-1.0197,0.1572,6.1646,2.9907,-0.4883
0.0057,-1.0210,0.1577,6.1035,3.0518,-0.5493
0.0040,-1.0198,0.1573,6.2866,3.1738,-0.7324
0.0061,-1.0178,0.1573,6.1646,2.9907,-0.4883
0.0039,-1.0208,0.1572,6.2256,3.0518,-0.4272
0.0042,-1.0212,0.1582,6.2866,3.2349,-0.6714
0.0057,-1.0194,0.1571,6.0425,3.1738,-0.5493
0.0050,-1.0208,0.1570,6.0425,3.0518,-0.4272
0.0049,-1.0190,0.1573,6.1646,3.0518,-0.6104
0.0044,-1.0203,0.1576,6.2256,3.0518,-0.6714
0.0060,-1.0186,0.1566,6.1035,3.1738,-0.4883
FIN_VENTANA
INICIO_VENTANA reposo
0.0048,-1.0208,0.1589,6.2256,2.9297,-0.5493
0.0035,-1.0212,0.1554,6.1646,2.9907,-0.6104
0.0063,-1.0187,0.1575,6.1646,2.9907,-0.3662
0.0054,-1.0192,0.1564,6.3477,3.0518,-0.5493
0.0052,-1.0137,0.1552,6.2256,2.9907,-0.7935
0.0050,-1.0234,0.1576,6.2256,3.1128,-0.6104
0.0048,-1.0181,0.1591,6.3477,3.2349,-0.6714
0.0048,-1.0206,0.1548,6.2256,3.2349,-0.5493
0.0031,-1.0248,0.1542,6.2866,3.1128,-0.4272
0.0067,-1.0190,0.1550,6.4087,3.0518,-0.6714
0.0044,-1.0205,0.1575,6.3477,3.1128,-0.7324
0.0038,-1.0227,0.1567,6.3477,3.1128,-0.4883
0.0027,-1.0319,0.1597,6.4087,3.0518,-0.6104
0.0057,-1.0223,0.1562,6.2256,2.9907,-0.6714
0.0062,-1.0165,0.1538,6.1035,3.0518,-0.5493
0.0063,-1.0184,0.1572,6.2866,2.9907,-0.3662
0.0024,-1.0275,0.1555,6.2866,3.0518,-0.5493
0.0078,-1.0175,0.1542,6.1646,3.1738,-0.4883
0.0052,-1.0192,0.1547,6.1035,3.0518,-0.3052
0.0057,-1.0188,0.1549,6.3477,3.1128,-0.6104
0.0061,-1.0183,0.1559,6.1646,2.9907,-0.5493
0.0039,-1.0217,0.1567,6.2866,3.1128,-0.6104
0.0049,-1.0201,0.1555,6.2256,3.0518,-0.4883
0.0060,-1.0139,0.1552,6.1646,2.9907,-0.4883
0.0048,-1.0237,0.1573,6.3477,3.1738,-0.7324
0.0083,-1.0175,0.1572,6.4087,3.1738,-0.5493
0.0049,-1.0206,0.1586,6.4087,2.9907,-0.6714
0.0043,-1.0217,0.1542,6.4087,3.0518,-0.6104
0.0054,-1.0179,0.1559,6.2866,3.0518,-0.5493
0.0049,-1.0203,0.1572,6.1646,3.0518,-0.6104
0.0059,-1.0236,0.1594,6.0425,3.1738,-0.4883
0.0067,-1.0205,0.1565,6.3477,3.1738,-0.3662
0.0038,-1.0214,0.1543,6.3477,3.1128,-0.5493
0.0068,-1.0229,0.1584,6.3477,2.9297,-0.4883
0.0059,-1.0205,0.1548,6.2256,3.1738,-0.5493
0.0057,-1.0200,0.1548,6.2256,3.1738,-0.6104
0.0046,-1.0195,0.1558,6.2256,3.0518,-0.4883
0.0048,-1.0209,0.1550,6.1646,3.1128,-0.4272
0.0055,-1.0205,0.1559,6.2256,3.1738,-0.6104
0.0043,-1.0179,0.1536,6.1035,3.0518,-0.4883
0.0048,-1.0183,0.1514,6.2866,3.1128,-0.3662
0.0044,-1.0192,0.1542,6.1646,2.9907,-0.5493
0.0051,-1.0175,0.1571,6.2866,3.0518,-0.4272
0.0055,-1.0211,0.1567,6.4087,2.9907,-0.5493
0.0046,-1.0198,0.1554,6.1646,2.9907,-0.4883
0.0066,-1.0215,0.1560,6.3477,3.0518,-0.6714
0.0056,-1.0176,0.1571,6.2866,3.0518,-0.4883
0.0052,-1.0221,0.1570,6.1035,3.1128,-0.3052
0.0054,-1.0192,0.1566,6.2256,3.1128,-0.6104
0.0052,-1.0203,0.1560,6.1035,3.2349,-0.4883
0.0057,-1.0200,0.1571,6.3477,3.1128,-0.5493
0.0039,-1.0171,0.1548,6.0425,2.9907,-0.5493
0.0067,-1.0187,0.1544,6.3477,3.1128,-0.5493
0.0043,-1.0211,0.1559,6.2866,2.9907,-0.7324
0.0067,-1.0195,0.1571,6.2256,3.0518,-0.6104
0.0048,-1.0220,0.1556,6.4087,2.9907,-0.5493
0.0046,-1.0200,0.1567,6.2256,2.9907,-0.6714
0.0051,-1.0208,0.1570,6.1646,2.9907,-0.6104
0.0043,-1.0188,0.1550,6.4087,3.1128,-0.6714
0.0057,-1.0205,0.1570,6.2866,3.0518,-0.4272
0.0005,-1.0452,0.1665,6.2256,3.1738,-0.4883
0.0040,-1.0253,0.1547,6.2866,3.3569,-0.3052
0.0042,-1.0154,0.1562,6.2866,3.1128,-0.3662
0.0023,-1.0276,0.1661,6.3477,3.0518,-0.1831
0.0027,-1.0249,0.1559,6.3477,3.1128,-0.6104
0.0059,-1.0200,0.1584,6.3477,2.9297,-0.3662
0.0042,-1.0223,0.1552,6.4087,3.1738,-0.4883
0.0073,-1.0151,0.1569,6.2256,3.0518,-0.6104
0.0063,-1.0210,0.1593,5.9814,3.1738,-0.4272
0.0033,-1.0216,0.1554,6.1646,3.0518,-0.5493
0.0157,-1.0157,0.1599,6.2256,3.1738,-0.4883
0.0044,-1.0212,0.1520,6.2866,3.0518,-0.4272
0.0042,-1.0138,0.1560,6.1035,3.0518,-0.5493
0.0055,-1.0198,0.1584,6.3477,2.8687,-0.7324
0.0035,-1.0216,0.1542,6.4087,3.1128,-0.7324
0.0071,-1.0193,0.1562,6.4087,3.1128,-0.4883
0.0055,-1.0179,0.1565,6.1646,3.0518,-0.3662
0.0042,-1.0221,0.1559,6.1646,3.1128,-0.6104
0.0056,-1.0247,0.1577,6.1646,2.8076,-0.4883
0.0038,-1.0201,0.1545,6.2256,3.0518,-0.4883
0.0051,-1.0198,0.1577,6.1646,3.0518,-0.4883
-0.0024,-1.0638,0.1501,6.4697,2.9907,-0.6714
0.0056,-1.0205,0.1631,6.3477,3.2349,-0.4272
0.0051,-1.0140,0.1558,6.5918,3.1738,-0.6714
0.0040,-1.0239,0.1570,6.0425,3.1128,-0.6104
0.0049,-1.0182,0.1571,6.2256,2.9907,-0.4883
0.0068,-1.0184,0.1564,6.2866,3.1738,-0.6104
0.0059,-1.0204,0.1575,6.2256,3.0518,-0.4883
0.0042,-1.0195,0.1571,6.1035,3.0518,-0.6104
0.0052,-1.0211,0.1588,6.1646,3.0518,-0.5493
0.0055,-1.0187,0.1582,6.2256,3.1128,-0.3662
0.0050,-1.0206,0.1570,6.2256,3.1738,-0.6104
0.0049,-1.0209,0.1571,6.2866,3.2349,-0.6714
0.0040,-1.0420,0.1608,6.1035,3.1738,-0.6104
0.0015,-1.0322,0.1539,6.2866,3.1128,-0.5493
0.0050,-1.0142,0.1602,6.2866,3.1738,-0.4272
0.0043,-1.0220,0.1600,6.4087,3.1128,-0.6104
0.0048,-1.0229,0.1573,6.2256,3.1738,-0.4272
0.0051,-1.0214,0.1559,6.2866,3.2349,-0.6104
0.0054,-1.0204,0.1561,6.2256,3.1128,-0.4272
FIN_VENTANA
INICIO_VENTANA reposo
0.0056,-1.0199,0.1587,6.3477,3.1128,-0.5493
0.0056,-1.0208,0.1566,6.1646,3.1738,-0.4272
0.0049,-1.0188,0.1580,6.4087,3.1738,-0.5493
0.0056,-1.0281,0.1620,6.1646,3.1738,-0.6104
0.0067,-1.0178,0.1552,6.4697,2.9907,-0.4883
0.0034,-1.0210,0.1570,5.9204,2.9907,-0.6714
0.0035,-1.0247,0.1554,6.0425,3.1128,-0.4272
0.0051,-1.0212,0.1581,6.1646,3.0518,-0.4883
0.0046,-1.0187,0.1559,6.4087,3.0518,-0.6714
0.0035,-1.0209,0.1570,6.4087,3.1738,-0.5493
0.0021,-1.0608,0.1549,6.4087,2.9907,-0.3662
0.0038,-1.0298,0.1493,6.2866,3.1738,-0.4272
0.0037,-1.0162,0.1583,6.5308,3.1738,-0.2441
0.0050,-1.0225,0.1575,6.4087,2.9907,-0.4272
0.0031,-1.0197,0.1559,6.4697,2.9907,-0.8545
0.0059,-1.0189,0.1575,6.4087,3.1128,-0.4883
0.0049,-1.0214,0.1556,6.3477,3.2349,-0.5493
0.0065,-1.0171,0.1547,6.3477,3.1738,-0.3662
0.0051,-1.0234,0.1588,6.2866,3.1128,-0.6104
0.0068,-1.0173,0.1411,6.2866,2.8076,-0.7324
0.0093,-1.0177,0.1591,6.1035,3.0518,-0.3662
0.0023,-1.0256,0.1593,6.0425,2.9907,-0.5493
0.0055,-1.0167,0.1578,6.2866,3.1128,-0.6104
0.0046,-1.0200,0.1566,6.3477,3.0518,-0.6104
0.0051,-1.0208,0.1566,6.1646,2.9297,-0.5493
0.0048,-1.0308,0.1602,6.1035,2.9297,-0.6104
0.0063,-1.0194,0.1578,6.4697,3.2959,-0.3662
0.0043,-1.0222,0.1541,6.2866,3.0518,-0.6714
0.0044,-1.0206,0.1570,6.2256,3.1738,-0.6714
0.0054,-1.0190,0.1604,6.1035,3.1128,-0.4883
0.0068,-1.0198,0.1569,6.1646,3.1128,-0.6714
0.0040,-1.0217,0.1554,6.1646,2.9297,-0.5493
0.0106,-1.0044,0.1526,6.2866,3.2349,-0.4272
0.0092,-1.0162,0.1555,6.1646,2.9907,-0.4883
0.0011,-1.0234,0.1578,6.1646,3.0518,-0.3052
0.0046,-1.0204,0.1548,6.0425,3.0518,-0.4272
0.0035,-1.0233,0.1564,6.0425,2.8687,-0.4272
0.0051,-1.0211,0.1582,5.9814,3.1128,-0.6104
0.0048,-1.0214,0.1595,6.2866,3.2349,-0.5493
0.0040,-1.0214,0.1555,6.2256,2.9907,-0.4883
0.0044,-1.0209,0.1566,6.1646,2.9297,-0.6104
0.0046,-1.0200,0.1572,6.2866,3.1738,-0.3662
0.0082,-1.0171,0.1589,6.5308,3.1738,-0.3052
0.0074,-1.0062,0.1527,6.2866,3.2959,-0.6714
0.0024,-1.0258,0.1576,6.1646,2.9907,-0.6714
0.0077,-1.0159,0.1567,6.3477,3.1738,-0.4883
0.0039,-1.0189,0.1555,6.2866,3.2959,-0.4272
0.0057,-1.0214,0.1566,6.1646,3.0518,-0.4272
0.0048,-1.0195,0.1578,6.1646,2.9297,-0.4883
0.0060,-1.0200,0.1582,6.2866,3.1738,-0.5493
0.0051,-1.0153,0.1560,6.3477,3.1738,-0.6714
0.0026,-1.0254,0.1572,6.2256,2.9907,-0.4883
0.0065,-1.0201,0.1561,5.9204,3.0518,-0.3052
0.0031,-1.0131,0.1532,6.4087,3.1128,-0.6104
0.0034,-1.0190,0.1621,5.9814,3.1128,-0.4272
0.0023,-1.0156,0.1534,6.0425,3.1128,-0.6714
0.0037,-1.0231,0.1595,6.1646,2.8076,-0.9766
0.0057,-1.0157,0.1530,6.1646,3.1738,-0.4272
0.0010,-1.0264,0.1609,6.1035,3.0518,-0.4883
0.0049,-1.0178,0.1591,6.2256,2.8076,-0.7935
0.0034,-1.0200,0.1543,6.2256,2.8076,-0.6714
0.0073,-1.0155,0.1597,6.0425,3.0518,-0.5493
0.0039,-1.0212,0.1566,6.2866,3.0518,-0.6714
0.0039,-1.0288,0.1617,6.1035,3.0518,-0.6714
0.0074,-1.0143,0.1642,6.3477,3.1128,-0.6714
0.0038,-1.0232,0.1573,6.1646,3.1128,-0.4272
0.0039,-1.0303,0.1527,6.2256,3.1128,-0.4883
0.0031,-1.0220,0.1567,6.3477,3.1128,-0.4272
0.0055,-1.0206,0.1580,6.2256,3.0518,-0.5493
0.0037,-1.0201,0.1545,6.1646,3.1128,-0.5493
0.0056,-1.0220,0.1583,6.1646,3.1738,-0.5493
0.0067,-1.0182,0.1561,6.1646,3.0518,-0.5493
0.0039,-1.0197,0.1536,6.2866,2.9907,-0.6714
0.0043,-1.0248,0.1556,6.0425,2.9907,-0.4883
0.0076,-1.0135,0.1567,6.3477,3.1128,-0.4883
0.0056,-1.0187,0.1588,5.9204,2.9297,-0.4883
0.0056,-1.0192,0.1571,6.1646,2.9907,-0.4272
0.0051,-1.0186,0.1558,6.2256,3.0518,-0.5493
0.0056,-1.0189,0.1581,6.1646,2.9297,-0.3052
0.0048,-1.0211,0.1587,6.1646,3.0518,-0.5493
0.0044,-1.0219,0.1569,6.1646,3.2349,-0.4883
0.0037,-1.0206,0.1565,6.1035,3.1128,-0.4883
0.0043,-1.0194,0.1565,6.3477,3.1738,-0.4883
0.0050,-1.0177,0.1570,6.3477,3.1128,-0.5493
0.0048,-1.0195,0.1567,6.4087,3.1128,-0.5493
0.0055,-1.0212,0.1572,6.1035,2.9907,-0.6714
0.0052,-1.0210,0.1561,6.1035,2.9297,-0.6104
0.0029,-1.0360,0.1539,6.3477,3.0518,-0.7324
0.0055,-1.0261,0.1554,6.2256,3.0518,-0.4272
0.0065,-1.0157,0.1578,6.1035,3.0518,-0.1831
0.0052,-1.0219,0.1600,5.9814,2.9297,-0.4883
0.0028,-1.0266,0.1562,6.2256,2.9297,-0.5493
0.0061,-1.0210,0.1569,6.1035,3.1738,-0.3662
0.0056,-1.0210,0.1550,6.0425,2.9907,-0.4272
0.0056,-1.0192,0.1570,6.4087,3.1128,-0.6104
0.0049,-1.0186,0.1577,6.2866,3.1128,-0.5493
0.0057,-1.0192,0.1576,6.1646,3.0518,-0.4883
0.0088,-1.0112,0.1615,6.2866,3.1738,-0.3662
0.0027,-1.0255,0.1553,6.2256,3.0518,-0.6714
0.0055,-1.0183,0.1569,5.9204,2.9907,-0.6104
FIN_VENTANA
INICIO_VENTANA reposo
0.0043,-1.0211,0.1572,6.2256,3.1128,-0.4272
0.0059,-1.0215,0.1576,5.9814,3.1128,-0.4272
0.0045,-1.0200,0.1580,6.2256,3.2349,-0.4883
0.0046,-1.0195,0.1591,6.5308,3.1738,-0.5493
0.0048,-1.0203,0.1580,6.2256,3.1128,-0.4883
0.0051,-1.0206,0.1570,6.1646,2.9907,-0.3662
0.0049,-1.0211,0.1558,6.0425,3.1738,-0.4272
0.0051,-1.0204,0.1561,6.1646,3.1738,-0.4883
0.0057,-1.0212,0.1582,6.0425,3.1128,-0.5493
0.0049,-1.0209,0.1573,6.3477,3.0518,-0.4883
0.0000,-1.0045,0.1541,6.1035,3.1128,-0.5493
0.0017,-1.0337,0.1416,6.4697,3.0518,-0.3662
0.0031,-1.0212,0.1644,6.1035,2.8687,-0.6714
0.0071,-1.0172,0.1602,6.5308,3.1128,-0.5493
0.0040,-1.0233,0.1559,6.5308,3.2959,-0.4883
0.0042,-1.0186,0.1587,6.2256,3.0518,-0.5493
0.0065,-1.0177,0.1582,6.1646,2.9907,-0.6104
0.0039,-1.0209,0.1566,6.1646,2.9907,-0.6104
0.0057,-1.0198,0.1575,6.4697,3.0518,-0.6104
0.0049,-1.0189,0.1577,6.2866,3.1738,-0.6104
0.0044,-1.0188,0.1571,6.0425,2.9907,-0.5493
0.0048,-1.0203,0.1582,6.1646,2.8687,-0.4883
0.0055,-1.0210,0.1586,6.2256,3.0518,-0.6104
0.0046,-1.0233,0.1594,6.2866,3.0518,-0.4272
0.0057,-1.0204,0.1558,6.1035,2.9297,-0.4272
0.0068,-1.0187,0.1575,6.1646,3.2349,-0.4883
0.0048,-1.0239,0.1591,6.1646,3.1128,-0.7324
0.0052,-1.0194,0.1599,6.2866,3.0518,-0.4272
0.0068,-1.0171,0.1593,6.1035,3.1128,-0.5493
0.0051,-1.0223,0.1567,6.2866,3.1738,-0.6714
0.0050,-1.0198,0.1576,6.1646,3.0518,-0.6714
0.0060,-1.0197,0.1564,6.2256,3.1128,-0.5493
0.0040,-1.0286,0.1660,6.4087,3.0518,-0.5493
0.0065,-1.0178,0.1597,6.2866,3.0518,-0.4883
0.0074,-0.9885,0.1638,6.3477,3.0518,-0.5493
-0.0032,-1.0266,0.1454,6.1035,3.1738,-0.3662
-0.0005,-1.0200,0.1500,6.2256,2.7466,-0.5493
0.0051,-1.0240,0.1576,6.2866,3.1128,-0.6714
0.0044,-1.0243,0.1553,6.1646,3.1738,-0.4883
0.0066,-1.0160,0.1581,6.4087,3.2349,-0.4272
0.0051,-1.0239,0.1584,6.1646,3.1128,-0.5493
0.0042,-1.0212,0.1571,6.4697,3.1128,-0.5493
0.0072,-1.0187,0.1598,6.3477,3.2349,-0.4272
0.0051,-1.0203,0.1583,6.3477,3.1128,-0.4272
0.0046,-1.0216,0.1605,6.2866,2.9907,-0.6714
0.0057,-1.0193,0.1571,6.1646,2.9907,-0.5493
0.0054,-1.0215,0.1578,6.2866,3.2959,-0.6714
0.0055,-1.0204,0.1578,6.2866,3.0518,-0.4883
0.0056,-1.0194,0.1581,6.1646,3.2349,-0.5493
0.0057,-1.0203,0.1583,6.0425,3.1128,-0.4272
0.0045,-1.0206,0.1584,6.1035,3.0518,-0.5493
0.0054,-1.0199,0.1578,6.3477,2.9907,-0.4272
0.0054,-1.0212,0.1584,6.3477,3.0518,-0.7324
0.0043,-1.0211,0.1580,6.3477,3.0518,-0.7324
0.0026,-1.0190,0.1647,6.1035,2.6245,-0.5493
0.0068,-1.0294,0.1444,6.0425,2.7466,-0.7324
0.0066,-1.0217,0.1627,6.0425,3.1128,-0.3052
0.0067,-1.0157,0.1581,6.2866,3.4180,-0.3662
0.0031,-1.0251,0.1609,6.3477,3.1128,-0.3662
0.0031,-1.0260,0.1569,6.2866,3.1128,-0.4883
0.0046,-1.0166,0.1578,6.1035,2.9907,-0.5493
0.0037,-1.0217,0.1553,5.9814,3.1128,-0.5493
0.0042,-1.0189,0.1578,6.1035,2.9907,-0.7324
0.0050,-1.0199,0.1581,6.3477,3.1128,-0.6104
0.0050,-1.0200,0.1577,5.9814,2.8687,-0.4883
0.0060,-1.0219,0.1576,6.1035,3.1128,-0.6104
0.0054,-1.0214,0.1593,6.2256,3.1128,-0.5493
0.0055,-1.0201,0.1576,6.3477,3.1738,-0.5493
0.0055,-1.0203,0.1591,6.0425,2.9297,-0.5493
0.0050,-1.0197,0.1584,6.2866,2.9907,-0.6714
0.0062,-1.0189,0.1572,6.2866,3.1738,-0.4883
0.0048,-1.0199,0.1580,6.1646,2.9297,-0.4272
0.0051,-1.0204,0.1588,6.1035,3.0518,-0.4883
0.0050,-1.0212,0.1580,6.2256,2.9297,-0.5493
0.0049,-1.0237,0.1587,6.1646,2.9907,-0.3662
0.0057,-1.0265,0.1578,6.1646,3.0518,-0.4272
0.0051,-1.0178,0.1581,6.4087,2.9907,-0.5493
0.0046,-1.0216,0.1572,6.0425,3.0518,-0.6714
-0.0066,-1.0635,0.1471,6.2256,2.9907,-0.5493
0.0049,-1.0328,0.1632,6.3477,3.1738,-0.4883
0.0024,-1.0231,0.1549,6.2256,3.1738,-0.1831
0.0044,-1.0219,0.1555,6.2866,3.1738,-0.3052
0.0055,-1.0187,0.1603,6.2256,3.1128,-0.6714
0.0063,-1.0206,0.1576,6.2256,3.1128,-0.4883
0.0051,-1.0197,0.1570,6.2866,3.2349,-0.4883
0.0057,-1.0208,0.1576,6.1646,3.0518,-0.3052
0.0052,-1.0193,0.1567,6.2256,3.1128,-0.5493
0.0035,-1.0233,0.1576,6.4087,3.2349,-0.5493
0.0050,-1.0228,0.1578,6.1646,3.1128,-0.5493
0.0049,-1.0209,0.1565,6.2866,2.9297,-0.7324
0.0046,-1.0212,0.1573,6.1035,2.9907,-0.6104
0.0051,-1.0194,0.1571,6.4087,2.9907,-0.6104
0.0051,-1.0199,0.1571,5.9204,2.9907,-0.4883
0.0057,-1.0205,0.1573,6.2256,2.9907,-0.6714
0.0054,-1.0199,0.1572,6.2256,3.0518,-0.6104
0.0049,-1.0197,0.1570,6.1646,3.1128,-0.6104
0.0054,-1.0197,0.1569,6.2866,3.1128,-0.6714
0.0054,-1.0201,0.1571,6.2256,2.9907,-0.4272
0.0052,-1.0203,0.1572,6.4087,3.1128,-0.5493
0.0056,-1.0197,0.1569,6.2866,3.1128,-0.7324
FIN_VENTANA
INICIO_VENTANA reposo
0.0032,-1.0186,0.1583,6.1035,3.0518,-0.4883
0.0038,-1.0204,0.1543,6.4087,3.1128,-0.6104
0.0046,-1.0214,0.1584,6.2866,2.9907,-0.7324
0.0042,-1.0212,0.1567,6.1646,3.1128,-0.4883
0.0050,-1.0216,0.1560,6.2866,3.1738,-0.5493
0.0050,-1.0208,0.1562,6.2256,2.9907,-0.5493
0.0051,-1.0175,0.1566,6.1646,2.9907,-0.4883
0.0040,-1.0225,0.1567,6.1646,3.1128,-0.5493
0.0063,-1.0199,0.1584,6.2256,3.0518,-0.3662
0.0056,-1.0203,0.1559,5.9814,2.9907,-0.4883
0.0049,-1.0229,0.1559,5.9814,3.1128,-0.4272
0.0050,-1.0156,0.1554,6.2256,2.9907,-0.6104
0.0055,-1.0229,0.1593,6.1035,3.0518,-0.3662
0.0050,-1.0205,0.1564,6.2256,2.9907,-0.6714
0.0052,-1.0198,0.1571,6.1035,2.9907,-0.3662
0.0076,-1.0171,0.1560,6.2256,2.9907,-0.3662
0.0100,-1.0054,0.1760,6.2256,2.8076,-0.4883
0.0052,-1.0085,0.1631,6.2866,2.9907,-0.5493
0.0056,-1.0131,0.1589,5.9814,2.9297,-0.7324
0.0046,-1.0229,0.1577,6.1646,3.1128,-0.4883
0.0054,-1.0249,0.1583,6.2256,3.0518,-0.4272
0.0054,-1.0258,0.1555,6.1646,3.1128,-0.6714
0.0054,-1.0205,0.1567,6.2866,2.9907,-0.7935
0.0056,-1.0157,0.1584,6.2866,2.8687,-0.4883
0.0046,-1.0187,0.1555,6.2256,3.0518,-0.4883
0.0059,-1.0220,0.1586,6.2866,3.0518,-0.4883
0.0099,-1.0056,0.1606,6.1035,3.1128,-0.5493
0.0081,-1.0178,0.1598,6.1035,3.0518,-0.6714
0.0050,-1.0211,0.1550,6.2866,3.0518,-0.4883
0.0060,-1.0233,0.1591,6.2866,3.3569,-0.5493
0.0043,-1.0112,0.1553,6.1646,3.0518,-0.4883
0.0068,-1.0237,0.1598,6.1035,3.2349,-0.3662
0.0042,-1.0244,0.1561,6.2256,3.1738,-0.6104
0.0039,-1.0226,0.1591,6.2256,3.1738,-0.7324
0.0042,-1.0211,0.1562,6.1035,3.1738,-0.6714
0.0051,-1.0194,0.1550,6.2256,3.1128,-0.6104
0.0011,-1.0286,0.1736,5.9814,2.8076,-0.6714
0.0028,-1.0270,0.1566,6.1646,2.8687,-0.7324
0.0073,-1.0173,0.1598,6.3477,3.1738,-0.7935
0.0050,-1.0225,0.1584,6.2866,3.0518,-0.4272
0.0034,-1.0226,0.1560,6.2256,3.0518,-0.5493
0.0054,-1.0238,0.1602,6.1646,2.8076,-0.6104
0.0032,-1.0294,0.1544,6.1035,3.0518,-0.5493
0.0048,-1.0134,0.1565,6.1035,3.0518,-0.4883
0.0062,-1.0206,0.1592,6.0425,3.1738,-0.3662
0.0081,-1.0190,0.1576,6.2866,2.8687,-0.4883
0.0051,-1.0175,0.1564,6.2256,3.1128,-0.4272
0.0048,-1.0225,0.1611,6.2866,3.2349,-0.3662
0.0032,-1.0249,0.1539,6.2256,2.9907,-0.6104
0.0043,-1.0204,0.1552,6.2256,3.1128,-0.6714
0.0077,-1.0226,0.1539,6.1646,3.0518,-0.5493
0.0073,-1.0170,0.1580,6.1646,3.0518,-0.5493
0.0060,-1.0236,0.1575,6.1035,3.1128,-0.5493
0.0045,-1.0172,0.1587,6.1646,3.1128,-0.4272
0.0099,-1.0146,0.1587,6.2866,2.9297,-0.6714
0.0060,-1.0183,0.1566,6.1646,3.1128,-0.5493
0.0039,-1.0247,0.1576,6.4697,3.1738,-0.4883
0.0066,-1.0197,0.1571,6.1646,3.1128,-0.4272
0.0046,-1.0216,0.1571,6.3477,3.1128,-0.6104
0.0035,-1.0239,0.1571,6.2866,3.1738,-0.4272
0.0051,-1.0204,0.1580,6.1035,2.9907,-0.4883
0.0039,-1.0176,0.1572,6.2256,3.1128,-0.6104
0.0029,-1.0132,0.1554,5.9204,3.0518,-0.6104
0.0050,-1.0160,0.1581,6.2866,2.9907,-0.6714
0.0065,-1.0156,0.1561,6.1646,2.9907,-0.4883
0.0044,-1.0281,0.1555,6.2256,3.0518,-0.6104
0.0065,-1.0126,0.1531,6.2256,2.9297,-0.3662
0.0049,-1.0250,0.1581,6.2256,3.0518,-0.6714
0.0050,-1.0155,0.1569,6.1035,3.1128,-0.6714
0.0010,-1.0319,0.1573,6.1035,3.2349,-0.5493
0.0051,-1.0533,0.1517,6.2866,3.1128,-0.4883
0.0057,-1.0231,0.1560,6.2256,3.1738,-0.2441
0.0022,-1.0231,0.1571,6.1646,3.1738,-0.7324
0.0054,-1.0229,0.1562,6.2866,3.0518,-0.6104
0.0052,-1.0186,0.1564,6.1035,3.3569,-0.4272
0.0059,-1.0214,0.1554,6.2866,3.1738,-0.5493
0.0048,-1.0194,0.1573,6.2256,2.8687,-0.6104
0.0049,-1.0198,0.1549,6.0425,2.9907,-0.6104
0.0052,-1.0208,0.1550,6.3477,2.9297,-0.6104
0.0055,-1.0192,0.1569,6.3477,3.0518,-0.6104
0.0054,-1.0208,0.1559,6.2256,3.0518,-0.4883
0.0037,-1.0220,0.1583,6.2866,3.0518,-0.5493
0.0051,-1.0203,0.1561,6.2866,2.9907,-0.6714
0.0061,-1.0170,0.1560,6.2866,3.0518,-0.4883
0.0052,-1.0190,0.1562,6.4087,3.0518,-0.5493
0.0061,-1.0194,0.1554,6.2256,3.0518,-0.6104
0.0066,-1.0160,0.1564,6.1646,3.1738,-0.6104
0.0055,-1.0212,0.1537,6.2256,3.1128,-0.6104
0.0068,-1.0155,0.1575,6.2256,3.0518,-0.6714
0.0049,-1.0243,0.1581,6.2256,3.1128,-0.6714
0.0054,-1.0195,0.1571,6.3477,2.9907,-0.3662
0.0049,-1.0186,0.1556,6.1646,2.9907,-0.5493
0.0051,-1.0221,0.1570,6.1646,2.9907,-0.4883
0.0059,-1.0192,0.1558,6.1035,3.1738,-0.5493
0.0057,-1.0199,0.1554,6.1035,2.8687,-0.4883
0.0056,-1.0209,0.1558,6.1646,3.0518,-0.4272
0.0060,-1.0200,0.1567,6.0425,2.9907,-0.5493
0.0052,-1.0179,0.1552,6.1646,2.9907,-0.4272
0.0057,-1.0186,0.1556,6.1035,2.9907,-0.4883
0.0051,-1.0233,0.1561,6.1646,3.1128,-0.3662
FIN_VENTANA
INICIO_VENTANA reposo
0.0059,-1.0209,0.1592,6.2866,2.9907,-0.4883
0.0056,-1.0205,0.1545,5.9814,2.9297,-0.6104
0.0054,-1.0168,0.1591,6.2256,3.1128,-0.3662
0.0040,-1.0276,0.1566,6.1646,2.9297,-0.6104
0.0022,-1.0211,0.1597,6.2866,3.1128,-0.5493
0.0085,-1.0151,0.1614,6.2866,3.2349,-0.2441
0.0002,-1.0336,0.1462,6.3477,3.0518,-0.4883
0.0059,-1.0245,0.1589,6.0425,3.0518,-0.4272
0.0065,-1.0145,0.1556,6.1035,3.0518,-0.3662
0.0039,-1.0276,0.1565,6.1035,3.1128,-0.4883
0.0062,-1.0210,0.1573,6.1035,3.1128,-0.3662
0.0063,-1.0177,0.1549,6.2256,3.1128,-0.3662
0.0061,-1.0211,0.1586,6.4087,2.9907,-0.4883
0.0042,-1.0192,0.1609,5.9814,3.0518,-0.5493
0.0051,-1.0219,0.1575,6.3477,3.1128,-0.3662
0.0037,-1.0225,0.1571,6.2256,2.9297,-0.7935
0.0028,-1.0205,0.1603,6.1035,2.9297,-0.6104
0.0039,-1.0210,0.1553,6.1646,3.1128,-0.5493
0.0067,-1.0193,0.1564,6.2256,3.1738,-0.6104
0.0039,-1.0232,0.1571,6.2256,2.9907,-0.6714
0.0051,-1.0209,0.1556,6.4697,3.1128,-0.4883
0.0063,-1.0212,0.1561,6.2256,3.1128,-0.4272
0.0045,-1.0206,0.1552,6.2256,2.9297,-0.4883
0.0063,-1.0173,0.1578,6.1646,3.0518,-0.3662
0.0052,-1.0220,0.1595,6.2866,3.2349,-0.4883
0.0049,-1.0249,0.1542,6.2866,2.9297,-0.4883
0.0068,-1.0176,0.1571,6.1646,3.1128,-0.4883
0.0043,-1.0222,0.1570,6.1035,3.0518,-0.4272
0.0060,-1.0204,0.1553,6.2866,3.1128,-0.6104
0.0023,-1.0209,0.1570,6.1646,3.1128,-0.4272
0.0046,-1.0187,0.1560,6.2256,3.0518,-0.4883
0.0048,-1.0203,0.1578,6.2866,3.1128,-0.5493
0.0043,-1.0203,0.1573,5.9814,3.0518,-0.7324
0.0051,-1.0219,0.1576,6.0425,3.0518,-0.4883
0.0042,-1.0165,0.1559,6.1035,3.1128,-0.4883
0.0081,-1.0100,0.1594,6.2866,2.8076,-0.4883
0.0052,-1.0143,0.1553,6.1646,2.9907,-0.6714
0.0063,-1.0150,0.1576,6.1035,3.0518,-0.4883
0.0055,-1.0140,0.1566,6.1035,2.8687,-0.6714
0.0066,-1.0211,0.1561,6.1646,2.9297,-0.6714
0.0040,-1.0211,0.1564,6.5308,2.9297,-0.7935
0.0051,-1.0210,0.1560,6.2256,2.9907,-0.5493
0.0057,-1.0193,0.1572,6.2256,2.9907,-0.5493
0.0049,-1.0236,0.1586,6.2256,3.1128,-0.6714
0.0061,-1.0234,0.1552,6.1646,3.0518,-0.3662
0.0066,-1.0184,0.1559,6.0425,3.0518,-0.6714
0.0055,-1.0140,0.1581,6.1646,3.2349,-0.5493
0.0046,-1.0255,0.1536,6.2256,3.0518,-0.5493
0.0055,-1.0234,0.1595,6.2866,2.9297,-0.4883
0.0037,-1.0176,0.1567,6.1646,2.9907,-0.5493
0.0065,-1.0227,0.1572,6.1646,2.9297,-0.5493
0.0051,-1.0201,0.1565,6.1035,3.0518,-0.4883
0.0050,-1.0216,0.1560,6.3477,3.1738,-0.5493
0.0055,-1.0211,0.1572,6.1035,2.9297,-0.4883
0.0056,-1.0175,0.1561,5.9814,3.1128,-0.5493
0.0048,-1.0227,0.1567,6.0425,2.9907,-0.4883
0.0054,-1.0192,0.1572,6.2256,2.9907,-0.6714
0.0042,-1.0205,0.1556,6.1035,3.0518,-0.4272
0.0054,-1.0223,0.1577,6.2866,2.9297,-0.6104
0.0061,-1.0214,0.1586,6.1646,2.9297,-0.6104
0.0055,-1.0181,0.1564,6.0425,2.8687,-0.6714
0.0051,-1.0176,0.1569,6.1035,2.9907,-0.7324
0.0083,-1.0116,0.1573,6.2866,2.9907,-0.6714
0.0056,-1.0183,0.1570,6.0425,3.1128,-0.6714
0.0056,-1.0208,0.1558,6.2866,2.9907,-0.5493
0.0046,-1.0227,0.1569,6.1646,2.9907,-0.6714
0.0059,-1.0238,0.1566,6.2256,3.1128,-0.5493
0.0062,-1.0198,0.1572,6.1646,3.0518,-0.6104
0.0040,-1.0228,0.1581,6.3477,3.1738,-0.6104
0.0059,-1.0139,0.1571,6.2256,3.1128,-0.6104
0.0057,-1.0283,0.1605,6.1646,2.9907,-0.6714
0.0043,-1.0172,0.1543,6.2256,3.0518,-0.4883
0.0062,-1.0219,0.1541,6.0425,2.9907,-0.5493
0.0043,-1.0210,0.1575,6.2256,2.9907,-0.6714
0.0052,-1.0221,0.1578,6.1646,3.1128,-0.4272
0.0066,-1.0198,0.1550,6.2256,3.1738,-0.4883
0.0059,-1.0190,0.1543,6.0425,3.1738,-0.3662
0.0052,-1.0214,0.1575,6.1646,3.2959,-0.4272
0.0066,-1.0175,0.1528,6.1035,3.0518,-0.5493
0.0048,-1.0217,0.1567,6.2256,2.9907,-0.5493
0.0042,-1.0149,0.1565,6.1646,2.9907,-0.6104
0.0061,-1.0201,0.1572,6.1646,2.9297,-0.4883
0.0050,-1.0221,0.1545,6.0425,3.0518,-0.4883
0.0038,-1.0182,0.1552,6.2256,3.1128,-0.4883
0.0039,-1.0226,0.1575,6.1646,2.9907,-0.6104
0.0051,-1.0201,0.1571,6.2866,3.2349,-0.7324
0.0071,-1.0189,0.1542,6.1646,3.1128,-0.6104
0.0052,-1.0198,0.1536,6.2256,3.1128,-0.4883
0.0051,-1.0227,0.1576,6.2256,2.9907,-0.3662
0.0054,-1.0209,0.1569,6.0425,2.9297,-0.4883
0.0032,-1.0249,0.1564,6.1035,3.1738,-0.5493
0.0056,-1.0188,0.1527,6.2256,3.1128,-0.3052
0.0050,-1.0232,0.1553,6.2866,3.1128,-0.5493
0.0074,-1.0195,0.1567,6.0425,3.1128,-0.4272
0.0056,-1.0190,0.1544,6.1035,3.0518,-0.4883
0.0059,-1.0201,0.1580,6.1035,3.0518,-0.4272
0.0046,-1.0204,0.1550,6.1646,2.9297,-0.4272
0.0071,-1.0300,0.1589,6.1035,2.8687,-0.5493
0.0083,-1.0205,0.1541,6.4087,3.2959,-0.5493
0.0028,-1.0289,0.1592,6.1646,3.0518,-0.6714
FIN_VENTANA
INICIO_VENTANA reposo
0.0062,-1.0211,0.1562,6.1035,3.0518,-0.6104
0.0054,-1.0208,0.1581,6.1035,3.0518,-0.6104
0.0038,-1.0184,0.1558,6.1646,2.9907,-0.4883
0.0055,-1.0209,0.1575,6.0425,2.7466,-0.3662
0.0055,-1.0189,0.1567,6.1646,3.1128,-0.5493
0.0056,-1.0249,0.1604,6.2866,3.0518,-0.5493
0.0052,-1.0236,0.1544,6.2256,3.0518,-0.4883
0.0065,-1.0132,0.1555,6.2866,3.0518,-0.3662
0.0044,-1.0260,0.1581,6.2866,3.0518,-0.6104
0.0060,-1.0199,0.1537,6.2866,3.0518,-0.6714
0.0049,-1.0222,0.1583,6.4087,3.0518,-0.6104
0.0054,-1.0137,0.1560,6.2866,3.0518,-0.5493
0.0038,-1.0240,0.1591,6.1035,3.0518,-0.4272
0.0057,-1.0188,0.1560,6.1646,3.1128,-0.4272
0.0062,-1.0212,0.1564,6.2866,2.9907,-0.7935
0.0049,-1.0214,0.1586,6.2256,2.9907,-0.5493
0.0050,-1.0219,0.1577,6.3477,3.1128,-0.5493
0.0054,-1.0193,0.1575,6.1035,3.1128,-0.6104
0.0044,-1.0234,0.1577,6.3477,2.9907,-0.7324
0.0049,-1.0167,0.1559,6.2256,2.9907,-0.5493
0.0054,-1.0215,0.1577,6.2256,2.9907,-0.4883
0.0050,-1.0210,0.1560,6.4087,3.2959,-0.5493
0.0049,-1.0210,0.1591,5.9814,2.9907,-0.5493
0.0055,-1.0198,0.1567,6.1646,3.0518,-0.4883
0.0049,-1.0264,0.1550,6.1035,3.1128,-0.5493
0.0060,-1.0251,0.1594,6.4087,3.1128,-0.5493
0.0050,-1.0217,0.1575,6.1646,2.9907,-0.4883
0.0054,-1.0255,0.1593,6.1646,3.1738,-0.5493
0.0051,-1.0183,0.1542,6.4087,2.9297,-0.7324
0.0051,-1.0221,0.1608,6.2256,3.1738,-0.4883
0.0045,-1.0204,0.1561,6.3477,3.1738,-0.6714
0.0051,-1.0233,0.1572,6.1035,2.9907,-0.4272
0.0052,-1.0226,0.1582,6.1646,3.2349,-0.6104
0.0052,-1.0184,0.1566,6.4087,3.0518,-0.4272
0.0066,-1.0212,0.1567,6.2866,3.1128,-0.3662
0.0059,-1.0221,0.1575,6.3477,2.9907,-0.4883
0.0048,-1.0249,0.1587,6.1646,3.0518,-0.4272
0.0059,-1.0197,0.1560,6.2866,3.1738,-0.2441
0.0060,-1.0229,0.1569,6.1035,3.0518,-0.7324
0.0048,-1.0203,0.1589,6.2866,3.0518,-0.4883
0.0054,-1.0205,0.1560,6.4087,2.9297,-0.5493
0.0055,-1.0194,0.1554,6.1035,3.1738,-0.5493
0.0051,-1.0208,0.1593,6.1646,2.9907,-0.6714
0.0033,-1.0294,0.1521,6.2256,3.0518,-0.5493
0.0062,-1.0225,0.1608,6.3477,3.2959,-0.4883
0.0045,-1.0197,0.1565,6.1646,2.9297,-0.6104
0.0043,-1.0208,0.1573,6.1035,3.1128,-0.3662
0.0051,-1.0204,0.1578,6.1646,3.1128,-0.6714
0.0055,-1.0210,0.1583,5.9814,3.0518,-0.3052
0.0052,-1.0205,0.1558,6.2866,3.1128,-0.3662
0.0073,-1.0073,0.1565,6.1646,3.1128,-0.3662
0.0057,-1.0135,0.1567,6.2256,2.9907,-0.6104
0.0049,-1.0251,0.1594,6.3477,2.9907,-0.6714
0.0057,-1.0144,0.1577,6.1035,2.9907,-0.5493
0.0066,-1.0242,0.1584,6.3477,3.0518,-0.5493
0.0078,-1.0153,0.1548,6.3477,2.9907,-0.5493
0.0052,-1.0212,0.1594,5.9814,3.0518,-0.7324
0.0057,-1.0187,0.1580,6.1646,3.0518,-0.4883
0.0054,-1.0229,0.1593,6.2256,3.1128,-0.4883
0.0063,-1.0208,0.1576,6.0425,2.8076,-0.6714
0.0048,-1.0227,0.1573,6.1646,3.0518,-0.5493
0.0059,-1.0210,0.1580,6.2256,3.1128,-0.6104
0.0059,-1.0212,0.1593,6.2256,2.9907,-0.6714
0.0063,-1.0198,0.1571,6.4697,2.8076,-0.4883
0.0049,-1.0209,0.1591,6.1035,2.9297,-0.4883
0.0044,-1.0198,0.1576,6.2256,3.1738,-0.5493
0.0049,-1.0186,0.1578,6.1035,2.9907,-0.5493
0.0056,-1.0188,0.1576,6.0425,3.1128,-0.6104
0.0060,-1.0219,0.1600,6.0425,3.1738,-0.3662
0.0056,-1.0210,0.1572,6.1035,2.9907,-0.6104
0.0055,-1.0201,0.1582,6.1035,3.0518,-0.6714
0.0049,-1.0237,0.1593,6.2256,2.9297,-0.4883
0.0056,-1.0244,0.1560,6.2866,2.9907,-0.5493
0.0059,-1.0140,0.1588,6.3477,2.8687,-0.6714
0.0045,-1.0255,0.1595,6.4087,3.1128,-0.4883
0.0045,-1.0227,0.1572,6.2256,2.9907,-0.6714
0.0049,-1.0216,0.1595,6.1646,3.1128,-0.6714
0.0065,-1.0204,0.1564,6.1646,2.9907,-0.4883
0.0049,-1.0193,0.1594,6.2256,3.0518,-0.4883
0.0051,-1.0198,0.1575,6.1646,3.1128,-0.5493
0.0057,-1.0212,0.1583,6.2866,3.1128,-0.4272
0.0055,-1.0227,0.1588,6.0425,3.2349,-0.6104
0.0057,-1.0211,0.1591,6.1646,2.9297,-0.6104
0.0054,-1.0192,0.1566,6.2256,3.1128,-0.5493
0.0052,-1.0221,0.1588,6.2256,3.1738,-0.5493
0.0057,-1.0204,0.1576,6.1646,3.1738,-0.5493
0.0055,-1.0192,0.1565,6.1035,3.0518,-0.6714
0.0059,-1.0206,0.1582,6.2866,3.0518,-0.5493
0.0050,-1.0177,0.1564,6.2866,3.0518,-0.6714
0.0056,-1.0223,0.1589,6.1646,2.9907,-0.6714
0.0051,-1.0200,0.1555,6.2866,3.0518,-0.6104
0.0045,-1.0201,0.1569,5.9814,3.0518,-0.7935
0.0056,-1.0234,0.1576,6.0425,2.9907,-0.3662
0.0052,-1.0209,0.1587,6.2256,3.0518,-0.4883
0.0079,-1.0160,0.1586,6.1646,2.9907,-0.4272
0.0061,-1.0225,0.1610,6.2866,3.1738,-0.4272
0.0056,-1.0226,0.1571,6.2866,3.1128,-0.4272
0.0067,-1.0211,0.1587,6.2866,2.9907,-0.6104
0.0044,-1.0194,0.1562,6.2256,2.9907,-0.6104
0.0052,-1.0226,0.1589,5.9204,3.0518,-0.5493
FIN_VENTANA
INICIO_VENTANA reposo
0.0060,-1.0216,0.1577,6.2256,2.9907,-0.6104
0.0045,-1.0217,0.1576,6.1035,3.0518,-0.4883
0.0062,-1.0193,0.1572,6.2866,3.1128,-0.4883
0.0049,-1.0228,0.1556,6.1035,2.9297,-0.3052
0.0044,-1.0232,0.1570,6.2256,3.1128,-0.4883
0.0057,-1.0215,0.1559,6.2866,2.9907,-0.4883
0.0057,-1.0208,0.1566,6.1646,3.0518,-0.6104
0.0045,-1.0250,0.1599,6.1035,3.0518,-0.4272
0.0074,-1.0214,0.1559,6.3477,3.0518,-0.3052
0.0035,-1.0220,0.1575,6.1035,2.9297,-0.6104
0.0048,-1.0271,0.1550,6.1035,2.9907,-0.4883
0.0063,-1.0160,0.1578,6.2866,3.0518,-0.4272
0.0054,-1.0209,0.1573,6.2256,3.0518,-0.6714
0.0060,-1.0189,0.1541,6.2256,3.2349,-0.6104
0.0031,-1.0205,0.1567,6.4087,3.0518,-0.5493
0.0067,-1.0195,0.1581,6.2256,2.9907,-0.4272
0.0066,-1.0168,0.1550,6.1035,3.0518,-0.4272
0.0062,-1.0240,0.1589,6.2256,3.2349,-0.4272
0.0054,-1.0208,0.1576,6.1035,3.2349,-0.4883
0.0057,-1.0186,0.1562,6.2866,3.1128,-0.6104
0.0035,-1.0227,0.1548,6.1646,3.0518,-0.5493
0.0034,-1.0228,0.1559,6.1646,3.0518,-0.4883
0.0060,-1.0193,0.1562,6.4087,2.9297,-0.6104
0.0056,-1.0206,0.1261,6.3477,3.1738,-0.6714
0.0065,-1.0164,0.1571,6.2866,3.2349,-0.6104
0.0074,-1.0182,0.1567,5.9814,2.9907,-0.6104
0.0051,-1.0211,0.1552,5.9204,2.9297,-0.4883
0.0051,-1.0228,0.1561,6.1646,2.9907,-0.4272
0.0059,-1.0234,0.1552,6.0425,2.9297,-0.4883
0.0048,-1.0216,0.1570,5.9814,3.1738,-0.3662
0.0063,-1.0171,0.1594,6.1035,2.9907,-0.4272
0.0067,-1.0267,0.1583,6.1646,2.9297,-0.6714
0.0045,-1.0203,0.1562,6.1035,3.0518,-0.5493
0.0056,-1.0231,0.1577,6.1646,2.9907,-0.5493
0.0056,-1.0197,0.1566,6.1646,2.9297,-0.3662
0.0066,-1.0222,0.1555,6.3477,3.1738,-0.5493
0.0056,-1.0182,0.1552,6.2256,2.9297,-0.6104
0.0029,-1.0250,0.1592,5.9814,3.0518,-0.4883
0.0044,-1.0242,0.1554,6.4087,2.9907,-0.3662
0.0054,-1.0182,0.1548,6.1646,2.9297,-0.4272
0.0040,-1.0205,0.1565,6.1035,2.9907,-0.6104
0.0048,-1.0206,0.1571,6.1646,3.1128,-0.3662
0.0060,-1.0183,0.1553,6.1646,2.9907,-0.5493
0.0062,-1.0251,0.1575,6.1646,2.9297,-0.5493
0.0060,-1.0266,0.1549,6.1035,2.9907,-0.5493
0.0055,-1.0117,0.1553,6.2256,3.0518,-0.4883
0.0052,-1.0203,0.1569,6.3477,3.0518,-0.6104
0.0044,-1.0200,0.1562,6.1035,3.1128,-0.6714
0.0070,-1.0188,0.1561,6.2866,3.1738,-0.6104
0.0051,-1.0211,0.1559,6.1646,2.9907,-0.6714
0.0044,-1.0244,0.1554,6.2256,3.0518,-0.6104
0.0062,-1.0204,0.1573,6.2866,3.1738,-0.7935
0.0048,-1.0210,0.1573,6.2256,2.9297,-0.7935
0.0061,-1.0229,0.1592,6.1646,2.8687,-0.6714
0.0046,-1.0271,0.1545,6.1646,3.0518,-0.7324
0.0051,-1.0131,0.1849,6.3477,3.1738,-0.7324
0.0049,-1.0161,0.1545,6.1646,3.1738,-0.5493
0.0056,-1.0215,0.1539,6.1035,2.9907,-0.6714
0.0049,-1.0208,0.1575,5.9204,3.0518,-0.4883
0.0056,-1.0198,0.1553,6.2256,3.0518,-0.4272
0.0016,-1.0178,0.1564,6.1035,3.1128,-0.4883
0.0028,-1.0319,0.1573,6.2256,3.3569,-0.2441
0.0027,-1.0282,0.1493,6.2256,3.1128,-0.5493
0.0028,-1.0216,0.1560,6.2866,2.9297,-0.7324
0.0049,-1.0186,0.1533,6.1646,3.1738,-0.5493
0.0044,-1.0215,0.1564,6.2256,2.9297,-0.4272
0.0051,-1.0204,0.1554,6.2256,2.9297,-0.6104
0.0039,-1.0189,0.1550,6.1035,3.1128,-0.4272
0.0026,-1.0248,0.1562,6.2866,2.8076,-0.6104
0.0045,-1.0239,0.1545,6.2866,3.0518,-0.6714
0.0054,-1.0200,0.1553,6.1646,2.9297,-0.7324
0.0054,-1.0212,0.1547,6.2256,3.0518,-0.4883
0.0061,-1.0128,0.1544,6.2256,3.0518,-0.6104
0.0100,-1.0059,0.1603,6.2256,2.9297,-0.7324
0.0062,-1.0166,0.1549,6.2256,3.1128,-0.4883
0.0050,-1.0251,0.1561,6.2866,3.0518,-0.6104
0.0044,-1.0220,0.1523,6.2256,3.0518,-0.4883
0.0088,-1.0128,0.1554,6.2866,3.1128,-0.6104
0.0050,-1.0239,0.1548,6.1646,3.0518,-0.4883
0.0040,-1.0300,0.1575,6.2256,3.1738,-0.6714
0.0046,-1.0294,0.1550,6.3477,2.9297,-0.5493
0.0072,-1.0195,0.1534,6.2256,3.1128,-0.6714
0.0055,-1.0219,0.1552,6.1646,2.9907,-0.5493
0.0055,-1.0209,0.1534,6.1646,2.9907,-0.6714
0.0062,-1.0211,0.1559,5.9814,3.0518,-0.5493
0.0068,-1.0190,0.1558,6.1646,3.0518,-0.4272
0.0062,-1.0251,0.1547,6.1035,3.0518,-0.6714
0.0051,-1.0251,0.1581,6.2866,3.1128,-0.4272
0.0042,-1.0234,0.1544,6.1646,3.0518,-0.4272
0.0057,-1.0187,0.1566,6.1035,2.9907,-0.4883
0.0065,-1.0199,0.1537,6.1646,2.9297,-0.4272
0.0082,-1.0149,0.1541,6.1035,3.1128,-0.4883
0.0070,-1.0157,0.1570,6.1035,2.9907,-0.6714
0.0062,-1.0198,0.1569,6.1035,3.0518,-0.5493
0.0049,-1.0277,0.1537,6.1646,2.9907,-0.5493
0.0035,-1.0269,0.1851,6.2256,3.1128,-0.4883
0.0067,-1.0199,0.1573,6.2866,3.1128,-0.5493
0.0052,-1.0228,0.1533,6.1646,3.1128,-0.4883
0.0060,-1.0149,0.1549,6.1646,2.8687,-0.5493
0.0051,-1.0260,0.1577,6.2256,3.1738,-0.5493
FIN_VENTANA
INICIO_VENTANA reposo
-0.0378,-1.0907,0.0035,5.9204,-128.1128,-52.1240
0.0923,-1.1635,0.2603,-81.7261,-114.2578,-68.8477
-0.0020,-1.2869,0.3712,-29.6021,-64.0259,-65.6738
-0.0541,-1.1956,0.1968,116.8213,17.7612,-20.5688
-0.0868,-1.2378,0.0502,25.7568,37.9639,2.6245
-0.1481,-1.1688,-0.0797,48.7061,12.8174,46.3257
-0.2568,-1.0850,0.0183,31.9824,-35.5225,51.5137
-0.0222,-0.9169,0.0150,95.1538,-28.8086,60.6689
-0.0217,-1.0557,0.0020,73.6084,-9.6436,24.5972
-0.0343,-1.1447,-0.0466,116.6992,0.4883,20.3247
0.0300,-1.2108,-0.2026,144.6533,43.9453,27.0386
-0.0153,-1.1432,-0.4148,218.3838,59.6313,46.5088
0.0249,-0.9056,-0.6040,255.6152,50.0488,63.7207
0.0046,-0.7225,-0.8154,287.8418,22.0337,34.4849
0.1035,-0.8484,-0.9412,248.2910,-38.5132,6.2866
0.1196,-0.9127,-0.9109,174.6216,-141.8457,-19.2261
0.0408,-0.8171,-0.7677,95.9473,-244.3848,-49.2554
-0.0212,-1.2695,-0.4463,-48.0347,-276.4282,64.2090
0.1650,-0.3104,-0.0886,-101.9287,-237.3657,147.0947
0.4402,-0.2897,0.0775,-53.1616,-120.9106,53.1616
0.4896,-0.3352,0.0746,20.5078,-18.0054,-17.7612
0.4648,-0.6316,-0.1097,-45.7153,103.9429,-54.5654
0.3649,-1.1470,-0.3772,23.9868,175.6592,-12.5122
0.3761,-0.7906,-0.7444,134.1553,191.2842,84.1675
0.3073,-0.5089,-0.8325,87.4023,143.5547,110.8398
0.2709,-0.2014,-0.8419,57.6782,81.8481,102.0508
0.1674,-0.1576,-0.9506,87.1582,87.0361,53.1006
0.3492,-0.5382,-1.0593,31.8604,55.6030,48.4619
0.2429,-0.5839,-1.0873,3.9673,-11.7798,123.5352
0.2704,-0.1633,-0.9171,-133.1177,-56.2134,166.4429
0.4016,0.1168,-0.8094,-13.0615,-99.9146,117.8589
0.4775,0.0294,-0.6349,21.3623,-113.0371,43.0908
0.5896,-0.3120,-0.4655,29.7241,-82.7026,-14.8926
0.5189,-0.5232,-0.4535,-19.4702,-15.1978,14.5264
0.5077,-0.2709,-0.5104,7.7515,41.6870,45.3491
0.5665,-0.1965,-0.4974,-73.1812,80.2002,62.6831
0.5448,-0.2982,-0.7091,-15.5640,121.5210,44.4336
0.4719,-0.3625,-0.8280,-1.4038,136.1084,24.4141
0.3734,-0.3154,-1.0107,-31.8604,137.7563,22.6440
0.3450,-0.3441,-1.1681,9.0942,67.2607,22.3389
0.4111,-0.4426,-1.1235,24.5361,4.2725,30.7617
0.3625,-0.3011,-0.9983,-4.9438,-47.0581,50.6592
0.4185,-0.1384,-0.8351,-3.4180,-70.8618,44.0063
0.4412,-0.5420,-0.6804,53.4058,-68.4814,58.8379
0.4619,-0.1667,-0.5966,57.0068,-4.6997,91.7969
0.5221,0.0972,-0.7034,43.0298,31.3110,75.7446
0.5264,0.1799,-0.8130,17.0898,45.3491,30.0903
0.5464,-0.2168,-0.8999,66.1011,43.6401,-9.8877
0.5215,-0.3907,-0.9063,52.8564,20.5688,12.1460
0.5114,-0.0358,-0.8365,16.1133,-3.9673,52.7954
0.4709,-0.2709,-0.7709,49.6826,-7.8735,35.2783
0.5183,-0.4897,-0.6617,-9.3384,-6.4087,76.1108
0.4396,-0.3765,-0.6077,40.5273,30.3345,139.2822
0.2963,0.8636,-1.0555,-14.3433,109.0698,155.9448
0.3846,0.9174,-1.4318,94.4214,53.4058,-17.7002
0.3947,-0.2595,-1.3037,95.7642,-78.6133,-79.8340
0.4794,-0.2155,-0.9064,-54.6875,-153.5645,-12.8174
0.5179,-0.1061,-0.6646,-222.7173,-142.3340,46.9360
0.5431,0.0144,-0.6066,-77.6978,-81.1768,62.1338
0.6222,0.2345,-0.7501,-49.7437,-49.0723,31.7993
0.5836,-0.0375,-0.7711,-49.8047,-62.8662,-7.6904
0.6772,-0.0422,-0.6241,-2.2583,-90.6372,-21.9116
0.7666,-0.2306,-0.5463,-60.9741,-82.3364,-20.9961
0.7637,-0.2019,-0.4860,-53.2837,-61.0352,8.4839
0.7654,-0.1238,-0.5634,8.2397,-31.4331,5.1880
0.7833,-0.1223,-0.5782,16.2354,-16.3574,-2.7466
0.8375,-0.1949,-0.5461,-5.7373,-23.3154,-10.1318
0.8022,-0.1891,-0.5334,53.8330,-26.2451,-7.3242
0.7930,-0.1283,-0.5347,29.7241,-19.0430,-7.9346
0.8391,-0.1553,-0.5267,10.9863,-24.2310,-8.4839
0.8624,-0.1925,-0.4542,-22.5830,-26.7334,-2.6855
0.8550,-0.1808,-0.4575,-10.3149,-9.7656,2.3804
0.8187,-0.1475,-0.4978,-8.6670,-3.8452,5.9204
0.8251,-0.1810,-0.4828,-0.1831,-4.0283,2.8076
0.8099,-0.1191,-0.5350,49.8047,-10.0708,5.2490
0.8379,-0.0839,-0.4777,14.0991,-26.9775,1.4648
0.8400,-0.1344,-0.4106,-27.2217,-26.0010,-0.5493
0.8645,-0.1653,-0.4127,-7.9346,-14.3433,1.5869
0.8584,-0.1212,-0.3979,2.1973,-12.6343,4.3335
0.8408,-0.1785,-0.4657,-15.7471,0.7935,-1.5259
0.8790,-0.1556,-0.4890,6.5308,-12.2681,1.2207
0.8687,-0.1254,-0.3838,-35.7056,-20.8130,-0.7324
0.8962,-0.1853,-0.3580,-45.1660,-9.9487,-4.0894
0.8636,-0.2274,-0.3615,-20.5688,-1.6479,-1.3428
0.8760,-0.1968,-0.4055,28.1372,1.4648,2.5635
0.8817,-0.1597,-0.3945,16.4795,0.4272,1.4038
0.8643,-0.1643,-0.3885,-11.9629,7.7515,-2.4414
0.8698,-0.1779,-0.4194,-35.8276,7.8735,-4.5776
0.8580,-0.2158,-0.4194,-20.2637,0.0000,-2.2583
0.8656,-0.2081,-0.3848,14.5874,-5.6763,-0.3662
0.8715,-0.1700,-0.3749,35.7056,-5.0659,1.5869
0.8778,-0.1859,-0.4034,3.9062,-0.9766,-1.4648
0.8960,-0.1957,-0.4030,-19.5313,-4.6387,-2.6855
0.8848,-0.1797,-0.3539,-30.8838,-10.0098,-0.9155
0.8702,-0.2023,-0.3114,-1.8311,-6.3477,-1.5259
0.8827,-0.1902,-0.3303,19.7754,5.9814,-0.1831
0.8687,-0.1873,-0.4290,21.6064,7.6904,-0.9766
0.8711,-0.1810,-0.4487,-3.7842,-8.5449,-2.0142
0.8855,-0.2150,-0.3496,-35.0952,-22.3999,-3.9062
0.8859,-0.2019,-0.2970,-36.3159,-11.7798,-1.8311
FIN_VENTANA
INICIO_VENTANA reposo
0.8160,-0.2656,0.4401,-12.5732,1.8311,65.4297
0.8759,-0.1621,0.2421,-21.7896,-3.9673,35.0952
0.8246,-0.2843,0.3092,-22.8882,-47.2412,31.7993
0.7780,-0.1393,0.5145,-6.8970,-70.6177,46.8750
0.7709,-0.0909,0.6161,21.6675,-60.3027,43.1519
0.8365,-0.1322,0.6051,9.4604,-44.2505,55.4810
0.8193,0.1060,0.6217,21.8506,-39.3066,32.0435
0.7657,-0.0287,0.5574,-36.6211,-29.9072,8.7280
0.8264,0.0131,0.5552,-103.5767,-31.7993,6.4087
0.7631,-0.0613,0.5847,-116.0889,-48.6450,16.4185
0.7162,0.0660,0.6426,-106.2012,-49.3774,20.2026
0.7413,0.0327,0.6312,-84.6558,-43.5791,15.8081
0.6571,0.0811,0.5986,-21.1182,-40.4663,30.7617
0.6100,0.1028,0.5624,-28.6865,-37.2314,40.6494
0.6517,0.1165,0.4940,-3.9062,-55.7861,52.0020
0.5621,0.1978,0.5594,8.6060,-88.8672,59.3262
0.4816,0.2446,0.5520,30.1514,-124.0845,50.5371
0.4236,0.2212,0.8547,-47.2412,-145.2637,43.7012
0.4249,0.3311,1.0087,-36.6211,-109.7412,33.7524
0.3762,0.2560,0.9371,2.8076,-57.4341,17.7612
0.3652,0.3246,0.8667,-41.0767,-39.3066,21.9116
0.3119,0.3149,0.7393,-7.0801,-46.3867,18.6157
0.2937,0.2747,0.8364,-60.2417,-84.2896,29.3579
0.2826,0.4258,0.9581,-29.7852,-91.0645,40.6494
0.2019,0.2922,0.8976,-10.6201,-89.9048,46.9360
0.1807,0.4222,1.0544,-75.3784,-92.8345,62.1338
0.1246,0.5018,1.0767,30.5176,-62.3779,53.7720
0.0829,0.4286,1.0765,-16.0522,-50.0488,38.6963
0.0802,0.4601,1.0752,29.4800,-34.0576,31.2500
0.0355,0.4185,1.0411,63.6597,-21.4844,21.8506
-0.0065,0.3268,1.0017,52.7344,-10.8643,18.6768
0.0068,0.4141,1.0118,15.6250,0.3052,22.8882
-0.0490,0.3466,0.8372,93.3228,4.7607,12.6343
-0.0293,0.2374,0.8444,33.1421,-20.0195,13.6719
-0.0349,0.3466,1.0302,28.5645,-38.8794,25.7568
-0.0808,0.2177,1.0190,120.4834,-29.3579,26.1230
-0.0739,0.1936,1.0663,78.1250,-24.0479,32.2876
-0.0955,0.2306,1.0052,153.6865,-15.0146,32.6538
-0.1249,0.0217,0.9060,107.6660,-17.2729,15.7471
-0.1224,-0.0618,0.9760,-41.4429,-32.5928,28.6865
-0.1287,0.1036,1.0944,1.8311,-27.6489,27.4048
-0.1537,-0.0200,1.0598,81.2988,-17.5171,24.9634
-0.1559,0.0056,1.0616,50.2319,-11.9019,31.2500
-0.1538,0.0787,1.0551,28.5645,-11.9629,26.7334
-0.1990,0.0378,1.0676,33.3252,-10.2539,13.0005
-0.2146,0.0087,0.9998,31.4941,0.2441,8.6670
-0.2009,-0.0065,0.9807,7.8125,2.0752,5.0049
-0.1833,-0.0259,0.9581,12.0850,-5.0659,1.3428
-0.1759,-0.0756,0.9984,3.2959,-14.5264,-0.1221
-0.2067,-0.0282,1.0392,13.8550,-12.9395,4.5776
-0.2302,-0.0737,0.9307,37.1704,-4.2114,2.7466
-0.2112,-0.0519,0.9097,22.3999,-18.9819,3.2959
-0.2451,-0.1119,1.2172,-31.9214,24.4751,-3.6621
-0.2225,-0.0610,1.0247,11.2915,29.0527,4.7607
-0.1812,-0.1145,1.0000,23.4375,25.6958,-0.7935
-0.1736,-0.1168,1.0233,26.6113,14.7705,3.4790
-0.1980,-0.0608,0.9727,39.2456,22.4609,4.1504
-0.1785,-0.1200,0.9962,12.0239,27.0996,0.2441
-0.1454,-0.1094,1.0138,9.3384,31.6162,2.5024
-0.1217,-0.1097,1.0267,15.1367,31.0669,-1.0986
-0.1038,-0.1307,1.0115,23.9258,31.8604,-12.0239
-0.1119,-0.0958,1.0656,35.7056,33.0811,-18.6768
-0.1260,-0.1393,1.0470,10.8032,12.3901,-19.3481
-0.1251,-0.2839,0.9454,30.0903,10.6201,-17.7612
-0.0743,-0.1653,1.0095,1.7090,4.4556,-6.1035
-0.0848,-0.1003,1.0867,58.1665,17.2729,-25.1465
-0.1510,-0.2933,0.8876,186.0352,36.8042,-38.5742
-0.0973,-0.3921,0.9384,223.2056,60.6689,-26.4282
-0.0513,-0.5474,0.8418,420.5322,39.4287,-2.4414
0.2054,-0.7078,0.3834,769.4702,25.0244,14.4043
-0.0217,-1.1566,0.5983,392.4561,-13.9771,-22.2778
0.0422,-1.0732,0.2706,56.5186,57.0679,9.2773
-0.0278,-0.9987,0.3175,76.5381,33.3252,2.3804
-0.0070,-1.0231,0.2408,40.7104,13.4888,0.0000
0.0255,-1.0457,0.2462,1.7700,4.8218,-4.9438
0.0181,-1.0189,0.1660,7.5684,2.8076,4.7607
0.0225,-0.9802,0.2010,48.5229,-21.4233,6.2866
0.0118,-0.9829,0.3154,63.0493,-39.3066,4.2114
-0.0775,-0.9475,0.4990,47.4854,-22.3389,-2.9907
0.0009,-0.9456,0.2943,54.3823,18.6157,-9.5215
-0.0183,-0.9464,0.0679,121.6431,38.5132,-33.6914
-0.1208,-1.0833,0.1257,-3.1738,45.4712,-15.5640
-0.0657,-1.0372,0.1321,-6.8359,32.0435,-1.8311
-0.0209,-1.0251,0.1267,-7.0190,25.3906,-3.9062
0.0035,-0.9929,0.1237,14.0991,18.1274,-1.9531
-0.0259,-0.9924,0.1372,6.5308,7.2021,-0.8545
-0.0177,-1.0247,0.1483,6.5918,2.9907,-0.3662
-0.0232,-1.0195,0.1582,6.1035,2.5635,-0.5493
-0.0099,-1.0177,0.1476,7.5684,6.2256,3.4790
-0.0198,-1.0232,0.1543,5.1270,2.8687,-0.9766
0.0845,-1.0533,-0.0457,-10.2539,33.0200,32.8979
-0.0253,-1.0542,0.1359,-6.8970,-1.8311,20.4468
-0.1517,-1.0103,0.0237,-54.1382,21.3623,14.7095
-0.0659,-1.0566,0.2498,26.4893,-45.2271,2.3804
0.0582,-0.9949,0.2601,-14.2212,-39.7339,-8.8501
0.1213,-1.2559,0.4622,8.9722,-37.0483,-38.5742
-0.0911,-1.0354,0.3147,39.0625,34.9121,-23.1323
-0.0658,-1.2662,0.2112,-13.1836,44.8608,-6.1646
0.0184,-1.1881,0.0244,-6.6528,67.5049,55.6641
0.0326,-1.0612,-0.0592,30.2734,22.4609,83.6792
FIN_VENTANA
INICIO_VENTANA reposo
0.1223,-0.2052,1.0055,-20.5078,6.5308,0.6714
0.1443,-0.1924,1.0088,-33.2642,4.0283,2.1973
0.1324,-0.1378,0.9865,-47.1802,5.2490,4.4556
0.1493,-0.1317,0.9978,-50.4761,10.2539,6.1035
0.1340,-0.0627,1.0002,-52.2461,10.9863,5.9204
0.1423,-0.0470,0.9974,-31.5552,7.0190,-0.6104
0.1351,-0.0201,1.0063,-5.6152,7.3853,-7.2021
0.1218,-0.0178,1.0012,15.1978,3.8452,-1.5869
0.1381,-0.0482,1.0039,39.6729,10.1318,-2.8076
0.0787,-0.1187,1.0272,26.4282,12.8784,-0.2441
0.1724,-0.1305,1.0187,-18.3105,17.9443,3.6011
0.1628,-0.0750,0.9954,-57.5562,23.1934,1.7090
0.1719,0.0623,0.9965,-48.1567,17.3340,0.0610
0.1677,0.0375,0.9943,-7.3242,8.8501,-2.5024
0.1786,0.0297,1.0001,12.5122,8.3008,-5.4932
0.1802,0.0083,0.9999,7.9956,10.6201,-3.7842
0.1731,0.0282,0.9943,-18.4326,20.4468,-1.1597
0.1984,0.0679,0.9967,-21.8506,19.4092,-0.9766
0.2150,0.0598,0.9895,14.2212,9.7046,-4.3335
0.2080,0.0249,0.9910,1.4038,11.1694,-2.4414
0.2177,0.0469,0.9745,-22.0947,14.8926,-2.3804
0.2051,0.0873,0.9739,14.0381,12.5732,-8.6060
0.2346,0.0197,0.9939,46.3257,18.0664,-16.1743
0.2679,0.0242,0.9937,-3.2349,18.2495,-8.1177
0.2430,0.0411,0.9828,-4.7607,9.5215,-5.2490
0.2502,0.0312,0.9933,1.4038,3.4180,-4.2114
0.2208,0.0552,0.9749,-5.7983,-0.4272,-3.1128
0.2346,0.0575,0.9773,7.8735,1.2207,-1.9531
0.2506,0.0458,0.9724,20.2637,-2.6855,-1.8921
0.2114,0.0411,0.9669,23.4375,0.3052,-5.5542
0.2305,0.0082,0.9766,62.1338,3.1738,-9.0332
0.2458,-0.0558,0.9995,55.5420,7.7515,-10.3760
0.2556,-0.0549,0.9922,9.8877,8.1177,-2.2583
0.2463,-0.0325,1.0029,-16.3574,-0.7935,2.6245
0.2451,0.0046,0.9977,-40.2832,-4.9438,2.8687
0.2444,0.0292,0.9900,-23.9868,-11.8408,0.7935
0.2117,0.0399,1.0006,2.3193,-22.2168,-1.8311
0.1962,0.0168,0.9948,-0.7935,-20.3247,0.9155
0.1881,0.0267,1.0221,4.0283,-15.6860,1.5259
0.1858,0.0074,0.9659,-11.9629,-10.4370,-0.4883
0.2035,-0.0004,0.9982,44.7388,3.2349,7.0190
0.1844,0.0582,0.8912,44.6777,3.1738,8.5449
0.1976,-0.0238,1.0685,34.7290,-1.8311,4.5776
0.1718,0.0468,0.9115,34.9121,5.8594,10.4980
0.1733,-0.0331,1.0331,3.6011,-4.3335,-0.3052
0.1621,0.0070,0.9518,22.4609,-4.7607,2.4414
0.1665,-0.0233,0.9856,11.5967,-7.4463,-0.9766
0.1605,-0.0514,0.9972,17.8833,-7.2021,0.7935
0.1564,-0.0288,1.0159,22.0337,-10.3149,1.5259
0.1388,-0.0648,1.0209,22.3389,-14.2212,0.7935
0.1178,-0.0574,1.0071,9.2163,-12.5732,0.8545
0.1298,-0.0732,1.0166,7.4463,-11.5356,-1.7090
0.1184,-0.0627,1.0022,0.3052,-11.5356,-0.9155
0.1089,-0.0645,1.0017,2.4414,-8.4839,-1.4038
0.1082,-0.0658,1.0032,-7.8125,-0.7324,-2.0142
0.1018,-0.0463,1.0026,-8.7280,1.4648,-2.0142
0.1031,-0.0284,1.0044,-3.2959,2.3804,-1.7700
0.1041,-0.0448,1.0155,4.7607,0.7324,-1.1597
0.0972,-0.0427,1.0098,-2.5024,0.9766,0.0610
0.0831,-0.0146,1.0308,4.0283,0.4272,-1.4648
0.1124,-0.0619,1.0029,8.8501,-0.7324,-1.1597
0.1095,-0.0422,0.9995,3.2959,1.8921,-0.1831
0.1022,-0.0259,1.0098,4.5776,4.0283,-0.8545
0.0867,-0.0205,1.0250,7.0801,1.7700,-0.4883
0.0848,-0.0345,1.0098,8.7891,-0.4272,0.4272
0.0991,-0.0460,1.0210,10.7422,-3.3569,-1.4038
0.1340,-0.0704,0.9983,5.0049,-0.1221,-0.2441
0.0906,-0.0264,1.0112,9.0332,3.9673,0.4883
0.0886,-0.0394,0.9954,8.8501,5.4321,0.3052
0.0925,-0.0614,0.9836,17.2729,8.4839,1.5869
0.0999,-0.0568,1.0110,20.4468,11.2305,2.2583
0.0963,-0.0490,1.0239,18.1885,13.6108,2.5635
0.1104,-0.0857,0.9969,17.0898,14.2212,3.1738
0.1224,-0.0825,1.0005,18.0054,14.9536,1.4038
0.1165,-0.0670,1.0242,15.0757,12.9395,1.9531
0.1090,-0.0626,1.0013,19.2261,15.7471,1.3428
0.1353,-0.1019,0.9924,24.4141,18.4937,1.4648
0.1348,-0.1038,0.9994,23.3765,21.1792,0.7935
0.1669,-0.1105,1.0140,21.3013,23.6816,-2.0142
0.1658,-0.1074,1.0197,13.0005,18.6157,-1.4038
0.1639,-0.1217,1.0054,8.8501,12.8784,-0.9766
0.1713,-0.1174,1.0065,13.5498,10.8643,-1.3428
0.1759,-0.1216,1.0004,17.2119,8.1177,-0.4883
0.1731,-0.1340,0.9940,19.1040,7.8735,0.8545
0.1890,-0.1462,0.9929,18.3716,8.4229,2.3804
0.1921,-0.1567,0.9971,17.2119,6.5308,1.3428
0.1794,-0.1478,1.0007,6.6528,3.3569,0.2441
0.1869,-0.1499,1.0045,5.0049,-0.1221,-1.2817
0.1842,-0.1410,1.0048,1.8311,-3.8452,-0.1831
0.1724,-0.1299,1.0004,1.5869,-5.9204,0.2441
0.1840,-0.1393,1.0026,4.0894,-6.2866,-1.5259
0.1659,-0.1425,1.0005,4.2114,-8.9722,-0.5493
0.1566,-0.1558,0.9764,2.5635,-6.4087,0.9766
0.1554,-0.1436,0.9982,5.7983,-5.3101,-1.0986
0.1454,-0.1356,0.9935,6.5308,-4.6997,-1.7700
0.1541,-0.1433,1.0072,19.0430,-2.5635,-3.0518
0.1512,-0.1478,0.9950,21.0571,-5.7373,-1.7090
0.1349,-0.1473,1.0212,35.2173,-6.5918,-3.0518
0.1403,-0.2122,0.9641,41.9312,-5.6763,-6.1035
0.1307,-0.2108,0.9929,35.8887,-3.9673,-3.8452
FIN_VENTANA
INICIO_VENTANA reposo
0.2885,-0.2911,0.9419,27.8320,15.4419,-1.5259
0.2854,-0.2910,0.9299,31.0059,14.4653,-3.4790
0.2971,-0.3164,0.9258,25.0854,10.8643,-1.7700
0.3063,-0.3309,0.9303,29.0527,9.3384,-2.1973
0.3053,-0.3313,0.9056,37.7197,9.8267,-5.4932
0.2990,-0.3436,0.9343,62.6831,7.3242,-9.0942
0.2408,-0.3914,0.8711,86.6089,8.4839,-11.8408
0.3020,-0.4670,0.8684,58.5938,9.6436,-6.1646
0.3181,-0.4471,0.8477,32.7759,14.0381,-3.2959
0.3167,-0.4802,0.8690,39.1846,7.5684,-5.4321
0.3085,-0.4850,0.8474,33.2031,5.7983,-3.1738
0.3130,-0.5028,0.8406,32.3486,4.5166,-3.9673
0.3146,-0.5182,0.8208,17.3340,2.4414,-3.4180
0.3058,-0.5022,0.8479,14.1602,1.4648,-2.8076
0.3160,-0.5303,0.8218,34.8511,3.1128,-5.6152
0.3082,-0.5428,0.8060,31.3721,3.5400,-6.0425
0.2947,-0.5411,0.8099,13.1226,3.8452,-3.2959
0.3145,-0.5494,0.8065,14.0991,5.6152,-3.8452
0.3007,-0.5508,0.7999,-7.9956,3.7231,-0.2441
0.3086,-0.5494,0.8284,-23.0103,1.7090,0.2441
0.2950,-0.4919,0.8192,-17.2119,-2.6855,-1.2817
0.3063,-0.4890,0.8535,-30.7007,-0.2441,4.0283
0.3104,-0.4988,0.8478,-28.5645,-0.7935,1.5259
0.2822,-0.4615,0.8644,-32.4097,0.0000,2.5635
0.2954,-0.4644,0.8691,-25.0854,0.0000,2.9297
0.2943,-0.4409,0.8639,-23.4375,3.4180,2.6245
0.2950,-0.3940,0.8744,-27.0996,6.1646,3.1738
0.2980,-0.4153,0.8654,-11.2915,7.5684,0.9766
0.3132,-0.3925,0.8965,-20.9351,10.4370,2.6245
0.3160,-0.3805,0.8995,-17.8833,9.2163,2.0752
0.3406,-0.3743,0.9053,-24.3530,8.5449,3.1128
0.3179,-0.3690,0.9121,-27.5879,6.7139,1.9531
0.3167,-0.3124,0.9246,-40.5273,5.8594,3.7231
0.3149,-0.3019,0.9222,-30.5786,2.0752,3.9673
0.3188,-0.3005,0.9198,-22.8271,2.1973,2.5024
0.3175,-0.2750,0.9203,-11.3525,1.0986,-0.3662
0.3185,-0.2828,0.9154,-9.6436,2.7466,-1.1597
0.3241,-0.2611,0.9390,-19.8364,3.9673,0.5493
0.3192,-0.2540,0.9296,-33.9355,4.5776,3.1128
0.3179,-0.2147,0.9392,-35.0952,3.4790,1.8311
0.3145,-0.1935,0.9374,-25.8179,2.2583,-0.1221
0.3441,-0.1891,0.9413,-17.5171,2.5024,0.4272
0.3187,-0.1554,0.9500,-9.3384,1.3428,0.3662
0.3040,-0.1586,0.9484,4.6997,-0.3662,-1.2207
0.3031,-0.1569,0.9572,28.8086,-1.6479,-5.0049
0.3293,-0.2380,0.9153,37.6587,-1.0376,-7.8125
0.3173,-0.2101,0.9480,3.4180,9.5825,-4.1504
0.3124,-0.1667,0.9656,-24.1089,8.9722,-1.4038
0.3236,-0.1803,0.9545,-29.5410,4.1504,-1.5869
0.3048,-0.1512,0.9481,-39.4287,3.8452,0.9155
0.2211,-0.0563,0.8383,-24.9023,4.2725,-0.6104
0.3517,-0.1356,0.8966,144.8364,-5.7983,-38.2080
0.2834,-0.3821,0.9707,175.7202,-22.0337,-46.3867
0.2827,-0.4545,0.9172,107.7271,-13.6108,-32.2266
0.2719,-0.4001,0.8983,13.9771,-1.2817,-9.6436
0.2859,-0.3813,0.9095,2.5635,-4.2725,-4.9438
0.2526,-0.4005,0.9109,7.6904,-8.7891,-3.9673
0.2620,-0.4193,0.8765,2.9907,-9.2773,-2.9907
0.2616,-0.3895,0.9282,-4.1504,-7.3853,-3.1738
0.2454,-0.3839,0.9138,-11.3525,-9.8267,-2.3804
0.2426,-0.3608,0.9258,0.6104,-5.1270,-8.0566
0.2201,-0.3955,0.8984,18.7988,-1.0986,-13.3667
0.2360,-0.3821,0.9177,18.1885,3.2959,-15.3198
0.2061,-0.3762,0.9039,50.6592,7.7515,-30.2124
0.2042,-0.4204,0.8156,120.8496,14.8315,-43.2739
0.2061,-0.5736,0.8812,127.9907,3.9062,-34.9731
0.2148,-0.5568,0.8380,45.9595,9.5215,-6.5308
0.2198,-0.5840,0.8103,30.8838,8.8501,-2.1973
0.2157,-0.6023,0.8114,29.5410,12.0850,-1.9531
0.2319,-0.6208,0.7933,30.4565,9.5215,-2.9907
0.2189,-0.6145,0.7612,34.1187,9.2163,-4.2725
0.2288,-0.6249,0.7932,22.0337,6.5918,-3.8452
0.2278,-0.6312,0.7809,8.5449,4.6997,-3.1738
0.2186,-0.6342,0.7773,9.7656,5.7983,-2.8076
0.2261,-0.6328,0.7767,4.8828,4.4556,-2.2583
0.2286,-0.6311,0.7719,4.8218,2.8076,-1.5259
0.2252,-0.6328,0.7825,3.1128,1.5869,0.0610
0.2216,-0.6399,0.7782,4.6997,0.9766,-1.7700
0.2169,-0.6313,0.7791,8.5449,0.3662,-1.4648
0.2166,-0.6206,0.7781,7.8735,2.9297,-2.2583
0.2302,-0.6200,0.8038,20.6299,7.0190,-3.4790
0.2378,-0.6687,0.7942,82.9468,19.7144,-13.8550
0.2296,-0.7067,0.6978,97.9614,30.8228,-18.1274
0.2361,-0.7845,0.6506,98.8770,27.3438,-18.4326
0.2296,-0.8247,0.6010,44.4946,15.8081,-8.7891
0.2314,-0.7756,0.6633,1.4038,8.0566,-2.3193
0.2365,-0.7728,0.6566,4.3335,-0.7935,0.1221
0.2396,-0.7543,0.6576,5.9204,-8.1177,3.9673
0.2145,-0.7736,0.6349,2.3804,-6.7139,2.1973
0.2229,-0.7756,0.6497,2.8076,-2.9907,-0.9155
0.2284,-0.7535,0.6466,-0.3662,-1.0986,-0.8545
0.2231,-0.8513,0.6700,16.6626,0.0610,-0.4272
0.2139,-0.7616,0.6302,2.8687,3.8452,2.8687
0.2120,-0.7642,0.6716,5.6152,10.4980,2.1973
0.2410,-0.7561,0.6653,12.8784,3.8452,1.4038
0.1785,-0.5464,0.6437,12.6953,-5.1880,5.0049
0.2200,-0.7882,0.6412,2.8076,-4.8218,-0.4272
0.2146,-0.7704,0.6287,-1.1597,0.0610,-4.4556
0.2205,-0.7677,0.6544,-1.2207,7.0190,-3.2349
0.2451,-0.7682,0.6737,-2.8687,3.9673,-1.7090
FIN_VENTANA
INICIO_VENTANA reposo
0.1848,-0.6501,0.7729,-18.7988,3.4180,-2.8076
0.1970,-0.6030,0.7877,-1.2207,9.2163,-0.8545
0.2175,-0.6228,0.8153,5.7983,2.3193,1.9531
0.2013,-0.6516,0.8031,-3.1738,-9.7046,2.8687
0.1519,-0.5961,0.8195,-22.0337,-5.7983,0.3052
0.1844,-0.5972,0.7822,-10.6812,0.7324,-3.9062
0.1844,-0.5884,0.8342,-3.9062,1.5259,-4.6997
0.1898,-0.5742,0.8218,-3.7842,-5.7373,-2.5635
0.1785,-0.5930,0.8359,-27.8320,-4.6997,3.0518
0.1704,-0.5614,0.8395,-29.9072,-5.7373,4.5776
0.1812,-0.5416,0.8435,-21.2402,-7.6294,1.9531
0.1558,-0.5474,0.8589,-6.2256,-8.5449,-0.9766
0.1569,-0.5144,0.8494,-7.3242,-6.1646,2.3804
0.1770,-0.5427,0.8693,-11.4746,0.1221,2.1973
0.1608,-0.4929,0.8894,-24.6582,-0.9155,1.5869
0.1464,-0.4717,0.8756,-15.3809,-2.0752,1.5259
0.1492,-0.4927,0.8999,0.3052,0.1831,-1.0376
0.1598,-0.4832,0.9006,-15.8691,2.9297,4.1504
0.1562,-0.4613,0.8892,-27.7100,3.9062,8.6670
0.1523,-0.4998,0.9486,-72.4487,7.7515,17.9443
0.1710,-0.3730,0.9323,-52.7344,2.0752,17.1509
0.1675,-0.4230,0.9753,-18.2495,-7.1411,8.6060
0.1600,-0.3213,0.9525,-38.7573,-5.9814,11.7187
0.1576,-0.3357,0.9467,-30.9448,-7.6904,7.8125
0.1545,-0.2744,0.9370,-44.3726,-2.7466,8.5449
0.1483,-0.2864,0.9233,-34.1187,0.9155,4.8828
0.1625,-0.2478,0.9530,-19.2261,3.6011,1.6479
0.1561,-0.2721,0.9662,6.0425,-2.1973,-1.8921
0.1490,-0.2782,0.9784,1.0376,-0.4883,-2.3193
0.1619,-0.2671,1.0067,-17.7002,-0.3052,0.4883
0.1517,-0.2626,0.9755,-27.4048,-1.4648,3.0518
0.1359,-0.2000,1.0017,-8.5449,-4.4556,-1.2207
0.1322,-0.2159,0.9841,-1.1597,-3.2349,-2.2583
0.1436,-0.2025,1.0018,-4.1504,-2.8687,-0.5493
0.1356,-0.2113,1.0013,-19.1650,-0.4883,2.8687
0.1372,-0.1812,0.9838,-39.6729,6.0425,3.0518
0.1235,-0.1481,0.9274,-35.5225,9.2163,3.2959
0.1461,-0.1445,1.0126,-16.8457,8.3618,0.6104
0.1444,-0.1389,0.9862,-9.8267,5.3101,-0.2441
0.1353,-0.1136,0.9938,-7.9346,5.1270,-0.3662
0.1421,-0.1216,1.0039,4.1504,5.1880,-1.0376
0.1495,-0.1202,1.0073,5.1270,3.6621,-2.1362
0.1565,-0.1263,1.0009,6.7139,0.2441,-2.2583
0.1691,-0.1316,1.0026,11.7798,-1.4648,0.1831
0.1421,-0.1351,0.9989,-0.4272,0.7935,-0.4272
0.1494,-0.1201,1.0062,-8.4229,0.9155,-2.3804
0.1355,-0.1001,1.0100,-5.9814,-5.8594,-3.0518
0.1095,-0.0842,1.0006,-2.6855,-4.2114,-1.5869
0.1294,-0.0885,1.0250,-0.9155,3.0518,3.7842
0.1359,-0.0844,1.0101,-1.7090,4.0283,6.6528
0.1282,-0.1016,0.9977,5.3711,2.5635,3.6621
0.1259,-0.0880,1.0027,5.6152,4.1504,0.9766
0.1163,-0.0820,1.0121,7.1411,6.7139,-0.4883
0.1305,-0.0778,1.0183,6.9580,7.1411,0.3052
0.1356,-0.0817,1.0200,3.9062,5.8594,2.8076
0.1393,-0.0909,1.0038,7.5073,5.4932,3.3569
0.1390,-0.0913,1.0061,8.6670,1.4648,-0.0610
0.1410,-0.0892,1.0092,2.7466,0.3052,1.5259
0.1412,-0.0854,1.0132,3.7231,-1.8921,1.5869
0.1277,-0.0844,1.0056,6.2256,0.7935,0.1831
0.1288,-0.0796,1.0070,7.3242,2.0752,0.7935
0.1229,-0.0822,1.0126,12.3291,1.4648,0.5493
0.1079,-0.0833,1.0067,10.1318,0.8545,3.7842
0.1453,-0.0906,1.0078,9.1553,-0.4883,4.3945
0.1185,-0.1022,0.9932,7.6904,0.8545,3.1128
0.1238,-0.0796,1.0135,5.6763,3.2959,2.4414
0.1267,-0.0979,1.0149,13.0005,0.4883,3.6621
0.1226,-0.1110,0.9690,7.5684,4.0894,3.4180
0.1105,-0.0551,1.0320,14.7705,-0.8545,-0.1831
0.0955,-0.1770,1.0490,-30.7007,5.6763,-3.7231
0.1115,0.0073,1.0681,-28.0762,11.1084,7.6294
0.1332,-0.0109,1.1158,7.1411,10.8643,3.2959
0.1046,0.0280,1.0092,42.6636,29.2358,-2.9297
0.1292,-0.0520,0.9691,9.3384,16.4795,-17.7002
0.1464,-0.0659,1.0045,4.3945,13.5498,-18.2495
0.1492,-0.0643,0.9376,5.4932,11.7187,-21.2402
0.1444,-0.0203,0.9397,-6.5918,3.1738,-24.9634
0.1627,-0.1166,0.9504,4.8218,-0.1831,-25.7568
0.1447,-0.0197,0.9558,-18.9819,-4.9438,-22.0337
0.1508,-0.0525,0.9410,-31.6162,-6.1035,-30.8228
0.1134,-0.0426,0.8091,-35.4614,-13.0005,-29.4800
0.1461,0.0087,1.0199,-48.2178,-28.5034,-29.4189
0.1113,-0.0129,0.9207,-1.2817,-23.8037,-36.9873
0.0664,-0.0692,0.8734,14.2822,-32.3486,-40.1001
0.0769,-0.1057,0.9532,-9.9487,-40.5884,-23.3154
0.0896,-0.0258,1.0710,-20.3247,-40.5273,-14.9536
0.0421,0.0066,1.0453,-11.9629,-22.2778,-16.1133
0.0140,-0.1011,0.9792,-24.9634,-15.1978,-17.5781
-0.0815,0.0897,1.0238,5.9204,-22.5830,-4.1504
0.0040,-0.0032,1.1202,-15.5029,-28.9307,-14.6484
-0.0345,0.0729,1.0479,10.6201,-12.3901,-5.1880
-0.0394,0.0792,1.1233,6.0425,-13.3057,-11.4136
-0.0476,0.0920,1.1035,-1.4648,-7.5684,-12.0239
-0.0458,0.0276,0.9958,9.9487,-6.0425,-15.3198
-0.0162,-0.0444,1.0247,-11.7798,-10.8643,-13.0615
-0.0320,0.0336,0.9761,0.0000,-8.3008,-4.9438
-0.0298,-0.0023,1.1635,11.2305,-9.8267,-0.2441
-0.0913,0.2478,1.0715,19.6533,0.3052,-1.5259
-0.0853,0.0880,1.0195,-10.6812,-12.3901,-17.9443
-0.0437,-0.1265,1.0132,-43.9453,-13.6108,-16.3574
FIN_VENTANA
INICIO_VENTANA reposo
-0.0219,-0.9521,0.3782,1.4648,2.0752,-0.2441
-0.0190,-0.9709,0.3662,17.8833,3.7231,-2.3804
-0.0295,-0.9832,0.3590,30.0293,5.0659,-3.7231
-0.0267,-0.9858,0.3204,23.1934,3.9673,-3.3569
-0.0261,-0.9884,0.3170,15.4419,3.2959,-2.3193
-0.0262,-0.9929,0.3242,7.5684,3.1128,-0.9155
-0.0266,-0.9882,0.3243,1.0376,2.5635,0.1831
-0.0256,-0.9812,0.3350,0.1831,2.5024,0.3662
-0.0249,-0.9760,0.3303,5.4932,2.9297,-0.2441
-0.0267,-0.9846,0.3416,11.8408,3.5400,-1.3428
-0.0250,-0.9814,0.3220,16.6016,3.7231,-2.0142
-0.0248,-0.9825,0.3124,17.4561,3.9062,-2.3804
-0.0304,-1.0001,0.3096,14.3433,3.5400,-1.8311
-0.0287,-0.9941,0.3066,9.0332,3.2959,-1.0376
-0.0286,-0.9971,0.3044,6.7749,2.9907,-0.6714
-0.0273,-0.9901,0.3035,4.6387,2.9907,-0.2441
-0.0276,-0.9873,0.3138,6.9580,3.2349,-0.6104
-0.0253,-0.9858,0.3123,8.3008,3.2349,-0.9766
-0.0302,-0.9865,0.3099,12.0850,3.3569,-1.5259
-0.0281,-0.9928,0.3041,13.3057,3.5400,-1.7090
-0.0302,-0.9976,0.2998,12.5122,3.4790,-1.5259
-0.0292,-0.9949,0.2905,10.3149,3.2959,-1.0986
-0.0300,-0.9940,0.2922,8.3008,3.2959,-0.6714
-0.0287,-0.9954,0.2904,7.0190,3.1738,-0.4272
-0.0297,-0.9935,0.2970,6.6528,2.9297,-0.6104
-0.0303,-0.9960,0.2996,7.6294,3.1128,-0.8545
-0.0311,-0.9940,0.2867,9.9487,3.4180,-1.2207
-0.0300,-0.9983,0.2885,10.6201,3.4180,-1.2207
-0.0320,-0.9974,0.2902,10.1929,3.2959,-1.1597
-0.0299,-0.9968,0.2794,10.0098,3.4790,-1.0376
-0.0322,-0.9998,0.2815,8.8501,3.2349,-0.7324
-0.0300,-1.0006,0.2773,8.7891,3.4180,-0.6714
-0.0321,-0.9998,0.2817,7.9346,3.1738,-0.9155
-0.0305,-0.9980,0.2792,7.9346,3.1738,-0.6714
-0.0310,-0.9987,0.2780,9.2163,3.4790,-0.7935
-0.0330,-0.9989,0.2787,9.0332,3.2349,-0.8545
-0.0319,-1.0007,0.2758,8.9722,3.2349,-0.8545
-0.0327,-0.9999,0.2719,8.5449,3.1128,-1.0376
-0.0315,-1.0005,0.2712,8.9111,3.3569,-0.8545
-0.0325,-1.0013,0.2732,8.4839,3.1128,-0.8545
-0.0336,-1.0006,0.2727,7.6294,3.0518,-0.7324
-0.0320,-1.0022,0.2693,8.3008,3.2959,-0.6104
-0.0339,-1.0005,0.2666,7.3853,3.1738,-0.5493
-0.0319,-1.0010,0.2704,8.2397,3.1738,-0.8545
-0.0331,-0.9999,0.2662,8.1177,3.0518,-0.7324
-0.0306,-1.0009,0.2621,9.6436,3.4790,-0.6714
-0.0337,-1.0007,0.2626,8.2397,3.1738,-0.9766
-0.0297,-0.9995,0.2588,7.0190,3.0518,-0.9155
-0.0341,-1.0024,0.2677,7.3853,3.1128,-0.6104
-0.0326,-1.0004,0.2599,7.0190,3.1128,-0.8545
-0.0328,-1.0011,0.2616,7.5684,3.1128,-0.7324
-0.0349,-1.0012,0.2688,7.1411,2.8687,-0.7935
-0.0178,-0.9921,0.2684,7.3242,2.9297,-0.6104
-0.0349,-1.0049,0.2561,20.3247,5.4321,2.9297
-0.0237,-1.0343,0.2327,6.7139,3.4180,1.0986
0.0059,-0.9468,0.3096,-3.4790,-9.7046,5.4932
-0.0789,-1.0388,0.2540,24.4751,6.4697,12.1460
-0.0305,-1.0209,0.2208,-24.4751,5.3101,-1.0376
-0.0260,-0.9672,0.2849,33.2642,5.4932,-1.1597
-0.0206,-0.9712,0.2703,69.3359,8.6060,-1.7700
-0.0660,-1.1527,0.2041,129.2725,24.1699,23.3765
-0.0442,-0.2913,0.1541,-46.3257,13.2446,90.7593
0.1409,-0.9874,0.0873,232.5439,29.4189,43.9453
0.0538,-1.0283,-0.0585,-12.0850,0.4883,-3.0518
0.0500,-1.0344,0.0503,-47.7905,-6.1646,-2.7466
0.0267,-0.9886,0.0618,10.6812,-9.7046,-0.1221
0.0670,-1.0176,0.0537,5.7373,-1.2817,0.3662
0.0363,-1.0339,0.0443,4.6387,-3.9062,1.7090
0.0490,-1.0177,0.2295,3.1128,-11.7798,3.9062
0.0424,-1.0333,-0.0223,9.9487,-51.6968,4.2114
0.0273,-1.0223,0.1444,6.3477,-27.3438,2.0142
0.0530,-1.0181,0.1064,5.2490,-12.5732,1.5869
0.0560,-1.0175,0.0532,1.8311,-6.8970,1.5869
0.0555,-1.0188,0.1196,8.4839,-11.2305,-1.4038
0.0454,-1.0345,0.0914,9.5215,-5.2490,-2.1362
0.0706,-1.0204,-0.0021,10.9253,1.8921,-2.9297
0.0392,-1.0387,0.0698,7.5684,6.6528,-1.8921
0.0441,-1.0286,0.0629,5.7983,4.0283,-0.4272
0.0514,-1.0193,0.0670,4.2725,9.3994,-0.3662
0.0406,-1.0321,0.0856,4.3945,5.1270,-0.5493
0.0441,-1.0302,0.0531,3.8452,11.1694,-0.1221
0.0408,-1.0028,0.1901,-20.2637,-2.1973,-0.5493
-0.0999,-0.8589,0.1705,-128.9062,-12.5122,-18.0054
0.0463,-1.0782,0.3687,8.1787,-88.6841,-22.8271
0.0164,-0.9875,0.4752,-0.7324,-19.4092,-24.9023
-0.0120,-0.9647,0.2766,19.2261,28.6865,-25.8789
-0.0377,-1.1141,0.1349,2.6855,48.5229,-26.7334
-0.0126,-1.0449,0.0833,7.8735,50.1709,-5.9814
-0.0133,-1.0250,0.0776,-9.2773,32.1045,-4.3335
-0.0359,-1.0067,0.1047,27.5269,11.9019,-2.1362
-0.0310,-1.0211,0.1730,-7.5684,4.2725,5.4932
-0.0149,-1.0157,0.1686,4.7607,6.6528,-1.3428
-0.0704,-1.0233,0.1484,5.1270,3.7842,-1.5259
-0.0084,-1.0260,0.1488,4.8218,5.9204,-1.4648
-0.0214,-1.0206,0.1450,6.4087,5.8594,-1.0376
-0.0244,-1.0275,0.1528,6.4697,4.7607,-0.7324
-0.0271,-1.0198,0.1471,6.3477,5.0049,-0.7324
-0.0491,-1.0229,0.1348,7.0801,6.7139,-1.5259
-0.0338,-1.0416,0.1323,3.7231,5.4932,-3.2959
-0.0027,-1.0389,0.1484,-6.0425,3.1128,-7.3853
FIN_VENTANA
INICIO_VENTANA reposo
-0.0343,-1.0244,0.1584,4.9438,2.8076,-0.5493
-0.0343,-1.0199,0.1564,4.6997,2.9907,-0.1831
-0.0342,-1.0210,0.1586,5.0659,3.0518,-0.4883
-0.0400,-1.0167,0.1614,5.3101,2.6245,-0.9155
-0.0419,-0.9988,0.1676,23.6816,7.5684,3.3569
-0.0072,-1.0747,0.1149,24.7803,8.2397,3.9673
-0.0344,-1.0400,0.1422,-28.4424,-3.2349,-4.3335
-0.0375,-1.0282,0.1704,-25.9399,-6.7749,-9.8267
-0.0527,-0.9156,0.2445,2.3804,1.1597,-6.0425
-0.0173,-1.0022,0.1605,84.1675,15.2588,5.9814
-0.0624,-1.0905,0.0884,-40.9546,7.0190,11.5967
-0.0238,-1.0354,0.1735,-41.1987,-3.1738,1.5869
-0.0502,-1.0018,0.2269,-14.9536,-2.3193,-7.9956
-0.0349,-0.9496,0.2267,55.7251,9.0332,-3.4180
-0.0470,-1.2426,0.0638,90.0879,15.1367,2.6855
-0.0317,-1.0804,0.1189,-18.3716,1.3428,0.1221
-0.0427,-1.0220,0.1699,-22.8882,-1.6479,-2.1973
-0.0261,-0.9656,0.2045,-3.5400,1.9531,-2.9907
-0.0222,-1.0555,0.1415,45.2881,9.5215,3.6621
-0.0275,-1.0476,0.1392,9.2773,2.0752,-3.3569
-0.0305,-1.0138,0.1517,-6.5308,1.6479,-4.5166
-0.0476,-0.9969,0.1678,2.0142,2.5635,0.0610
-0.0232,-1.0365,0.1471,12.3291,6.0425,2.5024
-0.0352,-1.0220,0.1653,-2.6245,0.9155,-1.8311
-0.0380,-1.0132,0.1649,5.1270,2.2583,-2.3193
-0.0398,-1.0128,0.1598,17.5781,4.8218,-0.5493
-0.0317,-1.0465,0.1328,14.6484,4.6387,0.1831
-0.0382,-1.0161,0.1564,-1.8921,1.4648,-1.3428
-0.0391,-1.0159,0.1616,2.7466,2.7466,0.0610
-0.0344,-1.0237,0.1572,9.0942,4.0283,0.7935
-0.0345,-1.0266,0.1538,6.2256,2.6245,-1.1597
-0.0380,-1.0160,0.1562,6.7139,2.7466,-1.5869
-0.0355,-1.0231,0.1472,11.0474,3.7842,-0.3052
-0.0352,-1.0322,0.1475,5.6152,3.1128,-0.2441
-0.0367,-1.0210,0.1578,1.4038,2.0752,-0.7935
-0.0382,-1.0193,0.1572,4.8828,2.8687,-0.4272
-0.0344,-1.0270,0.1553,8.6060,3.3569,-0.6714
-0.0352,-1.0208,0.1521,7.0801,2.8687,-1.2207
-0.0354,-1.0181,0.1492,6.8359,2.8687,-0.9766
-0.0383,-1.0270,0.1498,7.6904,3.4180,-0.1221
-0.0354,-1.0208,0.1517,3.7842,2.6245,-0.3662
-0.0376,-1.0221,0.1569,5.8594,2.9907,-0.5493
-0.0366,-1.0215,0.1531,7.8125,3.1128,-0.7324
-0.0358,-1.0242,0.1487,8.7891,3.2959,-0.6104
-0.0376,-1.0228,0.1525,5.3711,2.8076,-0.6714
-0.0363,-1.0201,0.1490,5.3101,2.9907,-0.2441
-0.0348,-1.0247,0.1523,5.7373,3.2349,-0.3052
-0.0359,-1.0206,0.1534,6.6528,3.1738,-0.6714
-0.0354,-1.0200,0.1501,7.5684,3.2349,-0.7324
-0.0365,-1.0240,0.1488,7.3853,3.2959,-0.5493
-0.0347,-1.0242,0.1478,5.3711,2.9907,-0.4272
-0.0359,-1.0212,0.1515,4.8218,2.8687,-0.4272
-0.0349,-1.0219,0.1528,6.0425,2.9907,-0.4883
-0.0369,-1.0222,0.1489,7.8735,3.4180,-0.5493
-0.0330,-1.0192,0.1422,6.9580,3.1128,-0.6104
-0.0382,-1.0244,0.1553,5.9204,3.1128,-0.4883
-0.0332,-1.0203,0.1459,5.7373,3.2349,-0.3052
-0.0377,-1.0229,0.1523,5.3101,2.9907,-0.6714
-0.0356,-1.0226,0.1494,6.7749,3.1128,-0.6714
-0.0371,-1.0245,0.1489,7.4463,3.1128,-0.6714
-0.0356,-1.0229,0.1467,6.1035,3.0518,-0.5493
-0.0366,-1.0227,0.1503,4.7607,2.8687,-0.3662
-0.0363,-1.0210,0.1495,5.6152,3.0518,-0.3662
-0.0371,-1.0248,0.1541,7.2632,3.1128,-0.8545
-0.0361,-1.0206,0.1473,7.0801,2.9907,-0.6104
-0.0361,-1.0243,0.1470,6.3477,2.9907,-0.5493
-0.0353,-1.0183,0.1473,4.3945,2.6855,-0.4883
-0.0367,-1.0243,0.1519,5.4932,3.0518,-0.4883
-0.0359,-1.0189,0.1465,6.5918,3.1738,-0.4883
-0.0356,-1.0206,0.1479,7.2021,3.1128,-0.5493
-0.0365,-1.0238,0.1484,6.5918,2.9297,-0.6714
-0.0358,-1.0240,0.1481,6.4697,3.0518,-0.4272
-0.0372,-1.0216,0.1481,6.4697,3.1128,-0.6104
-0.0352,-1.0194,0.1449,6.9580,2.8687,-0.7324
-0.0361,-1.0286,0.1447,5.7373,2.8687,-0.3662
-0.0354,-1.0204,0.1455,4.7607,3.0518,-0.6714
-0.0371,-1.0251,0.1470,5.6763,3.0518,-0.4883
-0.0386,-1.0200,0.1543,6.2866,2.9297,-0.7935
-0.0355,-1.0249,0.1385,7.8125,3.2349,-0.5493
-0.0371,-1.0256,0.1465,6.2866,2.9297,-0.6104
-0.0380,-1.0237,0.1433,5.8594,3.1738,-0.4883
-0.0383,-1.0247,0.1487,5.7983,2.9907,-0.6104
-0.0361,-1.0219,0.1511,6.0425,2.8687,-0.7935
-0.0344,-1.0233,0.1429,8.6670,3.2349,-0.6714
-0.0364,-1.0226,0.1437,6.2866,3.0518,-0.6104
-0.0388,-1.0250,0.1460,4.2725,2.8076,-0.4272
-0.0371,-1.0232,0.1497,3.7842,2.8076,-0.3052
-0.0372,-1.0244,0.1501,5.6152,2.9297,-0.5493
-0.0369,-1.0223,0.1467,7.8125,3.2959,-0.9155
-0.0376,-1.0231,0.1460,8.3618,3.1128,-0.9155
-0.0374,-1.0259,0.1437,6.6528,3.0518,-0.6104
-0.0376,-1.0232,0.1442,4.7607,2.8687,-0.3662
-0.0372,-1.0228,0.1464,4.3945,2.9297,-0.3052
-0.0360,-1.0216,0.1464,5.6152,2.8687,-0.6104
-0.0365,-1.0229,0.1462,7.5073,3.1738,-0.7324
-0.0372,-1.0248,0.1443,8.3008,3.2349,-0.7324
-0.0372,-1.0245,0.1425,6.7139,3.0518,-0.5493
-0.0359,-1.0236,0.1415,5.1880,2.9907,-0.3662
-0.0391,-1.0248,0.1484,4.7607,2.9297,-0.4272
-0.0363,-1.0201,0.1445,5.7983,2.9907,-0.4272
FIN_VENTANA
INICIO_VENTANA reposo
-0.0353,-1.0253,0.1454,5.3711,2.8687,-0.6714
-0.0356,-1.0220,0.1488,7.3242,3.1128,-0.6714
-0.0377,-1.0229,0.1443,6.7749,2.8687,-0.7935
-0.0372,-1.0272,0.1411,6.6528,2.9907,-0.6714
-0.0380,-1.0236,0.1434,5.6763,2.8687,-0.4272
-0.0369,-1.0234,0.1421,6.1035,2.9907,-0.4883
-0.0360,-1.0199,0.1407,6.7749,3.0518,-0.6104
-0.0363,-1.0227,0.1373,7.5684,3.2959,-0.6104
-0.0377,-1.0229,0.1418,6.0425,3.0518,-0.5493
-0.0355,-1.0210,0.1425,6.1646,2.9907,-0.4883
-0.0359,-1.0227,0.1406,6.1035,2.9297,-0.3662
-0.0360,-1.0229,0.1431,6.0425,2.9297,-0.4883
-0.0372,-1.0238,0.1410,6.2256,2.9907,-0.5493
-0.0378,-1.0243,0.1421,6.2256,3.0518,-0.6104
-0.0381,-1.0248,0.1410,6.1035,3.0518,-0.6714
-0.0366,-1.0229,0.1412,6.2866,3.1128,-0.6104
-0.0370,-1.0243,0.1405,6.8359,3.0518,-0.6714
-0.0371,-1.0231,0.1404,7.0190,3.1128,-0.6104
-0.0400,-1.0275,0.1404,6.8970,3.1738,-0.5493
-0.0382,-1.0238,0.1420,6.4087,3.0518,-0.3662
-0.0367,-1.0219,0.1405,6.4087,3.1128,-0.4272
-0.0363,-1.0229,0.1404,6.1035,3.0518,-0.4272
-0.0378,-1.0253,0.1418,6.3477,2.9907,-0.5493
-0.0389,-1.0295,0.1444,6.7749,2.9297,-0.4883
-0.0361,-1.0220,0.1415,6.1035,2.9907,-0.6714
-0.0370,-1.0220,0.1398,6.3477,3.1128,-0.7324
-0.0391,-1.0330,0.1396,6.9580,2.9297,-0.4272
-0.0363,-1.0242,0.1416,5.4932,2.8687,-0.4272
-0.0377,-1.0212,0.1411,6.3477,3.0518,-0.5493
-0.0360,-1.0249,0.1407,6.1646,3.0518,-0.3662
-0.0370,-1.0237,0.1403,5.9204,3.2349,-0.3662
-0.0371,-1.0251,0.1404,6.3477,3.1738,-0.6104
-0.0361,-1.0244,0.1426,5.9814,3.1738,-0.4272
-0.0359,-1.0208,0.1381,6.0425,2.9907,-0.4272
-0.0366,-1.0360,0.1324,7.8125,3.4180,-0.4272
-0.0352,-1.0172,0.1482,3.9062,2.5024,-0.3662
-0.0371,-1.0221,0.1429,7.5684,3.1128,-0.7935
-0.0393,-1.0237,0.1432,5.0659,2.8687,-0.6714
-0.0356,-1.0248,0.1409,6.2256,2.9907,-0.4272
-0.0377,-1.0251,0.1401,6.2866,2.9907,-0.4883
-0.0376,-1.0233,0.1423,5.6763,2.8076,-0.3662
-0.0377,-1.0250,0.1396,6.0425,2.8687,-0.7324
-0.0404,-1.0295,0.1459,5.9814,2.8687,-0.7324
-0.0385,-1.0277,0.1429,5.0659,2.8076,-0.5493
-0.0378,-1.0275,0.1368,5.9204,3.0518,-0.6714
-0.0392,-1.0236,0.1431,5.5542,2.9297,-0.6104
-0.0372,-1.0249,0.1395,5.6763,2.9907,-0.4883
-0.0388,-1.0286,0.1400,6.1035,3.0518,-0.4883
-0.0364,-1.0225,0.1394,6.0425,3.0518,-0.6104
-0.0370,-1.0234,0.1393,6.0425,2.9907,-0.4883
-0.0359,-1.0247,0.1361,6.7139,3.0518,-0.6714
-0.0363,-1.0271,0.1398,6.1646,2.9297,-0.6104
-0.0367,-1.0227,0.1385,6.1646,2.8076,-0.6714
-0.0370,-1.0297,0.1384,6.7139,3.1128,-0.4883
-0.0355,-1.0231,0.1399,6.4087,2.9297,-0.5493
-0.0364,-1.0201,0.1392,5.8594,2.8687,-0.7324
-0.0367,-1.0284,0.1415,5.6152,2.9297,-0.4272
-0.0377,-1.0233,0.1392,6.1646,2.9907,-0.6104
-0.0366,-1.0236,0.1420,5.7983,2.9907,-0.2441
-0.0370,-1.0229,0.1405,6.0425,2.8687,-0.6104
-0.0369,-1.0208,0.1412,6.1035,2.9907,-0.5493
-0.0360,-1.0236,0.1456,4.9438,3.0518,-0.0610
-0.0354,-1.0221,0.1361,7.4463,3.1128,-0.9155
-0.0374,-1.0261,0.1404,5.7983,2.8687,-0.4883
-0.0359,-1.0222,0.1371,6.3477,2.9297,-0.6714
-0.0364,-1.0251,0.1387,6.1646,3.1128,-0.6104
-0.0367,-1.0227,0.1395,6.1646,2.8076,-0.4883
-0.0358,-1.0197,0.1385,5.9204,3.1128,-0.6714
-0.0376,-1.0233,0.1447,5.9204,2.9297,-0.4883
-0.0364,-1.0248,0.1407,5.9204,3.0518,-0.7935
-0.0371,-1.0247,0.1410,5.9814,2.9907,-0.5493
-0.0378,-1.0214,0.1394,6.2256,3.0518,-0.6104
-0.0383,-1.0272,0.1372,6.1646,3.1128,-0.5493
-0.0383,-1.0264,0.1377,6.2866,3.0518,-0.4883
-0.0382,-1.0243,0.1376,6.2256,3.1738,-0.4883
-0.0371,-1.0349,0.1370,6.3477,2.8076,-0.7324
-0.0381,-1.0288,0.1383,6.2256,3.0518,-0.3662
-0.0375,-1.0197,0.1405,6.1646,2.9297,-0.9155
-0.0360,-1.0272,0.1418,6.2256,3.1128,-0.4883
-0.0381,-1.0237,0.1406,6.1035,2.9907,-0.4883
-0.0369,-1.0240,0.1400,5.9814,2.9907,-0.3662
-0.0376,-1.0245,0.1400,6.1646,3.0518,-0.5493
-0.0367,-1.0237,0.1385,6.0425,3.1738,-0.3662
-0.0375,-1.0256,0.1404,6.2256,3.1128,-0.4272
-0.0367,-1.0261,0.1398,6.1035,2.9297,-0.6714
-0.0370,-1.0243,0.1387,6.1035,2.9907,-0.3662
-0.0365,-1.0244,0.1392,6.2256,3.1128,-0.4883
-0.0376,-1.0240,0.1395,6.1646,3.1738,-0.6714
-0.0360,-1.0247,0.1403,6.0425,2.9907,-0.3662
-0.0374,-1.0231,0.1394,6.1035,2.9297,-0.6714
-0.0371,-1.0250,0.1395,6.1646,3.0518,-0.7324
-0.0383,-1.0172,0.1327,6.5308,2.8076,-0.8545
-0.0371,-1.0249,0.1432,5.8594,2.9907,-0.3662
-0.0393,-1.0254,0.1360,5.7983,2.8076,-0.8545
-0.0377,-1.0215,0.1406,5.6152,2.9907,-0.2441
-0.0363,-1.0220,0.1389,6.0425,2.9907,-0.6714
-0.0376,-1.0269,0.1412,5.9204,3.1738,-0.3052
-0.0363,-1.0234,0.1406,6.1035,2.9297,-0.7935
-0.0375,-1.0220,0.1399,6.1646,3.1128,-0.6104
-0.0398,-1.0311,0.1404,6.1646,2.8687,-0.7324
FIN_VENTANA
INICIO_VENTANA reposo
-0.0372,-1.0234,0.1405,6.0425,2.9907,-0.4883
-0.0381,-1.0249,0.1395,6.2256,2.9297,-0.4272
-0.0363,-1.0238,0.1393,6.1646,3.0518,-0.6714
-0.0367,-1.0238,0.1403,6.0425,3.0518,-0.6104
-0.0366,-1.0242,0.1400,6.1646,3.0518,-0.4272
-0.0369,-1.0255,0.1403,6.0425,3.1738,-0.4883
-0.0360,-1.0238,0.1409,6.2256,2.9907,-0.5493
-0.0370,-1.0244,0.1406,6.1035,3.0518,-0.4272
-0.0365,-1.0232,0.1393,6.1035,3.1128,-0.4883
-0.0366,-1.0236,0.1407,6.1646,3.1128,-0.4272
-0.0359,-1.0248,0.1401,6.1646,3.0518,-0.6104
-0.0382,-1.0225,0.1393,6.1646,3.1128,-0.5493
-0.0363,-1.0254,0.1410,5.6763,3.8452,0.9766
-0.0322,-1.0281,0.1437,6.2256,2.5635,-1.2207
-0.0394,-1.0209,0.1406,5.9204,2.8076,-0.7324
-0.0392,-1.0249,0.1384,6.2866,3.2349,-0.2441
-0.0347,-1.0244,0.1406,6.0425,3.4180,0.1831
-0.0344,-1.0256,0.1417,6.3477,2.9907,-1.3428
-0.0402,-1.0198,0.1373,6.2256,2.6855,-0.3662
-0.0369,-1.0265,0.1385,5.7373,3.4180,0.3662
-0.0344,-1.0267,0.1428,6.3477,3.1128,-0.6104
-0.0389,-1.0247,0.1396,6.3477,2.3804,-1.8921
-0.0385,-1.0212,0.1437,6.1035,3.3569,0.2441
-0.0336,-1.0287,0.1440,5.8594,2.9297,-0.7935
-0.0380,-1.0222,0.1394,6.3477,2.6855,-1.3428
-0.0377,-1.0223,0.1414,6.1646,3.1738,-0.1221
-0.0349,-1.0228,0.1390,5.9204,3.0518,-0.2441
-0.0353,-1.0239,0.1398,6.4697,2.8687,-0.9155
-0.0378,-1.0220,0.1398,6.0425,3.0518,-0.4883
-0.0358,-1.0240,0.1417,5.9204,3.0518,0.0610
-0.0354,-1.0221,0.1404,6.2866,2.7466,-1.0376
-0.0359,-1.0229,0.1395,6.2866,2.8687,-0.7324
-0.0360,-1.0232,0.1404,6.1035,3.0518,-0.2441
-0.0363,-1.0253,0.1396,6.1646,2.8687,-0.5493
-0.0364,-1.0248,0.1401,6.1646,2.9297,-0.6714
-0.0367,-1.0244,0.1396,6.1035,2.9907,-0.4272
-0.0372,-1.0270,0.1398,6.2866,3.0518,-0.4883
-0.0372,-1.0266,0.1411,6.2866,2.9297,-0.7324
-0.0377,-1.0256,0.1389,6.0425,2.9907,-0.5493
-0.0367,-1.0244,0.1399,5.9814,2.9297,-0.3662
-0.0389,-1.0153,0.1362,6.3477,3.2349,0.0610
-0.0294,-1.0319,0.1437,5.3711,4.0894,1.7090
-0.0364,-1.0350,0.1250,8.1787,1.6479,-3.5400
-0.0408,-1.0170,0.1405,5.8594,2.9297,-0.8545
-0.0334,-1.0258,0.1423,6.1035,3.7231,0.2441
-0.0345,-1.0288,0.1405,6.2866,2.7466,-1.2817
-0.0382,-1.0211,0.1433,6.2256,2.9907,-0.9155
-0.0345,-1.0240,0.1412,6.1035,3.4180,0.2441
-0.0349,-1.0245,0.1409,6.3477,3.0518,-0.9766
-0.0389,-1.0229,0.1387,5.9814,2.9297,-0.7324
-0.0366,-1.0242,0.1403,6.1035,3.2959,-0.0610
-0.0343,-1.0200,0.1426,6.1646,3.0518,-0.4272
-0.0359,-1.0181,0.1429,6.0425,2.9297,-0.8545
-0.0375,-1.0214,0.1412,6.2256,3.0518,-0.4272
-0.0344,-1.0286,0.1409,6.2256,2.9907,-0.4883
-0.0372,-1.0232,0.1398,6.1646,3.0518,-0.8545
-0.0355,-1.0146,0.1470,6.1035,3.1738,-0.4272
-0.0344,-1.0210,0.1436,6.1646,2.9297,-0.4883
-0.0375,-1.0228,0.1401,6.0425,2.9907,-0.8545
-0.0364,-1.0221,0.1400,6.0425,2.9297,-0.6104
-0.0367,-1.0319,0.1393,6.2256,2.9297,-0.3662
-0.0359,-1.0277,0.1417,6.2256,2.8687,-0.4883
-0.0367,-1.0249,0.1389,6.2866,2.8076,-0.7324
-0.0349,-1.0286,0.1401,6.1035,3.0518,-0.3662
-0.0372,-1.0236,0.1392,6.1646,2.9297,-0.6714
-0.0358,-1.0248,0.1403,6.1035,3.1128,-0.5493
-0.0361,-1.0247,0.1406,6.0425,3.1128,-0.6104
-0.0349,-1.0258,0.1467,5.9204,2.9907,-0.3662
-0.0364,-1.0217,0.1440,6.1646,2.8687,-0.7324
-0.0344,-1.0211,0.1404,5.9204,3.0518,-0.6714
-0.0380,-1.0278,0.1418,6.0425,3.2349,-0.2441
-0.0343,-1.0182,0.1431,5.9814,2.6855,-0.6714
-0.0360,-1.0208,0.1401,6.1646,3.1738,-0.5493
-0.0353,-1.0247,0.1420,6.1035,3.1738,-0.3662
-0.0359,-1.0222,0.1406,6.4087,2.8076,-0.6714
-0.0365,-1.0258,0.1423,6.0425,2.9297,-0.3662
-0.0358,-1.0227,0.1393,6.0425,3.1128,-0.6104
-0.0349,-1.0228,0.1401,6.0425,2.9297,-0.5493
-0.0385,-1.0270,0.1377,6.2256,2.9297,-0.7935
-0.0354,-1.0219,0.1420,6.1035,3.1738,-0.3662
-0.0374,-1.0209,0.1410,5.9814,2.8687,-0.7324
-0.0361,-1.0264,0.1412,6.2256,3.1128,-0.4883
-0.0365,-1.0238,0.1406,6.0425,3.0518,-0.6714
-0.0367,-1.0261,0.1411,6.0425,3.0518,-0.3662
-0.0364,-1.0228,0.1401,6.1646,2.9297,-0.8545
-0.0364,-1.0244,0.1406,6.0425,2.9907,-0.3052
-0.0354,-1.0240,0.1411,6.1646,3.1128,-0.6104
-0.0353,-1.0171,0.1396,6.1035,2.9297,-0.6714
-0.0348,-1.0214,0.1426,6.2256,3.2959,-0.6104
-0.0376,-1.0245,0.1389,6.0425,2.8687,-0.6104
-0.0372,-1.0242,0.1412,6.2256,3.0518,-0.4883
-0.0315,-1.0363,0.1381,6.1035,3.0518,-0.6104
-0.0356,-1.0167,0.1444,8.4839,2.8687,-1.2207
-0.0377,-1.0220,0.1372,5.6763,4.3335,2.7466
-0.0486,-1.0217,0.1510,7.5073,1.7090,-2.5635
-0.0497,-1.0162,0.1375,6.5918,1.5259,-3.7842
-0.0387,-1.0245,0.1411,5.5542,4.7607,3.1738
-0.0293,-1.0298,0.1454,5.6763,3.0518,0.3052
-0.0387,-1.0236,0.1394,6.5308,1.8311,-3.1128
-0.0391,-1.0179,0.1399,5.9814,3.4790,0.3662
FIN_VENTANA
INICIO_VENTANA reposo
-0.0365,-1.0248,0.1431,5.9204,3.4180,0.2441
-0.0333,-1.0258,0.1410,6.1035,2.9907,-0.7935
-0.0374,-1.0231,0.1400,6.3477,2.8076,-0.9766
-0.0354,-1.0219,0.1401,6.2256,3.0518,-0.2441
-0.0369,-1.0270,0.1416,6.1035,3.1128,-0.4883
-0.0363,-1.0275,0.1432,6.3477,3.0518,-0.7935
-0.0371,-1.0199,0.1376,6.2256,3.0518,-0.3662
-0.0360,-1.0265,0.1392,5.9204,3.1738,-0.4272
-0.0367,-1.0226,0.1399,6.1646,2.8687,-0.6714
-0.0370,-1.0256,0.1385,6.0425,3.1128,-0.6104
-0.0370,-1.0259,0.1394,5.9814,3.0518,-0.3052
-0.0354,-1.0249,0.1403,6.0425,2.9907,-0.5493
-0.0363,-1.0248,0.1406,5.9204,2.8687,-0.4272
-0.0391,-1.0182,0.1388,5.9204,2.9297,-0.3662
-0.0574,-0.9731,0.1727,3.2959,0.0000,-5.3711
-0.0397,-1.0249,0.1279,4.6387,6.5308,5.6763
-0.0503,-1.0424,0.1410,-1.5869,0.8545,2.4414
-0.0424,-1.0583,0.1451,20.3247,2.5024,-6.0425
-0.0394,-1.0157,0.1299,6.9580,2.6245,-2.3193
-0.0067,-1.0446,0.1459,4.6997,5.1270,4.9438
-0.0354,-1.0283,0.1335,8.2397,1.7090,-3.3569
-0.0413,-1.0192,0.1390,5.7983,2.6245,-2.1362
-0.0371,-1.0203,0.1389,5.7373,3.6011,1.3428
-0.0283,-1.0310,0.1455,5.6763,3.4180,0.5493
-0.0371,-1.0210,0.1405,6.1646,2.3804,-1.9531
-0.0378,-1.0205,0.1382,6.0425,3.2349,0.1831
-0.0314,-1.0280,0.1421,5.9204,3.5400,0.6104
-0.0354,-1.0244,0.1400,6.5918,2.6245,-1.7090
-0.0380,-1.0236,0.1362,6.4697,2.8687,-1.0986
-0.0365,-1.0236,0.1393,6.1035,3.4180,0.4272
-0.0330,-1.0276,0.1401,6.2866,3.0518,-0.5493
-0.0371,-1.0228,0.1376,6.2256,2.7466,-1.0376
-0.0352,-1.0227,0.1382,6.2256,3.2349,0.0610
-0.0338,-1.0232,0.1423,6.1646,3.1738,-0.3052
-0.0356,-1.0222,0.1388,6.1035,2.6245,-1.1597
-0.0361,-1.0216,0.1376,6.1646,2.9297,-0.5493
-0.0341,-1.0239,0.1400,6.0425,3.1128,-0.4883
-0.0342,-1.0227,0.1399,5.9814,2.8687,-0.8545
-0.0345,-1.0249,0.1405,6.0425,2.9907,-0.6104
-0.0343,-1.0242,0.1406,6.0425,3.1738,-0.2441
-0.0350,-1.0347,0.1415,6.4697,2.8687,-0.7324
-0.0339,-1.0219,0.1390,6.2256,2.8687,-0.6104
-0.0347,-1.0220,0.1382,6.1035,3.1128,-0.2441
-0.0366,-1.0337,0.1401,6.2866,2.9297,-0.6104
-0.0358,-1.0283,0.1392,6.2866,3.0518,-0.7324
-0.0358,-1.0245,0.1392,6.1646,3.1738,-0.5493
-0.0348,-1.0260,0.1373,6.2256,2.7466,-0.6104
-0.0356,-1.0248,0.1384,6.2866,2.7466,-0.6714
-0.0372,-1.0334,0.1365,6.1646,3.1738,-0.4883
-0.0367,-1.0276,0.1398,6.1035,2.8687,-0.6104
-0.0350,-1.0251,0.1393,6.1646,3.1128,-0.7324
-0.0359,-1.0227,0.1387,6.0425,3.1128,-0.7324
-0.0345,-1.0232,0.1411,6.1035,3.0518,-0.4883
-0.0345,-1.0215,0.1421,5.9814,2.9907,-0.3052
-0.0343,-1.0242,0.1394,6.1035,2.9297,-0.4272
-0.0341,-1.0214,0.1379,6.2256,2.9907,-0.6104
-0.0349,-1.0250,0.1400,6.0425,2.9907,-0.5493
-0.0343,-1.0248,0.1407,6.0425,2.9297,-0.6104
-0.0331,-1.0275,0.1405,5.6763,4.1504,1.8921
-0.0281,-1.0304,0.1392,6.7139,1.4648,-3.4180
-0.0411,-1.0150,0.1357,6.6528,1.9531,-2.6245
-0.0321,-1.0273,0.1395,5.5542,5.0049,3.7842
-0.0319,-1.0267,0.1437,6.0425,2.5024,-0.7935
-0.0371,-1.0211,0.1377,6.2866,2.2583,-2.3193
-0.0399,-1.0231,0.1384,6.2866,2.9907,-0.8545
-0.0315,-1.0261,0.1445,5.6763,3.7842,1.0986
-0.0377,-1.0236,0.1368,6.5308,1.8921,-2.2583
-0.0386,-1.0216,0.1368,5.9204,2.8687,-0.9155
-0.0354,-1.0271,0.1395,5.7983,3.6621,0.8545
-0.0336,-1.0276,0.1421,6.1646,2.8687,-0.6104
-0.0374,-1.0228,0.1376,6.2256,2.7466,-1.4648
-0.0370,-1.0216,0.1401,6.0425,3.2349,0.1221
-0.0332,-1.0269,0.1410,6.0425,3.0518,-0.3662
-0.0366,-1.0211,0.1400,6.4087,2.7466,-1.1597
-0.0332,-1.0292,0.1381,5.8594,3.6621,0.7324
-0.0343,-1.0254,0.1387,5.9204,3.2349,0.0000
-0.0328,-1.0248,0.1385,5.9204,3.3569,0.3052
-0.0289,-1.0284,0.1438,6.6528,1.7700,-3.2959
-0.0610,-1.0093,0.1283,6.9580,0.9155,-4.8828
-0.0287,-1.0272,0.1426,4.8828,6.4087,6.7139
-0.0382,-1.0288,0.1500,3.1738,1.5259,0.3662
-0.0397,-1.0203,0.1172,7.2021,1.5259,-4.1504
-0.0345,-1.0219,0.1344,6.5918,2.8687,-1.1597
-0.0259,-1.0341,0.1445,5.3711,4.5166,2.9297
-0.0354,-1.0245,0.1373,6.8970,1.8311,-2.7466
-0.0391,-1.0176,0.1371,6.2256,2.3804,-1.5869
-0.0353,-1.0242,0.1371,6.0425,3.7842,0.7324
-0.0306,-1.0297,0.1425,5.7373,3.2349,0.1221
-0.0377,-1.0231,0.1385,6.4697,2.3804,-2.0142
-0.0364,-1.0226,0.1387,6.1035,3.1738,-0.0610
-0.0300,-1.0298,0.1426,5.8594,3.2349,0.2441
-0.0277,-1.0189,0.1357,6.1035,3.1738,0.8545
-0.0275,-1.0313,0.1448,5.9204,2.9907,-0.8545
-0.0380,-1.0221,0.1401,6.3477,0.7935,-4.7607
-0.0446,-1.0112,0.1290,6.3477,3.9062,0.4272
-0.0084,-1.0365,0.1509,4.5776,5.0049,4.4556
-0.0353,-1.0225,0.1381,6.6528,1.3428,-3.7231
-0.0380,-1.0199,0.1388,5.9814,2.8687,-0.9155
-0.0348,-1.0249,0.1385,5.9814,4.0894,1.7700
-0.0312,-1.0295,0.1423,6.3477,2.8076,-0.8545
FIN_VENTANA
INICIO_VENTANA reposo
-0.0369,-1.0234,0.1373,6.2256,2.5024,-1.4648
-0.0361,-1.0249,0.1389,6.0425,3.2959,0.0610
-0.0330,-1.0248,0.1404,5.9814,3.1128,0.0000
-0.0343,-1.0249,0.1399,6.3477,2.5635,-1.0986
-0.0354,-1.0227,0.1387,6.2256,3.0518,-0.4272
-0.0333,-1.0273,0.1398,5.7983,3.1738,-0.1221
-0.0349,-1.0250,0.1396,6.1035,2.8076,-0.9766
-0.0358,-1.0226,0.1388,6.1646,2.8687,-0.9155
-0.0353,-1.0249,0.1388,6.0425,3.1128,-0.1221
-0.0345,-1.0239,0.1399,6.1646,2.8687,-0.6714
-0.0342,-1.0244,0.1389,6.1646,2.9297,-0.6104
-0.0356,-1.0251,0.1390,5.9814,2.9907,-0.3662
-0.0342,-1.0260,0.1393,5.9204,3.1738,-0.3662
-0.0353,-1.0234,0.1387,6.1646,2.6855,-0.7935
-0.0352,-1.0240,0.1392,6.0425,3.1128,-0.4272
-0.0342,-1.0233,0.1396,5.9814,3.1128,-0.3052
-0.0334,-1.0244,0.1403,6.2256,3.0518,-0.6714
-0.0353,-1.0237,0.1385,5.9814,2.8076,-0.5493
-0.0349,-1.0247,0.1395,6.1646,3.2349,-0.3662
-0.0348,-1.0247,0.1393,5.9814,2.9297,-0.4883
-0.0342,-1.0250,0.1401,6.0425,2.9297,-0.6714
-0.0347,-1.0226,0.1392,6.0425,2.9907,-0.6714
-0.0345,-1.0237,0.1405,5.9814,2.9907,-0.6104
-0.0345,-1.0249,0.1390,6.1035,2.8687,-0.4883
-0.0358,-1.0249,0.1395,6.1035,3.1738,-0.6104
-0.0345,-1.0258,0.1394,6.2256,2.9907,-0.6104
-0.0344,-1.0234,0.1394,6.2256,3.0518,-0.7324
-0.0337,-1.0249,0.1396,6.1646,2.9907,-0.3662
-0.0343,-1.0249,0.1390,6.2256,2.8687,-0.6104
-0.0349,-1.0247,0.1394,6.2256,3.0518,-0.4883
-0.0350,-1.0242,0.1395,6.1646,3.1128,-0.6714
-0.0354,-1.0248,0.1388,5.9204,2.8687,-0.5493
-0.0341,-1.0243,0.1396,5.9814,3.0518,-0.6714
-0.0348,-1.0243,0.1396,6.1035,2.9907,-0.5493
-0.0353,-1.0249,0.1400,6.2256,2.9907,-0.5493
-0.0348,-1.0248,0.1400,6.1035,3.0518,-0.5493
-0.0352,-1.0262,0.1392,6.1035,2.9907,-0.5493
-0.0354,-1.0248,0.1390,5.9814,2.8687,-0.6104
-0.0342,-1.0240,0.1390,6.1035,3.0518,-0.6104
-0.0352,-1.0242,0.1394,6.0425,2.8687,-0.4883
-0.0341,-1.0248,0.1396,6.0425,3.0518,-0.6104
-0.0339,-1.0250,0.1394,6.3477,3.0518,-0.6104
-0.0350,-1.0251,0.1387,6.1035,2.9297,-0.6104
-0.0344,-1.0254,0.1393,6.1646,2.9907,-0.6714
-0.0344,-1.0243,0.1389,6.2866,3.1128,-0.7324
-0.0347,-1.0251,0.1398,6.1035,3.0518,-0.5493
-0.0356,-1.0226,0.1392,6.0425,2.9297,-0.5493
-0.0350,-1.0249,0.1395,6.1646,2.9297,-0.6714
-0.0350,-1.0255,0.1389,5.9814,3.0518,-0.6714
-0.0342,-1.0237,0.1393,6.1035,2.9907,-0.5493
-0.0350,-1.0253,0.1396,6.0425,2.8687,-0.5493
-0.0349,-1.0231,0.1396,6.2256,2.8687,-0.5493
-0.0344,-1.0245,0.1400,6.1646,2.8687,-0.6104
-0.0341,-1.0248,0.1404,6.1646,3.1738,-0.4883
-0.0352,-1.0245,0.1384,6.2256,3.0518,-0.6714
-0.0347,-1.0229,0.1392,6.2866,3.1128,-0.4883
-0.0343,-1.0249,0.1398,6.1646,2.8687,-0.5493
-0.0337,-1.0240,0.1401,6.1646,3.1128,-0.5493
-0.0348,-1.0240,0.1385,6.0425,2.9907,-0.5493
-0.0347,-1.0244,0.1392,6.2866,2.8076,-0.6104
-0.0349,-1.0254,0.1392,6.0425,3.0518,-0.5493
-0.0333,-1.0243,0.1401,6.1646,2.9907,-0.6104
-0.0343,-1.0251,0.1393,5.9204,2.8687,-0.5493
-0.0345,-1.0248,0.1399,5.9814,2.8687,-0.5493
-0.0347,-1.0240,0.1393,6.2866,2.8687,-0.5493
-0.0347,-1.0250,0.1395,5.9814,2.8687,-0.5493
-0.0345,-1.0254,0.1394,6.1035,2.9297,-0.4272
-0.0352,-1.0240,0.1389,6.1646,2.9297,-0.6104
-0.0348,-1.0255,0.1400,5.9814,3.0518,-0.4883
-0.0337,-1.0248,0.1400,5.9814,2.8076,-0.5493
-0.0348,-1.0239,0.1394,5.8594,2.9907,-0.5493
-0.0337,-1.0236,0.1385,6.2866,3.0518,-0.5493
-0.0338,-1.0227,0.1398,5.9814,2.9297,-0.6714
-0.0343,-1.0234,0.1392,6.1646,2.9297,-0.7935
-0.0353,-1.0265,0.1383,5.9204,2.8687,-0.4272
-0.0347,-1.0243,0.1395,6.1646,2.8687,-0.7324
-0.0347,-1.0258,0.1396,6.1035,3.0518,-0.5493
-0.0345,-1.0250,0.1383,6.1035,2.9297,-0.5493
-0.0354,-1.0277,0.1388,6.1646,2.9907,-0.6104
-0.0341,-1.0228,0.1401,5.7983,2.8687,-0.5493
-0.0347,-1.0258,0.1398,6.2256,3.0518,-0.6104
-0.0348,-1.0220,0.1400,6.1646,2.9297,-0.6104
-0.0345,-1.0255,0.1398,6.1035,2.9297,-0.4883
-0.0347,-1.0254,0.1392,6.0425,2.8687,-0.4272
-0.0336,-1.0253,0.1394,6.1035,3.1128,-0.4272
-0.0334,-1.0244,0.1393,6.1035,3.0518,-0.4883
-0.0345,-1.0247,0.1392,6.1646,3.0518,-0.6104
-0.0348,-1.0248,0.1398,5.9814,2.6855,-0.4883
-0.0345,-1.0237,0.1385,6.1646,2.9907,-0.6104
-0.0341,-1.0248,0.1393,6.1035,2.9907,-0.6714
-0.0344,-1.0262,0.1390,6.0425,3.1128,-0.6104
-0.0336,-1.0248,0.1398,5.9814,3.1128,-0.7324
-0.0353,-1.0244,0.1400,6.1035,2.9907,-0.6104
-0.0350,-1.0240,0.1400,6.0425,3.0518,-0.5493
-0.0347,-1.0249,0.1395,6.1646,2.8076,-0.4883
-0.0347,-1.0256,0.1404,5.9204,2.9297,-0.4883
-0.0353,-1.0244,0.1405,6.0425,2.9297,-0.6714
-0.0342,-1.0247,0.1398,5.9204,2.9297,-0.6104
-0.0344,-1.0251,0.1407,6.2256,2.9297,-0.6714
-0.0353,-1.0234,0.1396,6.1646,2.7466,-0.5493
FIN_VENTANA
INICIO_VENTANA reposo
-0.0300,-1.0265,0.1450,5.2490,4.3945,2.2583
-0.0398,-1.0201,0.1356,6.5308,1.6479,-3.1128
-0.0358,-1.0205,0.1383,5.7983,3.0518,0.1831
-0.0339,-1.0231,0.1379,6.1035,3.0518,0.2441
-0.0298,-1.0294,0.1426,5.9814,3.1738,-0.1221
-0.0371,-1.0190,0.1384,6.2866,2.5024,-1.8311
-0.0344,-1.0254,0.1390,5.7983,3.5400,0.3662
-0.0332,-1.0272,0.1403,6.2256,2.9907,-0.8545
-0.0333,-1.0244,0.1396,6.1646,2.8687,-1.1597
-0.0352,-1.0211,0.1381,6.0425,3.0518,-0.6714
-0.0319,-1.0259,0.1398,5.7373,3.4180,-0.0610
-0.0350,-1.0248,0.1381,6.1646,2.7466,-1.0986
-0.0341,-1.0240,0.1387,6.1646,3.1128,-0.6714
-0.0349,-1.0258,0.1390,6.0425,3.1738,-0.2441
-0.0326,-1.0236,0.1398,6.1646,2.9907,-0.9155
-0.0354,-1.0226,0.1389,5.9204,2.9907,-0.7935
-0.0337,-1.0248,0.1399,6.0425,3.2959,-0.1831
-0.0350,-1.0256,0.1394,6.0425,3.1738,-0.6104
-0.0345,-1.0239,0.1384,6.1035,2.9297,-0.7935
-0.0352,-1.0248,0.1387,6.1646,3.1128,-0.6104
-0.0349,-1.0270,0.1399,5.9814,2.9297,-0.6104
-0.0347,-1.0236,0.1394,5.9814,2.8687,-0.6104
-0.0338,-1.0240,0.1383,6.1035,2.9297,-0.4272
-0.0332,-1.0247,0.1395,6.1035,2.9907,-0.4883
-0.0347,-1.0250,0.1390,6.2256,2.9297,-0.6714
-0.0345,-1.0245,0.1392,6.2866,3.1128,-0.5493
-0.0347,-1.0248,0.1393,6.0425,3.2349,-0.4883
-0.0345,-1.0247,0.1396,6.0425,2.9297,-0.4883
-0.0332,-1.0231,0.1394,5.9204,2.9297,-0.7324
-0.0333,-1.0248,0.1385,6.2256,2.9297,-0.5493
-0.0344,-1.0254,0.1388,6.1646,3.0518,-0.5493
-0.0345,-1.0254,0.1393,6.1035,2.9907,-0.5493
-0.0343,-1.0256,0.1390,6.2866,3.0518,-0.4883
-0.0352,-1.0243,0.1385,6.2256,3.1128,-0.4272
-0.0348,-1.0239,0.1392,6.2256,3.1128,-0.4883
-0.0339,-1.0243,0.1400,6.0425,2.9907,-0.4883
-0.0336,-1.0242,0.1390,6.0425,2.8687,-0.4883
-0.0347,-1.0250,0.1389,6.1035,3.1128,-0.4883
-0.0345,-1.0239,0.1395,5.9814,3.0518,-0.4883
-0.0337,-1.0250,0.1388,6.0425,2.9297,-0.4883
-0.0342,-1.0243,0.1394,6.1035,2.8687,-0.6104
-0.0339,-1.0237,0.1387,6.1646,2.8687,-0.4883
-0.0342,-1.0244,0.1393,6.0425,2.9297,-0.6104
-0.0337,-1.0249,0.1387,6.1646,2.8687,-0.6714
-0.0350,-1.0236,0.1400,5.9814,2.8076,-0.4272
-0.0354,-1.0248,0.1394,6.0425,2.8687,-0.6104
-0.0344,-1.0243,0.1393,6.0425,2.8076,-0.4272
-0.0334,-1.0250,0.1403,5.9204,2.9297,-0.4883
-0.0339,-1.0253,0.1406,6.1646,3.1738,-0.6104
-0.0352,-1.0243,0.1396,5.9814,3.1738,-0.5493
-0.0338,-1.0255,0.1387,6.2256,2.8687,-0.6104
-0.0347,-1.0234,0.1390,6.1646,2.8687,-0.4883
-0.0356,-1.0249,0.1388,6.2256,3.0518,-0.6714
-0.0354,-1.0258,0.1405,6.0425,3.1128,-0.6104
-0.0347,-1.0244,0.1401,6.1646,2.9297,-0.5493
-0.0336,-1.0247,0.1394,6.1646,3.1128,-0.6104
-0.0341,-1.0237,0.1390,6.1646,3.0518,-0.4272
-0.0350,-1.0261,0.1392,6.1035,3.0518,-0.4272
-0.0354,-1.0249,0.1390,6.1646,2.8687,-0.7324
-0.0342,-1.0249,0.1403,6.1035,2.9297,-0.3662
-0.0345,-1.0248,0.1415,6.2256,3.1738,-0.4883
-0.0344,-1.0249,0.1400,6.0425,2.9907,-0.4272
-0.0348,-1.0250,0.1395,6.1035,3.1128,-0.6714
-0.0342,-1.0248,0.1394,6.0425,3.0518,-0.5493
-0.0354,-1.0256,0.1403,5.9204,3.0518,-0.5493
-0.0348,-1.0244,0.1398,6.0425,2.8687,-0.5493
-0.0348,-1.0247,0.1401,6.0425,3.0518,-0.6104
-0.0343,-1.0249,0.1398,6.2256,2.8076,-0.4883
-0.0345,-1.0249,0.1388,6.1035,3.0518,-0.5493
-0.0339,-1.0238,0.1400,6.2256,2.9907,-0.7935
-0.0342,-1.0255,0.1396,6.1035,3.0518,-0.4272
-0.0355,-1.0244,0.1404,6.1646,3.1738,-0.5493
-0.0348,-1.0250,0.1395,6.1646,2.9907,-0.7324
-0.0343,-1.0248,0.1392,6.3477,3.0518,-0.3662
-0.0348,-1.0242,0.1390,6.0425,3.1128,-0.4272
-0.0341,-1.0245,0.1398,6.1646,2.9907,-0.5493
-0.0342,-1.0264,0.1389,6.1646,2.9907,-0.3662
-0.0341,-1.0251,0.1401,6.1646,3.0518,-0.5493
-0.0339,-1.0244,0.1383,6.0425,2.9907,-0.5493
-0.0343,-1.0248,0.1384,6.0425,2.9907,-0.3662
-0.0334,-1.0242,0.1388,6.1035,2.9907,-0.5493
-0.0349,-1.0237,0.1381,6.1646,2.9907,-0.6104
-0.0337,-1.0247,0.1384,6.2256,3.0518,-0.6714
-0.0341,-1.0245,0.1390,6.0425,2.8687,-0.6104
-0.0348,-1.0243,0.1392,5.7983,2.9297,-0.5493
-0.0337,-1.0240,0.1384,6.0425,3.0518,-0.5493
-0.0348,-1.0245,0.1373,6.0425,3.1738,-0.5493
-0.0341,-1.0251,0.1394,6.1646,3.0518,-0.6714
-0.0349,-1.0247,0.1379,5.9204,3.0518,-0.5493
-0.0333,-1.0251,0.1395,6.1035,2.7466,-0.4272
-0.0344,-1.0243,0.1394,5.8594,2.8687,-0.5493
-0.0347,-1.0240,0.1381,5.7983,2.9297,-0.3052
-0.0341,-1.0239,0.1377,6.0425,2.9297,-0.4883
-0.0339,-1.0253,0.1382,6.0425,2.9907,-0.6714
-0.0338,-1.0258,0.1392,6.1646,2.7466,-0.6104
-0.0344,-1.0233,0.1392,5.9814,2.9907,-0.6104
-0.0355,-1.0255,0.1390,6.2256,2.9907,-0.4272
-0.0333,-1.0234,0.1382,5.9814,3.0518,-0.5493
-0.0339,-1.0226,0.1371,6.0425,2.9297,-0.6714
-0.0337,-1.0244,0.1382,5.9814,2.9907,-0.4272
FIN_VENTANA
INICIO_VENTANA reposo
-0.0349,-1.0247,0.1378,5.9814,2.9907,-0.3662
-0.0342,-1.0254,0.1383,6.0425,2.9907,-0.7324
-0.0328,-1.0243,0.1383,6.2256,2.9297,-0.6104
-0.0339,-1.0249,0.1375,6.1035,3.0518,-0.4272
-0.0350,-1.0240,0.1365,5.9814,2.9297,-0.6714
-0.0339,-1.0245,0.1379,5.9204,3.1128,-0.4272
-0.0345,-1.0238,0.1383,6.1035,3.0518,-0.6714
-0.0338,-1.0248,0.1381,6.2866,3.1738,-0.6104
-0.0345,-1.0255,0.1377,6.0425,3.0518,-0.6714
-0.0343,-1.0243,0.1376,6.1646,2.9907,-0.6104
-0.0341,-1.0243,0.1368,6.2256,3.2349,-0.6104
-0.0347,-1.0248,0.1377,6.2256,2.9907,-0.5493
-0.0341,-1.0244,0.1383,6.0425,3.0518,-0.4883
-0.0344,-1.0234,0.1384,6.1035,2.9907,-0.6104
-0.0342,-1.0244,0.1372,6.2866,2.9907,-0.6714
-0.0341,-1.0245,0.1382,6.1646,2.9907,-0.4272
-0.0355,-1.0245,0.1378,6.2866,3.0518,-0.5493
-0.0344,-1.0248,0.1370,6.2866,3.0518,-0.5493
-0.0338,-1.0243,0.1379,6.1646,3.1128,-0.6714
-0.0341,-1.0251,0.1377,6.1035,3.1738,-0.5493
-0.0347,-1.0251,0.1387,6.0425,3.0518,-0.4883
-0.0336,-1.0250,0.1381,6.2256,3.0518,-0.6104
-0.0338,-1.0245,0.1378,6.0425,3.0518,-0.4883
-0.0341,-1.0238,0.1377,6.1035,3.0518,-0.4272
-0.0347,-1.0248,0.1387,6.1646,2.9907,-0.4883
-0.0345,-1.0240,0.1373,6.1035,2.9907,-0.6104
-0.0344,-1.0238,0.1381,6.1646,2.9907,-0.4883
-0.0354,-1.0242,0.1382,6.1646,2.8687,-0.5493
-0.0336,-1.0248,0.1385,5.9814,2.9907,-0.6714
-0.0349,-1.0248,0.1373,6.1035,2.9907,-0.5493
-0.0345,-1.0242,0.1377,6.2256,3.0518,-0.5493
-0.0345,-1.0239,0.1376,6.1035,3.0518,-0.4883
-0.0342,-1.0243,0.1388,5.8594,2.9297,-0.5493
-0.0337,-1.0239,0.1376,6.4087,3.0518,-0.7324
-0.0327,-1.0240,0.1378,6.1035,3.1128,-0.4883
-0.0333,-1.0248,0.1375,6.1646,2.9907,-0.5493
-0.0345,-1.0258,0.1376,6.1646,3.1128,-0.6714
-0.0342,-1.0242,0.1375,6.0425,2.9907,-0.6104
-0.0336,-1.0247,0.1376,5.9814,2.8687,-0.6104
-0.0341,-1.0244,0.1381,6.2256,2.7466,-0.4272
-0.0344,-1.0243,0.1383,5.9814,2.9297,-0.4883
-0.0339,-1.0242,0.1377,6.1035,2.9297,-0.5493
-0.0345,-1.0265,0.1387,6.0425,3.1128,-0.6104
-0.0336,-1.0237,0.1379,6.1035,2.9907,-0.4883
-0.0338,-1.0250,0.1382,5.9814,3.1128,-0.4883
-0.0343,-1.0254,0.1370,6.1646,3.1128,-0.4883
-0.0345,-1.0245,0.1373,6.0425,2.9297,-0.6104
-0.0339,-1.0260,0.1382,6.1035,2.9907,-0.4272
-0.0339,-1.0244,0.1372,6.2866,3.1128,-0.6714
-0.0348,-1.0254,0.1375,5.9814,3.1128,-0.6104
-0.0342,-1.0245,0.1372,5.9204,2.8687,-0.6104
-0.0348,-1.0245,0.1381,5.9814,2.9297,-0.4883
-0.0345,-1.0247,0.1371,6.1646,2.9297,-0.6104
-0.0339,-1.0247,0.1378,6.1035,3.0518,-0.4883
-0.0353,-1.0243,0.1378,6.2256,2.9297,-0.4272
-0.0350,-1.0240,0.1371,6.1646,2.9907,-0.5493
-0.0337,-1.0242,0.1377,6.2256,2.9907,-0.6714
-0.0350,-1.0244,0.1378,6.1035,2.9297,-0.5493
-0.0343,-1.0251,0.1383,6.1035,3.0518,-0.4883
-0.0350,-1.0242,0.1372,6.0425,3.0518,-0.4883
-0.0339,-1.0250,0.1377,5.9204,2.9907,-0.6104
-0.0337,-1.0245,0.1373,5.9204,2.8687,-0.4883
-0.0344,-1.0248,0.1385,6.1035,2.9907,-0.6104
-0.0332,-1.0247,0.1379,6.2256,2.9297,-0.5493
-0.0342,-1.0244,0.1387,6.1035,2.9907,-0.4883
-0.0345,-1.0243,0.1379,6.0425,3.1128,-0.4883
-0.0347,-1.0243,0.1394,5.9814,2.9297,-0.6104
-0.0347,-1.0242,0.1383,5.9204,3.1128,-0.7324
-0.0337,-1.0243,0.1384,6.2256,2.9297,-0.5493
-0.0350,-1.0245,0.1385,6.0425,3.0518,-0.6714
-0.0349,-1.0248,0.1384,5.9814,3.1738,-0.5493
-0.0347,-1.0248,0.1384,6.1035,3.0518,-0.4883
-0.0347,-1.0233,0.1388,6.1646,2.9297,-0.7324
-0.0342,-1.0248,0.1393,5.9814,3.0518,-0.3662
-0.0350,-1.0242,0.1390,6.0425,2.9297,-0.7324
-0.0343,-1.0234,0.1393,6.1035,2.9907,-0.4883
-0.0349,-1.0250,0.1378,6.1646,2.8687,-0.5493
-0.0342,-1.0254,0.1381,6.1035,3.0518,-0.6104
-0.0341,-1.0231,0.1395,5.9814,2.9297,-0.5493
-0.0343,-1.0250,0.1393,6.1646,2.9907,-0.6714
-0.0339,-1.0249,0.1389,6.1646,3.0518,-0.4883
-0.0348,-1.0253,0.1382,5.9814,3.1128,-0.4883
-0.0352,-1.0247,0.1383,6.0425,3.0518,-0.6104
-0.0343,-1.0237,0.1396,6.2866,2.9297,-0.4883
-0.0344,-1.0243,0.1385,6.1035,2.8687,-0.4883
-0.0339,-1.0242,0.1388,6.0425,3.1128,-0.4883
-0.0339,-1.0248,0.1392,5.9204,2.9907,-0.5493
-0.0353,-1.0254,0.1383,6.0425,2.8687,-0.6714
-0.0343,-1.0250,0.1385,5.9204,2.9297,-0.3052
-0.0347,-1.0249,0.1385,6.3477,3.0518,-0.6104
-0.0342,-1.0228,0.1383,6.1035,3.0518,-0.4272
-0.0310,-0.9865,0.1592,9.3994,3.0518,2.6855
-0.0308,-1.0468,0.1487,-7.1411,-0.6714,9.3994
-0.0181,-1.0009,0.1913,15.9302,-1.7090,-11.6577
-0.0646,-1.0201,0.1392,0.3052,-2.8687,-18.0054
-0.0601,-0.9858,0.1121,27.7100,5.4932,-4.6387
0.0018,-1.0300,0.0857,-0.4883,9.9487,17.2729
-0.0671,-1.0508,0.1863,-29.8462,-2.3804,16.5405
-0.0198,-0.9854,0.2194,8.1787,-1.0376,-8.4839
-0.0477,-1.1294,0.1191,53.2837,4.4556,-15.7471
FIN_VENTANA
INICIO_VENTANA reposo
-0.0349,-1.0219,0.1366,6.1035,2.6245,-0.9766
-0.0334,-1.0237,0.1377,5.9204,3.4180,0.1221
-0.0297,-1.0253,0.1381,6.2866,3.1738,-0.6104
-0.0330,-1.0233,0.1373,6.0425,2.7466,-1.0986
-0.0336,-1.0229,0.1375,6.1035,2.9297,-0.3052
-0.0321,-1.0276,0.1381,5.9814,3.1128,-0.3052
-0.0321,-1.0244,0.1372,6.2256,2.7466,-0.9155
-0.0334,-1.0238,0.1379,5.9814,2.9907,-0.6104
-0.0317,-1.0232,0.1388,6.1035,3.0518,-0.3662
-0.0322,-1.0254,0.1383,6.1035,2.8687,-0.7324
-0.0330,-1.0245,0.1373,6.2866,2.7466,-0.9766
-0.0326,-1.0245,0.1379,6.0425,3.0518,-0.3662
-0.0325,-1.0256,0.1384,5.7983,3.1128,-0.4272
-0.0328,-1.0250,0.1368,6.0425,2.8687,-0.7935
-0.0331,-1.0242,0.1388,6.1035,3.0518,-0.3662
-0.0327,-1.0237,0.1375,5.9204,2.9907,-0.5493
-0.0325,-1.0245,0.1384,6.1035,3.0518,-0.6104
-0.0306,-1.0253,0.1414,5.9204,2.8076,-0.8545
-0.0306,-1.0317,0.1492,3.1128,5.9814,6.1035
-0.0306,-1.0468,0.1385,10.6201,0.4883,-4.8218
-0.0366,-1.0060,0.1410,6.0425,2.1973,-7.8125
-0.0486,-1.0051,0.1259,5.6152,4.6387,2.6245
-0.0215,-1.0508,0.1478,4.2725,4.8828,8.5449
-0.0287,-1.0348,0.1381,10.3760,1.4038,-4.5776
-0.0405,-1.0232,0.1387,5.9814,2.0142,-3.6011
-0.0374,-1.0228,0.1305,5.8594,4.2725,2.6245
-0.0181,-1.0332,0.1492,5.6763,3.9673,1.8921
-0.0366,-1.0201,0.1356,6.6528,1.6479,-3.5400
-0.0374,-1.0176,0.1364,6.5918,2.2583,-1.7090
0.0288,-1.0126,0.1470,5.3711,4.2725,6.4697
-0.0715,-1.0505,0.1396,5.0049,0.8545,-1.5259
-0.0403,-1.0221,0.1267,8.0566,-3.1128,-12.8784
-0.0284,-0.9994,0.1238,6.8359,7.2021,-4.4556
-0.0309,-1.0320,0.1228,5.0049,7.9956,12.7563
-0.0251,-1.0306,0.1797,-3.6621,3.0518,3.9673
-0.0187,-1.0349,0.0914,16.1743,2.1973,-3.2349
-0.0466,-1.0322,0.1694,1.7090,0.9155,-7.0190
-0.0762,-0.9885,0.1306,8.6670,0.3052,-10.4370
-0.0085,-1.0143,0.1403,4.3335,9.0942,12.3291
-0.0552,-1.0636,0.1516,-2.5635,2.3193,7.8735
-0.0092,-1.0820,0.0696,24.9634,1.8921,-9.3994
-0.0536,-1.0002,0.1302,6.9580,0.4883,-5.3711
-0.0603,-1.0603,0.1315,-2.1973,4.3945,8.9722
-0.0229,-0.9569,0.2070,8.3618,0.0610,-8.6670
-0.0283,-0.9738,0.1475,-4.0894,6.7139,-2.2583
-0.0370,-1.0393,0.1383,5.2490,4.8828,5.3711
-0.0325,-1.0526,0.0883,9.6436,2.1362,-2.9907
-0.0337,-1.0205,0.1420,6.2256,2.6245,-1.2207
-0.0374,-1.0211,0.1370,6.1646,3.4180,0.0610
-0.0265,-1.0327,0.1437,5.9814,3.6621,0.6714
-0.0352,-1.0210,0.1378,6.4087,2.4414,-2.0142
-0.0343,-1.0214,0.1376,6.0425,2.9907,-0.4883
-0.0319,-1.0261,0.1404,5.9204,3.2959,0.1221
-0.0304,-1.0275,0.1415,6.1646,2.9297,-0.6104
-0.0345,-1.0220,0.1368,6.0425,2.8687,-0.9155
-0.0316,-1.0264,0.1392,5.8594,3.0518,0.1221
-0.0321,-1.0261,0.1390,6.0425,3.1128,-0.5493
-0.0322,-1.0240,0.1382,6.1646,2.6245,-1.0986
-0.0338,-1.0222,0.1371,6.0425,2.9297,-0.4272
-0.0321,-1.0239,0.1396,5.9204,2.9907,-0.3052
-0.0325,-1.0245,0.1378,6.1035,2.8076,-0.9155
-0.0338,-1.0238,0.1396,6.0425,2.9297,-0.6714
-0.0320,-1.0248,0.1389,5.9204,3.1738,-0.3052
-0.0323,-1.0248,0.1388,6.1646,2.8687,-0.7324
-0.0327,-1.0255,0.1376,5.9814,2.9297,-0.5493
-0.0337,-1.0236,0.1401,6.1035,3.0518,-0.3662
-0.0317,-1.0265,0.1396,6.0425,3.0518,-0.6714
-0.0328,-1.0243,0.1379,6.1035,2.8076,-0.7324
-0.0322,-1.0236,0.1393,5.9814,2.9907,-0.4883
-0.0330,-1.0260,0.1396,6.0425,2.9907,-0.6104
-0.0316,-1.0238,0.1387,6.0425,2.6855,-0.7324
-0.0337,-1.0258,0.1392,6.0425,3.1738,-0.4883
-0.0322,-1.0239,0.1395,6.1035,2.9907,-0.5493
-0.0334,-1.0253,0.1404,6.3477,3.1128,-0.5493
-0.0326,-1.0228,0.1387,6.1646,2.9907,-0.6104
-0.0326,-1.0256,0.1379,6.0425,3.1128,-0.3052
-0.0325,-1.0251,0.1389,5.9814,2.9907,-0.5493
-0.0325,-1.0240,0.1392,5.9814,2.8687,-0.6714
-0.0332,-1.0254,0.1382,6.2256,3.0518,-0.4883
-0.0330,-1.0239,0.1398,5.9814,2.8687,-0.6104
-0.0330,-1.0229,0.1390,6.1035,3.0518,-0.4272
-0.0332,-1.0211,0.1385,6.1035,3.0518,-0.6104
-0.0325,-1.0239,0.1393,5.9814,3.0518,-0.2441
-0.0323,-1.0288,0.1390,5.9814,3.0518,-0.7324
-0.0342,-1.0212,0.1384,6.0425,2.9297,-0.6714
-0.0325,-1.0227,0.1390,6.0425,2.8687,-0.5493
-0.0319,-1.0300,0.1395,5.9814,2.8687,-0.6104
-0.0317,-1.0234,0.1393,6.2866,2.9907,-0.4883
-0.0328,-1.0291,0.1382,6.1035,3.0518,-0.4883
-0.0355,-1.0222,0.1385,6.1646,2.9297,-0.7935
-0.0328,-1.0219,0.1394,6.2256,2.7466,-0.6714
-0.0315,-1.0288,0.1385,5.9204,2.9907,-0.6104
-0.0320,-1.0237,0.1395,6.1035,3.0518,-0.4272
-0.0314,-1.0291,0.1392,6.0425,2.9297,-0.6104
-0.0353,-1.0229,0.1393,6.1646,2.8076,-0.6104
-0.0317,-1.0214,0.1387,6.0425,2.8076,-0.4272
-0.0320,-1.0284,0.1392,6.2866,2.9907,-0.6104
-0.0348,-1.0240,0.1384,6.1035,2.9297,-0.7324
-0.0332,-1.0284,0.1379,6.1035,3.0518,-0.6104
-0.0336,-1.0228,0.1378,5.8594,2.7466,-0.6104
FIN_VENTANA
INICIO_VENTANA reposo
-0.0333,-1.0255,0.1389,6.1646,2.9907,-0.7935
-0.0323,-1.0244,0.1401,6.0425,2.8687,-0.4883
-0.0320,-1.0239,0.1396,5.9814,2.9297,-0.4883
-0.0323,-1.0243,0.1394,6.1035,2.8687,-0.6104
-0.0326,-1.0258,0.1390,6.1646,3.0518,-0.4272
-0.0333,-1.0259,0.1399,5.9204,2.8076,-0.3052
-0.0330,-1.0258,0.1387,6.0425,3.0518,-0.5493
-0.0333,-1.0244,0.1392,5.9204,2.9297,-0.6104
-0.0330,-1.0219,0.1376,5.9204,3.0518,-0.3052
-0.0328,-1.0244,0.1365,6.2866,2.8687,-0.6104
-0.0311,-1.0269,0.1384,5.7983,2.9297,-0.3662
-0.0322,-1.0242,0.1383,6.1035,2.9907,-0.4272
-0.0332,-1.0240,0.1389,6.0425,2.9907,-0.4272
-0.0325,-1.0236,0.1385,5.9814,3.0518,-0.6104
-0.0322,-1.0244,0.1383,6.0425,2.8687,-0.4883
-0.0332,-1.0254,0.1388,6.1646,2.9297,-0.5493
-0.0326,-1.0237,0.1392,5.9814,2.9907,-0.4883
-0.0327,-1.0234,0.1390,6.2866,3.1128,-0.5493
-0.0304,-1.0248,0.1388,6.1646,2.9907,-0.6104
-0.0330,-1.0250,0.1379,6.0425,2.6855,-0.5493
-0.0334,-1.0248,0.1383,6.1646,2.9907,-0.4272
-0.0323,-1.0238,0.1396,6.2866,3.0518,-0.4883
-0.0325,-1.0245,0.1401,6.2256,3.1128,-0.4272
-0.0320,-1.0232,0.1384,6.1646,3.0518,-0.4272
-0.0323,-1.0245,0.1385,6.1035,2.9907,-0.4883
-0.0323,-1.0250,0.1382,6.2866,2.9907,-0.6104
-0.0321,-1.0251,0.1384,6.0425,2.8687,-0.4272
-0.0325,-1.0232,0.1382,6.0425,2.9907,-0.6104
-0.0314,-1.0250,0.1389,5.9204,2.9297,-0.5493
-0.0330,-1.0250,0.1394,5.9814,3.1128,-0.6714
-0.0326,-1.0229,0.1382,5.9814,2.9297,-0.6104
-0.0327,-1.0247,0.1371,6.1035,2.9907,-0.6104
-0.0321,-1.0259,0.1392,5.9814,2.9297,-0.5493
-0.0328,-1.0201,0.1383,6.1035,2.9297,-0.7935
-0.0336,-1.0287,0.1395,6.1035,2.8687,-0.4883
-0.0306,-1.0197,0.1375,6.2256,2.9907,-0.5493
-0.0326,-1.0244,0.1387,6.0425,3.1738,-0.6104
-0.0319,-1.0231,0.1387,6.0425,2.8687,-0.5493
-0.0326,-1.0238,0.1378,6.0425,2.9297,-0.5493
-0.0325,-1.0297,0.1401,5.7983,2.9907,-0.4272
-0.0332,-1.0217,0.1378,6.1646,2.8076,-0.7324
-0.0320,-1.0242,0.1407,5.9204,3.0518,-0.4883
-0.0323,-1.0233,0.1382,6.1035,2.9297,-0.5493
-0.0323,-1.0239,0.1375,6.0425,2.9907,-0.3662
-0.0322,-1.0248,0.1388,6.1646,2.9297,-0.4883
-0.0325,-1.0248,0.1381,6.0425,2.8076,-0.4883
-0.0327,-1.0242,0.1389,5.9204,3.1128,-0.3662
-0.0323,-1.0242,0.1384,6.1035,2.9297,-0.5493
-0.0330,-1.0238,0.1385,5.9814,2.8076,-0.4272
-0.0325,-1.0244,0.1382,6.1035,2.8687,-0.4272
-0.0327,-1.0228,0.1379,6.1035,3.1128,-0.5493
-0.0328,-1.0258,0.1387,6.0425,2.8687,-0.6104
-0.0331,-1.0253,0.1382,5.9814,3.0518,-0.6714
-0.0326,-1.0248,0.1392,5.9814,2.8076,-0.6104
-0.0325,-1.0221,0.1385,6.1646,2.8076,-0.6714
-0.0325,-1.0249,0.1388,6.1035,2.9907,-0.4883
-0.0322,-1.0244,0.1389,6.1035,2.7466,-0.6104
-0.0325,-1.0243,0.1388,6.1035,2.9297,-0.4883
-0.0341,-1.0247,0.1387,6.0425,2.8076,-0.5493
-0.0319,-1.0247,0.1384,5.9204,2.9297,-0.6104
-0.0337,-1.0249,0.1387,6.0425,2.8687,-0.6714
-0.0334,-1.0237,0.1383,6.1035,3.0518,-0.4883
-0.0336,-1.0232,0.1390,5.9814,2.8076,-0.6104
-0.0317,-1.0245,0.1390,6.0425,2.9907,-0.6104
-0.0322,-1.0245,0.1392,6.0425,3.0518,-0.5493
-0.0323,-1.0260,0.1398,6.1035,2.8076,-0.6104
-0.0325,-1.0243,0.1379,6.0425,2.8076,-0.4883
-0.0333,-1.0260,0.1389,6.1035,2.8687,-0.6104
-0.0325,-1.0238,0.1387,6.0425,2.8687,-0.6104
-0.0342,-1.0255,0.1389,6.2256,2.8687,-0.6104
-0.0330,-1.0244,0.1396,6.1035,3.0518,-0.5493
-0.0331,-1.0245,0.1382,6.0425,3.0518,-0.6714
-0.0325,-1.0244,0.1392,6.0425,2.9907,-0.6104
-0.0323,-1.0249,0.1385,6.2256,2.8076,-0.5493
-0.0328,-1.0243,0.1387,6.0425,3.1128,-0.6104
-0.0322,-1.0251,0.1389,6.1646,3.2349,-0.5493
-0.0326,-1.0238,0.1394,6.1646,2.9297,-0.6104
-0.0323,-1.0260,0.1400,6.1646,2.8076,-0.3662
-0.0326,-1.0238,0.1388,5.9814,3.0518,-0.4883
-0.0317,-1.0247,0.1398,6.0425,3.0518,-0.4883
-0.0333,-1.0239,0.1388,6.1035,2.8076,-0.6104
-0.0328,-1.0245,0.1403,5.9814,2.9297,-0.4272
-0.0304,-1.0258,0.1388,6.1646,3.0518,-0.6104
-0.0328,-1.0251,0.1459,5.4321,2.5635,-1.6479
-0.0414,-1.0115,0.1311,6.1646,3.3569,0.0610
-0.0205,-1.0391,0.1489,5.4932,3.9062,1.4648
-0.0377,-1.0175,0.1359,6.3477,2.5635,-1.4648
-0.0320,-1.0240,0.1394,5.9814,3.2349,-0.1831
-0.0320,-1.0260,0.1406,5.9204,3.6011,0.4883
-0.0308,-1.0244,0.1399,6.2866,2.4414,-1.5869
-0.0356,-1.0208,0.1375,5.9814,2.8076,-0.7935
-0.0316,-1.0275,0.1404,5.8594,3.2959,0.2441
-0.0316,-1.0244,0.1392,5.9204,3.0518,-0.6104
-0.0337,-1.0243,0.1383,6.2866,2.6855,-1.0986
-0.0323,-1.0256,0.1392,5.9204,3.2349,0.1221
-0.0314,-1.0258,0.1396,6.2256,2.9907,-0.7324
-0.0322,-1.0245,0.1399,6.1646,2.8076,-0.8545
-0.0316,-1.0227,0.1381,6.0425,2.8687,-0.4883
-0.0326,-1.0266,0.1415,6.1035,3.2349,-0.3662
-0.0327,-1.0277,0.1393,6.1646,2.8076,-0.8545
FIN_VENTANA
INICIO_VENTANA reposo
-0.0327,-1.0238,0.1392,6.1646,2.9297,-0.5493
-0.0331,-1.0239,0.1392,6.0425,2.9907,-0.6104
-0.0327,-1.0247,0.1399,6.0425,2.9297,-0.5493
-0.0331,-1.0249,0.1399,5.9204,2.9297,-0.4883
-0.0333,-1.0247,0.1394,6.1035,2.8687,-0.6104
-0.0323,-1.0242,0.1393,6.1646,3.0518,-0.5493
-0.0321,-1.0245,0.1405,5.9814,3.0518,-0.4883
-0.0337,-1.0242,0.1396,6.1035,2.9907,-0.4883
-0.0320,-1.0243,0.1398,6.1035,2.9907,-0.4883
-0.0331,-1.0250,0.1393,5.9814,2.9907,-0.3662
-0.0323,-1.0242,0.1394,6.1646,3.0518,-0.6714
-0.0328,-1.0248,0.1398,6.2256,2.8687,-0.6104
-0.0330,-1.0254,0.1398,6.1035,2.9907,-0.3662
-0.0320,-1.0240,0.1389,6.1035,2.8687,-0.5493
-0.0317,-1.0251,0.1398,6.2256,3.0518,-0.5493
-0.0319,-1.0245,0.1394,6.0425,3.0518,-0.6714
-0.0323,-1.0248,0.1396,6.1035,3.0518,-0.6104
-0.0330,-1.0253,0.1394,6.1646,2.9297,-0.6104
-0.0323,-1.0232,0.1394,6.0425,2.7466,-0.4883
-0.0326,-1.0253,0.1404,6.1646,3.1128,-0.3662
-0.0323,-1.0237,0.1387,6.0425,2.8076,-0.4883
-0.0316,-1.0239,0.1401,6.0425,2.9907,-0.5493
-0.0323,-1.0237,0.1393,6.1035,2.9907,-0.5493
-0.0323,-1.0249,0.1399,6.1035,2.9297,-0.4272
-0.0330,-1.0242,0.1384,6.1035,2.9907,-0.5493
-0.0330,-1.0253,0.1393,5.9814,2.9907,-0.4883
-0.0334,-1.0247,0.1387,5.9204,2.8076,-0.6104
-0.0320,-1.0238,0.1378,5.9814,2.8687,-0.4272
-0.0327,-1.0251,0.1382,5.9814,2.9297,-0.5493
-0.0328,-1.0244,0.1395,6.1646,2.8687,-0.6104
-0.0322,-1.0248,0.1395,6.1035,2.9297,-0.6714
-0.0330,-1.0248,0.1398,5.9204,2.9297,-0.6104
-0.0316,-1.0245,0.1395,5.8594,2.9297,-0.4272
-0.0325,-1.0244,0.1389,6.0425,2.9907,-0.6104
-0.0321,-1.0240,0.1379,6.0425,2.9907,-0.6714
-0.0327,-1.0251,0.1392,6.0425,3.0518,-0.5493
-0.0321,-1.0237,0.1384,6.1035,2.8076,-0.5493
-0.0323,-1.0253,0.1393,6.0425,2.8687,-0.4883
-0.0319,-1.0236,0.1385,5.9814,2.7466,-0.4883
-0.0311,-1.0201,0.1389,6.1035,2.8687,-0.6104
-0.0321,-1.0273,0.1418,5.9814,3.1738,-0.3052
-0.0321,-1.0229,0.1377,6.0425,2.9297,-0.5493
-0.0327,-1.0271,0.1410,6.1646,2.8687,-0.5493
-0.0323,-1.0225,0.1379,6.1035,2.9297,-0.4883
-0.0325,-1.0247,0.1379,6.0425,2.8687,-0.6104
-0.0326,-1.0243,0.1379,5.9814,3.0518,-0.3662
-0.0320,-1.0239,0.1375,5.9204,2.8687,-0.4883
-0.0326,-1.0258,0.1382,6.1035,2.9907,-0.4883
-0.0322,-1.0247,0.1379,5.9814,2.7466,-0.5493
-0.0333,-1.0244,0.1404,6.2256,2.9907,-0.3662
-0.0330,-1.0226,0.1388,5.9204,2.8687,-0.5493
-0.0322,-1.0243,0.1378,6.1035,2.9297,-0.5493
-0.0322,-1.0233,0.1379,6.1035,2.9907,-0.7324
-0.0325,-1.0243,0.1388,6.1035,2.8687,-0.7324
-0.0320,-1.0239,0.1370,6.1035,2.8687,-0.5493
-0.0330,-1.0237,0.1385,5.9204,2.8687,-0.6104
-0.0323,-1.0248,0.1387,6.1646,2.9907,-0.6714
-0.0326,-1.0245,0.1385,6.0425,2.8076,-0.5493
-0.0319,-1.0243,0.1376,5.9204,2.8687,-0.4272
-0.0325,-1.0243,0.1387,6.1646,2.9297,-0.4883
-0.0322,-1.0245,0.1382,6.1646,2.9907,-0.3662
-0.0322,-1.0239,0.1388,5.8594,2.9907,-0.6714
-0.0321,-1.0238,0.1373,6.1035,2.9297,-0.4272
-0.0320,-1.0244,0.1379,6.1646,2.9907,-0.5493
-0.0319,-1.0242,0.1379,6.1035,2.9297,-0.4883
-0.0332,-1.0253,0.1377,5.9814,3.0518,-0.6714
-0.0330,-1.0242,0.1377,5.9814,2.7466,-0.5493
-0.0320,-1.0245,0.1371,6.2256,3.0518,-0.6714
-0.0322,-1.0245,0.1377,5.9814,3.1128,-0.4272
-0.0328,-1.0251,0.1375,6.0425,2.9297,-0.4883
-0.0320,-1.0245,0.1371,6.1035,2.8687,-0.5493
-0.0339,-1.0248,0.1376,6.1646,3.1128,-0.6714
-0.0325,-1.0249,0.1370,6.1035,2.8687,-0.4883
-0.0330,-1.0243,0.1373,6.1035,2.9297,-0.5493
-0.0328,-1.0244,0.1373,6.0425,2.9297,-0.4883
-0.0321,-1.0243,0.1372,5.9814,2.8076,-0.5493
-0.0323,-1.0243,0.1381,5.9204,2.9907,-0.3662
-0.0328,-1.0244,0.1379,5.9204,2.9297,-0.4883
-0.0319,-1.0249,0.1389,6.0425,2.9907,-0.5493
-0.0319,-1.0245,0.1382,5.9814,2.9297,-0.5493
-0.0319,-1.0244,0.1381,6.1646,2.9297,-0.5493
-0.0316,-1.0248,0.1394,6.2256,3.0518,-0.5493
-0.0321,-1.0243,0.1384,5.9204,2.9907,-0.5493
-0.0327,-1.0244,0.1375,6.1646,2.8687,-0.4883
-0.0319,-1.0253,0.1383,5.9814,2.8076,-0.4272
-0.0321,-1.0251,0.1389,5.9814,2.8076,-0.6104
-0.0321,-1.0243,0.1394,6.0425,2.8687,-0.4883
-0.0327,-1.0255,0.1379,5.9204,2.9297,-0.6104
-0.0338,-1.0239,0.1381,6.1035,2.9907,-0.6104
-0.0338,-1.0251,0.1377,5.9814,2.9907,-0.5493
-0.0323,-1.0245,0.1385,6.0425,2.9907,-0.6104
-0.0322,-1.0242,0.1385,5.9814,3.1128,-0.6714
-0.0331,-1.0248,0.1381,6.1646,2.9297,-0.4272
-0.0332,-1.0243,0.1385,6.1035,2.8687,-0.5493
-0.0327,-1.0254,0.1377,6.1035,3.1738,-0.5493
-0.0327,-1.0240,0.1383,6.2256,3.1128,-0.4883
-0.0319,-1.0250,0.1383,6.1646,2.8687,-0.4272
-0.0328,-1.0251,0.1379,6.0425,3.0518,-0.6104
-0.0325,-1.0239,0.1384,5.9814,3.1128,-0.6104
-0.0320,-1.0251,0.1389,6.1646,2.9297,-0.5493
FIN_VENTANA
INICIO_VENTANA reposo
-0.0331,-1.0240,0.1387,6.1646,3.0518,-0.5493
-0.0317,-1.0240,0.1383,6.2256,2.9297,-0.6104
-0.0320,-1.0243,0.1388,5.9204,2.9907,-0.5493
-0.0337,-1.0243,0.1393,6.1646,2.9907,-0.6104
-0.0319,-1.0247,0.1399,6.1035,2.9297,-0.5493
-0.0323,-1.0237,0.1401,5.9204,2.8687,-0.6104
-0.0326,-1.0247,0.1392,6.1035,2.9907,-0.4883
-0.0323,-1.0247,0.1396,6.0425,2.9297,-0.4883
-0.0320,-1.0249,0.1409,5.9814,2.8687,-0.4883
-0.0321,-1.0237,0.1398,6.1646,3.1738,-0.5493
-0.0330,-1.0255,0.1405,5.9204,2.9907,-0.6104
-0.0317,-1.0253,0.1388,5.8594,2.9907,-0.5493
-0.0321,-1.0247,0.1392,6.1035,2.8687,-0.4883
-0.0321,-1.0249,0.1411,5.9204,2.7466,-0.6104
-0.0325,-1.0240,0.1395,5.8594,2.9297,-0.5493
-0.0328,-1.0253,0.1406,5.9204,2.9297,-0.4883
-0.0327,-1.0242,0.1401,5.9204,2.9297,-0.5493
-0.0332,-1.0253,0.1400,6.0425,2.8076,-0.6104
-0.0322,-1.0240,0.1393,6.0425,3.0518,-0.6104
-0.0323,-1.0251,0.1400,6.0425,3.0518,-0.4883
-0.0319,-1.0243,0.1390,6.0425,2.9297,-0.4883
-0.0322,-1.0247,0.1406,6.1646,2.9297,-0.6714
-0.0316,-1.0260,0.1400,6.0425,3.1128,-0.5493
-0.0332,-1.0242,0.1407,6.2256,3.0518,-0.7324
-0.0323,-1.0243,0.1405,6.1035,3.0518,-0.4883
-0.0316,-1.0249,0.1409,6.1646,2.9297,-0.6104
-0.0327,-1.0245,0.1411,6.1035,3.1128,-0.4272
-0.0326,-1.0250,0.1398,6.1646,2.9907,-0.5493
-0.0326,-1.0251,0.1389,6.2256,2.9907,-0.6104
-0.0332,-1.0242,0.1401,6.1035,2.9907,-0.4883
-0.0325,-1.0245,0.1400,6.0425,2.8687,-0.5493
-0.0330,-1.0244,0.1398,6.0425,2.9297,-0.4272
-0.0325,-1.0250,0.1404,5.8594,3.0518,-0.4883
-0.0328,-1.0245,0.1399,6.1646,2.9297,-0.4272
-0.0331,-1.0254,0.1394,6.0425,2.8687,-0.5493
-0.0327,-1.0250,0.1388,6.1035,2.8687,-0.4883
-0.0322,-1.0248,0.1401,6.0425,2.8687,-0.5493
-0.0336,-1.0244,0.1401,6.0425,2.8687,-0.7324
-0.0327,-1.0248,0.1398,6.0425,2.9907,-0.5493
-0.0328,-1.0255,0.1396,5.9814,2.9297,-0.5493
-0.0316,-1.0250,0.1401,6.1035,3.1128,-0.4272
-0.0327,-1.0245,0.1401,6.2256,2.8687,-0.6104
-0.0322,-1.0245,0.1420,6.1035,3.1128,-0.6104
-0.0321,-1.0248,0.1409,6.2256,2.8687,-0.4272
-0.0334,-1.0239,0.1395,5.9814,2.8076,-0.3662
-0.0319,-1.0243,0.1396,6.0425,2.8687,-0.4883
-0.0331,-1.0248,0.1405,6.1035,3.0518,-0.7324
-0.0321,-1.0254,0.1398,6.1035,2.8687,-0.4883
-0.0326,-1.0245,0.1404,6.1646,3.1128,-0.4883
-0.0323,-1.0248,0.1401,6.1035,2.8687,-0.6104
-0.0327,-1.0243,0.1400,5.9814,2.8687,-0.6714
-0.0320,-1.0247,0.1411,6.0425,2.9907,-0.6714
-0.0325,-1.0244,0.1392,5.9204,2.9297,-0.5493
-0.0332,-1.0249,0.1403,6.1646,3.1128,-0.4883
-0.0323,-1.0251,0.1399,6.1035,2.9907,-0.6714
-0.0320,-1.0245,0.1409,5.9814,3.0518,-0.5493
-0.0321,-1.0250,0.1401,5.8594,2.8687,-0.6714
-0.0325,-1.0248,0.1405,6.0425,2.9297,-0.6714
-0.0322,-1.0256,0.1405,6.0425,2.8687,-0.7324
-0.0320,-1.0258,0.1406,5.9814,2.9297,-0.4883
-0.0326,-1.0247,0.1405,6.1646,2.9297,-0.4883
-0.0322,-1.0243,0.1403,5.9814,2.9297,-0.6104
-0.0328,-1.0243,0.1407,6.1035,2.9907,-0.6104
-0.0330,-1.0248,0.1401,6.0425,2.8687,-0.5493
-0.0330,-1.0250,0.1409,6.0425,2.9907,-0.4883
-0.0323,-1.0242,0.1415,6.0425,2.8687,-0.6104
-0.0316,-1.0237,0.1410,6.0425,2.8687,-0.5493
-0.0331,-1.0240,0.1406,5.9814,2.9297,-0.5493
-0.0320,-1.0239,0.1393,6.0425,3.0518,-0.6104
-0.0327,-1.0250,0.1412,5.9204,2.8687,-0.5493
-0.0322,-1.0245,0.1412,5.8594,2.9297,-0.7324
-0.0311,-1.0249,0.1418,6.0425,2.9297,-0.6714
-0.0323,-1.0245,0.1405,6.1035,2.9907,-0.6714
-0.0314,-1.0258,0.1407,6.1035,3.1128,-0.4883
-0.0326,-1.0243,0.1406,5.9204,3.0518,-0.6104
-0.0317,-1.0258,0.1400,6.1035,2.9907,-0.6714
-0.0317,-1.0244,0.1406,5.9204,2.8687,-0.5493
-0.0317,-1.0239,0.1412,6.1035,3.0518,-0.7324
-0.0322,-1.0254,0.1412,6.1646,3.0518,-0.6714
-0.0316,-1.0247,0.1405,6.1646,2.9907,-0.4272
-0.0322,-1.0244,0.1406,5.9814,2.7466,-0.6104
-0.0328,-1.0245,0.1417,6.0425,2.9907,-0.4883
-0.0322,-1.0250,0.1406,5.9204,2.8076,-0.4883
-0.0327,-1.0248,0.1407,6.0425,2.7466,-0.5493
-0.0323,-1.0247,0.1403,5.9814,2.7466,-0.5493
-0.0322,-1.0244,0.1396,6.1035,2.9297,-0.4883
-0.0319,-1.0253,0.1418,6.1035,2.8076,-0.4883
-0.0326,-1.0237,0.1396,6.0425,2.8687,-0.6714
-0.0323,-1.0254,0.1406,6.0425,2.9297,-0.5493
-0.0321,-1.0239,0.1411,6.0425,2.8687,-0.5493
-0.0325,-1.0234,0.1403,6.1646,2.8687,-0.6104
-0.0320,-1.0250,0.1416,5.7983,2.7466,-0.3662
-0.0314,-1.0242,0.1404,5.9814,2.9907,-0.6104
-0.0321,-1.0253,0.1407,5.9204,2.8687,-0.6104
-0.0321,-1.0249,0.1409,6.1646,2.9297,-0.5493
-0.0321,-1.0250,0.1401,5.9814,2.9907,-0.4272
-0.0321,-1.0245,0.1405,6.1035,2.8687,-0.6714
-0.0326,-1.0222,0.1400,6.1035,2.8076,-0.6104
-0.0314,-1.0253,0.1410,5.9814,2.9907,-0.4272
-0.0336,-1.0239,0.1403,6.1035,2.9907,-0.7324
FIN_VENTANA
INICIO_VENTANA reposo
-0.0325,-1.0251,0.1415,6.2256,2.9907,-0.6104
-0.0323,-1.0249,0.1412,6.1035,2.9297,-0.6104
-0.0320,-1.0240,0.1412,6.1035,2.9907,-0.6104
-0.0326,-1.0251,0.1421,6.1035,2.7466,-0.4883
-0.0317,-1.0237,0.1415,6.0425,2.8687,-0.5493
-0.0322,-1.0244,0.1411,6.1035,2.9907,-0.6104
-0.0320,-1.0254,0.1417,6.2866,2.8687,-0.6104
-0.0325,-1.0254,0.1417,5.9814,2.9907,-0.6104
-0.0319,-1.0226,0.1412,5.9814,3.1128,-0.6104
-0.0320,-1.0240,0.1420,6.1035,3.0518,-0.6104
-0.0321,-1.0243,0.1415,6.0425,2.8076,-0.5493
-0.0322,-1.0249,0.1410,5.9204,2.9907,-0.6104
-0.0316,-1.0243,0.1421,6.0425,3.0518,-0.4883
-0.0333,-1.0254,0.1404,6.1646,2.9297,-0.5493
-0.0314,-1.0245,0.1412,6.0425,2.9907,-0.4272
-0.0332,-1.0250,0.1412,6.0425,2.9907,-0.5493
-0.0323,-1.0258,0.1412,6.2256,2.9907,-0.7324
-0.0321,-1.0234,0.1407,6.1035,2.9907,-0.5493
-0.0330,-1.0251,0.1412,6.1646,3.0518,-0.6714
-0.0328,-1.0243,0.1416,6.2256,2.9907,-0.6104
-0.0337,-1.0250,0.1409,6.0425,3.0518,-0.4883
-0.0325,-1.0240,0.1415,6.1646,3.0518,-0.7324
-0.0317,-1.0254,0.1405,6.1646,2.8687,-0.4883
-0.0331,-1.0258,0.1415,5.9204,2.9297,-0.6104
-0.0327,-1.0249,0.1407,6.0425,2.9907,-0.3662
-0.0314,-1.0242,0.1420,6.1646,3.0518,-0.6714
-0.0385,-1.0134,0.1427,5.8594,2.6245,-0.9766
-0.0259,-1.0342,0.1472,5.3101,4.4556,2.2583
-0.0326,-1.0297,0.1371,6.8359,1.2817,-3.9673
-0.0341,-1.0228,0.1415,5.5542,3.9062,1.4038
-0.0281,-1.0284,0.1438,5.9814,3.3569,0.4883
-0.0312,-1.0262,0.1406,6.1035,2.5635,-1.5869
-0.0349,-1.0211,0.1392,6.2256,2.5024,-1.8311
-0.0326,-1.0244,0.1404,5.7983,3.7842,1.4648
-0.0316,-1.0244,0.1407,6.3477,2.3804,-1.5869
-0.0338,-1.0236,0.1417,5.8594,2.6245,-1.1597
-0.0344,-1.0243,0.1398,5.9814,3.1128,-0.0610
-0.0295,-1.0283,0.1442,5.9204,3.1738,0.0610
-0.0339,-1.0226,0.1394,6.1035,2.4414,-1.3428
-0.0330,-1.0244,0.1418,5.7983,3.0518,-0.1221
-0.0312,-1.0250,0.1409,6.1646,3.4180,-0.2441
-0.0316,-1.0123,0.1387,6.2256,2.8076,-1.3428
-0.0339,-1.0253,0.1481,5.7373,3.4180,0.3662
-0.0315,-1.0232,0.1321,6.1646,2.6855,-0.8545
-0.0319,-1.0294,0.1434,5.9204,2.9907,-0.3662
-0.0344,-1.0243,0.1414,6.2866,2.7466,-0.6714
-0.0317,-1.0261,0.1410,5.9814,3.0518,-0.4272
-0.0327,-1.0267,0.1422,5.9814,2.8687,-0.6714
-0.0306,-1.0217,0.1367,5.9814,2.9297,-0.7935
-0.0343,-1.0278,0.1432,5.7983,3.1128,-0.1831
-0.0320,-1.0247,0.1398,6.1035,2.7466,-0.9155
-0.0325,-1.0265,0.1425,5.9204,3.0518,-0.4883
-0.0322,-1.0239,0.1399,6.0425,2.8076,-0.7324
-0.0311,-1.0251,0.1403,5.9204,2.9297,-0.5493
-0.0322,-1.0267,0.1417,6.0425,2.8687,-0.7935
-0.0317,-1.0236,0.1403,5.9814,2.9907,-0.5493
-0.0331,-1.0249,0.1411,6.2256,3.0518,-0.5493
-0.0321,-1.0238,0.1390,6.0425,2.9907,-0.7324
-0.0332,-1.0256,0.1415,5.8594,2.9907,-0.3662
-0.0319,-1.0244,0.1404,6.0425,2.9297,-0.6714
-0.0330,-1.0243,0.1398,5.8594,2.8076,-0.6104
-0.0330,-1.0262,0.1412,6.0425,2.8687,-0.6104
-0.0322,-1.0244,0.1405,6.1035,2.9297,-0.5493
-0.0327,-1.0244,0.1410,5.9814,2.8687,-0.6104
-0.0317,-1.0243,0.1407,6.0425,2.9907,-0.5493
-0.0319,-1.0247,0.1401,6.1035,2.9297,-0.4883
-0.0321,-1.0250,0.1404,6.0425,3.1128,-0.6714
-0.0322,-1.0239,0.1396,6.1646,2.9907,-0.7324
-0.0310,-1.0244,0.1407,5.9814,2.9907,-0.6714
-0.0326,-1.0244,0.1392,6.1646,2.9907,-0.7324
-0.0327,-1.0248,0.1414,5.7983,2.9297,-0.4883
-0.0325,-1.0255,0.1409,6.0425,2.9907,-0.5493
-0.0320,-1.0249,0.1403,6.0425,3.0518,-0.5493
-0.0317,-1.0237,0.1403,6.0425,2.8687,-0.4883
-0.0323,-1.0256,0.1406,6.1646,2.8076,-0.4272
-0.0323,-1.0236,0.1406,6.2256,2.9907,-0.6104
-0.0323,-1.0243,0.1409,5.8594,2.8687,-0.6104
-0.0323,-1.0253,0.1401,5.9814,3.0518,-0.6104
-0.0322,-1.0238,0.1396,6.2866,2.8687,-0.6714
-0.0325,-1.0255,0.1401,6.1035,3.1128,-0.4272
-0.0327,-1.0242,0.1394,6.1035,2.9297,-0.5493
-0.0319,-1.0245,0.1405,6.1035,3.1128,-0.6104
-0.0330,-1.0243,0.1396,6.2256,2.9907,-0.5493
-0.0320,-1.0249,0.1388,6.1646,2.8687,-0.4883
-0.0319,-1.0243,0.1400,6.0425,3.0518,-0.6104
-0.0323,-1.0247,0.1389,6.2256,2.8687,-0.6714
-0.0319,-1.0240,0.1392,6.1646,2.9907,-0.6104
-0.0320,-1.0244,0.1403,6.2256,2.9907,-0.4883
-0.0326,-1.0242,0.1390,6.0425,3.2349,-0.5493
-0.0319,-1.0243,0.1395,6.1035,2.9297,-0.7324
-0.0323,-1.0243,0.1387,5.9204,2.9907,-0.6714
-0.0327,-1.0245,0.1390,6.0425,2.9297,-0.6104
-0.0323,-1.0243,0.1384,5.8594,2.9297,-0.6104
-0.0320,-1.0254,0.1395,5.9204,3.0518,-0.4883
-0.0308,-1.0250,0.1388,5.9814,2.9297,-0.7324
-0.0326,-1.0242,0.1392,6.0425,2.8687,-0.5493
-0.0323,-1.0251,0.1385,6.1646,2.9907,-0.6104
-0.0323,-1.0253,0.1382,6.1035,2.9297,-0.5493
-0.0317,-1.0250,0.1395,6.0425,2.9907,-0.4883
-0.0317,-1.0249,0.1384,6.1646,3.0518,-0.5493
FIN_VENTANA
INICIO_VENTANA reposo
-0.0327,-1.0253,0.1390,6.1035,3.1128,-0.4883
-0.0326,-1.0250,0.1395,5.9204,2.9907,-0.6104
-0.0325,-1.0239,0.1393,6.1035,2.9297,-0.5493
-0.0328,-1.0270,0.1395,6.2256,3.0518,-0.6714
-0.0315,-1.0228,0.1400,6.1035,2.9297,-0.6104
-0.0328,-1.0255,0.1392,5.9814,3.0518,-0.4883
-0.0319,-1.0256,0.1393,6.1035,2.8076,-0.6714
-0.0325,-1.0251,0.1406,5.9204,2.9907,-0.4272
-0.0321,-1.0247,0.1401,6.0425,2.8076,-0.6104
-0.0321,-1.0249,0.1411,6.0425,2.9907,-0.7935
-0.0327,-1.0239,0.1399,5.9814,3.1128,-0.6104
-0.0320,-1.0247,0.1404,6.1646,3.1128,-0.7935
-0.0322,-1.0249,0.1399,5.8594,2.8687,-0.3662
-0.0319,-1.0244,0.1406,5.9204,2.9907,-0.4272
-0.0321,-1.0240,0.1393,5.9204,2.9907,-0.6104
-0.0316,-1.0244,0.1394,6.0425,2.9907,-0.7324
-0.0306,-1.0248,0.1403,6.1035,2.8687,-0.4883
-0.0322,-1.0243,0.1403,5.9204,2.9297,-0.5493
-0.0327,-1.0248,0.1401,6.1646,3.0518,-0.6104
-0.0325,-1.0247,0.1403,6.0425,2.8076,-0.5493
-0.0333,-1.0242,0.1404,6.0425,2.8076,-0.6104
-0.0321,-1.0253,0.1399,5.9204,2.9297,-0.3662
-0.0323,-1.0249,0.1401,6.1646,2.9907,-0.6104
-0.0325,-1.0240,0.1406,6.1035,2.9907,-0.7324
-0.0327,-1.0254,0.1400,6.1646,2.9297,-0.6714
-0.0325,-1.0243,0.1404,6.0425,2.8687,-0.4883
-0.0332,-1.0259,0.1400,5.9814,2.9297,-0.3052
-0.0317,-1.0247,0.1410,5.9204,2.7466,-0.6104
-0.0326,-1.0239,0.1401,6.1646,2.8687,-0.4883
-0.0321,-1.0243,0.1400,5.9204,2.9297,-0.6714
-0.0319,-1.0259,0.1404,6.1035,3.0518,-0.5493
-0.0321,-1.0245,0.1398,6.1035,2.8687,-0.7324
-0.0317,-1.0249,0.1407,6.0425,2.8076,-0.5493
-0.0328,-1.0245,0.1396,6.0425,2.8076,-0.7324
-0.0319,-1.0251,0.1404,6.0425,3.0518,-0.5493
-0.0316,-1.0240,0.1404,6.1035,2.9907,-0.6714
-0.0326,-1.0255,0.1400,6.1035,2.9907,-0.5493
-0.0317,-1.0250,0.1411,6.1646,3.0518,-0.6104
-0.0319,-1.0247,0.1407,6.1646,3.0518,-0.7935
-0.0326,-1.0247,0.1407,5.9814,2.9907,-0.6104
-0.0320,-1.0250,0.1400,6.1035,2.8076,-0.6104
-0.0326,-1.0258,0.1401,6.1646,2.8076,-0.4883
-0.0319,-1.0244,0.1390,5.8594,2.9907,-0.5493
-0.0321,-1.0237,0.1392,5.9814,2.8687,-0.4272
-0.0325,-1.0256,0.1398,5.8594,2.9907,-0.6104
-0.0330,-1.0251,0.1382,5.9814,2.9907,-0.4883
-0.0338,-1.0275,0.1403,5.9814,2.8687,-0.6104
-0.0327,-1.0222,0.1399,6.2866,2.9297,-0.7324
-0.0309,-1.0206,0.1406,5.9814,2.9297,-0.6104
-0.0297,-1.0271,0.1398,6.0425,2.9297,-0.7324
-0.0327,-1.0244,0.1392,6.1646,2.7466,-0.7935
-0.0332,-1.0245,0.1411,5.9204,2.9297,-0.6104
-0.0336,-1.0243,0.1399,5.9814,3.1128,-0.5493
-0.0321,-1.0245,0.1398,6.0425,2.8687,-0.6104
-0.0321,-1.0239,0.1392,6.1035,2.9297,-0.4883
-0.0315,-1.0250,0.1395,5.9814,2.8687,-0.5493
-0.0330,-1.0248,0.1399,5.9814,2.9297,-0.4883
-0.0315,-1.0243,0.1403,5.9204,3.1128,-0.7324
-0.0330,-1.0247,0.1400,6.0425,2.9907,-0.6104
-0.0320,-1.0237,0.1403,6.0425,2.8687,-0.5493
-0.0317,-1.0249,0.1407,6.0425,2.9297,-0.6714
-0.0315,-1.0262,0.1400,5.9814,2.9907,-0.6714
-0.0322,-1.0248,0.1406,6.0425,3.0518,-0.6104
-0.0325,-1.0239,0.1406,5.9204,2.9297,-0.5493
-0.0323,-1.0256,0.1394,6.1035,2.9297,-0.4883
-0.0322,-1.0250,0.1403,6.1646,2.8687,-0.6104
-0.0320,-1.0250,0.1400,5.7373,3.0518,-0.5493
-0.0317,-1.0262,0.1404,5.7983,2.8687,-0.7324
-0.0319,-1.0248,0.1394,6.0425,2.9297,-0.7935
-0.0321,-1.0245,0.1398,5.9204,2.8076,-0.7935
-0.0338,-1.0243,0.1404,5.9814,2.8076,-0.5493
-0.0312,-1.0242,0.1404,6.0425,3.0518,-0.6104
-0.0314,-1.0250,0.1392,6.0425,2.8687,-0.6104
-0.0322,-1.0253,0.1400,5.9814,2.9297,-0.5493
-0.0319,-1.0258,0.1398,5.9204,3.0518,-0.4883
-0.0312,-1.0245,0.1401,6.1035,2.8076,-0.4883
-0.0327,-1.0243,0.1401,5.9204,2.9297,-0.4272
-0.0320,-1.0249,0.1401,5.9814,2.8076,-0.6714
-0.0312,-1.0250,0.1401,5.9814,2.8687,-0.6104
-0.0319,-1.0251,0.1399,5.9814,2.9297,-0.4883
-0.0326,-1.0247,0.1406,6.1646,2.8687,-0.5493
-0.0333,-1.0240,0.1406,6.0425,2.9907,-0.6104
-0.0314,-1.0250,0.1394,6.0425,2.9297,-0.5493
-0.0325,-1.0254,0.1403,6.0425,2.9297,-0.7324
-0.0322,-1.0248,0.1395,6.1035,2.8687,-0.6104
-0.0322,-1.0251,0.1401,6.0425,2.9907,-0.6714
-0.0328,-1.0247,0.1395,5.9204,2.9297,-0.6104
-0.0321,-1.0249,0.1403,6.0425,2.9297,-0.5493
-0.0331,-1.0243,0.1396,5.9814,2.8687,-0.6714
-0.0328,-1.0259,0.1393,6.2866,2.8076,-0.5493
-0.0322,-1.0250,0.1406,6.2256,2.9907,-0.7935
-0.0312,-1.0247,0.1398,6.1035,3.0518,-0.5493
-0.0321,-1.0245,0.1395,5.8594,3.0518,-0.6104
-0.0314,-1.0244,0.1403,5.7983,2.7466,-0.7324
-0.0321,-1.0264,0.1400,6.1646,2.8687,-0.6714
-0.0326,-1.0247,0.1394,6.0425,2.8687,-0.6714
-0.0312,-1.0247,0.1392,5.9814,2.9297,-0.5493
-0.0322,-1.0251,0.1398,5.8594,2.9297,-0.5493
-0.0316,-1.0245,0.1396,6.0425,2.9907,-0.5493
-0.0326,-1.0256,0.1394,6.1035,2.7466,-0.6714
FIN_VENTANA
INICIO_VENTANA reposo
-0.0315,-1.0243,0.1400,5.8594,3.0518,-0.4883
-0.0321,-1.0245,0.1403,6.1035,2.9907,-0.5493
-0.0322,-1.0244,0.1393,6.0425,2.8687,-0.3052
-0.0323,-1.0247,0.1401,5.9814,2.9907,-0.4272
-0.0323,-1.0256,0.1394,6.1646,2.9297,-0.5493
-0.0308,-1.0240,0.1390,6.1646,3.1128,-0.6714
-0.0330,-1.0258,0.1406,5.7983,2.9297,-0.6714
-0.0321,-1.0249,0.1403,5.9204,2.9297,-0.5493
-0.0315,-1.0253,0.1400,6.1646,3.0518,-0.5493
-0.0315,-1.0239,0.1417,5.9814,2.7466,-0.5493
-0.0321,-1.0242,0.1388,5.9814,2.8076,-0.5493
-0.0330,-1.0258,0.1405,5.9204,2.9907,-0.4883
-0.0320,-1.0251,0.1388,6.1646,2.9907,-0.6714
-0.0327,-1.0255,0.1405,6.2256,2.9297,-0.5493
-0.0311,-1.0238,0.1400,5.8594,2.9297,-0.6104
-0.0327,-1.0248,0.1405,6.1646,2.8687,-0.7324
-0.0310,-1.0256,0.1405,5.9204,3.0518,-0.5493
-0.0328,-1.0245,0.1410,5.9204,2.8687,-0.4883
-0.0319,-1.0253,0.1406,6.1035,3.0518,-0.5493
-0.0330,-1.0253,0.1392,6.1035,2.9907,-0.4883
-0.0320,-1.0244,0.1406,5.9814,2.9297,-0.6714
-0.0314,-1.0251,0.1406,5.9204,2.8687,-0.5493
-0.0320,-1.0244,0.1403,6.1646,2.9907,-0.5493
-0.0317,-1.0251,0.1403,6.0425,3.0518,-0.4272
-0.0325,-1.0251,0.1398,5.9204,2.8687,-0.6104
-0.0321,-1.0256,0.1401,6.1646,2.9297,-0.4883
-0.0319,-1.0248,0.1395,5.9814,2.9907,-0.4883
-0.0321,-1.0251,0.1410,5.9814,3.0518,-0.4883
-0.0326,-1.0248,0.1393,5.9814,2.8687,-0.6714
-0.0323,-1.0248,0.1394,5.8594,3.0518,-0.5493
-0.0321,-1.0242,0.1414,6.1035,2.8687,-0.6104
-0.0317,-1.0256,0.1403,6.0425,3.1738,-0.6714
-0.0325,-1.0244,0.1401,6.1035,2.9907,-0.4883
-0.0323,-1.0245,0.1400,5.9814,2.8687,-0.5493
-0.0322,-1.0249,0.1412,6.0425,2.8687,-0.7324
-0.0330,-1.0248,0.1409,5.9204,2.8076,-0.6104
-0.0321,-1.0243,0.1407,6.1646,2.9297,-0.6104
-0.0317,-1.0243,0.1410,6.0425,2.9297,-0.4883
-0.0320,-1.0258,0.1410,6.1646,2.9907,-0.6714
-0.0319,-1.0247,0.1403,5.9814,2.8687,-0.6714
-0.0322,-1.0244,0.1406,5.9814,2.8076,-0.6104
-0.0319,-1.0245,0.1418,6.1646,2.9907,-0.6714
-0.0328,-1.0250,0.1415,6.2866,2.8687,-0.6714
-0.0317,-1.0244,0.1403,6.0425,2.9297,-0.4883
-0.0319,-1.0250,0.1399,6.1035,2.9297,-0.6104
-0.0316,-1.0262,0.1416,6.1035,2.9297,-0.6104
-0.0319,-1.0242,0.1410,6.1646,2.9907,-0.5493
-0.0317,-1.0262,0.1404,6.3477,3.0518,-0.6104
-0.0325,-1.0250,0.1406,5.8594,2.8076,-0.5493
-0.0320,-1.0242,0.1401,6.1035,2.9297,-0.4883
-0.0319,-1.0255,0.1406,6.1646,2.9907,-0.4272
-0.0317,-1.0248,0.1406,6.1646,2.9907,-0.7935
-0.0319,-1.0251,0.1407,5.9814,2.9297,-0.4883
-0.0319,-1.0253,0.1405,5.9814,2.9907,-0.6714
-0.0320,-1.0254,0.1409,6.0425,2.9297,-0.6714
-0.0316,-1.0269,0.1411,6.1035,3.0518,-0.6104
-0.0322,-1.0265,0.1404,6.1646,2.9297,-0.4883
-0.0321,-1.0255,0.1406,6.2256,2.8076,-0.4883
-0.0323,-1.0243,0.1401,6.1035,2.9907,-0.6714
-0.0320,-1.0259,0.1410,6.0425,2.8687,-0.6714
-0.0319,-1.0245,0.1409,6.1646,2.9907,-0.7935
-0.0311,-1.0248,0.1414,6.1035,2.9907,-0.5493
-0.0311,-1.0253,0.1392,6.2866,2.8076,-0.6714
-0.0315,-1.0267,0.1416,6.2256,3.0518,-0.4883
-0.0316,-1.0240,0.1416,5.8594,2.9297,-0.4883
-0.0320,-1.0238,0.1411,6.2256,3.0518,-0.5493
-0.0322,-1.0244,0.1410,6.1646,2.9297,-0.6104
-0.0312,-1.0239,0.1400,5.9814,2.8687,-0.5493
-0.0317,-1.0259,0.1417,6.1646,2.8076,-0.7324
-0.0326,-1.0237,0.1403,5.9204,2.9297,-0.6104
-0.0314,-1.0256,0.1405,6.1035,2.9297,-0.6104
-0.0320,-1.0250,0.1409,6.0425,2.8687,-0.6104
-0.0316,-1.0244,0.1403,6.0425,2.8687,-0.6714
-0.0323,-1.0258,0.1417,6.1035,2.8076,-0.6104
-0.0321,-1.0237,0.1395,5.9814,3.0518,-0.6104
-0.0314,-1.0266,0.1403,6.0425,3.0518,-0.6104
-0.0332,-1.0253,0.1409,6.0425,2.9297,-0.6714
-0.0315,-1.0245,0.1390,6.2256,3.1128,-0.7324
-0.0305,-1.0236,0.1405,5.9814,3.0518,-0.4272
-0.0332,-1.0288,0.1414,5.9204,2.9907,-0.3662
-0.0321,-1.0256,0.1385,5.9814,2.8687,-0.9155
-0.0320,-1.0264,0.1404,6.0425,2.9907,-0.5493
-0.0322,-1.0247,0.1405,6.1646,2.8076,-0.5493
-0.0314,-1.0248,0.1399,5.8594,3.1128,-0.6104
-0.0325,-1.0251,0.1395,6.3477,3.0518,-0.6714
-0.0320,-1.0237,0.1399,6.1035,2.8687,-0.6104
-0.0317,-1.0265,0.1406,6.2256,2.8687,-0.6104
-0.0317,-1.0236,0.1395,5.9814,2.8687,-0.7935
-0.0320,-1.0255,0.1383,6.1035,2.8687,-0.5493
-0.0330,-1.0248,0.1399,5.8594,2.9297,-0.4272
-0.0326,-1.0249,0.1389,5.9814,2.8687,-0.6104
-0.0319,-1.0249,0.1403,6.1035,2.8687,-0.6104
-0.0319,-1.0248,0.1398,6.0425,2.9297,-0.7324
-0.0320,-1.0248,0.1403,5.8594,2.8076,-0.6714
-0.0323,-1.0258,0.1395,5.9204,2.9297,-0.6104
-0.0309,-1.0248,0.1395,6.1035,2.9907,-0.6104
-0.0322,-1.0223,0.1381,6.2256,2.8687,-0.9155
-0.0319,-1.0253,0.1401,5.9204,2.8687,-0.4883
-0.0326,-1.0247,0.1389,6.1646,2.9907,-0.5493
-0.0320,-1.0226,0.1407,6.2866,2.9907,-0.7935
FIN_VENTANA
INICIO_VENTANA reposo
-0.0321,-1.0269,0.1409,5.8594,2.9297,-0.6714
-0.0309,-1.0231,0.1432,5.9814,3.1128,-0.6104
-0.0319,-1.0208,0.1406,5.9814,2.9907,-0.4272
-0.0315,-1.0265,0.1403,6.1035,3.0518,-0.6104
-0.0319,-1.0242,0.1412,6.1035,2.9907,-0.5493
-0.0325,-1.0250,0.1403,6.1035,2.9907,-0.7324
-0.0317,-1.0238,0.1392,6.2256,2.9907,-0.4883
-0.0322,-1.0242,0.1407,6.1035,2.9297,-0.5493
-0.0316,-1.0267,0.1405,6.1646,2.9907,-0.5493
-0.0330,-1.0249,0.1396,5.9204,2.8076,-0.6714
-0.0320,-1.0251,0.1401,6.2256,2.9297,-0.7324
-0.0310,-1.0240,0.1406,6.2866,2.9907,-0.4883
-0.0321,-1.0234,0.1405,6.1646,2.8687,-0.6714
-0.0314,-1.0245,0.1399,6.1646,3.1128,-0.5493
-0.0312,-1.0254,0.1403,6.0425,2.9297,-0.6104
-0.0316,-1.0271,0.1399,6.0425,2.8687,-0.4883
-0.0306,-1.0240,0.1401,6.1646,3.0518,-0.6714
-0.0325,-1.0269,0.1405,6.1035,2.9907,-0.4883
-0.0315,-1.0251,0.1390,6.0425,3.0518,-0.7324
-0.0309,-1.0248,0.1406,6.1035,3.1128,-0.7324
-0.0312,-1.0243,0.1400,6.2866,3.0518,-0.5493
-0.0315,-1.0270,0.1396,6.2256,2.8687,-0.7935
-0.0317,-1.0234,0.1398,5.9814,2.8687,-0.7324
-0.0326,-1.0244,0.1396,5.8594,2.9297,-0.4272
-0.0310,-1.0253,0.1382,5.9204,2.9297,-0.6104
-0.0314,-1.0253,0.1393,5.9814,3.0518,-0.6104
-0.0331,-1.0254,0.1407,5.9814,2.8687,-0.6104
-0.0310,-1.0262,0.1396,5.9814,3.0518,-0.5493
-0.0322,-1.0269,0.1395,6.1646,2.9907,-0.6714
-0.0317,-1.0242,0.1404,6.1646,3.0518,-0.6104
-0.0284,-1.0126,0.1428,6.1646,2.9907,-0.6104
-0.0321,-1.0242,0.1403,5.9814,2.9907,-0.6714
-0.0308,-1.0300,0.1368,6.0425,2.9907,-0.4883
-0.0330,-1.0236,0.1388,5.9814,2.9297,-0.6104
-0.0304,-1.0256,0.1405,6.1646,2.9297,-0.4272
-0.0309,-1.0253,0.1381,6.0425,3.1128,-0.6104
-0.0316,-1.0249,0.1399,6.0425,2.9907,-0.5493
-0.0321,-1.0242,0.1406,6.1035,3.0518,-0.7324
-0.0315,-1.0247,0.1384,5.7983,2.9907,-0.4883
-0.0316,-1.0256,0.1390,5.9204,2.9297,-0.5493
-0.0316,-1.0253,0.1387,5.9814,2.9907,-0.6104
-0.0327,-1.0253,0.1385,5.9204,2.9907,-0.4883
-0.0321,-1.0250,0.1390,5.9204,2.9907,-0.6104
-0.0327,-1.0258,0.1388,6.2256,3.0518,-0.6104
-0.0309,-1.0254,0.1401,6.0425,2.8687,-0.6104
-0.0317,-1.0234,0.1390,6.1646,2.9297,-0.5493
-0.0303,-1.0216,0.1390,6.0425,3.2349,-0.5493
-0.0312,-1.0259,0.1379,6.1646,3.1128,-0.5493
-0.0306,-1.0327,0.1327,5.9204,2.9297,-0.6714
-0.0336,-1.0239,0.1337,5.9814,2.8687,-0.6714
-0.0317,-1.0280,0.1394,6.2866,2.9907,-0.5493
-0.0322,-1.0239,0.1381,6.1646,2.9907,-0.6104
-0.0325,-1.0284,0.1377,6.0425,3.0518,-0.4883
-0.0314,-1.0247,0.1395,6.1035,2.7466,-0.6714
-0.0312,-1.0243,0.1390,6.1035,3.1128,-0.5493
-0.0320,-1.0259,0.1394,5.9814,3.0518,-0.5493
-0.0319,-1.0238,0.1385,5.8594,2.7466,-0.4883
-0.0322,-1.0255,0.1396,6.1646,2.9297,-0.4883
-0.0310,-1.0244,0.1385,6.1646,3.1128,-0.6104
-0.0310,-1.0253,0.1393,5.9814,2.9907,-0.6104
-0.0323,-1.0281,0.1382,6.0425,3.0518,-0.4883
-0.0319,-1.0256,0.1392,6.1646,2.9297,-0.3662
-0.0325,-1.0261,0.1383,6.0425,3.1128,-0.4883
-0.0320,-1.0229,0.1373,6.3477,2.8687,-0.5493
-0.0314,-1.0272,0.1389,5.9814,3.0518,-0.3052
-0.0312,-1.0242,0.1376,6.2256,2.7466,-0.4883
-0.0317,-1.0251,0.1385,6.0425,2.8687,-0.4883
-0.0308,-1.0251,0.1368,6.1646,2.9907,-0.4883
-0.0312,-1.0249,0.1388,6.1646,2.8687,-0.5493
-0.0312,-1.0240,0.1383,6.1646,2.7466,-0.5493
-0.0316,-1.0259,0.1389,5.9814,2.9297,-0.4272
-0.0311,-1.0264,0.1381,6.1035,2.8687,-0.7324
-0.0309,-1.0253,0.1384,5.9814,2.8076,-0.6714
-0.0325,-1.0253,0.1383,5.9204,2.7466,-0.6104
-0.0298,-1.0227,0.1373,6.1646,2.9297,-0.6714
-0.0310,-1.0251,0.1383,6.0425,2.8687,-0.3662
-0.0325,-1.0253,0.1384,6.1035,2.8687,-0.6104
-0.0311,-1.0240,0.1388,5.8594,3.0518,-0.5493
-0.0316,-1.0212,0.1382,6.1035,3.1128,-0.7324
-0.0366,-1.0610,0.1300,5.7983,3.3569,0.1221
-0.0454,-1.0229,0.1909,10.6201,3.1738,-1.2207
-0.0228,-1.0248,0.0974,6.1035,16.6626,-2.4414
-0.0322,-1.0447,0.1265,5.2490,13.1836,-1.3428
-0.0375,-1.0245,0.1464,5.0049,11.1694,-1.8311
-0.0237,-1.0210,0.1453,5.6152,9.8877,-1.2817
-0.0282,-1.0222,0.1417,6.5918,5.5542,-1.4038
-0.0312,-1.0225,0.1344,6.4087,4.5166,-0.4272
-0.0314,-1.0253,0.1472,6.2866,3.4790,-0.8545
-0.0321,-1.0264,0.1372,6.5308,4.0283,-0.6104
-0.0337,-1.0248,0.1331,6.2866,3.7231,-0.4272
-0.0321,-1.0248,0.1387,5.7983,2.9907,-0.6104
-0.0317,-1.0215,0.1394,4.2725,2.8076,-0.2441
-0.0312,-1.0242,0.1417,4.8828,2.9297,-0.0610
-0.0353,-1.0242,0.1472,5.6152,3.8452,-0.0610
-0.0388,-1.0210,0.1454,5.9814,4.0283,-1.2817
-0.0353,-1.0240,0.1459,5.0659,6.7139,-0.7324
-0.0366,-1.0276,0.1414,7.9956,11.4746,-1.7090
0.0167,-1.0298,0.1082,3.8452,1.9531,1.5259
-0.0547,-1.0249,0.1714,3.6621,4.9438,-0.8545
0.0074,-1.0404,0.1102,3.6621,5.7983,1.3428
FIN_VENTANA
INICIO_VENTANA reposo
-0.0277,-1.0242,0.1382,5.9204,2.7466,-0.5493
-0.0280,-1.0247,0.1388,5.8594,2.8687,-0.5493
-0.0226,-1.0321,0.1432,5.6152,2.8687,-1.0376
-0.0353,-1.0209,0.1373,8.5449,1.1597,-4.4556
-0.0403,-1.0132,0.1310,4.0283,5.5542,5.1880
-0.0336,-1.0381,0.1399,2.3804,4.3945,3.5400
-0.0283,-1.0215,0.1346,8.5449,1.0376,-5.0049
-0.0330,-1.0197,0.1382,7.2632,2.0752,-4.0283
-0.0322,-1.0206,0.1362,4.7607,4.6997,3.1128
-0.0314,-1.0353,0.1404,3.7842,3.9673,-13.6108
-0.0306,-1.0222,0.1382,6.5308,1.8311,-2.6245
-0.0344,-1.0150,0.1345,7.3853,2.5635,-1.7700
-0.0227,-1.0304,0.1434,4.8218,4.5166,2.5635
-0.0262,-1.0264,0.1415,6.4087,2.4414,-1.6479
-0.0304,-1.0232,0.1405,6.1035,2.3804,-1.7700
-0.0319,-1.0206,0.1365,5.9814,3.5400,0.9155
-0.0242,-1.0282,0.1447,5.7373,2.9297,-0.0610
-0.0297,-1.0239,0.1398,6.2256,2.3804,-1.7090
-0.0309,-1.0228,0.1382,6.2866,2.8687,-0.6714
-0.0270,-1.0267,0.1426,5.7373,3.2959,0.4272
-0.0281,-1.0248,0.1409,6.5308,2.5024,-1.7090
-0.0299,-1.0233,0.1388,6.3477,2.8687,-0.8545
-0.0287,-1.0249,0.1420,5.6152,3.2959,0.3662
-0.0267,-1.0258,0.1417,5.9814,2.7466,-0.8545
-0.0297,-1.0243,0.1401,6.5308,2.9297,-0.9155
-0.0278,-1.0262,0.1300,4.5166,4.6387,0.1221
-0.0278,-1.0266,0.1396,5.9204,3.2349,-0.8545
-0.0288,-1.0238,0.1406,6.5308,2.7466,-0.9766
-0.0288,-1.0249,0.1346,5.4321,3.5400,-0.4883
-0.0282,-1.0266,0.1385,5.9814,3.4790,-0.4883
-0.0287,-1.0248,0.1416,6.4087,3.1738,-0.8545
-0.0292,-1.0237,0.1417,6.2256,3.4180,-0.6714
-0.0280,-1.0260,0.1411,6.0425,3.2959,-0.6104
-0.0278,-1.0248,0.1412,6.5308,2.8687,-0.7935
-0.0288,-1.0233,0.1464,6.2256,3.0518,-0.8545
-0.0286,-1.0264,0.1510,6.5918,3.4790,-0.5493
-0.0292,-1.0244,0.1459,6.2866,3.2959,-0.8545
-0.0282,-1.0249,0.1338,6.1646,3.4790,-0.8545
-0.0292,-1.0249,0.1465,6.4087,3.8452,-0.4272
-0.0275,-1.0242,0.1451,6.5308,3.9062,-0.9155
-0.0293,-1.0258,0.1385,6.1035,3.2959,-0.6104
-0.0286,-1.0253,0.1398,6.1646,3.1128,-0.6714
-0.0280,-1.0251,0.1415,6.2866,2.9297,-0.7324
-0.0277,-1.0248,0.1401,5.8594,3.3569,-0.4272
-0.0288,-1.0250,0.1403,6.0425,3.1128,-0.4883
-0.0283,-1.0265,0.1409,6.1646,3.0518,-0.3662
-0.0292,-1.0233,0.1399,5.9814,2.8687,-0.7324
-0.0289,-1.0258,0.1409,5.7983,3.0518,-0.5493
-0.0280,-1.0245,0.1415,5.9814,3.1128,-0.4272
-0.0287,-1.0250,0.1411,5.7983,2.9297,-0.4883
-0.0287,-1.0254,0.1406,6.0425,2.7466,-0.4883
-0.0294,-1.0264,0.1414,5.7373,3.0518,-0.6104
-0.0282,-1.0245,0.1431,5.7373,2.9297,-0.4883
-0.0287,-1.0243,0.1416,6.2256,2.9297,-0.7324
-0.0287,-1.0245,0.1417,6.1646,2.9907,-0.6104
-0.0271,-1.0261,0.1428,6.1646,2.8687,-0.6104
-0.0271,-1.0239,0.1410,2.0142,5.9814,5.0659
-0.0177,-1.0261,0.1595,7.0190,1.5869,-2.8076
-0.0505,-1.0262,0.1432,7.9346,0.5493,-5.8594
-0.0452,-1.0055,0.1249,7.3853,2.6245,-2.1362
-0.0077,-1.0308,0.1459,2.7466,6.3477,7.0801
-0.0204,-1.0291,0.1335,8.3618,1.7700,-3.2959
-0.0239,-1.0332,0.1416,6.3477,1.8921,-3.7231
-0.0375,-1.0160,0.1355,10.0708,3.5400,-1.4038
-0.0208,-1.0302,0.1427,3.3569,4.9438,4.4556
-0.0260,-1.0286,0.1411,6.2256,2.1973,-2.7466
-0.0394,-1.0187,0.1451,4.6997,1.9531,-2.2583
-0.0309,-1.0211,0.1423,7.6904,4.2114,1.6479
-0.0237,-1.0308,0.1456,5.9204,3.1128,-0.1221
-0.0284,-1.0244,0.1417,5.6763,2.1973,-1.6479
-0.0327,-1.0170,0.1404,6.2256,2.8687,-0.5493
-0.0229,-1.0325,0.1462,5.7983,3.8452,1.3428
-0.0292,-1.0238,0.1406,6.1035,2.2583,-1.7700
-0.0295,-1.0239,0.1429,5.9814,2.6245,-1.0986
-0.0286,-1.0229,0.1418,6.4697,3.6621,0.7324
-0.0282,-1.0253,0.1426,6.1035,2.6855,-1.3428
-0.0283,-1.0238,0.1425,5.8594,2.8076,-0.8545
-0.0289,-1.0228,0.1421,5.8594,3.1738,-0.1221
-0.0264,-1.0278,0.1449,5.7983,3.0518,-0.1831
-0.0286,-1.0229,0.1432,5.4932,2.9297,-1.0986
-0.0288,-1.0249,0.1434,6.1646,2.9907,-0.3662
-0.0265,-1.0280,0.1445,6.8359,3.1738,-0.1831
-0.0288,-1.0240,0.1422,6.5918,2.8687,-1.0986
-0.0293,-1.0247,0.1410,6.3477,2.8687,-0.4883
-0.0273,-1.0250,0.1422,5.4932,2.9297,-0.1831
-0.0269,-1.0250,0.1438,5.3711,2.9297,-0.6104
-0.0289,-1.0242,0.1437,6.1646,2.9907,-0.6104
-0.0286,-1.0245,0.1426,5.9814,3.0518,-0.4272
-0.0282,-1.0261,0.1436,5.8594,2.9297,-0.5493
-0.0278,-1.0242,0.1426,5.7373,2.9907,-0.9766
-0.0291,-1.0244,0.1448,6.2866,2.9907,-0.5493
-0.0273,-1.0255,0.1409,6.4697,2.9907,-0.7324
-0.0288,-1.0253,0.1433,5.3711,2.9297,-0.5493
-0.0278,-1.0232,0.1449,5.0659,2.8687,-0.4272
-0.0277,-1.0249,0.1451,6.2866,2.8687,-0.6104
-0.0277,-1.0259,0.1436,6.9580,2.8687,-0.8545
-0.0286,-1.0265,0.1412,7.8735,2.9907,-0.8545
-0.0278,-1.0250,0.1417,7.2021,2.9297,-0.8545
-0.0291,-1.0247,0.1418,6.7749,2.9297,-0.7935
-0.0287,-1.0253,0.1410,5.9814,2.8687,-0.6104
FIN_VENTANA
INICIO_VENTANA reposo
-0.0289,-1.0243,0.1415,5.3101,2.8687,-0.3662
-0.0289,-1.0247,0.1427,5.9204,3.0518,-0.9155
-0.0280,-1.0249,0.1433,6.4087,3.1738,-0.4272
-0.0288,-1.0247,0.1425,6.5308,2.8076,-0.9155
-0.0277,-1.0245,0.1416,5.8594,2.8076,-0.3662
-0.0281,-1.0260,0.1425,5.3711,2.8687,-0.4883
-0.0281,-1.0250,0.1432,5.1880,2.6855,-0.5493
-0.0277,-1.0251,0.1439,5.7373,3.0518,-0.6104
-0.0286,-1.0256,0.1442,6.5308,2.9907,-0.6104
-0.0286,-1.0250,0.1427,6.9580,2.9907,-0.7324
-0.0286,-1.0255,0.1423,6.5918,2.8076,-0.8545
-0.0282,-1.0253,0.1422,6.1646,2.8687,-0.7935
-0.0297,-1.0253,0.1444,6.2866,2.9907,-0.7935
-0.0281,-1.0250,0.1429,6.8359,3.2349,-0.6714
-0.0292,-1.0239,0.1420,6.8970,2.9907,-0.9766
-0.0284,-1.0266,0.1375,6.1646,3.7842,-0.5493
-0.0299,-1.0222,0.1407,7.9956,2.9907,-0.9155
-0.0228,-1.0339,0.1449,6.5308,2.5635,-2.0142
-0.0323,-1.0139,0.1310,6.7749,2.3804,-2.3193
-0.0045,-1.0289,0.1571,2.5024,6.6528,6.8359
-0.0184,-1.0359,0.1555,5.7983,3.4790,0.3052
-0.0292,-1.0220,0.1401,7.8735,1.4648,-4.2114
-0.0458,-1.0151,0.1376,6.5918,1.5869,-3.7231
-0.0269,-1.0249,0.1427,4.5166,5.2490,4.0894
-0.0209,-1.0314,0.1548,4.6387,3.1738,0.4272
-0.0287,-1.0254,0.1427,5.9814,2.1973,-2.3804
-0.0356,-1.0171,0.1372,6.9580,2.8076,-1.0986
-0.0248,-1.0319,0.1351,5.2490,4.8828,2.1973
-0.0281,-1.0253,0.1393,6.8359,2.3193,-2.0752
-0.0294,-1.0243,0.1411,5.6152,2.5635,-1.5259
-0.0282,-1.0259,0.1429,4.8218,3.6011,1.3428
-0.0251,-1.0278,0.1453,5.6763,3.1128,-0.5493
-0.0297,-1.0242,0.1423,5.9814,2.5635,-1.5259
-0.0310,-1.0221,0.1407,5.9204,2.9297,-0.6104
-0.0259,-1.0273,0.1454,5.6763,3.4790,0.6714
-0.0284,-1.0242,0.1417,5.6152,2.6245,-1.1597
-0.0342,-1.0225,0.1461,5.0049,2.7466,-1.0986
-0.0286,-1.0243,0.1448,5.7983,3.4180,0.2441
-0.0287,-1.0253,0.1447,6.6528,2.6855,-1.0376
-0.0282,-1.0243,0.1414,7.3853,2.8076,-1.3428
-0.0289,-1.0233,0.1406,6.9580,3.1128,-0.4883
-0.0272,-1.0260,0.1442,8.9111,3.4790,-0.4883
-0.0295,-1.0229,0.1398,12.0850,3.3569,-1.5259
-0.0303,-1.0256,0.1300,13.3667,3.6011,-0.8545
-0.0289,-1.0283,0.1293,12.5732,3.5400,-0.6714
-0.0295,-1.0262,0.1266,11.3525,3.2349,-1.3428
-0.0298,-1.0278,0.1233,10.1929,3.4790,-0.7324
-0.0284,-1.0293,0.1190,10.3760,3.4790,-0.7324
-0.0298,-1.0292,0.1143,5.0659,2.6245,-0.7935
-0.0292,-1.0287,0.1198,-1.7090,2.1973,-0.1831
-0.0295,-1.0232,0.1362,0.3662,2.4414,0.0000
-0.0293,-1.0245,0.1354,5.5542,2.8687,-0.6104
-0.0282,-1.0260,0.1307,9.4604,3.2959,-1.0376
-0.0297,-1.0273,0.1249,9.0942,3.2349,-0.6104
-0.0287,-1.0272,0.1239,6.1035,2.9297,-0.6714
-0.0294,-1.0260,0.1274,2.5024,2.4414,-0.3662
-0.0294,-1.0254,0.1337,1.7090,2.4414,-0.1831
-0.0287,-1.0256,0.1362,3.5400,2.6245,-0.4883
-0.0197,-0.9655,0.1522,-21.7285,9.2163,-0.3662
-0.0262,-1.0284,0.1427,7.0801,2.8076,-0.7324
-0.0289,-1.0249,0.1376,6.1646,3.0518,-0.4883
-0.0281,-1.0251,0.1415,5.6152,2.6245,-0.9155
-0.0299,-1.0208,0.1742,6.5918,3.7231,-0.2441
-0.0272,-1.0228,0.1478,7.6904,3.1738,-0.9766
-0.0277,-1.0267,0.1393,10.8032,3.5400,-0.7935
-0.0294,-1.0259,0.1337,10.3760,3.4790,-1.0376
-0.0293,-1.0253,0.1338,8.1177,3.0518,-0.6104
-0.0294,-1.0269,0.1342,7.9956,3.0518,-0.7935
-0.0287,-1.0258,0.1320,6.3477,2.9297,-0.6714
-0.0288,-1.0265,0.1328,4.8828,2.8076,-0.3662
-0.0286,-1.0259,0.1340,4.4556,2.8076,-0.5493
-0.0303,-1.0258,0.1332,1.7700,2.4414,-0.3052
-0.0286,-1.0260,0.1394,-1.5869,2.3804,-0.1221
-0.0276,-1.0262,0.1429,4.4556,2.7466,-0.1831
-0.0297,-1.0256,0.1411,5.2490,3.0518,-0.5493
-0.0277,-1.0256,0.1440,5.5542,2.8687,-0.3052
-0.0284,-1.0253,0.1421,6.7749,3.0518,-0.7935
-0.0280,-1.0248,0.1414,5.6152,2.8076,-0.6714
-0.0280,-1.0245,0.1422,4.2725,2.7466,-0.3052
-0.0278,-1.0249,0.1445,4.3335,2.8076,-0.3662
-0.0276,-1.0238,0.1462,5.2490,2.9297,-0.4272
-0.0287,-1.0273,0.1416,7.5073,3.1128,-0.8545
-0.0283,-1.0255,0.1421,6.5918,2.9907,-0.5493
-0.0293,-1.0272,0.1420,6.3477,2.8687,-0.6714
-0.0293,-1.0305,0.1432,6.4087,2.9297,-0.7324
-0.0320,-1.0222,0.1421,6.8359,2.9907,-0.5493
-0.0299,-1.0287,0.1426,6.8359,2.8687,-0.7935
-0.0287,-1.0244,0.1415,6.7749,3.1128,-0.8545
-0.0292,-1.0229,0.1417,6.7749,3.0518,-0.7935
-0.0282,-1.0253,0.1428,8.5449,3.1128,-0.8545
-0.0291,-1.0254,0.1383,9.1553,3.2349,-0.7324
-0.0281,-1.0245,0.1378,7.8735,2.9907,-0.9155
-0.0293,-1.0243,0.1367,5.6763,2.9297,-0.5493
-0.0283,-1.0259,0.1377,6.1035,2.9907,-0.6104
-0.0291,-1.0253,0.1334,4.3945,2.5635,-0.6104
-0.0288,-1.0272,0.1359,-0.1221,2.3193,-0.2441
-0.0277,-1.0222,0.1487,4.2114,2.8687,0.1221
-0.0304,-1.0002,0.1790,2.8687,2.6855,0.0000
-0.0272,-1.0291,0.1405,4.6997,2.5024,-1.1597
-0.0273,-1.0283,0.1418,3.0518,2.9907,0.4883
FIN_VENTANA
INICIO_VENTANA reposo
-0.0281,-1.0286,0.1263,4.2725,2.7466,-0.6104
-0.0295,-1.0278,0.1295,3.0518,2.4414,-0.5493
-0.0283,-1.0261,0.1292,2.6245,2.5635,-0.3052
-0.0292,-1.0266,0.1338,0.5493,2.3804,-0.1221
-0.0287,-1.0250,0.1372,0.4883,2.1973,-0.3052
-0.0280,-1.0247,0.1418,1.7700,2.5024,-0.3662
-0.0287,-1.0254,0.1420,5.2490,2.9297,-0.4883
-0.0288,-1.0248,0.1411,7.2632,2.9907,-0.6714
-0.0293,-1.0261,0.1395,7.3853,2.9907,-0.5493
-0.0284,-1.0250,0.1395,7.4463,2.9297,-0.6714
-0.0289,-1.0248,0.1376,8.7891,3.1738,-0.9155
-0.0283,-1.0254,0.1348,8.5449,3.1128,-0.7935
-0.0278,-1.0254,0.1329,8.7891,3.2959,-0.7324
-0.0293,-1.0273,0.1311,8.1787,3.2959,-0.6714
-0.0293,-1.0259,0.1295,7.4463,2.9297,-0.7935
-0.0295,-1.0271,0.1317,7.0190,2.8687,-0.6714
-0.0288,-1.0260,0.1318,9.2163,3.0518,-0.9155
-0.0282,-1.0286,0.1233,9.7656,3.2959,-0.9155
-0.0292,-1.0261,0.1234,7.4463,2.9907,-0.6714
-0.0298,-1.0283,0.1234,3.5400,2.6855,-0.3662
-0.0289,-1.0259,0.1311,1.0986,2.4414,-0.2441
-0.0282,-1.0250,0.1375,4.0283,2.6855,-0.4883
-0.0276,-1.0262,0.1324,8.2397,3.1128,-0.7324
-0.0293,-1.0271,0.1287,9.3994,3.1128,-0.9155
-0.0287,-1.0287,0.1232,6.7139,2.9297,-0.6714
-0.0295,-1.0262,0.1294,-0.7935,2.3804,-0.1221
-0.0275,-1.0260,0.1372,-2.2583,2.1362,-0.0610
-0.0293,-1.0260,0.1431,-0.6714,2.3193,0.0000
-0.0264,-1.0248,0.1467,4.3335,2.9907,-0.1831
-0.0281,-1.0249,0.1420,5.4932,2.7466,-0.4883
-0.0276,-1.0254,0.1412,5.6152,3.0518,-0.5493
-0.0281,-1.0251,0.1436,5.6763,3.0518,-0.3052
-0.0284,-1.0243,0.1427,5.0049,2.8076,-0.2441
-0.0278,-1.0250,0.1453,5.4321,2.8076,-0.3662
-0.0277,-1.0239,0.1454,6.8970,2.9297,-0.8545
-0.0284,-1.0240,0.1428,6.9580,2.9297,-0.7935
-0.0277,-1.0248,0.1431,6.7749,3.0518,-0.6714
-0.0273,-1.0222,0.1464,6.9580,3.0518,-0.8545
-0.0281,-1.0273,0.1398,8.6670,3.2349,-0.6104
-0.0281,-1.0238,0.1400,8.3008,3.1128,-0.5493
-0.0283,-1.0269,0.1383,9.2163,3.3569,-0.7935
-0.0288,-1.0255,0.1378,9.6436,3.3569,-0.8545
-0.0280,-1.0251,0.1321,11.5967,3.4790,-0.9766
-0.0284,-1.0286,0.1279,9.2163,3.2349,-0.6714
-0.0284,-1.0242,0.1324,6.8970,3.0518,-0.5493
-0.0289,-1.0269,0.1306,7.1411,3.1128,-0.6104
-0.0289,-1.0275,0.1268,5.5542,2.9907,-0.4883
-0.0282,-1.0260,0.1304,4.0283,2.6855,-0.4272
-0.0286,-1.0282,0.1288,2.7466,2.7466,-0.3662
-0.0276,-1.0251,0.1351,2.8076,2.6855,-0.3662
-0.0291,-1.0261,0.1367,1.1597,2.5024,-0.3052
-0.0292,-1.0254,0.1406,2.1973,2.3804,-0.3052
-0.0278,-1.0242,0.1428,3.5400,2.6855,-0.3052
-0.0282,-1.0238,0.1427,5.4321,2.7466,-0.7324
-0.0278,-1.0253,0.1412,6.0425,2.9907,-0.4883
-0.0276,-1.0248,0.1412,6.2866,2.9907,-0.6104
-0.0269,-1.0256,0.1392,5.3711,2.6245,-0.6714
-0.0277,-1.0242,0.1439,5.0049,3.1128,-0.2441
-0.0278,-1.0242,0.1459,6.0425,2.8076,-0.4883
-0.0280,-1.0254,0.1433,5.5542,3.1128,-0.3662
-0.0277,-1.0244,0.1422,5.7373,2.8687,-0.6714
-0.0275,-1.0264,0.1412,5.7983,3.0518,-0.3662
-0.0281,-1.0259,0.1447,7.0801,2.8687,-0.8545
-0.0294,-1.0219,0.1431,8.7280,3.1738,-1.0986
-0.0281,-1.0242,0.1387,10.6812,3.4180,-0.7324
-0.0269,-1.0211,0.1335,9.1553,3.2959,-0.7324
-0.0260,-1.0286,0.1350,6.8970,2.9297,-0.5493
-0.0291,-1.0232,0.1376,7.0190,2.9297,-0.4883
-0.0291,-1.0256,0.1356,7.9956,3.1128,-0.5493
-0.0276,-1.0267,0.1327,9.1553,3.2959,-0.7324
-0.0295,-1.0220,0.1383,9.5215,3.1738,-0.8545
-0.0281,-1.0339,0.1128,4.6997,2.6245,-0.7935
-0.0261,-1.0287,0.1321,7.0190,3.1738,-0.3052
-0.0294,-1.0267,0.1288,8.0566,2.9297,-0.8545
-0.0281,-1.0271,0.1296,7.5684,3.2349,-0.6714
-0.0302,-1.0282,0.1230,5.1880,2.9297,-0.4272
-0.0287,-1.0256,0.1322,0.6714,2.6245,-0.1221
-0.0289,-1.0253,0.1353,-1.8311,2.1973,-0.0610
-0.0288,-1.0264,0.1431,-0.9766,2.2583,-0.3662
-0.0267,-1.0280,0.1453,4.0283,2.9297,-0.3662
-0.0283,-1.0276,0.1449,7.5684,2.9907,-0.7324
-0.0295,-1.0215,0.1415,10.1318,3.5400,-0.6714
-0.0289,-1.0259,0.1333,9.8267,3.3569,-0.9155
-0.0267,-1.0270,0.1348,6.3477,3.0518,-0.5493
-0.0280,-1.0254,0.1360,3.7842,2.5635,-0.4272
-0.0280,-1.0256,0.1396,2.7466,2.6855,-0.3662
-0.0280,-1.0232,0.1412,2.1362,2.6245,-0.3662
-0.0266,-1.0248,0.1458,5.6152,2.9297,-0.2441
-0.0291,-1.0233,0.1423,5.6152,2.8076,-0.3662
-0.0278,-1.0238,0.1434,6.2866,2.9297,-0.6714
-0.0276,-1.0250,0.1425,6.4697,2.9297,-0.7935
-0.0281,-1.0245,0.1412,5.9204,2.9297,-0.8545
-0.0272,-1.0245,0.1448,5.5542,3.1128,-0.4272
-0.0276,-1.0243,0.1448,5.7983,2.9297,-0.6714
-0.0276,-1.0260,0.1432,5.9814,2.7466,-0.6714
-0.0288,-1.0261,0.1439,7.2021,3.1128,-0.7324
-0.0289,-1.0247,0.1433,10.3149,3.2959,-0.9155
-0.0282,-1.0256,0.1394,11.2915,3.4180,-1.1597
-0.0297,-1.0254,0.1345,8.4839,3.1128,-0.7935
-0.0282,-1.0262,0.1343,6.1646,2.8687,-0.6714
FIN_VENTANA
INICIO_VENTANA reposo
-0.0292,-1.0261,0.1299,6.6528,2.9297,-0.5493
-0.0281,-1.0283,0.1300,5.4321,2.8687,-0.6714
-0.0287,-1.0256,0.1310,4.1504,2.8076,-0.4272
-0.0282,-1.0276,0.1340,4.4556,2.8076,-0.3052
-0.0275,-1.0259,0.1338,4.8218,2.7466,-0.4883
-0.0275,-1.0272,0.1351,4.8218,2.8687,-0.3662
-0.0291,-1.0262,0.1350,5.1270,2.6855,-0.4272
-0.0277,-1.0269,0.1355,4.6387,2.9297,-0.4272
-0.0289,-1.0254,0.1361,4.0283,2.7466,-0.5493
-0.0283,-1.0254,0.1383,3.7842,2.6855,-0.4883
-0.0282,-1.0254,0.1405,4.0283,2.5635,-0.4272
-0.0277,-1.0256,0.1427,5.8594,3.1128,-0.6714
-0.0284,-1.0258,0.1398,7.4463,2.9297,-0.6714
-0.0273,-1.0248,0.1372,6.5918,2.9907,-0.6104
-0.0284,-1.0255,0.1371,4.7607,2.8687,-0.5493
-0.0272,-1.0244,0.1427,4.0283,2.7466,-0.6104
-0.0291,-1.0254,0.1437,6.4697,3.0518,-0.6104
-0.0261,-1.0266,0.1417,9.2773,2.9907,-0.7324
-0.0302,-1.0244,0.1375,11.2915,3.2959,-0.7935
-0.0270,-1.0265,0.1332,9.8877,3.1738,-0.8545
-0.0293,-1.0271,0.1305,8.4839,3.2349,-0.6714
-0.0280,-1.0276,0.1299,6.8970,2.9907,-0.6714
-0.0292,-1.0267,0.1305,5.7373,2.8076,-0.7935
-0.0288,-1.0271,0.1312,5.0659,2.8076,-0.6104
-0.0288,-1.0253,0.1337,5.4932,2.8076,-0.7324
-0.0278,-1.0280,0.1333,6.7749,2.9907,-0.6104
-0.0299,-1.0283,0.1309,7.9346,3.2349,-0.6104
-0.0282,-1.0261,0.1285,7.4463,2.9907,-0.7324
-0.0293,-1.0277,0.1288,5.0659,2.9907,-0.5493
-0.0283,-1.0269,0.1296,2.8687,2.5024,-0.4883
-0.0292,-1.0270,0.1353,1.4648,2.6245,-0.3052
-0.0189,-0.9961,0.1584,-16.7236,6.9580,0.3052
-0.0277,-1.0226,0.1484,6.2866,2.6855,-1.2817
-0.0247,-1.0259,0.1464,5.6152,3.3569,-0.1221
-0.0298,-1.0217,0.1404,6.1035,2.9297,-1.2207
-0.0260,-1.0254,0.1465,5.1880,2.9907,-0.1831
-0.0294,-1.0234,0.1405,5.7983,2.7466,-0.7935
-0.0262,-1.0322,0.1326,6.0425,2.8687,-0.6104
-0.0283,-1.0214,0.1466,5.4932,2.8687,-0.5493
-0.0272,-1.0255,0.1428,5.8594,2.6855,-0.6104
-0.0286,-1.0260,0.1417,5.9204,2.9907,-0.4883
-0.0266,-1.0234,0.1428,6.7139,2.8076,-1.0376
-0.0273,-1.0238,0.1431,5.7983,2.9297,-0.5493
-0.0276,-1.0243,0.1433,5.6152,2.9907,-0.3052
-0.0284,-1.0256,0.1447,5.6152,2.8076,-0.6714
-0.0277,-1.0253,0.1466,6.5918,2.8687,-0.8545
-0.0289,-1.0259,0.1455,7.4463,3.0518,-0.9155
-0.0272,-1.0287,0.1406,10.1929,3.2959,-0.9766
-0.0294,-1.0256,0.1382,10.0098,3.3569,-0.9155
-0.0283,-1.0287,0.1362,8.1177,2.9907,-0.6714
-0.0299,-1.0271,0.1338,6.7749,2.8076,-0.8545
-0.0277,-1.0280,0.1357,4.8218,2.8687,-0.6104
-0.0302,-1.0244,0.1365,1.7090,3.6621,-0.3662
-0.0276,-1.0267,0.1398,5.0659,3.2959,-0.3662
-0.0281,-1.0254,0.1375,6.8970,2.8076,-0.6714
-0.0277,-1.0276,0.1368,5.1270,2.7466,-0.6714
-0.0272,-1.0254,0.1394,2.6855,2.6245,-0.3662
-0.0289,-1.0243,0.1418,4.9438,2.6855,-0.2441
-0.0277,-1.0249,0.1434,5.6763,2.9297,-0.3662
-0.0277,-1.0260,0.1439,6.4087,2.9907,-0.6104
-0.0272,-1.0269,0.1439,6.5918,2.7466,-0.7935
-0.0284,-1.0238,0.1423,6.0425,2.8687,-0.5493
-0.0264,-1.0226,0.1423,5.9814,2.9297,-0.6714
-0.0280,-1.0267,0.1428,5.8594,2.9907,-0.4883
-0.0276,-1.0255,0.1426,5.4321,2.8076,-0.3662
-0.0276,-1.0254,0.1428,5.8594,2.9297,-0.4883
-0.0281,-1.0256,0.1437,5.9814,2.8076,-0.5493
-0.0278,-1.0255,0.1442,6.3477,2.9907,-0.7935
-0.0295,-1.0250,0.1417,6.2866,2.8076,-0.7324
-0.0282,-1.0254,0.1416,5.9204,2.8687,-0.6714
-0.0281,-1.0239,0.1429,5.1270,2.8076,-0.3662
-0.0273,-1.0271,0.1442,5.7983,2.8687,-0.4883
-0.0265,-1.0251,0.1453,5.9814,2.7466,-0.4883
-0.0278,-1.0264,0.1431,6.6528,2.7466,-0.8545
-0.0280,-1.0243,0.1433,6.2256,2.8076,-0.5493
-0.0282,-1.0244,0.1437,7.5684,3.1128,-0.6714
-0.0286,-1.0245,0.1396,7.2632,2.9907,-0.6714
-0.0281,-1.0260,0.1404,6.5918,2.8687,-0.6714
-0.0277,-1.0242,0.1410,5.9814,2.9297,-0.6104
-0.0294,-1.0339,0.1400,7.0190,2.9297,-0.7935
-0.0309,-1.0282,0.1453,6.5308,2.8687,-0.8545
-0.0292,-1.0251,0.1415,7.6294,2.9907,-0.8545
-0.0284,-1.0271,0.1373,8.6670,3.1738,-0.7935
-0.0282,-1.0253,0.1344,7.7515,2.9297,-0.8545
-0.0283,-1.0276,0.1361,5.6763,2.9297,-0.5493
-0.0292,-1.0256,0.1339,5.1270,2.8687,-0.6104
-0.0283,-1.0265,0.1389,5.0049,2.7466,-0.3662
-0.0280,-1.0247,0.1392,6.2866,2.9297,-0.7324
-0.0283,-1.0250,0.1373,7.9956,3.2349,-0.6714
-0.0284,-1.0238,0.1353,9.3384,3.1738,-0.9155
-0.0288,-1.0239,0.1334,11.0474,3.4790,-0.7935
-0.0291,-1.0270,0.1260,10.4980,3.2959,-1.0986
-0.0286,-1.0262,0.1265,7.2021,3.0518,-0.6714
-0.0300,-1.0293,0.1240,5.4932,2.6245,-0.8545
-0.0278,-1.0273,0.1282,2.3193,2.8687,-0.1831
-0.0283,-1.0250,0.1338,2.8076,2.6855,-0.3052
-0.0289,-1.0266,0.1337,8.7891,3.1738,-0.9155
-0.0281,-1.0266,0.1251,10.0098,3.2349,-0.7935
-0.0300,-1.0289,0.1223,7.2632,2.9907,-0.6714
-0.0289,-1.0270,0.1238,2.5635,2.6855,-0.5493
FIN_VENTANA
INICIO_VENTANA reposo
-0.0287,-1.0253,0.1343,3.6011,2.8687,-0.5493
-0.0280,-1.0253,0.1385,3.7231,2.6855,-0.3052
-0.0281,-1.0239,0.1399,5.3101,2.7466,-0.7324
-0.0284,-1.0262,0.1384,6.8359,2.9297,-0.7935
-0.0283,-1.0247,0.1371,6.4087,2.9297,-0.6104
-0.0292,-1.0251,0.1389,7.2021,2.9907,-0.6714
-0.0286,-1.0247,0.1377,9.2773,3.3569,-0.6714
-0.0282,-1.0267,0.1320,10.8032,3.3569,-0.8545
-0.0298,-1.0262,0.1311,9.2773,3.2349,-0.7935
-0.0291,-1.0248,0.1299,9.5215,3.1738,-0.9155
-0.0292,-1.0266,0.1265,11.0474,3.4790,-0.9766
-0.0289,-1.0283,0.1205,10.9863,3.3569,-0.9766
-0.0289,-1.0267,0.1193,7.2021,3.0518,-0.6714
-0.0289,-1.0284,0.1210,4.0283,2.7466,-0.4883
-0.0287,-1.0280,0.1265,4.2114,2.6855,-0.6104
-0.0288,-1.0262,0.1273,6.4697,3.0518,-0.6104
-0.0298,-1.0284,0.1251,7.8735,3.0518,-0.7324
-0.0282,-1.0270,0.1229,8.2397,3.1128,-0.8545
-0.0305,-1.0278,0.1206,7.3242,3.0518,-0.7324
-0.0286,-1.0281,0.1216,4.8828,2.6855,-0.4883
-0.0282,-1.0260,0.1233,3.9062,2.8076,-0.3662
-0.0288,-1.0267,0.1261,4.0283,2.7466,-0.4272
-0.0291,-1.0271,0.1261,5.1270,2.7466,-0.7935
-0.0281,-1.0293,0.1260,5.6152,2.9907,-0.7324
-0.0297,-1.0273,0.1255,7.0801,3.1738,-0.7324
-0.0293,-1.0233,0.1217,5.4321,2.8076,-0.6714
-0.0291,-1.0315,0.1255,3.6621,2.8076,-0.4272
-0.0299,-1.0236,0.1295,3.2959,2.5024,-0.4272
-0.0286,-1.0243,0.1311,5.4932,2.8687,-0.4272
-0.0270,-1.0251,0.1252,9.1553,2.9907,-0.9155
-0.0272,-1.0288,0.1222,8.3008,3.1738,-0.7324
-0.0289,-1.0282,0.1241,6.4697,3.0518,-0.4883
-0.0284,-1.0273,0.1218,5.4321,2.9297,-0.4272
-0.0295,-1.0258,0.1239,5.0049,2.6855,-0.4883
-0.0291,-1.0262,0.1250,5.1270,2.8687,-0.5493
-0.0299,-1.0269,0.1249,5.0049,2.6855,-0.6104
-0.0283,-1.0299,0.1262,4.5166,2.6245,-0.6104
-0.0302,-1.0292,0.1260,3.0518,2.5024,-0.2441
-0.0293,-1.0275,0.1310,0.8545,2.1362,-0.3052
-0.0292,-1.0192,0.1339,0.7935,2.1973,-0.1221
-0.0266,-1.0281,0.1342,1.8921,2.4414,-0.3662
-0.0287,-1.0298,0.1382,2.4414,2.6245,-0.3662
-0.0264,-1.0220,0.1392,3.4790,2.6245,-0.3662
-0.0265,-1.0308,0.1412,3.8452,2.5024,-0.3052
-0.0286,-1.0269,0.1454,4.6387,2.8076,-0.5493
-0.0304,-1.0176,0.1465,8.2397,2.9907,-0.7935
-0.0267,-1.0258,0.1357,11.2915,3.4180,-0.9766
-0.0276,-1.0309,0.1322,9.8267,3.0518,-0.9155
-0.0303,-1.0287,0.1337,4.2114,2.5635,-0.4883
-0.0286,-1.0283,0.1365,1.3428,2.5024,-0.4272
-0.0276,-1.0242,0.1465,-0.0610,2.2583,-0.2441
-0.0265,-1.0267,0.1409,5.7983,2.8687,-0.5493
-0.0284,-1.0248,0.1412,5.8594,2.8687,-0.6714
-0.0284,-1.0271,0.1370,6.0425,2.8076,-0.6714
-0.0280,-1.0260,0.1420,5.6152,2.9297,-0.3052
-0.0283,-1.0254,0.1437,6.1646,3.0518,-0.8545
-0.0273,-1.0249,0.1422,6.9580,2.9907,-0.7324
-0.0288,-1.0247,0.1409,8.4839,3.2349,-0.7935
-0.0277,-1.0256,0.1404,9.9487,3.3569,-1.0376
-0.0298,-1.0265,0.1354,8.8501,3.2959,-0.5493
-0.0278,-1.0258,0.1365,7.0801,2.9907,-0.9155
-0.0282,-1.0248,0.1364,5.0049,2.9297,-0.3662
-0.0283,-1.0255,0.1394,4.0894,2.6855,-0.5493
-0.0283,-1.0255,0.1414,5.3101,2.8076,-0.3662
-0.0295,-1.0248,0.1398,8.9111,3.1738,-0.9155
-0.0281,-1.0266,0.1351,10.4980,3.2349,-0.9155
-0.0281,-1.0273,0.1302,8.3008,3.0518,-0.8545
-0.0292,-1.0310,0.1383,1.1597,2.9907,-0.4272
-0.0292,-1.0288,0.1125,-2.7466,4.0283,-0.3052
-0.0294,-1.0240,0.1411,6.1035,2.8076,-0.6714
-0.0284,-1.0233,0.1470,7.0190,2.8687,-0.7324
-0.0284,-1.0280,0.1378,8.9111,3.2959,-0.7324
-0.0287,-1.0270,0.1378,7.3853,2.9907,-0.6714
-0.0286,-1.0278,0.1407,4.5166,2.9907,-0.4272
-0.0282,-1.0206,0.1422,5.0049,2.5635,-0.7324
-0.0269,-1.0242,0.1411,5.6152,2.8076,-0.6714
-0.0265,-1.0231,0.1422,6.0425,2.9297,-0.4883
-0.0256,-1.0261,0.1412,6.3477,2.9297,-0.6104
-0.0267,-1.0284,0.1414,6.7749,2.8687,-0.7324
-0.0288,-1.0251,0.1400,7.7515,2.9907,-0.9155
-0.0293,-1.0258,0.1362,5.0659,2.6245,-0.6104
-0.0275,-1.0243,0.1406,1.2207,2.4414,-0.4883
-0.0294,-1.0172,0.1520,5.0049,2.8076,-0.2441
-0.0266,-1.0208,0.1442,5.4321,2.9907,-0.4272
-0.0250,-1.0233,0.1447,5.7983,3.0518,-0.4883
-0.0254,-1.0273,0.1417,6.8970,2.8687,-0.8545
-0.0286,-1.0253,0.1420,6.1035,2.8076,-0.6104
-0.0283,-1.0255,0.1406,5.7983,2.8687,-0.5493
-0.0277,-1.0259,0.1434,5.4321,2.7466,-0.3662
-0.0278,-1.0240,0.1431,5.4321,2.8687,-0.6104
-0.0269,-1.0240,0.1443,5.6152,2.8076,-0.4883
-0.0280,-1.0250,0.1434,5.6763,3.0518,-0.6104
-0.0280,-1.0259,0.1438,5.9204,2.9907,-0.5493
-0.0282,-1.0253,0.1448,5.8594,2.8076,-0.4272
-0.0284,-1.0259,0.1450,6.4697,3.0518,-0.6104
-0.0277,-1.0245,0.1429,6.1646,2.9297,-0.6714
-0.0266,-1.0248,0.1434,5.7983,2.8076,-0.5493
-0.0286,-1.0284,0.1425,5.9814,2.9907,-0.5493
-0.0304,-1.0269,0.1443,6.2256,2.9907,-0.6714
-0.0287,-1.0216,0.1420,7.0801,2.9907,-0.7935
FIN_VENTANA
INICIO_VENTANA reposo
-0.0282,-1.0275,0.1345,7.1411,3.0518,-0.6104
-0.0289,-1.0249,0.1329,7.4463,3.1128,-0.8545
-0.0283,-1.0280,0.1343,6.4087,2.8687,-0.4272
-0.0287,-1.0269,0.1317,5.5542,2.8687,-0.6714
-0.0287,-1.0261,0.1346,3.9062,2.7466,-0.6104
-0.0283,-1.0251,0.1376,3.7231,2.5024,-0.3662
-0.0295,-1.0277,0.1371,5.0659,2.6855,-0.6104
-0.0289,-1.0264,0.1364,6.4087,2.9297,-0.5493
-0.0282,-1.0219,0.1342,6.5308,2.7466,-0.6104
-0.0276,-1.0292,0.1338,5.9204,2.8687,-0.6714
-0.0270,-1.0269,0.1357,4.3945,2.7466,-0.4883
-0.0276,-1.0315,0.1373,4.2114,2.5635,-0.5493
-0.0291,-1.0232,0.1409,4.5776,2.5635,-0.7324
-0.0289,-1.0236,0.1385,5.1270,2.6855,-0.4272
-0.0286,-1.0269,0.1385,5.7373,2.8687,-0.4883
-0.0270,-1.0249,0.1382,5.5542,2.7466,-0.6104
-0.0299,-1.0259,0.1411,5.7373,2.8687,-0.3052
-0.0282,-1.0264,0.1388,6.8359,2.8687,-0.6714
-0.0280,-1.0271,0.1390,7.2021,3.1128,-0.7324
-0.0277,-1.0251,0.1375,7.0190,3.0518,-0.7324
-0.0288,-1.0262,0.1373,5.9814,2.9297,-0.6714
-0.0286,-1.0271,0.1381,6.1646,3.0518,-0.4883
-0.0267,-1.0317,0.1345,7.4463,2.8687,-0.5493
-0.0297,-1.0219,0.1385,7.6904,3.0518,-0.6104
-0.0264,-1.0198,0.1323,8.7891,3.1128,-0.7324
-0.0267,-1.0332,0.1309,8.1177,2.9907,-0.6104
-0.0300,-1.0287,0.1350,7.4463,3.0518,-0.5493
-0.0270,-1.0273,0.1295,5.9814,2.9297,-0.5493
-0.0287,-1.0291,0.1333,5.6763,2.8687,-0.6104
-0.0289,-1.0248,0.1321,5.1270,2.8687,-0.4272
-0.0280,-1.0244,0.1317,4.7607,2.7466,-0.4272
-0.0276,-1.0282,0.1331,4.9438,2.6855,-0.5493
-0.0284,-1.0265,0.1337,4.2725,2.5024,-0.6104
-0.0293,-1.0259,0.1356,2.1973,2.4414,-0.1831
-0.0292,-1.0253,0.1390,0.3052,2.2583,-0.0610
-0.0267,-1.0249,0.1472,4.4556,2.7466,-0.1221
-0.0275,-1.0265,0.1421,5.4932,2.7466,-0.6104
-0.0269,-1.0258,0.1427,5.9814,2.8687,-0.4883
-0.0273,-1.0248,0.1415,6.1646,3.0518,-0.6714
-0.0281,-1.0245,0.1411,5.9204,2.9297,-0.4883
-0.0278,-1.0259,0.1427,5.6763,2.8687,-0.6104
-0.0286,-1.0244,0.1407,6.0425,2.6245,-0.7935
-0.0281,-1.0256,0.1426,5.9204,2.8687,-0.6104
-0.0283,-1.0255,0.1421,6.1035,2.8687,-0.6714
-0.0277,-1.0243,0.1404,6.6528,2.8687,-0.7935
-0.0287,-1.0271,0.1406,8.3008,3.2349,-0.6104
-0.0289,-1.0238,0.1376,7.5684,2.9907,-0.7935
-0.0271,-1.0278,0.1366,5.6763,2.9907,-0.5493
-0.0278,-1.0249,0.1389,3.9062,2.6245,-0.3662
-0.0286,-1.0267,0.1428,4.3945,2.9297,-0.4883
-0.0276,-1.0238,0.1412,6.4087,2.9297,-0.6104
-0.0281,-1.0250,0.1417,7.3853,3.1128,-0.5493
-0.0287,-1.0275,0.1390,8.3618,2.9297,-0.7935
-0.0278,-1.0251,0.1367,7.4463,2.8076,-0.6714
-0.0287,-1.0266,0.1405,5.7983,2.8687,-0.4883
-0.0282,-1.0248,0.1372,5.3101,2.7466,-0.4883
-0.0280,-1.0261,0.1401,5.2490,2.9907,-0.4272
-0.0275,-1.0244,0.1393,6.0425,2.8687,-0.6104
-0.0283,-1.0267,0.1388,6.8970,3.1128,-0.4883
-0.0288,-1.0253,0.1362,6.5308,2.9297,-0.6714
-0.0284,-1.0267,0.1373,4.2725,2.6855,-0.5493
-0.0276,-1.0237,0.1405,3.6011,2.5635,-0.2441
-0.0271,-1.0250,0.1426,5.6763,2.8687,-0.5493
-0.0282,-1.0266,0.1422,6.8359,3.1128,-0.7324
-0.0281,-1.0238,0.1393,8.5449,3.2349,-0.9155
-0.0282,-1.0277,0.1375,7.0801,2.9907,-0.7324
-0.0281,-1.0254,0.1378,4.3945,2.7466,-0.4272
-0.0284,-1.0255,0.1426,4.0283,2.8076,-0.4883
-0.0271,-1.0253,0.1410,5.5542,2.6855,-0.4272
-0.0292,-1.0259,0.1421,5.9204,2.9297,-0.6714
-0.0289,-1.0256,0.1409,6.2866,2.8687,-0.6104
-0.0288,-1.0262,0.1396,6.5308,2.9907,-0.5493
-0.0278,-1.0250,0.1405,6.7749,2.9907,-0.7324
-0.0272,-1.0255,0.1396,7.2021,3.1738,-0.6104
-0.0282,-1.0260,0.1383,7.9346,3.1128,-0.6104
-0.0284,-1.0253,0.1356,6.0425,2.7466,-0.6714
-0.0280,-1.0255,0.1381,3.1128,2.6855,-0.4272
-0.0281,-1.0250,0.1415,4.6387,2.9297,-0.3662
-0.0269,-1.0260,0.1411,5.7983,2.9907,-0.6714
-0.0288,-1.0227,0.1436,7.5073,2.9907,-0.6714
-0.0272,-1.0258,0.1381,9.7046,3.2959,-0.7324
-0.0278,-1.0245,0.1353,9.0942,3.0518,-0.7324
-0.0287,-1.0262,0.1346,6.6528,2.9907,-0.5493
-0.0294,-1.0262,0.1346,5.3711,2.8076,-0.4272
-0.0275,-1.0249,0.1366,4.5776,2.6855,-0.4272
-0.0283,-1.0253,0.1385,4.7607,2.7466,-0.4272
-0.0276,-1.0234,0.1383,6.2256,2.9907,-0.6104
-0.0277,-1.0270,0.1372,7.0190,2.9297,-0.4883
-0.0286,-1.0254,0.1349,5.8594,2.8076,-0.6104
-0.0277,-1.0256,0.1356,3.9673,2.6245,-0.4883
-0.0286,-1.0251,0.1401,3.9062,2.6245,-0.4883
-0.0278,-1.0270,0.1420,7.2632,3.0518,-0.7935
-0.0272,-1.0258,0.1376,9.3384,3.2959,-0.5493
-0.0288,-1.0251,0.1338,9.4604,3.2349,-0.8545
-0.0278,-1.0260,0.1346,7.3242,2.9907,-0.4883
-0.0293,-1.0256,0.1317,6.7139,2.9907,-0.6714
-0.0287,-1.0261,0.1339,4.7607,2.8687,-0.4272
-0.0281,-1.0245,0.1343,3.6011,2.5024,-0.3052
-0.0282,-1.0255,0.1394,3.2349,2.7466,-0.4272
-0.0283,-1.0260,0.1410,4.8218,2.7466,-0.4883
FIN_VENTANA
INICIO_VENTANA reposo
-0.0277,-1.0256,0.1411,6.6528,2.9907,-0.4883
-0.0272,-1.0258,0.1410,8.3618,3.2349,-0.6714
-0.0278,-1.0214,0.1344,7.2021,3.0518,-0.6104
-0.0256,-1.0282,0.1364,3.7231,2.7466,-0.3052
-0.0266,-1.0288,0.1399,2.5635,2.6245,-0.3052
-0.0280,-1.0233,0.1448,4.2114,2.7466,-0.3662
-0.0284,-1.0221,0.1422,8.0566,3.2349,-0.5493
-0.0277,-1.0254,0.1403,9.2773,3.1738,-0.7324
-0.0276,-1.0231,0.1345,8.8501,3.2349,-0.6714
-0.0273,-1.0269,0.1331,7.2021,2.9907,-0.6104
-0.0289,-1.0295,0.1350,5.4321,2.9907,-0.4272
-0.0289,-1.0226,0.1379,4.2114,2.7466,-0.4883
-0.0280,-1.0281,0.1393,4.3945,2.8687,-0.5493
-0.0287,-1.0245,0.1395,5.0049,2.8076,-0.4883
-0.0281,-1.0251,0.1393,4.8828,2.9297,-0.6104
-0.0273,-1.0261,0.1418,5.3711,2.6855,-0.6714
-0.0277,-1.0255,0.1401,6.2256,2.9907,-0.4883
-0.0273,-1.0275,0.1407,5.6152,2.9907,-0.4883
-0.0276,-1.0249,0.1415,5.3101,2.6855,-0.4883
-0.0280,-1.0248,0.1422,6.0425,2.6855,-0.4883
-0.0286,-1.0245,0.1411,6.7139,3.0518,-0.6714
-0.0281,-1.0255,0.1404,7.0190,2.8687,-0.5493
-0.0272,-1.0259,0.1394,6.4087,3.2349,-0.6714
-0.0277,-1.0249,0.1392,4.8218,2.6855,-0.4883
-0.0282,-1.0256,0.1418,4.3335,2.6245,-0.3052
-0.0281,-1.0258,0.1422,4.9438,2.8687,-0.3662
-0.0281,-1.0240,0.1427,5.6763,2.9297,-0.5493
-0.0269,-1.0249,0.1427,5.6763,2.8687,-0.4883
-0.0278,-1.0254,0.1428,6.3477,2.9297,-0.6714
-0.0280,-1.0253,0.1415,7.0190,3.1128,-0.6714
-0.0282,-1.0258,0.1398,5.7983,2.7466,-0.5493
-0.0277,-1.0267,0.1445,4.9438,3.0518,-0.3662
-0.0275,-1.0249,0.1431,5.8594,2.8076,-0.6104
-0.0270,-1.0261,0.1440,5.9204,2.8687,-0.4883
-0.0277,-1.0245,0.1431,6.7139,3.1128,-0.6714
-0.0281,-1.0262,0.1426,7.2632,3.0518,-0.6104
-0.0287,-1.0239,0.1405,6.4697,2.9907,-0.6714
-0.0280,-1.0245,0.1418,5.6763,2.7466,-0.5493
-0.0284,-1.0259,0.1420,5.1880,2.9297,-0.4883
-0.0294,-1.0227,0.1422,5.8594,3.0518,-0.5493
-0.0286,-1.0219,0.1412,6.1035,3.0518,-0.6104
-0.0266,-1.0277,0.1417,6.3477,2.9907,-0.4883
-0.0280,-1.0292,0.1412,5.9814,2.6855,-0.6104
-0.0293,-1.0243,0.1423,5.6152,2.6855,-0.4883
-0.0294,-1.0225,0.1423,5.5542,2.9297,-0.3662
-0.0271,-1.0271,0.1432,5.8594,2.9297,-0.4883
-0.0283,-1.0250,0.1422,6.4697,2.8687,-0.5493
-0.0282,-1.0216,0.1423,6.5308,2.8076,-0.7324
-0.0269,-1.0302,0.1399,6.4087,2.9297,-0.6104
-0.0283,-1.0269,0.1423,5.5542,2.8076,-0.7324
-0.0294,-1.0249,0.1438,5.7373,2.9297,-0.4883
-0.0266,-1.0249,0.1425,5.9814,2.9297,-0.5493
-0.0271,-1.0251,0.1425,5.9204,2.8687,-0.5493
-0.0281,-1.0251,0.1429,6.0425,2.9297,-0.6104
-0.0278,-1.0249,0.1438,6.3477,2.8687,-0.7935
-0.0284,-1.0247,0.1425,6.8359,2.9907,-0.6714
-0.0286,-1.0251,0.1409,6.2256,2.8687,-0.6714
-0.0298,-1.0253,0.1448,5.0049,2.8076,-0.3052
-0.0265,-1.0250,0.1440,5.4932,2.7466,-0.4883
-0.0283,-1.0255,0.1440,5.8594,2.8076,-0.4272
-0.0283,-1.0215,0.1432,6.8970,3.1128,-0.7324
-0.0276,-1.0217,0.1420,6.6528,2.9297,-0.7324
-0.0265,-1.0284,0.1411,6.6528,2.9907,-0.5493
-0.0287,-1.0255,0.1428,6.2256,2.9907,-0.5493
-0.0281,-1.0251,0.1416,5.4932,2.8076,-0.7324
-0.0275,-1.0242,0.1437,5.6152,2.8076,-0.3052
-0.0277,-1.0265,0.1428,5.8594,2.8687,-0.4883
-0.0281,-1.0265,0.1427,6.7749,3.1738,-0.6104
-0.0288,-1.0275,0.1405,6.9580,3.1738,-0.7935
-0.0288,-1.0272,0.1401,5.7373,2.8076,-0.6714
-0.0278,-1.0264,0.1422,4.8218,2.8687,-0.4883
-0.0284,-1.0267,0.1438,5.5542,2.7466,-0.3662
-0.0280,-1.0248,0.1422,5.6763,2.8076,-0.4883
-0.0284,-1.0259,0.1425,5.9814,2.8687,-0.3662
-0.0275,-1.0264,0.1420,6.2256,2.8687,-0.6104
-0.0270,-1.0255,0.1426,5.8594,2.8687,-0.5493
-0.0277,-1.0250,0.1426,5.6763,2.7466,-0.4272
-0.0286,-1.0233,0.1423,5.5542,2.8687,-0.4272
-0.0283,-1.0287,0.1444,5.7983,2.8687,-0.4272
-0.0281,-1.0233,0.1431,5.7373,2.8687,-0.6104
-0.0270,-1.0283,0.1447,6.3477,2.9297,-0.5493
-0.0278,-1.0215,0.1426,6.4697,2.8687,-0.7935
-0.0281,-1.0288,0.1423,7.6294,2.9907,-0.6104
-0.0276,-1.0277,0.1401,7.4463,3.1128,-0.6104
-0.0280,-1.0234,0.1396,6.2866,2.9297,-0.6104
-0.0297,-1.0289,0.1405,5.3711,2.9297,-0.5493
-0.0278,-1.0184,0.1431,6.3477,3.0518,-0.5493
-0.0273,-1.0292,0.1415,7.7515,3.1128,-0.6714
-0.0275,-1.0255,0.1396,7.6904,3.1738,-0.7324
-0.0276,-1.0259,0.1378,7.1411,3.0518,-0.6104
-0.0282,-1.0260,0.1384,5.9814,2.9297,-0.4883
-0.0280,-1.0254,0.1392,5.4932,3.1128,-0.5493
-0.0284,-1.0281,0.1395,4.9438,2.6245,-0.3052
-0.0283,-1.0210,0.1385,4.9438,2.8687,-0.2441
-0.0292,-1.0237,0.1417,4.8218,2.8076,-0.4883
-0.0281,-1.0248,0.1404,4.9438,2.8687,-0.2441
-0.0275,-1.0254,0.1420,5.4321,2.8076,-0.5493
-0.0281,-1.0256,0.1403,5.4932,2.9297,-0.6104
-0.0280,-1.0244,0.1423,4.6387,2.8076,-0.4883
-0.0270,-1.0272,0.1451,5.3711,2.8687,-0.4272
FIN_VENTANA
INICIO_VENTANA reposo
-0.0272,-1.0227,0.1464,6.2256,3.0518,-0.5493
-0.0273,-1.0236,0.1438,6.4697,2.9297,-0.6714
-0.0282,-1.0255,0.1422,7.6294,2.9907,-1.0376
-0.0278,-1.0250,0.1411,6.7749,2.8076,-0.6714
-0.0287,-1.0240,0.1412,6.3477,2.9297,-0.6714
-0.0276,-1.0226,0.1421,6.1035,2.9297,-0.6104
-0.0270,-1.0205,0.1436,5.7373,2.8687,-0.6104
-0.0271,-1.0245,0.1432,6.2866,2.9297,-0.5493
-0.0273,-1.0276,0.1439,7.2021,2.8687,-0.8545
-0.0331,-1.0189,0.1370,8.1787,3.2959,-0.4272
-0.0245,-1.0205,0.1699,0.0610,2.3804,-0.3662
-0.0320,-1.0289,0.1243,9.8267,3.0518,-1.3428
-0.0271,-1.0178,0.1635,6.2256,2.2583,-1.3428
-0.0261,-1.0258,0.1473,3.5400,2.8687,-0.1221
-0.0303,-1.0225,0.1414,5.4321,2.6855,-1.1597
-0.0255,-1.0282,0.1445,5.3711,3.2349,0.6104
-0.0284,-1.0238,0.1422,6.5308,2.7466,-0.7324
-0.0282,-1.0266,0.1411,6.7139,2.8076,-0.9766
-0.0291,-1.0251,0.1406,6.5308,2.9907,-0.0610
-0.0271,-1.0242,0.1411,5.6763,2.9297,-0.6714
-0.0272,-1.0269,0.1438,5.5542,3.1128,-0.3662
-0.0282,-1.0243,0.1403,5.9814,2.9297,-0.5493
-0.0281,-1.0247,0.1429,5.7373,2.9907,-0.3052
-0.0289,-1.0255,0.1432,6.1035,2.7466,-0.7935
-0.0272,-1.0247,0.1417,6.6528,3.0518,-0.6714
-0.0327,-1.0299,0.1344,5.7373,2.8687,-0.4272
-0.0276,-1.0275,0.1416,5.4932,2.7466,-0.6714
-0.0247,-1.0316,0.1420,5.7373,2.8687,-0.5493
-0.0245,-1.0311,0.1437,6.1646,2.9297,-0.3662
-0.0242,-1.0226,0.1425,7.2021,2.9297,-0.9155
-0.0270,-1.0291,0.1410,6.6528,2.8687,-0.7324
-0.0271,-1.0260,0.1421,6.0425,2.8687,-0.6714
-0.0269,-1.0240,0.1420,5.3101,2.9297,-0.3662
-0.0280,-1.0267,0.1414,5.9814,2.7466,-0.6104
-0.0292,-1.0280,0.1423,5.9204,2.8076,-0.4272
-0.0292,-1.0265,0.1418,6.2256,2.9907,-0.7324
-0.0287,-1.0256,0.1423,6.2256,2.9297,-0.6714
-0.0286,-1.0260,0.1423,6.4697,2.8687,-0.6104
-0.0277,-1.0247,0.1421,7.5073,3.1128,-0.7324
-0.0286,-1.0251,0.1401,6.8359,2.8076,-0.5493
-0.0278,-1.0260,0.1388,3.8452,2.5635,-0.4272
-0.0269,-1.0256,0.1428,5.3101,2.8076,-0.2441
-0.0287,-1.0261,0.1445,5.9814,2.9907,-0.6104
-0.0275,-1.0255,0.1418,6.8359,3.1128,-0.7324
-0.0275,-1.0250,0.1406,8.3008,3.1128,-0.6104
-0.0292,-1.0256,0.1403,7.4463,2.9297,-0.7324
-0.0267,-1.0245,0.1382,6.2256,2.8687,-0.5493
-0.0284,-1.0249,0.1403,4.5166,2.6855,-0.5493
-0.0273,-1.0210,0.1415,4.2114,2.8076,-0.3662
-0.0282,-1.0237,0.1416,5.1880,2.7466,-0.4883
-0.0275,-1.0240,0.1427,6.5918,2.9907,-0.7324
-0.0282,-1.0245,0.1404,7.0801,3.1128,-0.4883
-0.0273,-1.0256,0.1398,5.9814,2.8687,-0.6104
-0.0280,-1.0248,0.1407,4.3945,2.7466,-0.4272
-0.0286,-1.0249,0.1418,5.7983,2.9907,-0.6104
-0.0284,-1.0243,0.1434,7.0801,3.0518,-0.6714
-0.0272,-1.0254,0.1401,8.8501,3.2349,-0.7935
-0.0277,-1.0266,0.1371,8.0566,3.0518,-0.7935
-0.0278,-1.0265,0.1381,6.1035,2.8076,-0.4883
-0.0291,-1.0251,0.1388,4.4556,2.6245,-0.4883
-0.0275,-1.0247,0.1412,3.5400,2.7466,-0.1831
-0.0282,-1.0219,0.1477,4.1504,2.5635,-0.4883
-0.0273,-1.0254,0.1440,6.1035,2.9297,-0.6714
-0.0280,-1.0250,0.1426,6.7139,3.1738,-0.6714
-0.0282,-1.0250,0.1423,6.6528,2.9297,-0.7935
-0.0283,-1.0248,0.1407,5.7983,2.8687,-0.6104
-0.0278,-1.0254,0.1417,5.3101,2.8076,-0.6104
-0.0283,-1.0247,0.1440,5.5542,2.8687,-0.5493
-0.0287,-1.0255,0.1425,5.9204,2.9297,-0.4272
-0.0284,-1.0260,0.1431,5.9814,2.8687,-0.6104
-0.0287,-1.0273,0.1422,5.6763,2.8076,-0.4272
-0.0277,-1.0261,0.1428,5.6763,2.6855,-0.4883
-0.0275,-1.0250,0.1428,5.9204,2.9907,-0.5493
-0.0273,-1.0248,0.1425,5.9204,2.8076,-0.5493
-0.0273,-1.0266,0.1427,6.1035,2.9907,-0.6104
-0.0287,-1.0256,0.1426,6.2256,2.8687,-0.6714
-0.0280,-1.0249,0.1416,6.0425,2.8076,-0.6104
-0.0283,-1.0247,0.1427,5.8594,2.9907,-0.6104
-0.0283,-1.0249,0.1422,5.7983,2.8687,-0.6104
-0.0271,-1.0247,0.1418,6.2256,2.9907,-0.6714
-0.0283,-1.0254,0.1431,5.8594,3.0518,-0.5493
-0.0286,-1.0270,0.1431,5.9204,2.9297,-0.6104
-0.0280,-1.0249,0.1427,5.9814,2.8687,-0.4883
-0.0281,-1.0250,0.1427,6.0425,2.9297,-0.6714
-0.0284,-1.0249,0.1431,5.9814,2.8687,-0.4272
-0.0275,-1.0259,0.1431,5.9204,2.9297,-0.6104
-0.0286,-1.0253,0.1444,6.0425,2.8687,-0.6104
-0.0275,-1.0255,0.1434,5.9814,2.9907,-0.6104
-0.0286,-1.0266,0.1428,5.9204,2.8076,-0.4272
-0.0267,-1.0248,0.1426,5.9814,2.8687,-0.6714
-0.0272,-1.0251,0.1432,5.9204,3.0518,-0.4883
-0.0276,-1.0259,0.1437,5.9814,2.8076,-0.6104
-0.0280,-1.0264,0.1434,5.9814,2.9297,-0.6714
-0.0275,-1.0258,0.1439,6.0425,2.7466,-0.7935
-0.0280,-1.0256,0.1429,6.0425,2.9907,-0.5493
-0.0286,-1.0248,0.1436,5.6152,2.9297,-0.3662
-0.0276,-1.0244,0.1443,5.9204,3.0518,-0.4883
-0.0284,-1.0245,0.1442,6.1646,2.8687,-0.6104
-0.0280,-1.0262,0.1438,5.9814,2.8687,-0.4883
-0.0273,-1.0249,0.1439,5.7983,3.0518,-0.4883
FIN_VENTANA
INICIO_VENTANA reposo
-0.0280,-1.0244,0.1426,5.9204,2.7466,-0.6714
-0.0276,-1.0255,0.1433,5.8594,2.8687,-0.4883
-0.0275,-1.0249,0.1423,5.6763,2.7466,-0.3662
-0.0277,-1.0258,0.1439,5.8594,2.8076,-0.6104
-0.0265,-1.0253,0.1449,5.7373,2.9297,-0.6714
-0.0282,-1.0237,0.1444,5.9204,2.8076,-0.6104
-0.0280,-1.0239,0.1433,6.0425,2.9297,-0.7324
-0.0277,-1.0250,0.1444,5.9814,2.8687,-0.4883
-0.0283,-1.0247,0.1438,6.0425,2.9297,-0.6714
-0.0272,-1.0258,0.1444,6.1646,2.9297,-0.5493
-0.0270,-1.0258,0.1438,5.8594,3.0518,-0.5493
-0.0276,-1.0254,0.1439,5.9204,2.8076,-0.4272
-0.0262,-1.0244,0.1444,5.7373,2.8687,-0.6104
-0.0270,-1.0249,0.1439,5.9204,2.7466,-0.6714
-0.0267,-1.0248,0.1440,6.4087,2.9297,-0.4883
-0.0281,-1.0245,0.1438,6.2256,2.9297,-0.7324
-0.0277,-1.0245,0.1449,6.2256,3.1128,-0.6104
-0.0280,-1.0247,0.1448,6.1035,2.8687,-0.7324
-0.0267,-1.0250,0.1447,6.2256,2.8076,-0.6714
-0.0280,-1.0250,0.1439,5.9814,2.9297,-0.6104
-0.0281,-1.0251,0.1440,5.6763,2.9907,-0.5493
-0.0276,-1.0250,0.1445,6.0425,2.9297,-0.6104
-0.0262,-1.0240,0.1432,6.4697,2.9907,-0.6714
-0.0281,-1.0244,0.1445,6.5308,2.9907,-0.7935
-0.0283,-1.0256,0.1425,6.0425,2.8687,-0.8545
-0.0281,-1.0248,0.1429,5.7373,2.8076,-0.4883
-0.0276,-1.0262,0.1454,5.1880,2.8076,-0.3662
-0.0275,-1.0248,0.1436,5.6763,2.8076,-0.4883
-0.0269,-1.0250,0.1454,5.4321,2.8076,-0.6104
-0.0281,-1.0250,0.1448,5.8594,3.0518,-0.6104
-0.0283,-1.0255,0.1456,6.3477,2.9907,-0.6104
-0.0272,-1.0254,0.1426,6.2256,2.9297,-0.7324
-0.0265,-1.0247,0.1436,5.3711,2.7466,-0.6104
-0.0276,-1.0265,0.1456,5.3711,2.9297,-0.4272
-0.0277,-1.0234,0.1451,5.9814,2.8076,-0.4883
-0.0292,-1.0259,0.1455,6.6528,2.8687,-0.7935
-0.0272,-1.0256,0.1440,6.3477,2.8076,-0.5493
-0.0270,-1.0260,0.1425,5.6763,2.9297,-0.6714
-0.0287,-1.0265,0.1460,5.3711,2.9297,-0.5493
-0.0277,-1.0250,0.1445,5.1270,2.9297,-0.3662
-0.0284,-1.0243,0.1461,5.7983,2.7466,-0.6104
-0.0272,-1.0251,0.1450,6.1035,3.0518,-0.6104
-0.0272,-1.0262,0.1451,5.9814,2.8076,-0.4883
-0.0272,-1.0243,0.1451,5.5542,2.9297,-0.5493
-0.0272,-1.0260,0.1464,5.7373,2.9297,-0.4272
-0.0277,-1.0271,0.1448,5.3711,2.7466,-0.4272
-0.0273,-1.0239,0.1472,5.1270,2.8076,-0.3662
-0.0271,-1.0232,0.1467,5.5542,2.8076,-0.6714
-0.0269,-1.0243,0.1458,6.7749,3.1738,-0.6104
-0.0278,-1.0248,0.1440,5.7373,2.8687,-0.5493
-0.0272,-1.0248,0.1464,4.9438,2.8076,-0.4883
-0.0276,-1.0256,0.1469,5.0659,2.8687,-0.4883
-0.0273,-1.0256,0.1476,5.2490,2.8687,-0.4883
-0.0269,-1.0238,0.1495,5.7983,2.9297,-0.5493
-0.0276,-1.0231,0.1486,6.9580,2.9907,-0.7324
-0.0270,-1.0243,0.1461,8.0566,3.0518,-0.9766
-0.0265,-1.0256,0.1437,6.8970,2.8687,-0.7324
-0.0276,-1.0225,0.1470,5.6763,2.8687,-0.4883
-0.0278,-1.0278,0.1438,5.1270,2.9297,-0.3052
-0.0430,-1.0054,0.1602,4.3945,1.0376,-3.5400
-0.0367,-1.0175,0.1293,6.2256,4.3945,1.7700
-0.0271,-1.0303,0.1461,4.8828,3.4790,1.3428
-0.0294,-1.0253,0.1414,6.5918,2.2583,-2.1362
-0.0336,-1.0155,0.1371,6.9580,2.4414,-1.9531
-0.0222,-1.0339,0.1486,4.6997,4.5166,2.7466
-0.0287,-1.0243,0.1421,6.1035,2.1362,-2.0142
-0.0267,-1.0262,0.1466,5.3711,2.5635,-1.2817
-0.0328,-1.0212,0.1396,6.2256,2.9297,-0.0610
-0.0222,-1.0320,0.1489,5.4932,3.3569,0.4883
-0.0282,-1.0239,0.1427,6.4697,2.3804,-1.5259
-0.0287,-1.0219,0.1415,6.8359,2.7466,-0.8545
-0.0248,-1.0291,0.1448,6.0425,3.5400,0.3662
-0.0291,-1.0250,0.1420,6.4087,2.4414,-1.5259
-0.0286,-1.0251,0.1423,5.6152,2.6855,-0.8545
-0.0281,-1.0261,0.1434,5.3711,2.9907,0.1831
-0.0261,-1.0262,0.1445,5.6763,2.7466,-0.6104
-0.0288,-1.0249,0.1436,5.9814,2.6245,-0.8545
-0.0280,-1.0239,0.1436,5.6763,3.1128,-0.2441
-0.0262,-1.0273,0.1451,6.2866,2.8687,-0.4883
-0.0276,-1.0256,0.1445,6.3477,2.6855,-0.7935
-0.0280,-1.0247,0.1439,6.9580,2.9297,-0.7324
-0.0266,-1.0260,0.1432,6.1646,2.9297,-0.2441
-0.0269,-1.0245,0.1425,6.2256,2.7466,-0.8545
-0.0288,-1.0254,0.1431,5.7983,2.9297,-0.4883
-0.0275,-1.0266,0.1431,5.7983,2.9907,-0.4883
-0.0278,-1.0254,0.1440,5.3711,2.8076,-0.6104
-0.0283,-1.0245,0.1429,5.4932,2.8076,-0.3662
-0.0264,-1.0260,0.1442,5.7373,2.9907,-0.3662
-0.0282,-1.0242,0.1437,6.1646,2.7466,-0.7324
-0.0283,-1.0278,0.1440,6.9580,2.7466,-0.8545
-0.0286,-1.0269,0.1426,6.4697,2.9907,-0.6714
-0.0286,-1.0244,0.1427,6.1646,2.9907,-0.5493
-0.0283,-1.0267,0.1420,5.6763,2.8687,-0.6714
-0.0281,-1.0264,0.1427,5.3101,2.7466,-0.4883
-0.0287,-1.0228,0.1428,5.1880,2.9907,-0.3662
-0.0281,-1.0232,0.1434,5.9204,2.6855,-0.6714
-0.0272,-1.0262,0.1431,5.6763,2.7466,-0.4272
-0.0273,-1.0269,0.1436,5.6152,2.7466,-0.4883
-0.0280,-1.0255,0.1428,6.0425,2.8687,-0.7324
-0.0267,-1.0278,0.1422,6.7139,2.8076,-0.7324
FIN_VENTANA
INICIO_VENTANA reposo
-0.0294,-1.0223,0.1375,6.1035,2.8687,-0.6104
-0.0265,-1.0227,0.1372,5.9814,2.9297,-0.6714
-0.0256,-1.0288,0.1379,5.8594,2.9297,-0.5493
-0.0276,-1.0292,0.1379,5.6152,2.8076,-0.6104
-0.0289,-1.0259,0.1392,5.7373,2.9297,-0.7324
-0.0289,-1.0208,0.1377,5.4932,2.6245,-0.6104
-0.0267,-1.0255,0.1377,5.6152,2.9297,-0.5493
-0.0269,-1.0295,0.1387,5.7373,2.9297,-0.6104
-0.0281,-1.0205,0.1390,6.0425,2.8687,-0.6104
-0.0265,-1.0264,0.1387,6.1646,3.0518,-0.4272
-0.0267,-1.0300,0.1378,6.5308,2.8687,-0.7324
-0.0289,-1.0273,0.1388,6.0425,2.9297,-0.7935
-0.0288,-1.0223,0.1403,5.5542,2.8687,-0.6104
-0.0276,-1.0228,0.1390,5.9204,2.9297,-0.6104
-0.0270,-1.0262,0.1388,5.7983,2.9907,-0.6714
-0.0297,-1.0225,0.1389,5.7373,2.8076,-0.6104
-0.0269,-1.0216,0.1392,5.5542,2.7466,-0.4272
-0.0262,-1.0248,0.1379,5.6152,2.6855,-0.6104
-0.0267,-1.0295,0.1390,5.7983,2.7466,-0.6714
-0.0297,-1.0289,0.1406,5.6763,2.9297,-0.6714
-0.0302,-1.0223,0.1403,6.0425,2.8687,-0.6714
-0.0280,-1.0217,0.1399,5.8594,3.0518,-0.6104
-0.0259,-1.0261,0.1389,5.9814,2.6855,-0.6714
-0.0294,-1.0214,0.1401,6.1035,2.9907,-0.6104
-0.0277,-1.0214,0.1403,6.4697,2.9907,-0.6714
-0.0266,-1.0273,0.1383,6.7139,2.9297,-0.6104
-0.0278,-1.0291,0.1394,6.4697,2.8687,-0.7935
-0.0297,-1.0227,0.1392,6.7749,2.9907,-0.9155
-0.0278,-1.0221,0.1385,6.9580,2.9907,-0.6104
-0.0256,-1.0238,0.1362,5.9814,2.8076,-0.6714
-0.0302,-1.0250,0.1378,6.1035,2.9907,-0.7935
-0.0284,-1.0221,0.1377,5.3711,2.9297,-0.4883
-0.0270,-1.0295,0.1371,5.1880,2.6855,-0.6714
-0.0280,-1.0250,0.1392,5.2490,2.8076,-0.6714
-0.0283,-1.0270,0.1393,5.3711,2.8076,-0.5493
-0.0287,-1.0250,0.1395,5.8594,2.9297,-0.6104
-0.0277,-1.0265,0.1384,6.2256,2.9907,-0.6104
-0.0282,-1.0266,0.1389,6.1035,2.6855,-0.7324
-0.0276,-1.0226,0.1392,5.1880,2.8076,-0.6104
-0.0282,-1.0240,0.1398,4.7607,2.8687,-0.4883
-0.0282,-1.0243,0.1401,4.6387,2.6245,-0.5493
-0.0281,-1.0247,0.1415,4.9438,2.6855,-0.5493
-0.0272,-1.0265,0.1421,5.2490,2.6855,-0.5493
-0.0282,-1.0244,0.1417,5.7983,2.9297,-0.6714
-0.0277,-1.0267,0.1420,6.7749,3.1738,-0.6104
-0.0277,-1.0255,0.1396,6.6528,2.9907,-0.6714
-0.0282,-1.0265,0.1401,5.9814,2.8687,-0.6714
-0.0271,-1.0262,0.1406,5.1880,2.8076,-0.6714
-0.0281,-1.0264,0.1420,5.2490,2.8687,-0.4272
-0.0292,-1.0273,0.1415,5.1880,2.8076,-0.6104
-0.0284,-1.0250,0.1418,5.2490,2.7466,-0.6104
-0.0283,-1.0250,0.1442,5.5542,2.8687,-0.4883
-0.0276,-1.0266,0.1443,5.8594,2.8076,-0.4272
-0.0266,-1.0238,0.1439,6.5918,2.8687,-0.6714
-0.0275,-1.0286,0.1438,7.6294,3.1128,-0.5493
-0.0260,-1.0238,0.1411,7.5684,3.0518,-0.7935
-0.0270,-1.0281,0.1401,6.6528,2.8687,-0.6714
-0.0276,-1.0223,0.1406,5.7373,2.9907,-0.5493
-0.0281,-1.0281,0.1405,4.3335,2.5635,-0.4883
-0.0282,-1.0262,0.1418,4.3335,2.6245,-0.6104
-0.0266,-1.0236,0.1442,5.5542,2.8687,-0.6104
-0.0273,-1.0262,0.1450,6.0425,2.9297,-0.5493
-0.0267,-1.0229,0.1444,6.8359,2.9907,-0.8545
-0.0280,-1.0277,0.1421,7.6294,3.0518,-0.6714
-0.0275,-1.0248,0.1416,7.5684,2.9907,-0.7324
-0.0281,-1.0247,0.1393,6.8359,3.0518,-0.4883
-0.0287,-1.0280,0.1377,5.3711,2.8687,-0.7324
-0.0292,-1.0317,0.1404,3.2349,2.6245,-0.4883
-0.0278,-1.0317,0.1451,4.8828,2.8076,-0.4883
-0.0287,-1.0276,0.1434,5.8594,2.9297,-0.6714
-0.0291,-1.0300,0.1436,6.8970,3.2349,-0.8545
-0.0277,-1.0206,0.1444,8.0566,3.1128,-0.6104
-0.0289,-1.0272,0.1409,8.7280,3.1738,-0.8545
-0.0284,-1.0284,0.1379,7.2632,3.0518,-0.8545
-0.0284,-1.0253,0.1375,5.2490,2.9297,-0.7324
-0.0288,-1.0272,0.1400,3.2349,2.5635,-0.4883
-0.0282,-1.0254,0.1414,2.6245,2.4414,-0.3662
-0.0283,-1.0270,0.1440,5.1880,2.7466,-0.4272
-0.0269,-1.0249,0.1418,5.9204,2.9907,-0.6714
-0.0286,-1.0265,0.1411,6.4087,2.8076,-0.7935
-0.0282,-1.0251,0.1417,6.2866,2.9297,-0.6714
-0.0278,-1.0247,0.1409,6.1646,2.8076,-0.5493
-0.0275,-1.0262,0.1417,5.4932,2.7466,-0.6104
-0.0283,-1.0248,0.1414,5.5542,2.9297,-0.4883
-0.0276,-1.0266,0.1429,5.6152,3.0518,-0.4883
-0.0278,-1.0247,0.1423,6.0425,2.9297,-0.6104
-0.0272,-1.0245,0.1455,6.7749,2.8687,-0.7324
-0.0287,-1.0256,0.1412,7.6294,2.9907,-0.7324
-0.0288,-1.0251,0.1383,7.0801,3.1128,-0.7935
-0.0287,-1.0266,0.1389,6.4697,2.9907,-0.6714
-0.0280,-1.0262,0.1393,6.1035,2.9907,-0.6104
-0.0277,-1.0261,0.1395,6.2256,2.7466,-0.7935
-0.0283,-1.0261,0.1400,5.9814,2.9297,-0.6104
-0.0282,-1.0251,0.1398,6.0425,2.9297,-0.6104
-0.0271,-1.0258,0.1389,6.3477,3.0518,-0.8545
-0.0277,-1.0265,0.1389,7.1411,3.0518,-0.6104
-0.0271,-1.0264,0.1375,7.2632,2.9907,-0.7935
-0.0287,-1.0276,0.1355,6.9580,2.9297,-0.7324
-0.0282,-1.0261,0.1368,6.1035,2.8076,-0.6714
-0.0281,-1.0272,0.1364,5.9204,2.8076,-0.5493
FIN_VENTANA
INICIO_VENTANA reposo
-0.0288,-1.0259,0.1368,5.3101,2.6855,-0.6104
-0.0278,-1.0259,0.1366,5.5542,2.9297,-0.3052
-0.0277,-1.0255,0.1367,5.3711,2.8687,-0.5493
-0.0281,-1.0255,0.1388,5.0049,2.8687,-0.6104
-0.0282,-1.0253,0.1376,5.6152,3.0518,-0.6714
-0.0289,-1.0288,0.1381,5.8594,2.8687,-0.5493
-0.0281,-1.0265,0.1385,5.9204,2.8076,-0.5493
-0.0293,-1.0265,0.1373,5.8594,3.0518,-0.6714
-0.0271,-1.0276,0.1384,5.4321,2.8076,-0.4883
-0.0271,-1.0266,0.1379,5.4932,2.8076,-0.6104
-0.0277,-1.0261,0.1392,5.7983,2.8687,-0.6714
-0.0286,-1.0254,0.1383,6.0425,3.1128,-0.7324
-0.0282,-1.0247,0.1379,5.7983,3.0518,-0.6104
-0.0287,-1.0254,0.1375,6.0425,2.9907,-0.6104
-0.0289,-1.0264,0.1381,5.7983,2.8076,-0.6104
-0.0286,-1.0275,0.1394,5.7373,2.7466,-0.5493
-0.0277,-1.0254,0.1377,6.0425,2.8076,-0.6714
-0.0288,-1.0259,0.1377,5.8594,2.8687,-0.6714
-0.0278,-1.0261,0.1381,5.6763,2.8687,-0.6104
-0.0286,-1.0266,0.1395,5.8594,2.9297,-0.4883
-0.0258,-1.0233,0.1373,5.7983,2.5635,-0.5493
-0.0291,-1.0276,0.1387,5.4321,2.7466,-0.7935
-0.0276,-1.0258,0.1384,5.8594,2.9297,-0.6104
-0.0276,-1.0247,0.1392,5.7983,2.8687,-0.6104
-0.0272,-1.0249,0.1399,5.7983,2.6855,-0.7324
-0.0286,-1.0251,0.1390,5.9814,2.9297,-0.5493
-0.0291,-1.0281,0.1387,6.3477,3.0518,-0.6714
-0.0270,-1.0262,0.1378,6.1646,2.8687,-0.6104
-0.0281,-1.0280,0.1390,5.3711,2.8076,-0.6104
-0.0270,-1.0254,0.1400,5.6763,2.6855,-0.5493
-0.0276,-1.0245,0.1389,5.8594,2.8076,-0.6714
-0.0280,-1.0264,0.1401,5.6763,2.6245,-0.6714
-0.0286,-1.0258,0.1389,5.9814,2.9907,-0.6104
-0.0278,-1.0273,0.1407,5.7373,2.7466,-0.4883
-0.0275,-1.0253,0.1388,5.9814,2.9297,-0.7324
-0.0277,-1.0267,0.1390,5.8594,3.0518,-0.6714
-0.0286,-1.0261,0.1401,5.9814,2.7466,-0.7935
-0.0275,-1.0261,0.1385,6.2256,2.8687,-0.6104
-0.0278,-1.0251,0.1387,5.7983,2.8687,-0.7324
-0.0280,-1.0270,0.1396,5.8594,2.9297,-0.4883
-0.0287,-1.0256,0.1395,6.1646,2.9907,-0.5493
-0.0281,-1.0250,0.1390,6.1646,3.0518,-0.7324
-0.0267,-1.0251,0.1392,6.1035,2.9907,-0.6104
-0.0273,-1.0253,0.1394,6.2866,2.8076,-0.7324
-0.0282,-1.0243,0.1390,6.1035,2.8076,-0.5493
-0.0284,-1.0255,0.1400,6.0425,2.8687,-0.6714
-0.0270,-1.0247,0.1385,6.1646,3.0518,-0.7324
-0.0282,-1.0250,0.1400,6.2256,2.8687,-0.6714
-0.0280,-1.0258,0.1389,6.7139,2.9907,-0.6104
-0.0272,-1.0266,0.1377,6.8359,3.0518,-0.6714
-0.0282,-1.0273,0.1365,5.7373,2.8076,-0.8545
-0.0281,-1.0247,0.1384,5.0049,2.8076,-0.4883
-0.0280,-1.0253,0.1388,5.1270,2.7466,-0.6104
-0.0280,-1.0270,0.1381,5.0659,2.7466,-0.6104
-0.0276,-1.0256,0.1403,4.6387,2.6855,-0.3662
-0.0283,-1.0248,0.1409,5.7373,2.8076,-0.6104
-0.0277,-1.0251,0.1399,6.2866,2.9907,-0.6714
-0.0273,-1.0270,0.1407,6.3477,2.9297,-0.6104
-0.0271,-1.0259,0.1390,6.2866,2.9297,-0.6104
-0.0273,-1.0250,0.1404,5.7983,2.8076,-0.6104
-0.0283,-1.0258,0.1401,6.0425,2.9297,-0.6104
-0.0271,-1.0250,0.1398,6.3477,2.8687,-0.6714
-0.0281,-1.0253,0.1394,5.9814,2.9297,-0.4883
-0.0282,-1.0264,0.1385,5.9204,2.9297,-0.6104
-0.0273,-1.0250,0.1399,5.7983,2.8687,-0.5493
-0.0272,-1.0261,0.1375,5.7373,2.8687,-0.6104
-0.0294,-1.0262,0.1395,5.8594,2.8687,-0.7324
-0.0283,-1.0256,0.1395,5.6152,2.6855,-0.6714
-0.0289,-1.0251,0.1384,5.0049,2.8687,-0.5493
-0.0276,-1.0249,0.1418,5.3101,2.8076,-0.5493
-0.0286,-1.0254,0.1412,6.2866,2.9297,-0.5493
-0.0280,-1.0269,0.1407,6.9580,2.9907,-0.5493
-0.0288,-1.0256,0.1389,7.1411,2.9297,-0.7324
-0.0277,-1.0253,0.1388,6.8359,3.0518,-0.6104
-0.0284,-1.0254,0.1385,6.1035,2.9907,-0.6104
-0.0278,-1.0264,0.1390,5.3101,2.9297,-0.5493
-0.0280,-1.0264,0.1405,5.7983,2.8076,-0.6104
-0.0284,-1.0250,0.1392,6.1035,2.8076,-0.7324
-0.0283,-1.0247,0.1395,5.6763,2.9297,-0.6714
-0.0288,-1.0266,0.1401,5.3101,2.6245,-0.6104
-0.0284,-1.0255,0.1417,6.0425,2.8687,-0.5493
-0.0281,-1.0248,0.1406,7.6294,3.1128,-0.7324
-0.0270,-1.0251,0.1383,7.8735,2.9907,-0.6104
-0.0281,-1.0259,0.1365,7.5684,3.0518,-0.7324
-0.0281,-1.0272,0.1356,6.2866,2.9297,-0.4883
-0.0280,-1.0271,0.1364,4.9438,2.8687,-0.6714
-0.0280,-1.0258,0.1384,4.8218,2.8076,-0.5493
-0.0278,-1.0256,0.1376,5.5542,2.7466,-0.5493
-0.0280,-1.0271,0.1375,5.7983,2.7466,-0.6714
-0.0275,-1.0254,0.1389,5.6763,2.8687,-0.6104
-0.0281,-1.0245,0.1388,6.3477,2.9297,-0.5493
-0.0275,-1.0255,0.1393,7.6294,3.0518,-0.6104
-0.0288,-1.0256,0.1350,7.9346,3.2349,-0.7935
-0.0278,-1.0282,0.1338,7.2021,3.2349,-0.6714
-0.0271,-1.0275,0.1334,5.9814,2.6855,-0.4883
-0.0273,-1.0256,0.1361,4.7607,2.7466,-0.4883
-0.0273,-1.0266,0.1366,4.3335,2.8076,-0.4272
-0.0277,-1.0266,0.1377,4.5776,2.6245,-0.4883
-0.0275,-1.0258,0.1383,5.4932,2.8687,-0.5493
-0.0286,-1.0251,0.1390,6.2866,2.8687,-0.4272
FIN_VENTANA
INICIO_VENTANA reposo
-0.0275,-1.0250,0.1393,5.6152,2.8687,-0.4883
-0.0275,-1.0275,0.1378,5.4932,2.8687,-0.6104
-0.0282,-1.0280,0.1392,5.6763,2.8076,-0.6714
-0.0273,-1.0251,0.1393,6.2866,2.9907,-0.6104
-0.0287,-1.0243,0.1392,6.4697,2.8687,-0.8545
-0.0277,-1.0249,0.1378,6.1646,2.8687,-0.7324
-0.0272,-1.0270,0.1370,5.8594,2.9907,-0.5493
-0.0289,-1.0240,0.1404,5.7983,2.8076,-0.6104
-0.0272,-1.0245,0.1375,6.5918,2.8687,-0.7324
-0.0273,-1.0281,0.1378,6.4697,2.8687,-0.6104
-0.0284,-1.0280,0.1394,6.1035,2.8076,-0.6104
-0.0291,-1.0243,0.1376,6.3477,2.9297,-0.6104
-0.0287,-1.0237,0.1370,6.3477,2.8076,-0.6104
-0.0262,-1.0286,0.1366,6.2256,2.9907,-0.6104
-0.0299,-1.0228,0.1385,5.7983,2.9297,-0.3662
-0.0278,-1.0242,0.1384,5.6763,2.8076,-0.5493
-0.0277,-1.0258,0.1371,5.4932,2.8687,-0.5493
-0.0270,-1.0277,0.1388,5.6763,2.7466,-0.4272
-0.0284,-1.0284,0.1384,6.2256,2.7466,-0.6714
-0.0295,-1.0245,0.1377,5.6152,2.6245,-0.4883
-0.0289,-1.0232,0.1404,5.1880,2.8687,-0.6714
-0.0289,-1.0284,0.1394,5.7373,2.8076,-0.6714
-0.0292,-1.0250,0.1410,6.1035,2.9907,-0.6104
-0.0291,-1.0226,0.1379,5.9204,2.9297,-0.5493
-0.0276,-1.0254,0.1393,5.6763,2.8076,-0.4272
-0.0271,-1.0300,0.1398,5.7983,2.8076,-0.6714
-0.0281,-1.0276,0.1394,5.6763,2.8687,-0.4272
-0.0295,-1.0276,0.1388,5.7983,2.8076,-0.4883
-0.0272,-1.0304,0.1399,5.9204,2.9907,-0.6714
-0.0295,-1.0258,0.1394,5.9204,2.7466,-0.6714
-0.0293,-1.0221,0.1401,5.6763,2.8687,-0.6714
-0.0272,-1.0229,0.1396,6.1646,2.9907,-0.4272
-0.0266,-1.0286,0.1390,6.2256,2.8687,-0.5493
-0.0295,-1.0216,0.1403,6.2256,2.8687,-0.6714
-0.0275,-1.0240,0.1395,6.0425,2.9297,-0.5493
-0.0261,-1.0275,0.1383,5.8594,2.7466,-0.6104
-0.0278,-1.0294,0.1393,5.7373,2.8076,-0.7324
-0.0297,-1.0260,0.1396,5.6152,2.6855,-0.6104
-0.0295,-1.0238,0.1400,5.6763,2.8687,-0.4883
-0.0280,-1.0234,0.1409,5.7983,2.9297,-0.5493
-0.0267,-1.0265,0.1407,5.4932,2.8076,-0.7324
-0.0293,-1.0215,0.1414,5.3711,2.8687,-0.6104
-0.0260,-1.0245,0.1427,5.6763,2.6245,-1.1597
-0.0289,-1.0255,0.1387,6.1035,3.4180,0.1221
-0.0248,-1.0319,0.1427,5.3101,2.7466,-0.3662
-0.0294,-1.0237,0.1418,5.1270,2.6855,-0.9155
-0.0293,-1.0200,0.1406,5.6152,2.8076,-0.8545
-0.0244,-1.0286,0.1409,5.5542,3.1128,-0.1221
-0.0306,-1.0219,0.1404,5.7373,2.5024,-1.2207
-0.0277,-1.0209,0.1407,5.9204,2.8076,-0.6104
-0.0262,-1.0265,0.1410,5.7373,3.2349,-0.2441
-0.0277,-1.0300,0.1417,5.0659,2.6855,-0.8545
-0.0281,-1.0262,0.1427,5.3711,2.8687,-0.9155
-0.0292,-1.0229,0.1428,5.8594,3.0518,-0.3052
-0.0270,-1.0228,0.1423,6.0425,2.9297,-0.5493
-0.0275,-1.0276,0.1422,5.9204,2.8687,-0.8545
-0.0288,-1.0247,0.1415,5.8594,2.8687,-0.4883
-0.0286,-1.0231,0.1425,5.9814,2.7466,-0.6104
-0.0270,-1.0242,0.1414,5.9204,2.9297,-0.7324
-0.0269,-1.0292,0.1416,6.2256,2.9907,-0.7324
-0.0278,-1.0291,0.1417,5.5542,2.8076,-0.6104
-0.0293,-1.0223,0.1422,5.6152,2.6855,-0.7324
-0.0288,-1.0215,0.1433,5.7983,2.8076,-0.5493
-0.0283,-1.0282,0.1440,5.7373,2.8687,-0.6104
-0.0291,-1.0219,0.1427,6.2256,2.8687,-0.7935
-0.0284,-1.0220,0.1414,5.9814,2.9297,-0.6104
-0.0258,-1.0281,0.1422,5.9204,2.9297,-0.5493
-0.0260,-1.0306,0.1411,6.0425,2.8687,-0.6714
-0.0287,-1.0258,0.1433,5.8594,2.6855,-0.7324
-0.0293,-1.0212,0.1418,5.9204,2.7466,-0.4883
-0.0271,-1.0272,0.1415,5.8594,2.8687,-0.6104
-0.0281,-1.0227,0.1427,5.6152,2.8687,-0.6104
-0.0286,-1.0273,0.1434,5.9814,2.9297,-0.6104
-0.0283,-1.0256,0.1422,5.7983,2.8687,-0.4883
-0.0295,-1.0223,0.1423,6.0425,2.8076,-0.6714
-0.0277,-1.0247,0.1423,5.8594,2.8076,-0.3052
-0.0275,-1.0273,0.1427,6.0425,2.9907,-0.6104
-0.0273,-1.0245,0.1426,5.7373,2.7466,-0.6104
-0.0289,-1.0233,0.1442,5.7983,2.8687,-0.5493
-0.0275,-1.0282,0.1434,6.2866,2.9907,-0.8545
-0.0280,-1.0242,0.1425,6.3477,2.8687,-0.6714
-0.0276,-1.0283,0.1423,5.9204,2.8076,-0.6714
-0.0277,-1.0232,0.1442,5.5542,2.9297,-0.3662
-0.0275,-1.0280,0.1437,5.8594,2.9297,-0.4883
-0.0275,-1.0229,0.1425,6.2256,2.7466,-0.6714
-0.0275,-1.0233,0.1439,6.1646,2.8687,-0.6104
-0.0275,-1.0271,0.1417,6.3477,2.7466,-0.6104
-0.0270,-1.0233,0.1428,6.1035,2.9297,-0.6104
-0.0272,-1.0278,0.1421,6.0425,2.9297,-0.6714
-0.0286,-1.0247,0.1431,6.2256,2.8076,-0.6714
-0.0265,-1.0272,0.1410,6.5918,2.8687,-0.7935
-0.0284,-1.0237,0.1427,6.5308,2.8076,-0.7324
-0.0262,-1.0278,0.1406,6.4087,2.6855,-0.7324
-0.0277,-1.0286,0.1415,6.0425,2.8687,-0.4883
-0.0275,-1.0225,0.1420,6.2866,2.8687,-0.7935
-0.0288,-1.0283,0.1406,6.5918,2.8687,-0.6714
-0.0281,-1.0245,0.1404,6.3477,2.8687,-0.6104
-0.0280,-1.0278,0.1393,6.5308,2.9297,-0.8545
-0.0276,-1.0240,0.1393,6.2256,2.9297,-0.4883
-0.0287,-1.0273,0.1398,6.0425,2.7466,-0.5493
FIN_VENTANA
INICIO_VENTANA reposo
-0.0276,-1.0251,0.1436,5.9814,2.7466,-0.6104
-0.0276,-1.0236,0.1431,5.8594,2.7466,-0.7324
-0.0275,-1.0277,0.1425,6.2866,2.8687,-0.7935
-0.0266,-1.0190,0.1434,5.7373,2.9297,-0.6714
-0.0281,-1.0269,0.1442,5.7373,2.9907,-0.3662
-0.0286,-1.0253,0.1431,5.7373,2.7466,-0.7935
-0.0261,-1.0275,0.1418,6.1035,3.1128,-0.3662
-0.0281,-1.0231,0.1420,6.4087,2.7466,-0.6104
-0.0262,-1.0248,0.1420,6.1646,2.8076,-0.6104
-0.0277,-1.0254,0.1439,5.3101,2.9297,-0.1831
-0.0287,-1.0249,0.1398,5.6152,2.5635,-0.9766
-0.0265,-1.0251,0.1455,5.5542,2.9297,-0.4272
-0.0253,-1.0117,0.1425,5.4321,2.8687,-0.5493
-0.0267,-1.0375,0.1420,5.5542,2.7466,-0.4883
-0.0273,-1.0216,0.1410,5.0659,2.7466,-0.7324
-0.0276,-1.0261,0.1426,5.9204,2.6855,-0.8545
-0.0256,-1.0253,0.1445,5.8594,2.9297,-0.4883
-0.0295,-1.0251,0.1414,5.7373,2.5635,-0.7935
-0.0269,-1.0238,0.1439,5.9814,2.9297,-0.5493
-0.0291,-1.0247,0.1437,5.9814,2.8076,-0.6104
-0.0217,-1.0323,0.1460,5.8594,2.6855,-0.7324
-0.0037,-1.0275,0.1478,5.9814,5.1270,3.7231
-0.0176,-1.0326,0.1421,-3.1738,4.2725,1.7700
-0.0344,-1.0358,0.1406,13.3667,0.3052,-7.4463
-0.0284,-1.0159,0.1440,9.6436,-0.5493,-10.9863
-0.0477,-1.0000,0.1304,6.7139,4.4556,2.8687
-0.0487,-1.0500,0.1438,-2.6245,6.9580,13.8550
-0.0222,-1.0320,0.1487,8.9111,1.5869,-3.1738
-0.0150,-1.0331,0.1473,9.6436,1.1597,-5.1880
-0.0341,-1.0188,0.1387,10.1318,-0.1221,-7.5684
-0.0132,-1.0161,0.1500,1.4648,6.9580,9.3384
-0.0149,-1.0339,0.1550,5.7983,2.9907,-0.3052
-0.0198,-1.0264,0.1425,8.0566,1.7090,-3.8452
-0.0243,-1.0204,0.1437,7.7515,1.2817,-4.5166
-0.0299,-1.0231,0.1394,4.6387,5.0049,3.7231
-0.0216,-1.0328,0.1559,3.8452,3.1738,1.4648
-0.0247,-1.0294,0.1436,6.8359,2.0142,-2.8687
-0.0355,-1.0063,0.1351,7.1411,4.0283,3.5400
-0.0304,-1.0399,0.1583,-3.7231,4.4556,6.5308
-0.0067,-1.0217,0.1462,16.1133,-2.0142,-13.7939
-0.0439,-1.0065,0.1346,5.9204,2.2583,-1.7090
-0.0126,-1.0176,0.1444,4.5776,4.8828,4.5166
-0.0271,-1.0383,0.1484,2.0142,4.8828,4.2725
-0.0330,-1.0284,0.1329,8.3618,1.1597,-4.2114
-0.0327,-1.0221,0.1475,7.5684,1.4038,-4.4556
-0.0355,-1.0142,0.1445,5.9814,5.4321,4.5776
-0.0186,-1.0344,0.1586,4.4556,3.2959,1.0986
-0.0281,-1.0219,0.1442,6.5918,1.7090,-2.9907
-0.0326,-1.0192,0.1409,6.1646,2.0142,-2.3804
-0.0260,-1.0278,0.1423,5.9814,4.4556,2.7466
-0.0188,-1.0314,0.1416,5.8594,2.6855,-0.9155
-0.0294,-1.0226,0.1453,6.1035,3.2349,0.1221
-0.0225,-1.0298,0.1495,5.6763,1.7700,-2.8076
-0.0359,-1.0178,0.1324,6.7139,2.1362,-2.0752
-0.0244,-1.0273,0.1455,6.5308,4.2114,2.0142
-0.0249,-1.0295,0.1427,6.1646,2.6245,-0.8545
-0.0254,-1.0284,0.1422,5.9204,2.1973,-1.6479
-0.0422,-1.0076,0.1344,7.2021,3.2959,0.4272
-0.0326,-1.0419,0.1376,1.0376,3.0518,2.5024
-0.0092,-1.0090,0.1494,8.4839,0.9155,-4.2725
-0.0253,-1.0242,0.1426,6.1035,3.7231,1.2817
-0.0215,-1.0284,0.1494,5.2490,3.9673,1.4648
-0.0260,-1.0322,0.1411,5.9204,2.1362,-1.7090
-0.0311,-1.0139,0.1407,6.1646,2.0752,-2.2583
-0.0281,-1.0286,0.1440,6.0425,3.9062,1.2817
-0.0222,-1.0302,0.1440,6.3477,2.9907,-0.4272
-0.0275,-1.0242,0.1393,6.3477,2.6245,-1.5259
-0.0311,-1.0233,0.1405,6.6528,3.0518,-0.3052
-0.0239,-1.0298,0.1405,6.7139,3.3569,0.0000
-0.0280,-1.0266,0.1392,6.2256,2.5024,-1.5259
-0.0287,-1.0256,0.1406,6.2866,2.6245,-0.8545
-0.0271,-1.0259,0.1392,6.5308,3.4180,0.0610
-0.0272,-1.0292,0.1406,6.5308,2.7466,-0.9155
-0.0293,-1.0247,0.1385,6.4087,2.6855,-1.0376
-0.0283,-1.0251,0.1387,6.5918,3.1738,-0.3052
-0.0270,-1.0258,0.1382,6.2256,2.8076,-0.4883
-0.0271,-1.0261,0.1387,6.0425,2.7466,-0.9155
-0.0280,-1.0250,0.1372,6.2256,2.9297,-0.6104
-0.0272,-1.0272,0.1393,6.0425,3.0518,-0.3662
-0.0282,-1.0261,0.1378,5.4932,2.8076,-0.6714
-0.0276,-1.0247,0.1378,5.4932,2.7466,-0.7324
-0.0275,-1.0270,0.1399,5.4932,2.7466,-0.3662
-0.0269,-1.0256,0.1395,5.3711,2.6855,-0.7935
-0.0280,-1.0253,0.1403,5.6152,2.7466,-0.4883
-0.0269,-1.0259,0.1400,5.7373,2.9907,-0.5493
-0.0276,-1.0267,0.1389,5.9814,2.7466,-0.6104
-0.0289,-1.0262,0.1395,5.8594,2.8076,-0.6714
-0.0272,-1.0247,0.1393,5.8594,2.8687,-0.6104
-0.0281,-1.0260,0.1383,5.7373,2.9297,-0.6104
-0.0280,-1.0260,0.1400,5.7373,2.8687,-0.6104
-0.0275,-1.0260,0.1384,5.6152,2.6855,-0.6104
-0.0273,-1.0245,0.1401,5.6763,2.7466,-0.4883
-0.0466,-1.0001,0.1428,6.2256,3.1738,-0.5493
-0.0255,-1.0294,0.1432,-2.4414,5.5542,11.4746
0.0028,-1.0262,0.1643,4.2114,3.2959,0.5493
-0.0184,-1.0292,0.1459,7.8735,-0.7324,-9.1553
-0.0580,-1.0557,0.1399,9.9487,-1.5869,-10.7422
-0.0381,-0.9792,0.1080,7.2632,2.8076,-1.2207
-0.0156,-1.0507,0.1478,1.9531,9.4604,21.1182
0.0002,-1.0261,0.1699,-0.5493,4.4556,4.6387
FIN_VENTANA
INICIO_VENTANA reposo
-0.0291,-1.0222,0.1407,5.9814,2.8076,-0.8545
-0.0262,-1.0288,0.1462,5.6763,3.1738,0.0610
-0.0273,-1.0240,0.1398,6.2866,2.6855,-0.9766
-0.0282,-1.0256,0.1431,6.0425,2.8076,-0.7324
-0.0271,-1.0277,0.1438,5.8594,2.9297,-0.3052
-0.0264,-1.0236,0.1406,5.8594,2.7466,-0.7935
-0.0266,-1.0280,0.1440,5.9814,2.8687,-0.7324
-0.0270,-1.0232,0.1398,5.9814,3.0518,-0.6714
-0.0269,-1.0286,0.1451,6.0425,3.1128,-0.5493
-0.0270,-1.0231,0.1411,5.9204,2.7466,-0.8545
-0.0277,-1.0240,0.1436,5.7983,2.9907,-0.6104
-0.0277,-1.0266,0.1429,6.1646,3.1128,-0.4883
-0.0267,-1.0247,0.1426,5.9204,2.6245,-0.7324
-0.0270,-1.0254,0.1432,6.0425,2.6855,-0.5493
-0.0265,-1.0243,0.1417,6.1035,2.8687,-0.4883
-0.0277,-1.0280,0.1442,5.8594,2.7466,-0.4883
-0.0276,-1.0261,0.1421,5.9814,2.9297,-0.5493
-0.0261,-1.0258,0.1432,5.9204,2.8687,-0.7324
-0.0275,-1.0250,0.1443,5.9814,2.9907,-0.5493
-0.0271,-1.0250,0.1422,5.9814,2.9907,-0.6714
-0.0275,-1.0260,0.1443,6.1035,3.1128,-0.6104
-0.0262,-1.0253,0.1428,6.1035,2.9297,-0.6104
-0.0265,-1.0243,0.1432,5.9814,2.8076,-0.4883
-0.0280,-1.0264,0.1428,6.2256,2.8687,-0.7324
-0.0267,-1.0261,0.1423,5.9814,2.7466,-0.6714
-0.0278,-1.0260,0.1444,5.9204,2.8687,-0.4272
-0.0265,-1.0248,0.1427,5.8594,3.0518,-0.6104
-0.0277,-1.0259,0.1433,5.9814,3.0518,-0.6104
-0.0266,-1.0261,0.1427,6.2256,2.7466,-0.9155
-0.0281,-1.0256,0.1427,6.1646,2.9297,-0.6714
-0.0273,-1.0258,0.1427,6.0425,2.7466,-0.6104
-0.0267,-1.0242,0.1425,5.7373,2.7466,-0.4883
-0.0270,-1.0249,0.1433,5.9204,2.9907,-0.6104
-0.0277,-1.0261,0.1417,6.4087,3.1128,-0.4883
-0.0280,-1.0265,0.1423,6.1646,2.7466,-0.5493
-0.0266,-1.0247,0.1422,6.1646,2.9907,-0.4272
-0.0276,-1.0247,0.1425,6.2256,2.9907,-0.5493
-0.0272,-1.0256,0.1423,6.4087,3.0518,-0.6714
-0.0273,-1.0264,0.1422,6.3477,2.9907,-0.6104
-0.0272,-1.0255,0.1418,6.4697,3.0518,-0.6104
-0.0266,-1.0260,0.1407,6.5308,2.9297,-0.6104
-0.0273,-1.0255,0.1420,6.3477,2.8076,-0.7324
-0.0269,-1.0248,0.1416,6.2256,2.8687,-0.5493
-0.0277,-1.0333,0.1401,6.4087,2.9907,-0.6714
-0.0287,-1.0154,0.1418,6.1035,2.8076,-0.6714
-0.0262,-1.0315,0.1392,6.6528,2.9907,-0.6714
-0.0265,-1.0253,0.1394,6.2256,2.8687,-0.7324
-0.0278,-1.0262,0.1396,6.3477,2.7466,-0.7324
-0.0272,-1.0272,0.1400,6.1646,3.0518,-0.6714
-0.0276,-1.0273,0.1393,6.1646,3.0518,-0.7324
-0.0269,-1.0255,0.1392,6.2866,2.9297,-0.6714
-0.0278,-1.0258,0.1392,6.1646,2.9907,-0.7324
-0.0278,-1.0266,0.1395,6.1646,2.8687,-0.7324
-0.0281,-1.0248,0.1392,6.2256,3.1128,-0.7935
-0.0275,-1.0273,0.1385,6.3477,2.7466,-0.7324
-0.0276,-1.0254,0.1392,6.1646,2.8687,-0.4883
-0.0273,-1.0273,0.1387,6.1646,2.9907,-0.6104
-0.0267,-1.0232,0.1394,6.3477,3.0518,-0.6104
-0.0284,-1.0254,0.1371,6.4087,2.8076,-0.6714
-0.0273,-1.0284,0.1368,6.8359,2.9907,-0.6104
-0.0282,-1.0259,0.1378,5.9814,2.9297,-0.7324
-0.0269,-1.0253,0.1371,5.9204,2.7466,-0.7324
-0.0287,-1.0320,0.1371,5.6763,2.9297,-0.7324
-0.0276,-1.0164,0.1400,5.9204,2.7466,-0.6104
-0.0284,-1.0210,0.1383,6.1035,2.8076,-0.6714
-0.0269,-1.0262,0.1366,5.9204,2.9297,-0.7324
-0.0270,-1.0267,0.1382,5.6763,2.8076,-0.6104
-0.0270,-1.0258,0.1378,5.5542,2.8687,-0.5493
-0.0276,-1.0271,0.1392,5.6152,2.8076,-0.6104
-0.0272,-1.0261,0.1387,5.9814,2.9297,-0.6104
-0.0273,-1.0258,0.1381,5.8594,2.8687,-0.5493
-0.0276,-1.0250,0.1377,5.4321,2.6245,-0.6104
-0.0269,-1.0244,0.1384,4.9438,2.6855,-0.5493
-0.0271,-1.0253,0.1389,5.0049,2.8076,-0.4883
-0.0270,-1.0291,0.1395,5.6152,2.8076,-0.6104
-0.0276,-1.0270,0.1401,5.9814,2.9907,-0.7324
-0.0277,-1.0243,0.1394,6.1646,2.9297,-0.6104
-0.0281,-1.0245,0.1400,5.9814,3.0518,-0.5493
-0.0266,-1.0265,0.1409,5.7373,2.8687,-0.6104
-0.0278,-1.0249,0.1406,5.6763,2.8076,-0.6104
-0.0282,-1.0238,0.1393,5.7373,2.9297,-0.7324
-0.0270,-1.0194,0.1389,5.7373,2.9907,-0.6104
-0.0258,-1.0363,0.1392,5.5542,2.6855,-0.4883
-0.0278,-1.0209,0.1401,5.5542,2.9297,-0.7935
-0.0273,-1.0266,0.1411,5.4321,2.8076,-0.3662
-0.0275,-1.0261,0.1406,5.4321,2.8687,-0.4883
-0.0277,-1.0273,0.1407,5.7373,2.6855,-0.6714
-0.0276,-1.0253,0.1416,5.6152,2.8687,-0.6104
-0.0277,-1.0267,0.1407,5.9204,2.9297,-0.4883
-0.0265,-1.0262,0.1410,6.2256,2.8687,-0.6714
-0.0271,-1.0261,0.1405,6.2256,2.8076,-0.6714
-0.0271,-1.0261,0.1415,5.5542,2.8687,-0.4883
-0.0087,-1.0568,0.1354,5.1880,3.1128,-2.4414
-0.0706,-0.9994,0.1306,7.6904,2.2583,-4.0894
-0.0090,-1.0366,0.1379,-1.9531,7.6904,11.1084
-0.0353,-1.0311,0.1443,7.6294,1.7700,-2.8687
-0.0326,-1.0275,0.1404,7.6904,1.0376,-4.2114
-0.0283,-1.0117,0.1398,7.8125,1.7090,-3.4180
-0.0021,-1.0262,0.1583,3.9062,5.6763,5.3101
-0.0198,-1.0316,0.1500,5.4932,2.6855,-0.6104
FIN_VENTANA
INICIO_VENTANA reposo
-0.0272,-1.0264,0.1444,5.6763,2.6855,-0.6104
-0.0267,-1.0271,0.1431,5.9204,2.9297,-0.6714
-0.0269,-1.0249,0.1455,6.2256,2.9297,-0.7324
-0.0271,-1.0256,0.1433,6.1646,2.9297,-0.7935
-0.0273,-1.0243,0.1438,5.9814,3.0518,-0.6714
-0.0281,-1.0251,0.1428,5.8594,2.9297,-0.6714
-0.0270,-1.0243,0.1454,5.6763,2.9907,-0.6714
-0.0272,-1.0243,0.1439,5.9814,2.8076,-0.7324
-0.0262,-1.0209,0.1448,5.7983,2.7466,-0.6104
-0.0278,-1.0199,0.1429,5.9814,2.7466,-0.6714
-0.0266,-1.0265,0.1431,6.0425,2.6855,-0.6714
-0.0265,-1.0262,0.1447,5.9204,2.8076,-0.4883
-0.0271,-1.0254,0.1432,6.1646,2.9297,-0.7935
-0.0276,-1.0256,0.1431,6.9580,2.8687,-0.6714
-0.0272,-1.0254,0.1416,6.7139,3.0518,-0.7324
-0.0275,-1.0258,0.1422,6.4087,2.8076,-0.6104
-0.0271,-1.0273,0.1403,5.7373,2.9907,-0.4883
-0.0269,-1.0293,0.1410,5.6763,2.7466,-0.6104
-0.0277,-1.0219,0.1429,5.6763,2.8076,-0.4883
-0.0278,-1.0294,0.1428,6.3477,2.9297,-0.8545
-0.0273,-1.0208,0.1410,6.7139,2.9297,-0.6714
-0.0272,-1.0291,0.1414,6.7749,2.8687,-0.5493
-0.0267,-1.0214,0.1411,6.7139,2.8076,-0.9155
-0.0275,-1.0304,0.1405,6.8359,2.9297,-0.6714
-0.0276,-1.0266,0.1403,6.0425,2.9907,-0.6104
-0.0270,-1.0223,0.1414,5.9814,2.8076,-0.6104
-0.0269,-1.0277,0.1414,6.2866,2.9907,-0.5493
-0.0273,-1.0289,0.1389,5.7373,2.7466,-0.6714
-0.0298,-1.0201,0.1425,5.4932,2.6855,-0.6104
-0.0254,-1.0283,0.1406,5.4932,2.8076,-0.5493
-0.0270,-1.0272,0.1423,6.4697,2.8076,-0.5493
-0.0260,-1.0255,0.1409,7.3853,2.9297,-0.7935
-0.0260,-1.0267,0.1370,6.8970,2.9297,-0.7324
-0.0264,-1.0272,0.1383,6.8970,2.9907,-0.8545
-0.0271,-1.0251,0.1377,5.8594,2.9297,-0.4883
-0.0275,-1.0265,0.1395,5.1270,2.7466,-0.6104
-0.0261,-1.0276,0.1407,5.1880,2.8076,-0.5493
-0.0270,-1.0250,0.1401,5.9204,2.8076,-0.7935
-0.0265,-1.0253,0.1400,6.6528,2.8687,-0.7324
-0.0266,-1.0240,0.1385,6.5308,2.8687,-0.5493
-0.0275,-1.0266,0.1385,5.8594,2.7466,-0.6714
-0.0280,-1.0293,0.1383,5.6152,2.9297,-0.6714
-0.0280,-1.0211,0.1392,6.0425,2.8687,-0.6714
-0.0271,-1.0281,0.1382,6.1035,2.9907,-0.7324
-0.0276,-1.0292,0.1383,5.0659,2.7466,-0.6104
-0.0260,-1.0300,0.1400,4.8218,2.5635,-0.9155
-0.0264,-1.0225,0.1405,4.5166,2.8687,-0.2441
-0.0269,-1.0319,0.1426,5.2490,2.9297,-0.6714
-0.0266,-1.0243,0.1403,6.1646,2.8687,-0.7324
-0.0297,-1.0221,0.1399,6.0425,2.8076,-0.7324
-0.0271,-1.0284,0.1428,6.1035,2.5635,-0.8545
-0.0271,-1.0259,0.1404,6.0425,2.8076,-0.7324
-0.0275,-1.0266,0.1428,5.7373,2.7466,-0.7324
-0.0258,-1.0256,0.1415,5.7373,2.9297,-0.4272
-0.0272,-1.0266,0.1425,5.4321,2.6855,-0.7324
-0.0273,-1.0270,0.1418,5.3711,2.8076,-0.6104
-0.0270,-1.0227,0.1436,5.9204,2.7466,-0.6104
-0.0270,-1.0216,0.1417,5.8594,2.7466,-0.6714
-0.0265,-1.0302,0.1407,6.1035,2.8687,-0.6714
-0.0277,-1.0220,0.1429,5.8594,2.8687,-0.6104
-0.0276,-1.0283,0.1429,6.0425,2.6855,-0.8545
-0.0282,-1.0250,0.1415,5.4321,2.8687,-0.5493
-0.0275,-1.0265,0.1423,5.7373,2.9297,-0.6104
-0.0265,-1.0269,0.1428,5.6763,2.8076,-0.7935
-0.0262,-1.0262,0.1418,5.2490,2.9297,-0.4883
-0.0259,-1.0319,0.1442,5.3711,2.9297,-0.4883
-0.0287,-1.0227,0.1438,5.7373,2.8076,-0.5493
-0.0276,-1.0243,0.1437,5.6763,2.8687,-0.6104
-0.0266,-1.0250,0.1440,6.4087,2.8687,-0.7324
-0.0277,-1.0254,0.1429,6.4087,2.9297,-0.6714
-0.0271,-1.0260,0.1426,6.1646,2.7466,-0.6714
-0.0262,-1.0240,0.1422,5.6152,2.6245,-0.5493
-0.0269,-1.0256,0.1423,5.4932,2.7466,-0.7935
-0.0264,-1.0242,0.1431,5.7983,2.8687,-0.4883
-0.0272,-1.0265,0.1428,5.8594,2.9297,-0.5493
-0.0271,-1.0249,0.1427,5.8594,2.9907,-0.7324
-0.0276,-1.0255,0.1425,6.1646,2.8687,-0.6104
-0.0283,-1.0251,0.1425,6.2256,2.8076,-0.6714
-0.0271,-1.0248,0.1421,6.2256,2.8687,-0.6104
-0.0269,-1.0273,0.1417,6.0425,2.8687,-0.6104
-0.0275,-1.0259,0.1423,5.7983,2.7466,-0.6104
-0.0273,-1.0249,0.1438,5.9814,2.9907,-0.5493
-0.0273,-1.0256,0.1423,5.9814,2.7466,-0.5493
-0.0264,-1.0249,0.1412,5.7373,2.8687,-0.5493
-0.0277,-1.0248,0.1433,5.2490,2.9297,-0.4272
-0.0265,-1.0265,0.1423,5.7983,2.9297,-0.7324
-0.0270,-1.0264,0.1436,6.0425,2.8687,-0.6714
Listo. Formato de comando: <etiqueta> <numero_de_ventanas>
Ejemplo: reposo 20  |  Para interrumpir: stop
INICIO_VENTANA reposo
-0.0137,-0.0367,1.0212,5.8594,2.8687,-0.8545
-0.0115,-0.0376,1.0178,6.1035,3.6621,-0.9155
-0.0056,-0.0234,1.0203,5.9204,3.8452,-0.4272
-0.0081,-0.0308,1.0198,5.9204,3.5400,-0.9155
-0.0131,-0.0410,1.0190,5.9204,3.8452,-1.2207
-0.0093,-0.0336,1.0214,6.1035,3.1738,-0.6714
-0.0112,-0.0394,1.0206,5.9204,3.2959,-0.9155
-0.0114,-0.0367,1.0205,6.1035,2.3804,-0.7935
-0.0131,-0.0354,1.0309,6.0425,2.5635,-0.6104
-0.0115,-0.0482,1.0176,5.8594,2.4414,-0.0610
-0.0118,-0.0225,1.0189,5.9204,3.1738,1.2817
-0.0098,-0.0377,1.0217,5.8594,3.3569,-0.1831
-0.0100,-0.0399,1.0209,5.8594,3.7231,0.2441
-0.0090,-0.0383,1.0250,5.9204,3.8452,-0.1221
-0.0082,-0.0358,1.0197,5.9204,3.7842,-0.4272
-0.0098,-0.0363,1.0208,5.7983,4.7607,-0.6104
-0.0055,-0.0348,1.0154,5.8594,3.1128,-0.1221
-0.0082,-0.0310,1.0198,5.9204,3.1128,-0.1831
-0.0082,-0.0388,1.0217,5.9814,3.7231,-1.4648
-0.0070,-0.0375,1.0219,5.9204,3.0518,-1.0376
-0.0027,-0.0165,1.0051,5.9814,2.7466,-0.7935
-0.0049,-0.0400,1.0173,5.8594,2.3193,-0.3052
-0.0088,-0.0381,1.0272,5.9204,3.2959,-0.1221
-0.0067,-0.0294,1.0229,5.9204,3.1738,0.0610
-0.0078,-0.0306,1.0201,6.0425,2.5635,-0.1831
-0.0063,-0.0350,1.0205,5.9814,2.8687,-0.6104
-0.0073,-0.0378,1.0184,5.9814,2.8076,-0.6104
-0.0092,-0.0352,1.0208,5.9204,2.9297,-0.4272
-0.0082,-0.0365,1.0313,5.9204,2.7466,0.0610
-0.0098,-0.0314,1.0211,5.9814,2.9297,-0.4883
-0.0044,-0.0376,1.0177,5.7983,3.0518,-0.6104
-0.0059,-0.0372,1.0188,5.8594,2.7466,-0.4883
-0.0074,-0.0332,1.0155,5.9204,2.9297,-0.4883
-0.0057,-0.0370,1.0212,5.9814,2.9297,-0.7935
-0.0106,-0.0378,1.0261,5.9204,3.1128,-1.1597
-0.0052,-0.0348,1.0223,6.0425,3.2349,-0.6104
-0.0123,-0.0348,1.0376,5.9814,3.3569,-0.0610
-0.0068,-0.0359,1.0216,5.7983,2.5635,-0.2441
-0.0098,-0.0370,1.0183,5.8594,2.7466,-0.4272
-0.0029,-0.0219,1.0162,5.9204,3.0518,-0.4883
-0.0072,-0.0306,1.0183,5.9204,2.7466,-0.7324
-0.0055,-0.0334,1.0201,6.0425,2.8687,-0.6104
-0.0062,-0.0361,1.0181,6.0425,2.8076,-0.7324
-0.0056,-0.0253,1.0341,5.9814,2.6245,-0.1831
-0.0062,-0.0424,1.0298,6.0425,2.9297,-0.4272
-0.0088,-0.0339,1.0211,5.8594,2.6855,-0.4883
-0.0111,-0.0378,1.0370,5.8594,2.7466,-0.6104
-0.0074,-0.0420,1.0150,5.9204,2.5024,-0.3662
-0.0084,-0.0352,1.0160,5.7983,2.8076,-0.1831
-0.0062,-0.0370,1.0199,5.9814,2.9907,-0.6104
-0.0082,-0.0360,1.0184,5.9814,2.8076,-0.7935
-0.0059,-0.0370,1.0219,5.7983,2.8076,-0.6714
-0.0095,-0.0479,1.0107,5.9204,2.9297,-0.5493
-0.0079,-0.0391,1.0200,6.0425,2.6855,-0.3662
-0.0068,-0.0388,1.0182,6.0425,2.9907,-0.7935
-0.0073,-0.0302,1.0339,5.9204,2.7466,0.1221
-0.0062,-0.0305,1.0238,6.0425,2.2583,0.0610
-0.0078,-0.0382,1.0182,5.9204,2.9297,-0.6714
-0.0085,-0.0352,1.0242,5.8594,2.9297,-0.6104
-0.0078,-0.0361,1.0177,5.9204,2.7466,-0.3662
0.0054,-0.0175,0.9813,6.0425,2.7466,-0.4883
-0.0062,-0.0312,1.0144,5.9814,2.8687,-0.6104
-0.0079,-0.0347,1.0227,5.9814,2.8687,-0.5493
-0.0112,-0.0394,1.0315,6.0425,2.6855,-0.4883
-0.0057,-0.0299,1.0171,5.9204,2.7466,-0.5493
-0.0081,-0.0361,1.0182,5.9204,2.8076,-0.3052
-0.0081,-0.0374,1.0242,5.8594,3.1128,-1.0986
-0.0081,-0.0353,1.0193,6.0425,3.1128,-0.9155
-0.0078,-0.0396,1.0057,5.7373,3.6621,-1.7090
-0.0072,-0.0343,1.0181,5.8594,3.2349,-1.3428
-0.0083,-0.0385,1.0233,6.1646,3.2959,-0.9155
-0.0066,-0.0267,1.0248,5.9814,2.9907,-0.4883
-0.0062,-0.0314,1.0165,5.8594,2.8076,-0.7324
-0.0052,-0.0349,1.0204,6.0425,2.7466,-0.6104
-0.0068,-0.0349,1.0211,6.0425,2.9297,-0.7324
-0.0059,-0.0414,1.0317,5.8594,2.8076,-0.6104
-0.0066,-0.0342,1.0243,5.9814,2.6245,-0.4272
-0.0077,-0.0344,1.0195,5.9814,2.6245,-0.4883
-0.0059,-0.0355,1.0222,5.7983,2.8687,-0.5493
-0.0071,-0.0389,1.0162,6.0425,2.8687,-0.6104
-0.0061,-0.0349,1.0204,5.9204,2.6855,-0.3662
-0.0061,-0.0364,1.0217,5.9204,2.8076,-0.7935
-0.0065,-0.0377,1.0198,5.6763,2.8076,-0.6104
-0.0073,-0.0349,1.0204,6.1035,2.6855,-0.9766
-0.0074,-0.0360,1.0199,5.7373,2.7466,-0.6714
-0.0070,-0.0361,1.0205,5.6763,3.2959,-0.7935
-0.0066,-0.0338,1.0217,5.9204,2.9907,-0.6714
-0.0057,-0.0356,1.0219,5.8594,2.7466,-0.6104
-0.0076,-0.0363,1.0203,5.9814,2.8687,-0.7935
-0.0076,-0.0352,1.0206,5.8594,2.8076,-0.4883
-0.0062,-0.0348,1.0208,6.1035,2.5635,-0.1221
-0.0074,-0.0352,1.0212,5.7373,2.9907,-0.5493
-0.0059,-0.0355,1.0210,5.8594,3.0518,-0.6104
-0.0060,-0.0349,1.0206,6.1035,2.6855,-0.5493
-0.0063,-0.0353,1.0221,5.9204,2.6855,-0.4272
-0.0073,-0.0356,1.0214,5.8594,2.6855,-0.4272
-0.0072,-0.0358,1.0222,5.9204,3.1128,-1.0376
-0.0072,-0.0328,1.0210,6.1646,2.7466,-0.3662
-0.0071,-0.0364,1.0198,5.8594,2.8076,-0.8545
-0.0063,-0.0364,1.0205,6.0425,3.2959,-0.9766
FIN_VENTANA
Progreso: 1/200
INICIO_VENTANA reposo
-0.0081,-0.0314,1.0223,6.1035,2.5635,-0.1831
-0.0085,-0.0363,1.0198,5.8594,2.9297,-0.3052
-0.0101,-0.0342,1.0199,5.7983,2.6855,-0.3662
-0.0155,-0.0267,1.0160,5.9814,2.2583,-0.7324
-0.0088,-0.0455,1.0146,13.6108,2.9297,-1.4648
-0.0063,-0.0428,1.0117,8.9111,2.5635,-0.8545
-0.0190,-0.0146,1.1691,-8.1787,0.4272,-2.1973
-0.0109,-0.0370,1.0194,6.0425,3.7231,-0.9766
-0.0100,-0.0344,1.0313,6.0425,2.9297,-0.8545
-0.0074,-0.0349,1.0244,5.7373,3.1128,-0.4883
-0.0099,-0.0347,1.0212,5.8594,2.9907,-0.5493
-0.0082,-0.0416,1.0216,6.0425,3.3569,-0.6714
-0.0099,-0.0359,1.0208,5.9204,3.1128,-0.9766
-0.0093,-0.0360,1.0198,5.7983,3.4790,-0.7324
-0.0092,-0.0378,1.0199,5.9204,2.9907,-0.9155
-0.0084,-0.0343,1.0203,5.9204,3.2349,-1.0986
-0.0079,-0.0354,1.0210,5.7983,2.9907,-0.7935
-0.0083,-0.0353,1.0211,6.1646,2.9297,-0.4883
-0.0079,-0.0363,1.0210,5.8594,3.0518,-0.4883
-0.0084,-0.0358,1.0199,5.9814,2.9297,-0.7324
-0.0076,-0.0360,1.0197,6.0425,2.9297,-0.8545
-0.0089,-0.0338,1.0199,5.9204,2.3804,0.0610
-0.0068,-0.0355,1.0209,5.9814,2.7466,-0.3662
-0.0079,-0.0358,1.0216,5.8594,2.8687,-0.9155
-0.0085,-0.0365,1.0205,5.7983,2.7466,-0.6714
-0.0074,-0.0328,1.0209,5.8594,2.8687,-0.3052
-0.0094,-0.0366,1.0232,5.9814,2.8076,-1.1597
-0.0084,-0.0355,1.0205,5.9814,1.8921,-1.6479
-0.0087,-0.0358,1.0211,5.8594,1.9531,-1.4648
-0.0095,-0.0364,1.0199,5.8594,2.5024,-1.0376
-0.0106,-0.0369,1.0201,5.8594,2.3804,-1.0986
-0.0093,-0.0382,1.0216,5.8594,1.8921,-0.7935
-0.0094,-0.0375,1.0222,5.9204,2.3804,-1.0986
-0.0103,-0.0361,1.0203,5.9204,2.6855,-0.6714
-0.0123,-0.0341,1.0192,5.9814,2.5024,-0.2441
-0.0114,-0.0361,1.0206,5.9814,2.4414,-0.6104
-0.0101,-0.0354,1.0217,5.9204,2.3804,-0.9766
-0.0125,-0.0358,1.0205,5.9204,2.5024,-0.3052
-0.0118,-0.0360,1.0204,5.8594,2.4414,-0.4272
-0.0125,-0.0361,1.0199,6.1646,2.7466,-0.7935
-0.0112,-0.0354,1.0214,5.8594,2.6855,-0.4883
-0.0118,-0.0348,1.0211,5.9204,2.8687,-0.6104
-0.0122,-0.0364,1.0200,6.0425,2.6855,-0.7935
-0.0133,-0.0364,1.0192,5.9204,1.9531,-0.6714
-0.0125,-0.0360,1.0208,6.0425,2.0142,-0.9766
-0.0129,-0.0361,1.0186,5.9814,2.7466,-0.6714
-0.0145,-0.0343,1.0203,6.0425,2.2583,-0.5493
-0.0133,-0.0343,1.0211,5.9814,2.3804,-0.4272
-0.0133,-0.0359,1.0205,5.9814,2.5635,-0.6104
-0.0128,-0.0347,1.0205,5.9814,2.6855,-0.3052
-0.0139,-0.0354,1.0204,5.8594,2.9297,-0.4883
-0.0135,-0.0356,1.0201,5.7983,2.9297,-0.5493
-0.0137,-0.0363,1.0197,6.1035,2.9297,-0.6714
-0.0134,-0.0355,1.0194,5.8594,2.9297,-0.4272
-0.0132,-0.0339,1.0201,5.9204,2.7466,-0.5493
-0.0132,-0.0371,1.0194,6.0425,3.1738,-0.9155
-0.0140,-0.0349,1.0182,5.7983,3.0518,-0.7935
-0.0123,-0.0358,1.0225,5.7373,2.8687,-0.4272
-0.0132,-0.0363,1.0270,5.9204,2.8687,-0.7324
-0.0135,-0.0363,1.0195,5.9814,2.8076,-0.9155
-0.0132,-0.0348,1.0203,5.7983,2.3193,-0.2441
-0.0142,-0.0341,1.0182,5.7983,2.6855,-0.4883
-0.0148,-0.0361,1.0188,6.1035,2.8076,-0.5493
-0.0135,-0.0359,1.0199,5.9814,2.6855,-0.4272
-0.0137,-0.0364,1.0197,5.9204,3.0518,-0.6104
-0.0143,-0.0365,1.0197,6.1646,2.8076,-0.7324
-0.0148,-0.0364,1.0199,5.9814,3.1738,-0.6714
-0.0145,-0.0389,1.0195,5.9814,3.2959,-1.0376
-0.0146,-0.0375,1.0200,5.9814,2.9297,-0.7324
-0.0137,-0.0364,1.0198,6.0425,3.1128,-0.9766
-0.0137,-0.0365,1.0205,6.1035,2.8687,-0.6104
-0.0146,-0.0355,1.0203,6.1035,2.9297,-0.6104
-0.0134,-0.0348,1.0205,5.9204,2.9297,-0.4272
-0.0138,-0.0350,1.0192,6.0425,2.9297,-0.6714
-0.0132,-0.0359,1.0210,5.9814,2.9297,-0.4883
-0.0139,-0.0353,1.0194,5.8594,2.7466,-0.5493
-0.0150,-0.0337,1.0204,6.2866,2.7466,-0.6714
-0.0134,-0.0330,1.0208,6.1035,2.5635,-0.4272
-0.0133,-0.0369,1.0190,5.8594,2.8076,-0.5493
-0.0135,-0.0348,1.0167,6.1035,3.1738,-0.4272
-0.0134,-0.0331,1.0192,6.1035,3.7842,-1.2817
-0.0145,-0.0433,1.0190,5.9204,3.8452,-2.5024
-0.0149,-0.0383,1.0197,6.1035,3.0518,-1.2817
-0.0128,-0.0380,1.0219,5.9204,2.9907,-0.9155
-0.0144,-0.0360,1.0190,5.9204,2.7466,-0.7324
-0.0121,-0.0365,1.0223,5.8594,2.2583,-0.1831
-0.0142,-0.0151,1.0254,5.8594,2.4414,-0.6104
-0.0149,-0.0486,1.0238,6.0425,3.6011,-3.0518
-0.0127,-0.0287,1.0234,5.9204,3.1128,-2.4414
-0.0157,-0.0468,1.0228,5.9204,3.4180,-1.7090
-0.0140,-0.0381,1.0178,6.0425,2.9907,-0.9766
-0.0133,-0.0352,1.0215,5.8594,3.1128,-0.7935
-0.0134,-0.0358,1.0203,5.8594,2.9907,-0.6104
-0.0137,-0.0363,1.0199,6.0425,2.9297,-0.3662
-0.0125,-0.0436,1.0209,5.9204,2.2583,-0.5493
-0.0133,-0.0316,1.0208,6.0425,2.7466,-0.1831
-0.0118,-0.0374,1.0211,5.9204,2.9907,-0.0610
-0.0148,-0.0366,1.0175,6.1035,4.0283,-1.2207
-0.0121,-0.0363,1.0193,6.1035,3.3569,-0.9766
-0.0125,-0.0366,1.0204,5.9814,2.9907,-0.6714
FIN_VENTANA
Progreso: 2/200
INICIO_VENTANA reposo
-0.0134,-0.0354,1.0198,6.1035,3.1128,-0.7935
-0.0121,-0.0353,1.0206,5.9204,2.9297,-0.6104
-0.0140,-0.0363,1.0214,6.0425,2.8076,-0.3052
-0.0122,-0.0347,1.0215,5.9204,3.0518,-0.4272
-0.0137,-0.0344,1.0221,6.0425,3.5400,-1.2207
-0.0121,-0.0352,1.0210,6.1035,3.7842,-0.9766
-0.0139,-0.0342,1.0199,6.2256,3.2349,-1.0376
-0.0117,-0.0394,1.0204,5.8594,2.9297,-1.1597
-0.0133,-0.0380,1.0211,5.9814,2.8687,-0.7324
-0.0131,-0.0385,1.0201,5.9204,1.8921,-1.0986
-0.0126,-0.0403,1.0210,5.7983,1.9531,-0.3662
-0.0125,-0.0323,1.0201,5.7983,2.8076,-0.1221
-0.0114,-0.0365,1.0206,5.8594,3.4180,-0.6714
-0.0135,-0.0356,1.0193,5.9814,3.4790,-0.7324
-0.0131,-0.0355,1.0197,5.7983,3.2959,-0.7324
-0.0133,-0.0399,1.0195,5.9814,2.9297,-0.4272
-0.0125,-0.0265,1.0287,5.7983,2.2583,0.7324
-0.0117,-0.0289,1.0233,6.1035,2.3193,0.1221
-0.0132,-0.0333,1.0236,6.0425,2.6245,-0.2441
-0.0137,-0.0369,1.0184,5.7373,2.9907,-0.6104
-0.0135,-0.0354,1.0216,5.7373,2.8687,-0.7324
-0.0138,-0.0361,1.0209,6.0425,2.9297,-0.3662
-0.0122,-0.0374,1.0211,5.9814,2.8687,-0.9155
-0.0123,-0.0355,1.0186,6.0425,3.1128,-0.9155
-0.0126,-0.0347,1.0209,5.8594,2.6245,-0.3052
-0.0143,-0.0336,1.0200,6.1035,2.9297,-0.5493
-0.0131,-0.0415,1.0205,5.9204,2.8687,-1.0376
-0.0139,-0.0367,1.0194,5.8594,2.5024,-0.6714
-0.0117,-0.0356,1.0226,5.8594,2.6855,-0.5493
-0.0127,-0.0236,1.0227,5.9204,2.9907,-0.7324
-0.0138,-0.0391,1.0176,5.9814,3.8452,-1.7700
-0.0146,-0.0436,1.0195,5.9814,3.0518,-1.2207
-0.0127,-0.0361,1.0200,5.9814,2.8687,-0.6104
-0.0115,-0.0356,1.0209,5.9204,3.2349,-1.0986
-0.0104,-0.0331,1.0231,5.9814,3.9673,-1.0376
-0.0122,-0.0377,1.0205,5.9814,3.1738,-0.5493
-0.0139,-0.0323,1.0206,5.7373,2.7466,-0.8545
-0.0095,-0.0376,1.0178,6.1035,3.8452,-1.2817
-0.0138,-0.0282,1.0238,6.0425,2.5635,0.8545
-0.0099,-0.0339,1.0288,6.1035,2.6855,-0.9155
-0.0107,-0.0376,1.0229,6.1035,3.6011,-1.1597
-0.0109,-0.0282,1.0178,5.7983,4.0894,-0.0610
-0.0101,-0.0381,1.0214,5.6763,3.2959,-1.4038
-0.0121,-0.0348,1.0211,5.9204,2.8076,-0.9155
-0.0090,-0.0361,1.0210,5.9204,2.9907,-0.6714
-0.0107,-0.0354,1.0198,6.0425,1.7700,-0.6714
-0.0109,-0.0370,1.0203,5.8594,2.3804,-0.6714
-0.0107,-0.0386,1.0208,6.1035,2.3804,-0.2441
-0.0118,-0.0328,1.0209,5.9814,2.2583,0.0000
-0.0098,-0.0380,1.0214,6.0425,2.6245,-0.6104
-0.0132,-0.0337,1.0195,5.9204,3.1128,-0.6104
-0.0106,-0.0356,1.0212,5.9814,2.9907,-0.5493
-0.0121,-0.0356,1.0206,5.7983,2.9907,-0.4883
-0.0106,-0.0305,1.0215,5.9814,3.2349,-0.5493
-0.0116,-0.0383,1.0211,5.9814,3.4180,-1.2207
-0.0116,-0.0365,1.0205,5.7373,2.9907,-0.7935
-0.0100,-0.0364,1.0203,5.8594,2.8687,-0.7935
-0.0111,-0.0356,1.0210,6.0425,2.9907,-0.6714
-0.0103,-0.0358,1.0211,5.9814,2.9907,-0.7935
-0.0115,-0.0359,1.0210,5.9814,2.8687,-0.3662
-0.0111,-0.0343,1.0209,5.9814,2.6245,-0.4272
-0.0114,-0.0366,1.0201,5.9814,2.3193,-0.6104
-0.0117,-0.0361,1.0201,6.0425,2.6245,-0.3052
-0.0111,-0.0360,1.0209,5.7983,2.5635,-0.4272
-0.0111,-0.0348,1.0201,6.1035,2.5635,-0.5493
-0.0118,-0.0353,1.0209,6.1035,2.7466,-0.3662
-0.0121,-0.0345,1.0217,5.9204,2.9907,-0.6104
-0.0122,-0.0349,1.0197,5.9204,3.2959,-0.7935
-0.0117,-0.0347,1.0199,5.9204,3.1128,-0.7935
-0.0110,-0.0342,1.0201,5.9204,3.2349,-1.1597
-0.0112,-0.0415,1.0200,5.5542,3.2349,-1.5259
-0.0112,-0.0356,1.0197,5.9814,2.8687,-1.0376
-0.0112,-0.0365,1.0201,5.9814,3.0518,-0.6714
-0.0120,-0.0365,1.0204,5.9204,2.7466,-0.4272
-0.0101,-0.0367,1.0203,5.7983,2.9297,-0.8545
-0.0100,-0.0364,1.0209,5.8594,2.9907,-0.8545
-0.0110,-0.0359,1.0200,5.9814,2.8687,-0.4272
-0.0107,-0.0365,1.0205,5.9814,2.9907,-0.5493
-0.0112,-0.0386,1.0205,6.1646,2.9297,-1.0376
-0.0112,-0.0341,1.0210,5.8594,2.6245,-0.1221
-0.0112,-0.0353,1.0214,6.1035,2.6245,-0.1221
-0.0109,-0.0352,1.0201,5.9814,3.0518,-0.7935
-0.0111,-0.0363,1.0211,6.0425,2.7466,-0.6104
-0.0118,-0.0355,1.0228,6.0425,2.8076,-0.4272
-0.0116,-0.0361,1.0212,5.8594,2.8687,-0.7935
-0.0106,-0.0348,1.0201,5.9814,3.0518,-0.7324
-0.0110,-0.0363,1.0200,5.9204,2.6245,-0.1221
-0.0114,-0.0354,1.0222,5.9814,2.6245,-0.3052
-0.0099,-0.0354,1.0221,5.8594,2.9907,-1.0986
-0.0122,-0.0370,1.0206,5.9204,3.0518,-0.7324
-0.0118,-0.0359,1.0203,5.8594,2.7466,-0.3662
-0.0107,-0.0353,1.0215,6.0425,2.7466,-0.4272
-0.0126,-0.0374,1.0209,5.9204,3.1128,-0.8545
-0.0110,-0.0356,1.0200,5.8594,2.8687,-0.6714
-0.0121,-0.0360,1.0216,5.9204,2.8076,-0.4883
-0.0107,-0.0361,1.0203,5.8594,2.6855,-0.4883
-0.0117,-0.0367,1.0211,5.8594,3.1738,-0.7324
-0.0110,-0.0339,1.0214,6.0425,2.9297,-0.6714
-0.0110,-0.0353,1.0210,6.0425,2.8076,-0.3662
-0.0115,-0.0365,1.0206,6.1035,2.8687,-0.7324
FIN_VENTANA
Progreso: 3/200
INTERRUMPIDO por el usuario.
Listo para nueva etiqueta. Formato: <etiqueta> <numero_de_ventanas>
INICIO_VENTANA reposo
-0.0204,-0.0364,1.0208,5.8594,3.1738,-0.9766
-0.0195,-0.0315,1.0222,5.7373,3.4790,-0.9155
-0.0215,-0.0273,1.0231,5.8594,3.2349,-1.5259
-0.0212,-0.0411,1.0209,5.7983,2.6245,-1.7700
-0.0208,-0.0474,1.0219,6.0425,2.2583,-0.8545
-0.0176,-0.0474,1.0170,6.0425,1.8921,0.4883
-0.0204,-0.0312,1.0200,5.8594,2.3804,-0.3052
-0.0220,-0.0398,1.0229,6.1035,2.8687,-1.7090
-0.0209,-0.0317,1.0770,5.7983,3.1738,-1.5869
-0.0209,-0.0331,1.0260,6.0425,2.0142,-1.0376
-0.0283,-0.0493,1.0142,5.9204,2.8076,-1.5259
-0.0270,-0.0414,1.0232,5.7373,3.3569,-1.0376
-0.0239,-0.0652,1.0145,5.8594,2.6245,0.0610
-0.0209,-0.0238,1.0234,5.6763,3.4180,0.9766
-0.0133,-0.0254,1.0066,5.9814,2.8687,-0.3662
-0.0186,-0.0242,1.0093,5.9204,2.2583,-1.1597
-0.0228,-0.0472,1.0264,5.6152,2.1973,-0.2441
-0.0214,-0.0312,1.0243,5.9204,1.8311,3.2959
-0.0205,-0.0165,1.0227,5.9204,2.6855,3.1738
-0.0192,-0.0232,1.0203,5.6763,3.2959,1.5259
-0.0199,-0.0281,1.0184,5.8594,3.5400,-0.1221
-0.0209,-0.0186,1.0208,5.9204,3.4790,-1.1597
-0.0223,-0.0505,1.0220,5.7373,3.5400,-2.5635
-0.0201,-0.0421,1.0199,5.7373,3.6621,-3.3569
-0.0220,-0.0475,1.0222,6.1646,2.9907,-2.8687
-0.0210,-0.0468,1.0203,5.8594,2.4414,-2.0142
-0.0206,-0.0376,1.0232,5.7373,2.3193,-0.7935
-0.0201,-0.0404,1.0210,5.7373,2.8076,-0.2441
-0.0204,-0.0380,1.0027,5.8594,2.7466,-0.2441
-0.0157,-0.0581,1.0314,6.8970,4.0283,-0.3662
-0.0228,-0.0364,1.0253,6.4087,3.9673,-0.7324
-0.0205,-0.0399,1.0256,5.9204,3.4790,-1.2817
-0.0208,-0.0359,1.0188,5.9814,1.9531,-1.0376
-0.0220,-0.0394,1.0227,5.8594,3.1738,-1.0986
-0.0201,-0.0471,1.0262,5.7373,2.7466,-0.9155
-0.0190,-0.0222,1.0203,6.4087,2.9297,-0.0610
-0.0159,-0.0310,1.0219,5.8594,2.1362,0.0000
-0.0182,-0.0461,1.0275,5.9204,2.1973,-2.1973
-0.0239,-0.0468,1.0244,5.9204,3.9673,-2.3804
-0.0186,-0.0330,1.0261,5.9814,2.8687,-0.6714
-0.0214,-0.0482,1.0155,6.0425,1.8311,0.1831
-0.0197,-0.0461,1.0251,5.8594,2.9297,0.6104
-0.0208,-0.0273,1.0198,5.5542,2.9907,0.6104
-0.0203,-0.0347,1.0176,5.7983,3.0518,-0.4272
-0.0238,-0.0347,1.0189,5.9204,3.4790,-0.6104
-0.0228,-0.0641,1.0255,5.7373,4.3945,-1.4648
-0.0221,-0.0344,1.0198,5.7983,3.5400,0.3662
-0.0192,-0.0302,1.0239,5.9204,2.8687,1.1597
-0.0215,-0.0311,1.0164,6.1035,1.8311,1.4038
-0.0223,-0.0339,1.0203,6.0425,3.0518,-0.3052
-0.0182,-0.0375,1.0225,6.0425,2.6855,-0.5493
-0.0219,-0.0295,1.0160,5.7983,2.6855,-0.7935
-0.0221,-0.0338,1.0210,5.7983,2.8687,-1.6479
-0.0195,-0.0374,1.0051,5.7983,2.8076,-1.2207
-0.0271,-0.0447,1.0176,5.8594,3.2959,-0.8545
-0.0209,-0.0350,1.0238,5.8594,2.8687,-0.7935
-0.0222,-0.0358,1.0201,5.9814,2.8687,-0.9155
-0.0201,-0.0325,1.0229,5.8594,3.1128,-1.0376
-0.0214,-0.0366,1.0205,5.8594,2.9907,-0.9766
-0.0200,-0.0358,1.0178,5.8594,2.9907,-1.3428
-0.0194,-0.0409,1.0276,5.9204,3.2959,-1.0986
-0.0226,-0.0359,1.0201,5.9204,3.1128,-0.7935
-0.0181,-0.0349,1.0291,5.8594,3.3569,-0.9155
-0.0199,-0.0354,1.0168,5.4932,2.4414,-0.7324
-0.0220,-0.0372,1.0220,5.9204,3.2959,-1.2817
-0.0200,-0.0380,1.0198,5.8594,2.8076,-0.9766
-0.0214,-0.0374,1.0194,5.7983,2.6245,-0.6714
-0.0194,-0.0375,1.0212,5.7983,3.0518,-1.0376
-0.0208,-0.0356,1.0208,5.8594,2.6855,-0.6104
-0.0223,-0.0399,1.0229,5.8594,3.1128,-1.0376
-0.0200,-0.0369,1.0245,5.8594,2.9907,-0.7935
-0.0194,-0.0378,1.0232,5.8594,2.6855,-0.3052
-0.0128,-0.0334,1.0250,5.9814,2.4414,-0.9155
-0.0186,-0.0431,1.0164,5.9204,2.4414,-1.0376
-0.0177,-0.0366,1.0293,5.6152,3.1738,-1.0376
-0.0198,-0.0391,1.0331,5.8594,2.9297,-0.9155
-0.0217,-0.0361,1.0199,5.7983,2.9297,-1.2207
-0.0186,-0.0374,1.0238,5.9204,3.1128,-0.9766
-0.0031,-0.0106,1.0300,5.7983,3.1128,-1.6479
-0.0120,-0.0322,1.0273,5.9204,2.3193,-0.9155
-0.0232,-0.0336,1.0183,5.6763,2.8076,-0.7935
-0.0181,-0.0410,1.0281,5.7373,3.1738,-0.6714
-0.0210,-0.0378,1.0156,5.7373,2.5024,-1.1597
-0.0219,-0.0352,1.0208,5.7983,2.8687,-0.4272
-0.0243,-0.0446,1.0271,5.9814,2.7466,-0.6714
-0.0187,-0.0372,1.0214,6.0425,3.1738,-0.7324
-0.0190,-0.0359,1.0211,5.8594,2.8687,-0.4883
-0.0188,-0.0360,1.0200,5.8594,2.5024,-0.3662
-0.0178,-0.0377,1.0222,5.8594,2.9907,-0.6714
-0.0197,-0.0356,1.0211,5.8594,2.6855,-0.6104
-0.0194,-0.0350,1.0203,5.9204,2.8687,-0.3662
-0.0201,-0.0385,1.0222,5.7373,2.6855,-0.5493
-0.0198,-0.0360,1.0203,5.7373,2.9297,-0.9155
-0.0194,-0.0365,1.0222,5.9204,2.8687,-0.4272
-0.0199,-0.0353,1.0199,5.9814,2.5024,-0.4272
-0.0212,-0.0378,1.0251,5.9814,2.9297,-0.6104
-0.0237,-0.0431,1.0341,5.6763,2.7466,-0.7935
-0.0176,-0.0316,1.0117,6.0425,1.5869,-0.5493
-0.0186,-0.0303,1.0120,5.9814,2.9297,-0.4272
-0.0171,-0.0369,1.0260,5.7373,2.6245,-0.6714
FIN_VENTANA
Progreso: 1/200
INICIO_VENTANA reposo
-0.0172,-0.0355,1.0226,5.8594,3.1128,-0.7324
-0.0190,-0.0500,1.0140,5.8594,2.8076,-0.1221
-0.0186,-0.0297,1.0210,5.9204,3.1738,0.0000
-0.0144,-0.0349,1.0107,5.9814,3.1128,-0.3052
-0.0150,-0.0305,1.0140,5.9814,2.6245,-0.3662
-0.0179,-0.0234,1.0255,6.1646,3.0518,-1.7090
-0.0157,-0.0405,1.0223,5.7373,2.6855,-1.8921
-0.0189,-0.0425,1.0070,6.1646,2.9907,-1.7090
-0.0153,-0.0387,1.0236,5.7373,2.7466,-1.0986
-0.0206,-0.0399,1.0193,5.9204,2.6855,-0.4272
-0.0170,-0.0426,1.0253,6.4087,3.3569,-0.3662
-0.0206,-0.0260,1.0011,5.6763,2.8076,1.2207
-0.0244,-0.1306,1.0017,5.7373,3.5400,4.2114
-0.0204,-0.0381,1.0074,5.0049,5.2490,-1.2207
-0.0184,-0.0457,1.0127,5.3101,5.3101,-1.3428
-0.0199,-0.0420,1.0117,5.7373,3.2959,-0.9155
-0.0178,-0.0450,1.0142,5.6763,3.2959,-1.0376
-0.0176,-0.0265,1.0201,6.2256,2.3804,-1.0376
0.0118,0.0078,1.0144,6.1646,2.4414,-2.3804
-0.0132,-0.0332,1.0328,6.1646,1.2207,-2.7466
-0.0264,-0.0648,1.0217,5.5542,3.6011,-3.1128
-0.0178,-0.0503,1.0139,5.4321,3.9673,-1.8921
-0.0197,-0.0341,1.0270,6.0425,2.3804,-0.7935
-0.0175,-0.0381,1.0199,6.0425,2.6855,-0.6104
-0.0149,-0.0721,1.0358,5.6763,3.2349,-0.6104
-0.0179,-0.0359,1.0233,5.6763,3.7231,-0.3052
-0.0139,-0.0350,1.0225,6.0425,3.1738,-0.2441
-0.0175,-0.0323,1.0242,5.9204,2.5635,-0.4883
-0.0149,-0.0375,1.0225,5.6152,3.8452,-1.5259
-0.0161,-0.0371,1.0223,5.8594,3.1738,-0.9155
-0.0162,-0.0276,1.0232,5.9204,2.3804,-1.0376
-0.0138,-0.0403,1.0237,5.4321,3.2959,-1.1597
-0.0160,-0.0344,1.0175,5.6763,3.4790,0.0610
-0.0140,-0.0359,1.0260,5.8594,3.0518,-0.4272
-0.0162,-0.0291,1.0201,5.9204,2.6245,0.1831
-0.0359,-0.0469,1.1022,5.7983,2.9297,-0.4883
-0.0117,-0.0309,1.0243,5.9814,3.0518,-0.8545
-0.0157,-0.0308,1.0084,5.9814,2.3804,-0.5493
-0.0132,-0.0471,1.0250,5.7983,3.2349,-1.6479
-0.0171,-0.0361,1.0171,5.7983,2.8076,-1.1597
-0.0132,-0.0371,1.0228,5.8594,3.1738,-0.8545
-0.0190,-0.0579,1.0400,5.9204,2.6245,-0.3052
-0.0205,-0.0424,1.0192,5.7983,2.8076,-0.9766
-0.0118,-0.0419,1.0179,5.9204,4.2725,0.9766
-0.0150,-0.0118,1.0247,6.1646,2.2583,2.0752
-0.0114,-0.0359,1.0271,5.8594,2.0142,0.3052
-0.0145,-0.0367,1.0167,5.8594,2.7466,-0.4883
-0.0145,-0.0300,1.0250,5.9814,2.6855,0.0000
-0.0125,-0.0359,1.0222,5.9814,2.3193,0.2441
-0.0157,-0.0487,1.0205,5.9204,2.4414,0.8545
-0.0161,-0.0297,1.0198,5.7983,2.0752,1.9531
-0.0156,-0.0284,1.0182,6.1646,1.2207,1.4038
-0.0150,-0.0428,1.0245,6.0425,2.5635,0.6714
-0.0170,-0.0320,1.0181,5.9204,2.3804,0.5493
-0.0156,-0.0355,1.0183,5.9204,2.9297,-0.3052
-0.0177,-0.0355,1.0272,5.8594,3.1738,-0.4272
-0.0145,-0.0320,1.0219,5.8594,2.9907,-0.4883
-0.0145,-0.0338,1.0219,5.7983,2.8076,-0.4272
-0.0159,-0.0404,1.0209,5.8594,2.8076,-1.0376
-0.0168,-0.0353,1.0153,5.9204,2.8076,-0.7935
-0.0240,-0.0477,1.0123,6.4087,1.4648,-0.6714
-0.0082,-0.0210,1.0121,6.1035,1.8311,-0.1221
-0.0159,-0.0327,1.0189,5.8594,2.7466,0.3052
-0.0127,-0.0320,1.0251,6.0425,2.7466,-0.1831
-0.0195,-0.0344,1.0179,5.4321,3.9062,-2.4414
-0.0176,-0.0339,1.0228,5.5542,4.0283,-3.6011
-0.0148,-0.0428,1.0104,5.7983,2.9297,-2.9297
-0.0179,-0.0493,1.0342,5.4932,3.7842,-1.7090
-0.0171,-0.0330,1.0275,5.7373,3.2349,-0.6714
-0.0122,-0.0322,1.0214,5.7373,3.1738,-0.5493
-0.0139,-0.0380,1.0203,5.5542,3.4180,-0.9155
-0.0157,-0.0302,1.0248,5.6763,3.3569,-0.4272
-0.0138,-0.0370,1.0199,5.7983,3.0518,-1.3428
-0.0162,-0.0259,1.0299,5.9814,3.7231,0.6714
-0.0101,-0.0414,1.0232,5.8594,3.7842,-0.2441
-0.0135,-0.0281,1.0186,5.7373,3.7842,0.5493
-0.0129,-0.0184,1.0164,5.7983,4.2725,0.3052
-0.0096,-0.0208,1.0182,5.7373,4.2725,-0.6714
-0.0105,-0.0535,1.0203,5.8594,3.9673,-4.1504
-0.0098,-0.0537,1.0175,5.6763,3.4180,-3.0518
-0.0103,-0.0410,1.0219,5.7373,2.9297,-2.0752
-0.0104,-0.0399,1.0217,5.7983,2.7466,-1.4038
-0.0109,-0.0366,1.0217,5.7983,1.8921,-0.8545
-0.0120,-0.0815,1.0208,5.4932,2.8076,-0.5493
-0.0117,-0.0381,1.0206,5.7983,3.8452,3.4180
-0.0078,-0.0424,1.0208,5.8594,4.7607,3.4180
-0.0090,-0.0095,1.0160,5.9814,5.3711,2.8687
-0.0070,-0.0209,1.0201,5.8594,3.5400,1.1597
-0.0063,-0.0371,1.0217,5.7983,2.9297,-0.4883
0.0095,-0.0249,1.0065,5.8594,3.4790,-0.4883
-0.0034,-0.0261,1.0251,5.9204,3.9062,-0.3052
-0.0035,-0.0455,1.0219,5.6763,4.2725,-0.4272
-0.0034,-0.0393,1.0219,5.9204,5.0049,-0.1221
-0.0059,-0.0363,1.0145,5.9204,4.3335,0.4272
-0.0017,-0.0347,1.0221,5.8594,2.5024,0.0000
-0.0040,-0.0374,1.0245,5.7983,2.5635,-0.1221
-0.0009,-0.0303,1.0149,5.7373,1.7700,0.3052
-0.0061,-0.0365,1.0211,5.6152,-0.4883,-0.0610
-0.0051,-0.0320,1.0219,5.9204,-1.7090,0.3662
-0.0159,-0.0295,1.0139,5.6152,-0.3662,1.2817
FIN_VENTANA
Progreso: 2/200
INTERRUMPIDO por el usuario.
Listo para nueva etiqueta. Formato: <etiqueta> <numero_de_ventanas>
INICIO_VENTANA reposo
-0.0111,-1.0282,-0.0897,5.9814,2.9297,-0.7324
-0.0118,-1.0275,-0.0900,6.0425,2.9297,-0.6104
-0.0111,-1.0298,-0.0933,6.3477,3.0518,-0.6714
-0.0105,-1.0277,-0.0907,6.1646,2.8076,-0.6104
-0.0118,-1.0283,-0.0907,6.2256,2.7466,-0.6714
-0.0103,-1.0281,-0.0905,5.7983,2.8687,-0.5493
-0.0105,-1.0284,-0.0909,5.8594,2.8076,-0.4883
-0.0111,-1.0283,-0.0906,5.8594,2.8687,-0.6104
-0.0115,-1.0286,-0.0922,5.9204,2.7466,-0.5493
-0.0106,-1.0286,-0.0908,5.7983,2.9907,-0.5493
-0.0106,-1.0284,-0.0912,5.8594,3.0518,-0.5493
-0.0109,-1.0283,-0.0909,5.7373,2.8076,-0.5493
-0.0101,-1.0283,-0.0909,5.7983,2.8687,-0.6714
-0.0104,-1.0278,-0.0906,5.8594,2.7466,-0.6104
-0.0103,-1.0291,-0.0913,5.9204,2.9907,-0.6714
-0.0104,-1.0284,-0.0911,5.8594,2.8687,-0.6714
-0.0115,-1.0289,-0.0907,5.9204,2.7466,-0.6714
-0.0107,-1.0284,-0.0903,5.9204,2.9297,-0.6104
-0.0115,-1.0283,-0.0891,5.8594,2.8076,-0.7324
-0.0118,-1.0286,-0.0914,5.9204,2.8076,-0.5493
-0.0106,-1.0287,-0.0911,5.9814,2.8687,-0.7324
-0.0109,-1.0283,-0.0909,5.7983,2.9907,-0.7324
-0.0106,-1.0284,-0.0911,5.7983,2.9297,-0.6714
-0.0114,-1.0286,-0.0900,5.8594,2.9297,-0.6714
-0.0112,-1.0281,-0.0916,5.8594,2.6855,-0.6714
-0.0109,-1.0284,-0.0909,5.9204,2.8076,-0.6714
-0.0115,-1.0286,-0.0908,5.9814,2.8687,-0.6714
-0.0100,-1.0278,-0.0919,5.9204,2.7466,-0.7324
-0.0114,-1.0282,-0.0918,5.9204,2.9907,-0.7324
-0.0110,-1.0289,-0.0913,5.7983,2.9297,-0.6104
-0.0109,-1.0276,-0.0914,5.7983,2.7466,-0.6714
-0.0105,-1.0283,-0.0923,5.8594,2.8076,-0.7324
-0.0111,-1.0276,-0.0923,6.0425,2.9297,-0.7324
-0.0107,-1.0284,-0.0907,5.8594,2.9297,-0.6104
-0.0109,-1.0289,-0.0918,6.0425,2.8687,-0.6714
-0.0107,-1.0283,-0.0911,5.7983,2.7466,-0.4883
-0.0111,-1.0280,-0.0918,5.7373,2.7466,-0.4883
-0.0110,-1.0281,-0.0920,5.9814,2.9907,-0.6104
-0.0103,-1.0284,-0.0928,5.8594,2.8687,-0.6104
-0.0104,-1.0280,-0.0917,5.8594,2.7466,-0.6104
-0.0111,-1.0283,-0.0914,6.0425,3.0518,-0.7324
-0.0112,-1.0281,-0.0927,5.7373,2.9297,-0.4883
-0.0112,-1.0272,-0.0933,6.0425,3.0518,-0.6714
-0.0109,-1.0283,-0.0920,6.0425,2.8687,-0.6104
-0.0112,-1.0294,-0.0918,5.7983,2.8076,-0.5493
-0.0114,-1.0282,-0.0912,5.6152,2.7466,-0.6714
-0.0103,-1.0282,-0.0922,5.7983,2.9297,-0.7935
-0.0115,-1.0265,-0.0917,5.9204,2.8687,-0.7935
-0.0098,-1.0283,-0.0914,6.0425,2.7466,-0.6714
-0.0106,-1.0284,-0.0909,5.7373,2.7466,-0.6714
-0.0107,-1.0272,-0.0914,5.8594,2.8076,-0.6714
-0.0120,-1.0282,-0.0913,6.1035,2.6855,-0.6104
-0.0114,-1.0278,-0.0916,5.9204,2.9297,-0.4883
-0.0112,-1.0278,-0.0923,6.1646,2.7466,-0.5493
-0.0105,-1.0278,-0.0922,7.2021,1.7700,-0.6714
-0.0111,-1.0282,-0.0917,6.1646,2.6855,-0.6104
-0.0110,-1.0277,-0.0936,5.9814,2.6855,-0.6104
-0.0114,-1.0282,-0.0936,6.1035,2.5635,-0.5493
-0.0114,-1.0281,-0.0942,6.5308,2.2583,-0.6104
-0.0093,-1.0261,-0.0945,8.7280,0.6714,-0.8545
-0.0093,-1.0280,-0.0957,7.0801,1.9531,-0.7935
-0.0116,-1.0280,-0.0967,10.6812,-0.4883,-1.1597
-0.0105,-1.0260,-0.0977,9.5825,0.1221,-0.7324
-0.0089,-1.0234,-0.0951,8.1787,1.0986,-0.6714
-0.0111,-1.0275,-0.1021,6.4087,2.3193,-0.8545
-0.0100,-1.0258,-0.1012,5.9204,2.6855,-0.4272
-0.0106,-1.0250,-0.1022,6.4087,2.4414,-0.7324
-0.0109,-1.0275,-0.1031,6.5308,2.5635,-0.8545
-0.0098,-1.0260,-0.1029,5.9204,2.7466,-0.4883
-0.0112,-1.0265,-0.1041,6.5918,2.5024,-0.7935
-0.0105,-1.0275,-0.1035,6.3477,2.6855,-0.6104
-0.0114,-1.0276,-0.1040,6.5918,2.1362,-0.7324
-0.0104,-1.0265,-0.1042,6.5918,2.5635,-0.7324
-0.0106,-1.0277,-0.1049,6.5308,2.6245,-0.6104
-0.0103,-1.0253,-0.1060,7.2632,0.9155,0.0610
-0.0092,-1.0253,-0.1034,5.2490,2.9907,-0.4883
-0.0115,-1.0276,-0.1060,6.7749,2.3804,-0.7324
-0.0093,-1.0251,-0.1052,5.5542,2.8687,-0.2441
-0.0115,-1.0275,-0.1063,6.7139,2.6245,-0.9155
-0.0100,-1.0261,-0.1053,5.9204,2.9297,-0.4272
-0.0096,-1.0258,-0.1058,6.0425,2.5635,-0.6714
-0.0094,-1.0253,-0.1068,5.9814,2.9297,-0.7324
-0.0109,-1.0281,-0.1064,6.3477,2.6855,-0.7324
-0.0105,-1.0266,-0.1071,6.1646,2.8687,-0.5493
-0.0111,-1.0265,-0.1067,6.1035,2.8076,-0.7935
-0.0107,-1.0266,-0.1074,6.4697,2.7466,-0.7324
-0.0109,-1.0266,-0.1064,6.3477,2.6245,-0.6714
-0.0115,-1.0276,-0.1066,6.2866,2.6855,-0.6714
-0.0105,-1.0267,-0.1067,6.1035,2.8687,-0.5493
-0.0114,-1.0265,-0.1068,6.1035,2.7466,-0.7324
-0.0115,-1.0262,-0.1067,6.4087,2.7466,-0.7324
-0.0117,-1.0254,-0.1072,6.1035,2.6245,-0.6104
-0.0122,-1.0286,-0.1105,6.7749,2.1362,-0.3662
-0.0109,-1.0265,-0.1078,6.2256,2.6245,-0.7324
-0.0106,-1.0262,-0.1090,6.4697,2.5635,-0.7935
-0.0112,-1.0269,-0.1088,5.7373,2.6855,-0.4272
-0.0103,-1.0248,-0.1073,5.4932,2.7466,-0.4883
-0.0100,-1.0255,-0.1074,6.4087,2.6855,-0.7324
-0.0116,-1.0271,-0.1089,6.1646,2.6855,-0.6104
-0.0118,-1.0270,-0.1084,6.2256,2.6855,-0.6104
FIN_VENTANA
Progreso: 1/1
Lote completado: reposo
Listo para nueva etiqueta. Formato: <etiqueta> <numero_de_ventanas>
INICIO_VENTANA reposo
-0.0179,-0.0328,1.0210,5.7983,2.8687,0.2441
-0.0255,-0.0354,1.0216,5.9204,2.6855,2.0142
-0.0081,-0.0308,1.0199,5.9204,2.8076,-0.6104
-0.0177,-0.0344,1.0193,5.8594,2.7466,-0.6104
-0.0187,-0.0350,1.0204,5.9814,2.8076,-0.7324
-0.0186,-0.0352,1.0215,5.9204,2.6855,-0.7935
-0.0188,-0.0352,1.0195,5.9814,2.8076,-0.4272
-0.0184,-0.0363,1.0203,5.9204,2.5635,-0.7935
-0.0177,-0.0345,1.0210,5.8594,2.6245,-0.8545
-0.0176,-0.0341,1.0209,5.7373,2.8687,-0.6104
-0.0188,-0.0333,1.0204,5.8594,2.9297,0.0000
-0.0182,-0.0394,1.0210,5.9814,2.8687,-1.0986
-0.0198,-0.0342,1.0201,6.0425,2.8076,-0.4272
-0.0177,-0.0341,1.0208,6.2256,2.8076,-0.6104
-0.0184,-0.0345,1.0198,6.0425,2.8687,-0.3052
-0.0153,-0.0342,1.0210,5.7373,2.8687,-0.6714
-0.0195,-0.0339,1.0214,5.9204,2.7466,-0.6104
-0.0208,-0.0345,1.0208,5.6152,2.6855,0.5493
-0.0184,-0.0341,1.0206,5.7983,2.9297,0.1221
-0.0170,-0.0341,1.0193,5.9204,2.8076,-1.2817
-0.0182,-0.0345,1.0209,5.9814,2.8076,-1.0376
-0.0182,-0.0334,1.0220,5.8594,2.8076,-0.4272
-0.0186,-0.0339,1.0193,5.7983,2.6855,-0.2441
-0.0194,-0.0354,1.0195,5.7983,2.8687,-0.4272
-0.0186,-0.0333,1.0203,5.9204,2.6855,-1.2817
-0.0198,-0.0341,1.0215,5.9204,2.9297,-1.0986
-0.0189,-0.0349,1.0200,5.9204,2.6855,-1.2207
-0.0177,-0.0336,1.0201,5.9204,2.8687,-0.8545
-0.0187,-0.0338,1.0212,5.8594,2.8687,-0.6714
-0.0176,-0.0349,1.0208,5.9814,2.6855,-0.1221
-0.0200,-0.0338,1.0203,5.8594,2.8687,0.0610
-0.0171,-0.0343,1.0210,5.7983,2.8076,0.0610
-0.0197,-0.0349,1.0212,5.9814,2.8076,-0.4272
-0.0181,-0.0344,1.0210,5.7373,2.8687,-0.4883
-0.0190,-0.0347,1.0201,5.9204,2.9297,0.4883
-0.0175,-0.0349,1.0206,5.9204,2.7466,0.0610
-0.0164,-0.0369,1.0209,5.8594,2.8687,0.6104
-0.0229,-0.0312,1.0200,5.6763,2.8076,-0.2441
-0.0184,-0.0348,1.0204,5.7983,2.9297,-0.4272
-0.0181,-0.0355,1.0203,5.9204,2.9297,0.4883
-0.0188,-0.0341,1.0223,5.8594,2.8076,0.6714
-0.0182,-0.0344,1.0197,6.0425,2.9297,0.0610
-0.0190,-0.0339,1.0197,5.6763,2.7466,0.3662
-0.0194,-0.0341,1.0189,5.7983,2.8687,-0.3662
-0.0175,-0.0344,1.0210,5.7373,2.7466,-0.4272
-0.0178,-0.0336,1.0228,5.8594,2.8076,-0.3662
-0.0190,-0.0344,1.0204,5.7983,2.8687,-0.0610
-0.0193,-0.0352,1.0205,5.9814,2.8076,-0.3662
-0.0175,-0.0343,1.0215,6.0425,2.9907,-0.3052
-0.0177,-0.0353,1.0193,5.7373,2.9907,-0.0610
-0.0198,-0.0336,1.0206,5.9204,2.8687,0.2441
-0.0193,-0.0339,1.0176,5.8594,2.7466,-0.1831
-0.0186,-0.0345,1.0210,5.6763,2.8687,-0.9766
-0.0182,-0.0345,1.0227,5.8594,2.6855,-0.9155
-0.0175,-0.0347,1.0198,5.7983,2.9297,-1.0376
-0.0197,-0.0399,1.0201,5.9204,2.7466,-0.9766
-0.0171,-0.0283,1.0201,5.8594,2.7466,0.3662
-0.0190,-0.0331,1.0234,6.0425,2.9297,-0.1831
-0.0188,-0.0352,1.0217,5.8594,2.8076,-0.4883
-0.0177,-0.0355,1.0199,5.9814,3.0518,-0.2441
-0.0194,-0.0326,1.0208,5.9814,2.9297,-0.3052
-0.0183,-0.0336,1.0215,5.9204,2.7466,0.0000
-0.0179,-0.0372,1.0189,5.9204,3.0518,0.1221
-0.0195,-0.0330,1.0231,5.7983,2.8687,0.2441
-0.0190,-0.0350,1.0189,5.9204,2.9297,-0.3662
-0.0173,-0.0334,1.0206,6.0425,3.1128,-0.3052
-0.0193,-0.0343,1.0231,5.8594,2.6855,0.4883
-0.0184,-0.0358,1.0205,5.9204,2.6855,-0.1221
-0.0178,-0.0315,1.0209,5.9204,2.6855,0.1831
-0.0184,-0.0327,1.0228,5.9814,2.8076,0.0610
-0.0182,-0.0355,1.0214,5.8594,2.8687,-0.2441
-0.0187,-0.0337,1.0223,6.0425,2.8076,-0.3662
-0.0176,-0.0341,1.0204,5.7373,2.8687,0.3052
-0.0183,-0.0331,1.0197,5.7373,2.8076,-0.3052
-0.0181,-0.0331,1.0229,5.7983,2.8076,-0.1831
-0.0190,-0.0327,1.0242,5.9814,2.7466,-0.1831
-0.0182,-0.0345,1.0219,5.9814,2.8076,-0.6104
-0.0183,-0.0339,1.0216,5.9814,2.7466,-0.4272
-0.0193,-0.0341,1.0209,5.7983,2.6855,-0.4883
-0.0179,-0.0352,1.0226,5.9204,3.0518,-0.7935
-0.0184,-0.0382,1.0208,5.9204,2.8076,-0.6104
-0.0187,-0.0332,1.0212,5.8594,2.9907,0.6104
-0.0183,-0.0333,1.0212,5.9204,2.8076,-0.0610
-0.0178,-0.0350,1.0209,5.9814,2.7466,-0.6714
-0.0179,-0.0341,1.0209,5.9814,2.8076,-0.1831
-0.0195,-0.0338,1.0208,5.9814,2.8687,0.6104
-0.0178,-0.0356,1.0219,5.9204,2.9297,0.2441
-0.0178,-0.0336,1.0209,5.7373,2.7466,-0.5493
-0.0182,-0.0341,1.0208,5.9204,2.9297,-0.1221
-0.0204,-0.0323,1.0220,5.9814,2.8076,-0.1831
-0.0186,-0.0342,1.0205,6.2256,2.8687,-0.6714
-0.0184,-0.0348,1.0215,5.9204,2.8076,-0.7935
-0.0189,-0.0349,1.0183,6.0425,2.9297,-0.8545
-0.0181,-0.0333,1.0217,6.0425,2.8076,-0.1221
-0.0183,-0.0344,1.0200,5.8594,2.6245,-0.3052
-0.0182,-0.0334,1.0214,5.9204,2.8076,-0.6104
-0.0187,-0.0345,1.0205,5.7373,2.6855,-0.5493
-0.0183,-0.0343,1.0206,5.9814,2.6855,-0.3662
-0.0181,-0.0332,1.0209,6.1035,2.7466,-0.7324
-0.0186,-0.0347,1.0208,5.8594,2.8076,-0.5493
FIN_VENTANA
Progreso: 1/10
INICIO_VENTANA reposo
-0.0182,-0.0342,1.0200,5.9204,2.8076,-0.5493
-0.0175,-0.0352,1.0210,6.0425,2.6855,0.1221
-0.0176,-0.0344,1.0206,5.8594,2.8687,0.1831
-0.0171,-0.0344,1.0201,5.7373,2.8076,-0.0610
-0.0186,-0.0344,1.0208,5.7983,2.8687,-0.2441
-0.0166,-0.0337,1.0211,5.8594,2.6855,0.4883
-0.0197,-0.0336,1.0206,5.7983,2.9297,0.2441
-0.0184,-0.0341,1.0212,5.8594,2.6855,-1.0376
-0.0179,-0.0347,1.0210,5.9204,2.6855,-0.3052
-0.0203,-0.0331,1.0210,5.7983,2.7466,-0.0610
-0.0184,-0.0338,1.0208,5.7983,2.7466,-0.6104
-0.0177,-0.0353,1.0199,5.9814,2.7466,-0.1831
-0.0184,-0.0337,1.0199,5.9204,2.6855,-0.3662
-0.0179,-0.0352,1.0203,5.9814,2.8687,-0.7935
-0.0179,-0.0345,1.0187,5.7373,2.7466,-0.7935
-0.0187,-0.0341,1.0206,5.7983,2.7466,-0.2441
-0.0176,-0.0334,1.0210,5.9204,2.7466,-0.7324
-0.0190,-0.0343,1.0201,5.9204,2.7466,-0.3052
-0.0171,-0.0341,1.0208,5.6152,2.8076,-0.6714
-0.0190,-0.0350,1.0209,6.1035,2.8687,-0.4272
-0.0189,-0.0339,1.0204,5.9204,2.7466,0.5493
-0.0188,-0.0347,1.0198,5.9204,2.8076,-0.6714
-0.0186,-0.0339,1.0205,5.7983,2.8687,-0.8545
-0.0183,-0.0336,1.0209,5.7983,2.8076,-0.4272
-0.0186,-0.0347,1.0198,5.9204,2.7466,-0.6714
-0.0181,-0.0334,1.0204,5.9814,2.7466,-0.6104
-0.0183,-0.0347,1.0199,5.9204,3.0518,-0.7324
-0.0187,-0.0341,1.0206,5.9814,2.6855,-0.7935
-0.0183,-0.0343,1.0193,6.1646,2.8076,-0.7935
-0.0183,-0.0354,1.0214,5.7373,2.7466,-0.7324
-0.0193,-0.0341,1.0177,5.9814,2.7466,-0.3662
-0.0171,-0.0328,1.0206,5.7373,2.9297,-0.3662
-0.0184,-0.0339,1.0208,5.8594,2.8076,-0.2441
-0.0181,-0.0332,1.0205,5.7373,2.7466,0.2441
-0.0178,-0.0348,1.0197,5.7983,2.6245,-0.4883
-0.0201,-0.0325,1.0201,6.1035,2.5635,-0.0610
-0.0165,-0.0370,1.0208,5.9204,2.8687,-0.7324
-0.0200,-0.0316,1.0209,5.9814,2.6245,0.1221
-0.0205,-0.0311,1.0192,6.2256,2.8076,-0.3662
-0.0186,-0.0352,1.0204,5.9204,2.8076,-0.5493
-0.0178,-0.0348,1.0206,5.9814,2.8076,-0.2441
-0.0192,-0.0310,1.0206,5.7373,2.9297,-0.0610
-0.0197,-0.0331,1.0199,5.7373,2.9907,0.0610
-0.0173,-0.0345,1.0212,5.9204,2.9297,-0.4883
-0.0200,-0.0353,1.0208,5.8594,2.8076,-1.3428
-0.0175,-0.0330,1.0209,5.8594,2.6245,-0.3662
-0.0167,-0.0314,1.0211,5.8594,2.7466,0.0610
-0.0166,-0.0338,1.0209,5.9204,2.8076,-0.3052
-0.0173,-0.0342,1.0221,5.9814,2.9297,-0.3662
-0.0184,-0.0337,1.0194,6.0425,2.8687,-0.3662
-0.0176,-0.0341,1.0211,5.7983,2.8687,-0.5493
-0.0182,-0.0337,1.0204,5.9204,2.8076,0.1831
-0.0192,-0.0342,1.0227,5.9814,2.9297,-0.1831
-0.0187,-0.0350,1.0217,5.9204,2.6855,-0.5493
-0.0184,-0.0334,1.0206,5.7983,2.8687,-0.1831
-0.0177,-0.0345,1.0211,5.8594,2.8687,-0.0610
-0.0189,-0.0330,1.0210,6.1646,2.6855,-0.1831
-0.0182,-0.0337,1.0217,5.7983,2.8687,-0.1831
-0.0179,-0.0348,1.0201,5.8594,2.8076,-0.9766
-0.0177,-0.0344,1.0198,5.7373,2.7466,-0.3052
-0.0183,-0.0326,1.0215,5.7983,2.8076,-0.9155
-0.0195,-0.0360,1.0219,5.6152,2.6245,-1.4648
-0.0190,-0.0343,1.0193,6.0425,2.6855,-0.6104
-0.0182,-0.0337,1.0214,6.1646,2.7466,-0.8545
-0.0188,-0.0354,1.0206,6.0425,2.8076,-0.9766
-0.0186,-0.0343,1.0219,5.6763,2.7466,-0.5493
-0.0182,-0.0339,1.0211,5.8594,2.7466,-0.7935
-0.0195,-0.0331,1.0206,5.8594,2.7466,-0.4272
-0.0182,-0.0334,1.0210,5.7983,2.6245,-0.0610
-0.0179,-0.0343,1.0215,6.0425,2.8076,-0.6104
-0.0186,-0.0330,1.0226,5.8594,2.8687,-0.0610
-0.0183,-0.0343,1.0226,5.8594,2.8076,-0.4883
-0.0186,-0.0342,1.0203,5.7983,2.9297,-0.7324
-0.0179,-0.0332,1.0210,5.9814,2.8076,-0.3662
-0.0190,-0.0343,1.0209,5.8594,2.7466,-0.6104
-0.0190,-0.0333,1.0215,5.7983,2.8076,-0.4883
-0.0182,-0.0343,1.0219,5.7983,2.7466,-0.4883
-0.0181,-0.0338,1.0215,5.7983,2.8076,-0.6104
-0.0181,-0.0343,1.0211,5.8594,2.9297,-0.6104
-0.0177,-0.0337,1.0209,5.9204,2.9907,-0.8545
-0.0184,-0.0336,1.0214,5.9204,2.8076,-0.6714
-0.0193,-0.0339,1.0211,6.1646,2.8076,-0.4272
-0.0177,-0.0348,1.0205,5.7983,2.7466,-0.1221
-0.0188,-0.0350,1.0219,5.8594,2.7466,-0.3052
-0.0190,-0.0336,1.0210,5.9814,2.6855,-0.7935
-0.0184,-0.0338,1.0214,5.5542,2.7466,-1.0986
-0.0183,-0.0349,1.0221,5.7373,2.7466,-0.6104
-0.0192,-0.0337,1.0211,5.7373,2.9297,-0.7935
-0.0183,-0.0336,1.0211,5.7983,2.9297,-0.7324
-0.0189,-0.0345,1.0214,5.8594,2.7466,-0.4272
-0.0181,-0.0344,1.0223,5.8594,2.8687,-0.7324
-0.0188,-0.0349,1.0228,5.7373,2.6855,-0.7935
-0.0178,-0.0350,1.0214,5.9204,2.6855,-0.3052
-0.0181,-0.0347,1.0217,5.8594,2.7466,-0.4883
-0.0190,-0.0330,1.0211,5.7983,2.8076,-0.9155
-0.0178,-0.0341,1.0212,5.8594,2.8076,0.0000
-0.0194,-0.0333,1.0208,5.9814,2.8687,-0.5493
-0.0183,-0.0348,1.0212,5.7983,2.8687,-0.6104
-0.0178,-0.0339,1.0228,6.0425,2.8687,-0.7324
-0.0183,-0.0348,1.0216,6.1646,2.9297,-0.7935
FIN_VENTANA
Progreso: 2/10
INICIO_VENTANA reposo
-0.0181,-0.0344,1.0217,5.9204,2.8076,-0.3052
-0.0189,-0.0347,1.0221,5.7983,2.6855,-0.7935
-0.0142,-0.0319,1.0216,5.6763,2.7466,-1.5869
-0.0184,-0.0356,1.0221,5.9814,2.8076,-0.1831
-0.0173,-0.0342,1.0210,5.8594,2.8076,-0.8545
-0.0184,-0.0353,1.0215,6.0425,2.8076,-0.3052
-0.0181,-0.0333,1.0228,5.9204,2.5635,0.4272
-0.0181,-0.0337,1.0217,5.7983,2.8076,-0.7324
-0.0175,-0.0341,1.0214,5.7983,2.8687,-0.6104
-0.0178,-0.0337,1.0208,6.0425,2.9297,-0.6104
-0.0181,-0.0342,1.0214,6.1646,2.8687,-0.4272
-0.0178,-0.0334,1.0239,5.7373,2.7466,-0.4272
-0.0194,-0.0343,1.0215,5.9204,2.6855,-0.3662
-0.0176,-0.0343,1.0232,5.9814,2.8687,-0.4883
-0.0187,-0.0338,1.0221,5.9204,2.8076,-0.6714
-0.0188,-0.0326,1.0231,5.8594,2.8687,-0.7324
-0.0179,-0.0360,1.0220,5.8594,2.9297,-1.0376
-0.0189,-0.0326,1.0220,5.9814,2.8076,-0.7324
-0.0177,-0.0349,1.0222,5.7983,2.7466,-0.6714
-0.0187,-0.0343,1.0212,5.9204,2.8687,-0.6104
-0.0188,-0.0337,1.0227,5.7983,2.8076,-0.7935
-0.0178,-0.0338,1.0249,5.7983,2.7466,-1.0376
-0.0192,-0.0341,1.0216,5.7983,2.9297,-0.7935
-0.0170,-0.0352,1.0209,5.7983,2.8076,-0.7324
-0.0192,-0.0331,1.0212,5.9204,2.9297,-0.7935
-0.0187,-0.0338,1.0220,5.9814,2.6855,-0.3052
-0.0189,-0.0334,1.0209,5.6763,3.0518,-0.4883
-0.0182,-0.0353,1.0210,5.8594,2.8076,-0.9766
-0.0189,-0.0342,1.0234,5.6763,2.8076,-0.6714
-0.0190,-0.0348,1.0204,5.9814,2.6855,-0.5493
-0.0186,-0.0345,1.0223,6.0425,2.6855,-0.6104
-0.0193,-0.0342,1.0209,5.8594,2.6855,-0.5493
-0.0168,-0.0341,1.0223,5.7373,2.8687,-0.7935
-0.0171,-0.0403,1.0210,5.6763,2.7466,-1.2207
-0.0209,-0.0297,1.0217,5.9204,2.8687,1.0376
-0.0182,-0.0331,1.0220,5.9814,2.6855,-0.1831
-0.0190,-0.0347,1.0221,5.9814,2.7466,-0.6714
-0.0171,-0.0331,1.0234,5.9204,2.7466,-0.1221
-0.0181,-0.0333,1.0227,6.1035,2.6245,-0.4272
-0.0183,-0.0347,1.0208,5.8594,2.8687,-0.7324
-0.0184,-0.0347,1.0237,6.1035,3.0518,-0.7935
-0.0181,-0.0337,1.0203,6.1035,2.7466,-0.5493
-0.0177,-0.0334,1.0242,5.9204,2.8687,-0.7935
-0.0193,-0.0341,1.0210,5.7373,2.8076,-0.4272
-0.0182,-0.0343,1.0212,5.7373,2.8687,0.0000
-0.0192,-0.0331,1.0223,5.8594,2.8076,0.0000
-0.0186,-0.0347,1.0206,5.8594,2.9907,-0.6104
-0.0189,-0.0347,1.0214,5.8594,2.8687,-0.7935
-0.0179,-0.0345,1.0221,5.7983,2.8687,-0.2441
-0.0170,-0.0342,1.0217,5.9814,2.9297,-1.0376
-0.0193,-0.0338,1.0214,5.9204,2.7466,-0.8545
-0.0193,-0.0348,1.0221,5.9204,2.7466,-1.2207
-0.0183,-0.0334,1.0222,5.9204,2.6855,-1.0376
-0.0184,-0.0341,1.0212,5.7373,2.7466,-0.5493
-0.0179,-0.0331,1.0214,5.9204,2.9297,-0.1221
-0.0192,-0.0352,1.0212,6.0425,2.8076,-0.1831
-0.0181,-0.0339,1.0220,5.8594,2.7466,-0.4272
-0.0188,-0.0350,1.0222,5.6152,2.6855,-0.1221
-0.0181,-0.0348,1.0210,5.9204,2.6855,-0.1831
-0.0184,-0.0338,1.0212,5.9204,2.8076,-0.6714
-0.0188,-0.0348,1.0223,5.7983,2.7466,-0.3052
-0.0179,-0.0332,1.0225,5.8594,2.7466,0.0000
-0.0178,-0.0342,1.0217,5.9814,3.0518,-0.8545
-0.0187,-0.0343,1.0223,5.9814,2.8076,-0.6714
-0.0183,-0.0367,1.0215,5.9814,3.0518,-0.3662
-0.0173,-0.0331,1.0227,5.8594,2.8687,0.1221
-0.0194,-0.0342,1.0209,5.7983,2.7466,-0.4883
-0.0172,-0.0344,1.0231,5.7373,2.6855,-0.7324
-0.0179,-0.0345,1.0211,5.7373,2.8076,-0.5493
-0.0173,-0.0352,1.0212,5.8594,2.7466,-0.4883
-0.0189,-0.0337,1.0214,5.8594,2.8076,-0.1221
-0.0177,-0.0345,1.0219,5.7983,2.8076,-0.3662
-0.0176,-0.0341,1.0205,5.9814,2.9297,-1.0376
-0.0188,-0.0344,1.0209,5.9204,2.8076,-1.2207
-0.0189,-0.0338,1.0204,5.9204,2.8687,-1.5259
-0.0181,-0.0339,1.0219,5.8594,2.9297,-1.2207
-0.0171,-0.0339,1.0222,5.7983,2.6855,-0.2441
-0.0175,-0.0344,1.0221,5.8594,2.9297,-0.8545
-0.0187,-0.0341,1.0222,5.7373,2.9297,-0.9766
-0.0188,-0.0347,1.0215,5.9204,2.7466,-0.5493
-0.0173,-0.0328,1.0217,5.9204,2.8076,-0.6714
-0.0167,-0.0339,1.0210,5.8594,2.6245,-0.6104
-0.0198,-0.0355,1.0226,5.7983,2.8687,0.1831
-0.0173,-0.0323,1.0209,6.0425,2.7466,-0.2441
-0.0176,-0.0337,1.0222,5.8594,2.6855,-1.1597
-0.0242,-0.0327,1.0232,5.7983,2.8687,-0.0610
-0.0154,-0.0333,1.0223,5.8594,2.8687,-0.6104
-0.0181,-0.0341,1.0211,5.9204,2.8076,-0.9766
-0.0164,-0.0344,1.0214,5.9814,2.9297,-0.8545
-0.0179,-0.0331,1.0231,5.8594,2.8687,-0.5493
-0.0178,-0.0348,1.0222,5.8594,2.8076,-0.1221
-0.0193,-0.0334,1.0233,6.0425,2.9297,-0.5493
-0.0187,-0.0341,1.0216,5.9814,2.7466,-0.5493
-0.0175,-0.0344,1.0222,5.8594,2.8076,-0.3662
-0.0177,-0.0348,1.0199,5.8594,2.6855,-0.4883
-0.0187,-0.0341,1.0216,5.8594,2.9297,-0.3662
-0.0186,-0.0333,1.0212,5.7983,2.8076,-0.3662
-0.0182,-0.0348,1.0209,5.8594,2.8076,-0.7324
-0.0187,-0.0333,1.0216,5.7983,2.8687,-0.6104
-0.0181,-0.0341,1.0219,5.9204,2.8687,-0.3052
FIN_VENTANA
Progreso: 3/10
INICIO_VENTANA reposo
-0.0199,-0.0341,1.0208,5.6763,2.7466,-1.0376
-0.0186,-0.0339,1.0240,6.1035,2.7466,-0.7935
-0.0177,-0.0345,1.0247,6.1035,2.9297,-0.1831
-0.0194,-0.0344,1.0206,6.1646,2.8076,-0.4883
-0.0190,-0.0349,1.0222,5.7983,2.8687,-0.1221
-0.0182,-0.0350,1.0209,5.9814,2.7466,-0.7324
-0.0176,-0.0349,1.0210,5.9204,2.6855,-0.4883
-0.0177,-0.0332,1.0243,5.7983,2.8687,-0.7935
-0.0182,-0.0359,1.0220,5.9814,2.5635,-0.7324
-0.0170,-0.0341,1.0223,5.7983,2.6855,-0.5493
-0.0178,-0.0352,1.0232,6.0425,2.8076,-0.9766
-0.0189,-0.0337,1.0197,5.9814,2.8076,-0.9766
-0.0192,-0.0337,1.0209,6.0425,2.6855,-0.4883
-0.0184,-0.0342,1.0249,5.9204,2.8076,-0.4272
-0.0190,-0.0353,1.0203,5.8594,2.8076,-0.0610
-0.0182,-0.0332,1.0214,5.7373,2.7466,-0.7324
-0.0182,-0.0342,1.0234,5.7373,2.9297,-0.9155
-0.0173,-0.0343,1.0215,6.0425,2.8076,-0.1831
-0.0181,-0.0342,1.0216,5.7983,2.7466,-0.4272
-0.0173,-0.0350,1.0250,5.7983,2.7466,-0.3052
-0.0188,-0.0334,1.0214,5.7983,2.8076,-0.6714
-0.0177,-0.0343,1.0220,5.9814,2.8076,-0.4272
-0.0193,-0.0338,1.0238,5.9204,2.8687,-0.9766
-0.0181,-0.0347,1.0229,6.1035,2.8076,-1.0986
-0.0184,-0.0336,1.0223,5.8594,2.7466,-0.7324
-0.0186,-0.0352,1.0215,5.9204,2.6855,-0.9766
-0.0178,-0.0341,1.0234,5.7983,2.8687,-0.9155
-0.0198,-0.0344,1.0228,5.7983,2.8076,-0.3662
-0.0160,-0.0336,1.0242,5.7983,2.8076,-0.4272
-0.0188,-0.0326,1.0188,5.9204,2.7466,-1.0986
-0.0183,-0.0366,1.0232,5.9204,2.7466,0.1831
-0.0183,-0.0323,1.0223,5.7983,2.8687,-0.1831
-0.0186,-0.0355,1.0198,6.0425,2.9297,-0.3662
-0.0173,-0.0330,1.0245,5.9814,2.9907,-0.3662
-0.0187,-0.0347,1.0204,5.7373,2.6855,-0.3662
-0.0166,-0.0343,1.0220,5.7983,2.9907,-0.4883
-0.0188,-0.0341,1.0221,5.9814,2.8687,-0.6104
-0.0179,-0.0358,1.0210,5.9814,2.6855,-0.9155
-0.0193,-0.0348,1.0227,5.7373,2.8076,-1.2817
-0.0178,-0.0354,1.0231,5.7983,2.7466,-0.4883
-0.0189,-0.0337,1.0221,5.9204,2.6855,0.0000
-0.0194,-0.0343,1.0219,5.8594,2.8076,-0.8545
-0.0187,-0.0402,1.0215,5.9204,2.7466,-0.9155
-0.0175,-0.0315,1.0227,5.8594,2.7466,-0.3052
-0.0187,-0.0342,1.0219,6.0425,2.8076,-0.6104
-0.0184,-0.0310,1.0203,5.7373,2.8687,-0.4883
-0.0177,-0.0345,1.0251,6.0425,2.8076,-0.2441
-0.0183,-0.0332,1.0206,5.9204,2.7466,-0.7324
-0.0198,-0.0332,1.0204,5.9204,2.8687,0.0000
-0.0182,-0.0330,1.0239,5.9814,2.8687,-0.4272
-0.0186,-0.0344,1.0222,5.9204,2.8687,-1.0986
-0.0172,-0.0352,1.0217,5.7373,2.8687,-0.6714
-0.0199,-0.0332,1.0220,5.9814,2.6855,0.1831
-0.0183,-0.0338,1.0211,5.7983,2.6855,-0.1221
-0.0184,-0.0332,1.0236,6.0425,2.9297,-0.4272
-0.0184,-0.0337,1.0236,5.8594,2.8687,0.3662
-0.0172,-0.0347,1.0209,6.0425,2.8076,-0.6104
-0.0190,-0.0333,1.0234,5.9204,2.8687,-0.6714
-0.0181,-0.0358,1.0227,5.9204,2.7466,-0.4272
-0.0186,-0.0343,1.0225,5.7983,2.8687,-0.1831
-0.0173,-0.0333,1.0222,5.7983,2.7466,-1.0986
-0.0178,-0.0339,1.0216,5.9204,2.8076,-0.3662
-0.0190,-0.0333,1.0220,5.7373,2.9297,0.0610
-0.0181,-0.0339,1.0242,6.0425,2.6245,-0.7935
-0.0176,-0.0349,1.0233,6.0425,2.5024,-0.6104
-0.0182,-0.0339,1.0219,5.9814,2.6855,-0.1831
-0.0183,-0.0342,1.0211,5.8594,2.9297,-0.7935
-0.0189,-0.0330,1.0225,5.9204,2.8076,-0.1221
-0.0179,-0.0348,1.0238,5.8594,2.8076,-0.4883
-0.0177,-0.0347,1.0243,5.6152,2.6855,-0.9766
-0.0190,-0.0347,1.0242,6.0425,2.7466,-0.4272
-0.0176,-0.0339,1.0216,5.7983,2.8076,-0.5493
-0.0187,-0.0358,1.0225,5.9204,2.8076,-0.1831
-0.0179,-0.0356,1.0237,5.9204,2.6245,-0.4272
-0.0178,-0.0343,1.0203,5.8594,2.7466,-0.5493
-0.0189,-0.0345,1.0231,5.8594,2.7466,-0.0610
-0.0199,-0.0331,1.0209,5.8594,2.8076,0.1831
-0.0170,-0.0339,1.0223,5.8594,2.8687,-0.6104
-0.0192,-0.0332,1.0211,5.9204,2.7466,-0.8545
-0.0170,-0.0347,1.0236,5.7983,2.8687,-0.4883
-0.0179,-0.0320,1.0219,5.9204,2.6245,-0.8545
-0.0183,-0.0365,1.0229,5.9814,2.7466,-0.9155
-0.0188,-0.0345,1.0217,5.8594,2.6855,0.0610
-0.0186,-0.0327,1.0211,5.9814,2.8076,-0.3662
-0.0198,-0.0347,1.0215,5.9204,2.9297,-0.8545
-0.0187,-0.0341,1.0234,5.7373,2.7466,-0.7324
-0.0173,-0.0348,1.0236,5.9814,2.8076,-1.4648
-0.0175,-0.0347,1.0223,6.0425,2.8687,-0.9155
-0.0187,-0.0349,1.0233,5.7983,2.8076,-0.2441
-0.0176,-0.0338,1.0221,5.9814,2.7466,-0.6714
-0.0192,-0.0347,1.0226,5.7983,2.7466,-0.7935
-0.0178,-0.0348,1.0240,5.9814,2.8076,-0.9155
-0.0193,-0.0349,1.0208,5.9814,2.7466,-0.6104
-0.0187,-0.0334,1.0243,5.9814,2.6245,-0.6104
-0.0186,-0.0352,1.0238,5.6763,2.9297,-0.2441
-0.0183,-0.0341,1.0231,5.7983,2.6245,-0.4883
-0.0184,-0.0337,1.0212,5.7373,2.6855,-0.3662
-0.0188,-0.0348,1.0225,5.9204,2.6855,-0.6714
-0.0187,-0.0345,1.0212,6.1035,2.7466,-0.6104
-0.0178,-0.0339,1.0232,5.8594,2.6855,-0.6104
FIN_VENTANA
Progreso: 4/10
INICIO_VENTANA reposo
-0.0175,-0.0343,1.0216,5.8594,2.8687,-0.5493
-0.0188,-0.0328,1.0231,5.7373,2.5635,0.0000
-0.0175,-0.0361,1.0229,5.7373,2.7466,-0.4883
-0.0176,-0.0347,1.0210,5.9814,2.7466,-0.6104
-0.0183,-0.0341,1.0220,5.8594,2.8076,-0.6104
-0.0182,-0.0339,1.0238,5.9204,2.8076,-0.9155
-0.0183,-0.0342,1.0228,6.0425,2.8687,-0.6714
-0.0179,-0.0337,1.0232,5.7983,2.8687,-0.8545
-0.0175,-0.0348,1.0234,5.9814,2.7466,-0.7324
-0.0179,-0.0345,1.0214,6.1646,2.9297,-0.6104
-0.0183,-0.0341,1.0217,5.9814,2.7466,-0.7324
-0.0183,-0.0342,1.0226,5.7373,2.6855,-0.7935
-0.0177,-0.0336,1.0214,5.9814,2.8076,-0.6104
-0.0178,-0.0348,1.0212,5.9814,2.8076,-0.7935
-0.0177,-0.0344,1.0223,5.9814,2.9907,-0.5493
-0.0177,-0.0348,1.0223,5.8594,2.6855,-0.8545
-0.0181,-0.0342,1.0217,5.9204,2.7466,-0.2441
-0.0171,-0.0343,1.0250,5.8594,2.7466,-0.6104
-0.0187,-0.0349,1.0208,5.8594,2.6245,-0.3662
-0.0181,-0.0334,1.0206,5.9204,2.8687,-0.4272
-0.0184,-0.0344,1.0229,5.9814,2.7466,-0.3052
-0.0170,-0.0343,1.0221,5.9204,2.8076,-0.4883
-0.0186,-0.0344,1.0228,5.8594,2.8687,-0.2441
-0.0177,-0.0349,1.0214,5.7983,2.8687,-0.6714
-0.0175,-0.0345,1.0220,5.8594,2.7466,-0.6714
-0.0197,-0.0353,1.0221,5.7983,2.7466,-1.1597
-0.0178,-0.0354,1.0211,5.9204,2.8076,-0.3662
-0.0183,-0.0343,1.0212,5.9814,2.8076,-0.4272
-0.0184,-0.0341,1.0210,5.7373,2.8076,-1.2817
-0.0173,-0.0350,1.0206,5.7373,2.8687,-0.3662
-0.0184,-0.0347,1.0226,5.9204,2.9297,-0.4272
-0.0171,-0.0338,1.0237,5.6763,2.7466,-0.6104
-0.0168,-0.0411,1.0229,5.7373,2.8687,-0.6104
-0.0171,-0.0348,1.0220,5.9204,2.7466,-0.2441
-0.0178,-0.0342,1.0206,5.7373,2.8076,-0.7324
-0.0175,-0.0347,1.0217,6.0425,2.8076,-0.7935
-0.0190,-0.0344,1.0211,5.9814,2.7466,-0.3662
-0.0179,-0.0341,1.0238,5.9204,2.9297,-0.3662
-0.0177,-0.0338,1.0219,5.7983,2.8076,-0.9766
-0.0178,-0.0343,1.0209,6.0425,2.8076,-0.4272
-0.0194,-0.0339,1.0217,5.8594,2.5635,-0.5493
-0.0186,-0.0356,1.0232,5.8594,2.8076,-1.4648
-0.0188,-0.0349,1.0215,5.9814,2.8687,-1.2817
-0.0184,-0.0338,1.0205,5.8594,2.8076,-0.1831
-0.0188,-0.0343,1.0216,5.9814,2.6245,-0.3662
-0.0179,-0.0348,1.0206,6.0425,2.7466,-1.0986
-0.0193,-0.0341,1.0212,5.9204,2.8076,-0.7324
-0.0179,-0.0339,1.0222,5.9204,2.8076,-0.4272
-0.0178,-0.0343,1.0221,5.6763,2.7466,-0.4272
-0.0183,-0.0339,1.0215,5.7983,2.8076,-0.1221
-0.0189,-0.0339,1.0220,5.9814,2.8076,-0.4883
-0.0173,-0.0339,1.0227,6.0425,2.9297,-0.6714
-0.0175,-0.0343,1.0210,5.9814,2.8076,-0.4272
-0.0182,-0.0339,1.0206,5.9204,2.9297,-0.4272
-0.0178,-0.0344,1.0217,5.9204,2.8687,-0.6104
-0.0178,-0.0334,1.0219,5.9204,2.8687,0.2441
-0.0175,-0.0343,1.0209,5.9204,2.8076,-0.3052
-0.0190,-0.0349,1.0212,5.9204,2.6855,-0.3662
-0.0179,-0.0342,1.0222,5.7983,2.9297,-0.7935
-0.0176,-0.0344,1.0237,5.9814,2.8076,-0.5493
-0.0198,-0.0343,1.0222,5.8594,2.6855,-0.2441
-0.0177,-0.0332,1.0170,5.8594,3.2959,-0.7324
-0.0176,-0.0354,1.0220,5.9204,2.6855,-0.9155
-0.0161,-0.0353,1.0203,5.6152,3.0518,-0.8545
-0.0156,-0.0341,1.0183,5.7983,3.0518,-0.9155
-0.0135,-0.0347,1.0146,5.6152,2.8687,-0.8545
-0.0173,-0.0334,1.0195,6.0425,2.6245,-0.4883
-0.0177,-0.0342,1.0229,5.9204,2.8687,-0.7935
-0.0187,-0.0353,1.0215,5.8594,2.8687,-0.5493
-0.0182,-0.0342,1.0200,5.6152,2.9297,-0.4883
-0.0179,-0.0333,1.0205,5.9814,2.6855,-0.4272
-0.0186,-0.0352,1.0242,5.9204,2.8687,-0.9766
-0.0165,-0.0350,1.0221,5.9204,2.6855,-0.0610
-0.0184,-0.0331,1.0232,5.9204,2.5024,-0.6104
-0.0175,-0.0348,1.0220,6.1035,3.1128,-1.1597
-0.0164,-0.0343,1.0210,5.8594,2.7466,0.1221
-0.0171,-0.0339,1.0245,5.7373,2.4414,-0.1221
-0.0156,-0.0352,1.0226,5.7373,3.1128,-1.2817
-0.0189,-0.0338,1.0225,5.7373,3.1738,0.0610
-0.0179,-0.0343,1.0222,5.6763,3.1738,-0.0610
-0.0160,-0.0336,1.0214,5.7983,2.6855,-0.8545
-0.0166,-0.0348,1.0245,5.8594,3.0518,-0.3662
-0.0164,-0.0321,1.0214,5.6763,2.9297,-0.6714
-0.0181,-0.0323,1.0198,5.7983,2.8687,-1.0986
-0.0159,-0.0336,1.0192,5.9204,2.8687,-1.4648
-0.0178,-0.0343,1.0251,5.7983,2.9907,-1.4038
-0.0165,-0.0359,1.0162,5.7983,2.9907,-1.1597
-0.0164,-0.0331,1.0211,5.9204,2.5024,-0.3052
-0.0165,-0.0341,1.0200,5.6763,2.9297,-0.2441
-0.0153,-0.0339,1.0192,5.7983,2.8687,0.0000
-0.0154,-0.0333,1.0208,6.0425,2.8076,-0.6714
-0.0165,-0.0342,1.0221,5.7373,2.8076,-0.9766
-0.0181,-0.0356,1.0247,5.7983,2.5635,-1.0986
-0.0170,-0.0316,1.0204,5.8594,2.7466,-0.7935
-0.0170,-0.0322,1.0177,5.9204,2.6245,-1.4038
-0.0157,-0.0328,1.0177,5.8594,2.9297,-0.3662
-0.0165,-0.0345,1.0210,5.9204,3.0518,-0.9766
-0.0177,-0.0326,1.0179,5.7983,2.9907,-0.8545
-0.0162,-0.0347,1.0221,5.8594,3.2349,-1.1597
-0.0157,-0.0327,1.0194,5.7983,3.5400,-0.7324
FIN_VENTANA
Progreso: 5/10
INICIO_VENTANA reposo
-0.0161,-0.0332,1.0204,5.7983,2.8076,-0.0610
-0.0148,-0.0327,1.0201,5.9204,2.9907,-0.3052
-0.0160,-0.0334,1.0208,5.9814,2.9907,-0.8545
-0.0156,-0.0339,1.0204,5.7983,2.5635,-0.3662
-0.0160,-0.0330,1.0203,5.7983,3.1128,-0.6104
-0.0151,-0.0328,1.0172,5.8594,2.7466,-0.7935
-0.0153,-0.0332,1.0203,5.9204,2.6855,-1.4648
-0.0154,-0.0334,1.0201,5.8594,2.2583,-1.5869
-0.0160,-0.0342,1.0204,5.9814,2.3804,-0.7324
-0.0172,-0.0332,1.0171,6.0425,2.4414,-0.5493
-0.0155,-0.0337,1.0206,5.9814,3.0518,-0.1831
-0.0198,-0.0341,1.0270,6.1646,2.0142,0.1831
-0.0170,-0.0341,1.0220,5.7983,2.2583,-0.4883
-0.0151,-0.0333,1.0204,5.8594,2.4414,-0.7324
-0.0166,-0.0333,1.0200,5.9814,2.5024,-0.3052
-0.0157,-0.0363,1.0200,6.1035,2.3193,-0.6714
-0.0172,-0.0337,1.0219,5.8594,2.4414,-0.4883
-0.0167,-0.0347,1.0208,5.8594,2.5635,0.1221
-0.0161,-0.0315,1.0199,5.7373,3.1128,-0.0610
-0.0162,-0.0343,1.0187,5.6763,2.8076,-1.0986
-0.0160,-0.0334,1.0189,5.8594,2.6245,-1.3428
-0.0166,-0.0348,1.0209,5.6152,2.8687,-0.7935
-0.0165,-0.0337,1.0215,5.7373,3.1128,-0.9155
-0.0172,-0.0322,1.0179,5.9814,2.4414,-1.0376
-0.0148,-0.0347,1.0199,5.8594,2.4414,-0.7324
-0.0162,-0.0353,1.0200,5.7373,3.0518,-0.8545
-0.0172,-0.0308,1.0249,5.8594,2.6855,-0.1831
-0.0165,-0.0352,1.0181,5.9814,2.8076,-0.6104
-0.0150,-0.0342,1.0194,5.7983,2.8076,-1.0376
-0.0155,-0.0339,1.0195,5.9204,2.8076,-0.7935
-0.0150,-0.0312,1.0203,5.6763,2.6245,-0.6714
-0.0160,-0.0352,1.0208,5.7373,3.2349,-0.7935
-0.0142,-0.0341,1.0199,5.7983,3.3569,-1.0376
-0.0182,-0.0330,1.0195,5.9814,2.3193,-0.9155
-0.0165,-0.0334,1.0205,5.7373,2.9297,-0.8545
-0.0153,-0.0333,1.0197,5.7373,3.1128,-0.7324
-0.0165,-0.0332,1.0209,5.9814,2.5024,0.0610
-0.0162,-0.0328,1.0194,5.6763,2.6245,-0.6104
-0.0162,-0.0336,1.0211,5.6152,3.1738,-0.5493
-0.0150,-0.0319,1.0205,5.6763,3.1128,-0.2441
-0.0175,-0.0333,1.0200,5.7983,2.6245,-0.7935
-0.0166,-0.0326,1.0225,5.9204,2.3804,-0.8545
-0.0167,-0.0341,1.0198,6.0425,2.5635,-1.0986
-0.0157,-0.0332,1.0186,5.9204,2.5635,-0.7324
-0.0159,-0.0344,1.0199,5.7983,2.9297,-0.9766
-0.0165,-0.0336,1.0200,5.7983,2.5024,-0.9766
-0.0159,-0.0337,1.0205,5.6763,2.6245,-0.4272
-0.0149,-0.0332,1.0195,5.6763,3.1128,-0.4272
-0.0145,-0.0325,1.0197,5.6152,3.4790,-0.8545
-0.0164,-0.0336,1.0211,5.7373,2.9297,-0.6104
-0.0162,-0.0322,1.0203,5.8594,2.6245,-0.7324
-0.0156,-0.0334,1.0209,5.9814,2.9907,-0.9155
-0.0146,-0.0336,1.0198,5.8594,2.7466,-0.3662
-0.0175,-0.0341,1.0200,5.9204,2.6855,-0.6714
-0.0155,-0.0344,1.0210,5.7983,3.1738,-1.3428
-0.0149,-0.0332,1.0188,5.8594,3.2349,-0.6104
-0.0151,-0.0333,1.0209,5.9814,2.8687,-0.4272
-0.0165,-0.0333,1.0194,5.7983,2.6245,-0.7324
-0.0161,-0.0339,1.0211,5.9814,2.8687,-0.6714
-0.0159,-0.0339,1.0208,5.6763,3.0518,-0.6714
-0.0149,-0.0331,1.0177,5.9814,2.7466,-0.7324
-0.0151,-0.0330,1.0217,5.7373,2.6855,-1.0376
-0.0159,-0.0354,1.0219,5.8594,2.8687,-0.9155
-0.0156,-0.0326,1.0198,5.7373,3.2959,0.4883
-0.0138,-0.0322,1.0193,5.7373,2.9297,-0.6104
-0.0156,-0.0333,1.0201,5.9204,2.3804,-0.5493
-0.0159,-0.0327,1.0210,5.9204,2.5635,0.1221
-0.0155,-0.0330,1.0208,5.7983,2.6245,-0.8545
-0.0157,-0.0334,1.0219,5.8594,2.3804,-0.6714
-0.0167,-0.0331,1.0211,5.9204,2.9297,-0.2441
-0.0148,-0.0332,1.0187,5.7373,3.1738,-0.4883
-0.0148,-0.0322,1.0216,5.9814,2.6245,-0.7935
-0.0142,-0.0342,1.0161,5.9204,2.5635,-0.6714
-0.0150,-0.0334,1.0219,6.2256,2.6245,-0.3052
-0.0153,-0.0337,1.0172,5.7983,2.9907,-0.5493
-0.0160,-0.0325,1.0215,6.0425,2.4414,-0.4883
-0.0132,-0.0327,1.0200,5.6152,3.2959,-1.0376
-0.0153,-0.0334,1.0208,5.7373,2.9297,-0.9155
-0.0151,-0.0338,1.0221,5.9204,2.9907,-0.6714
-0.0164,-0.0341,1.0206,5.8594,2.5024,-0.3052
-0.0160,-0.0341,1.0210,6.0425,2.5024,-0.1831
-0.0157,-0.0342,1.0211,5.8594,3.0518,-0.6104
-0.0154,-0.0339,1.0182,5.9814,2.7466,-0.7935
-0.0159,-0.0332,1.0209,5.4932,2.9907,-0.6104
-0.0146,-0.0331,1.0193,5.7983,2.9907,-0.2441
-0.0149,-0.0341,1.0216,5.7983,2.7466,-0.6104
-0.0135,-0.0327,1.0201,5.8594,2.9297,-1.0986
-0.0145,-0.0332,1.0217,5.7983,2.6855,-0.5493
-0.0134,-0.0333,1.0201,5.6152,3.2349,0.1221
-0.0150,-0.0316,1.0197,5.7373,3.1738,-0.4272
-0.0137,-0.0326,1.0232,5.6763,2.7466,-0.4272
-0.0159,-0.0348,1.0205,5.9204,2.1973,-0.0610
-0.0157,-0.0332,1.0219,5.8594,2.5024,-0.1221
-0.0143,-0.0328,1.0214,5.6763,3.1128,-0.5493
-0.0154,-0.0366,1.0172,5.7983,2.7466,-1.0376
-0.0143,-0.0343,1.0222,5.9204,2.2583,-1.0986
-0.0144,-0.0330,1.0231,5.7983,2.8687,-0.8545
-0.0140,-0.0336,1.0215,5.4932,3.2959,-0.9766
-0.0149,-0.0330,1.0217,5.9814,2.6855,-0.8545
-0.0159,-0.0338,1.0225,5.7983,2.8076,-0.9155
FIN_VENTANA
Progreso: 6/10
INICIO_VENTANA reposo
-0.0156,-0.0359,1.0220,5.7373,2.9907,-1.0986
-0.0142,-0.0338,1.0210,5.7983,2.8076,-1.6479
-0.0140,-0.0330,1.0221,5.8594,2.6855,-0.9155
-0.0138,-0.0342,1.0212,5.9814,2.5024,-1.0986
-0.0131,-0.0331,1.0226,5.9204,2.6855,-1.2207
-0.0150,-0.0345,1.0211,5.8594,2.3193,-0.4883
-0.0122,-0.0334,1.0216,6.4087,0.8545,-0.7324
-0.0166,-0.0347,1.0222,6.4697,0.9766,0.1221
-0.0173,-0.0353,1.0237,6.1646,2.1362,-0.1221
-0.0165,-0.0389,1.0214,6.0425,2.1362,-0.3052
-0.0162,-0.0299,1.0215,5.7983,3.1128,0.2441
-0.0167,-0.0347,1.0216,5.9204,3.3569,0.5493
-0.0161,-0.0366,1.0227,5.7373,3.6011,0.0610
-0.0126,-0.0433,1.0228,5.4321,3.9673,0.0610
-0.0178,-0.0206,1.0186,5.3711,4.8828,0.8545
-0.0132,-0.0348,1.0217,5.9814,2.7466,-0.6104
-0.0157,-0.0326,1.0205,5.9204,2.6245,-0.4883
-0.0122,-0.0371,1.0236,5.9204,2.8687,0.0000
-0.0121,-0.0314,1.0211,5.8594,2.6855,1.5259
-0.0134,-0.0229,1.0176,5.7983,3.4790,0.2441
-0.0194,-0.0437,1.0220,5.9814,3.1128,-1.9531
-0.0164,-0.0360,1.0203,5.9814,2.8687,-0.7935
-0.0156,-0.0342,1.0209,5.7983,2.8076,-0.9766
-0.0145,-0.0322,1.0204,5.8594,3.0518,-1.0986
-0.0145,-0.0326,1.0206,5.7983,2.8687,-1.5259
-0.0106,-0.0331,1.0205,5.7983,2.8076,-1.1597
-0.0133,-0.0328,1.0201,5.9814,2.8687,-0.4883
-0.0134,-0.0322,1.0195,5.7983,3.1128,-0.1831
-0.0127,-0.0310,1.0215,5.7983,3.1128,-0.4883
-0.0139,-0.0299,1.0217,5.9204,3.2349,-1.0376
-0.0148,-0.0361,1.0190,5.8594,4.0283,-1.2207
-0.0132,-0.0326,1.0192,5.7373,3.0518,-0.8545
-0.0115,-0.0326,1.0204,5.8594,2.7466,-1.0376
-0.0121,-0.0339,1.0177,5.9204,2.8687,-0.6714
-0.0116,-0.0339,1.0181,5.9814,2.4414,-0.6104
-0.0143,-0.0317,1.0227,5.9204,2.4414,-0.3052
-0.0135,-0.0344,1.0201,5.7373,2.8076,-0.6714
-0.0126,-0.0334,1.0190,5.8594,2.7466,-0.5493
-0.0133,-0.0315,1.0212,5.7373,2.9907,-0.1831
-0.0116,-0.0338,1.0211,5.6763,3.1738,-0.7935
-0.0123,-0.0275,1.0214,5.9814,2.9297,-1.0376
-0.0131,-0.0381,1.0208,5.8594,3.2349,-1.6479
-0.0133,-0.0347,1.0188,5.7983,2.9907,-1.1597
-0.0137,-0.0322,1.0229,5.7983,2.0142,-1.4038
-0.0179,-0.0326,1.0183,5.8594,1.7090,-1.4648
-0.0120,-0.0347,1.0201,5.9814,2.3804,-0.9155
-0.0109,-0.0327,1.0206,5.8594,2.8687,-0.7324
-0.0129,-0.0328,1.0210,5.9204,2.8687,-0.1831
-0.0142,-0.0316,1.0221,5.9814,3.0518,0.3052
-0.0123,-0.0306,1.0217,5.7373,3.8452,-0.0610
-0.0144,-0.0355,1.0226,5.9204,3.2959,-1.3428
-0.0139,-0.0336,1.0211,5.9814,2.6855,-1.5869
-0.0115,-0.0343,1.0214,5.8594,2.7466,-0.9766
-0.0127,-0.0314,1.0217,5.8594,2.8687,-0.8545
-0.0139,-0.0350,1.0209,5.9814,2.3193,-1.1597
-0.0112,-0.0315,1.0217,5.7373,2.6855,-0.2441
-0.0126,-0.0316,1.0210,5.9204,2.4414,-0.5493
-0.0144,-0.0328,1.0203,5.7373,2.4414,-0.7324
-0.0126,-0.0342,1.0219,5.8594,2.6855,-0.6104
-0.0123,-0.0339,1.0214,5.7983,2.3804,-0.2441
-0.0127,-0.0323,1.0211,5.6763,2.3804,0.6714
-0.0128,-0.0293,1.0211,5.7373,2.8076,0.6714
-0.0143,-0.0337,1.0209,5.8594,3.0518,-1.0376
-0.0156,-0.0344,1.0203,5.8594,2.9907,-1.0376
-0.0142,-0.0336,1.0205,5.9204,2.9297,-1.2817
-0.0123,-0.0333,1.0205,5.9204,2.4414,-1.2207
-0.0121,-0.0349,1.0211,5.9204,2.6245,-1.2207
-0.0135,-0.0331,1.0204,5.9814,2.7466,0.2441
-0.0132,-0.0316,1.0220,5.8594,2.8687,-0.1831
-0.0118,-0.0331,1.0220,5.9204,2.9907,-0.7935
-0.0118,-0.0321,1.0208,6.1035,3.0518,-0.7935
-0.0127,-0.0321,1.0208,5.8594,3.0518,-0.7935
-0.0167,-0.0352,1.0221,5.7983,2.9297,-0.9766
-0.0142,-0.0344,1.0215,5.7983,3.3569,-1.3428
-0.0131,-0.0343,1.0222,5.8594,3.3569,-1.1597
-0.0133,-0.0333,1.0192,5.9814,2.8076,-0.3052
-0.0123,-0.0327,1.0214,5.6763,2.9297,-0.8545
-0.0114,-0.0345,1.0226,5.7373,3.3569,-1.4648
-0.0137,-0.0334,1.0166,5.8594,2.8687,-0.2441
-0.0112,-0.0321,1.0250,6.0425,2.8687,-0.9766
-0.0128,-0.0344,1.0204,5.7373,2.9907,-0.7935
-0.0118,-0.0350,1.0204,5.9814,3.2349,-1.5259
-0.0133,-0.0323,1.0236,5.7373,2.7466,-0.6714
-0.0161,-0.0342,1.0205,5.8594,1.7700,0.3052
-0.0117,-0.0317,1.0193,5.8594,0.8545,-0.4883
-0.0099,-0.0330,1.0209,5.7373,2.7466,-0.3662
-0.0118,-0.0287,1.0217,5.9814,2.8687,1.1597
-0.0143,-0.0287,1.0219,5.7983,3.5400,-0.6104
-0.0132,-0.0360,1.0212,5.9814,3.9673,-1.7090
-0.0150,-0.0359,1.0203,5.9814,3.8452,-1.2207
-0.0125,-0.0331,1.0204,5.7373,3.2959,-0.7935
-0.0110,-0.0331,1.0209,5.7983,3.2349,-1.5869
-0.0114,-0.0321,1.0209,5.7373,2.6855,-0.9766
-0.0118,-0.0322,1.0242,5.9204,2.9297,-0.4272
-0.0117,-0.0333,1.0201,5.9814,2.8687,-0.7935
-0.0109,-0.0333,1.0211,5.7983,2.5024,-0.1221
-0.0110,-0.0332,1.0227,5.8594,2.4414,-0.2441
-0.0122,-0.0319,1.0212,5.9204,2.5635,0.2441
-0.0101,-0.0295,1.0198,5.8594,3.3569,-0.7324
-0.0131,-0.0332,1.0195,5.9204,3.2959,-0.9155
FIN_VENTANA
Progreso: 7/10
INICIO_VENTANA reposo
-0.0118,-0.0327,1.0223,5.7983,3.1128,-0.7324
-0.0112,-0.0311,1.0210,5.8594,2.8076,-0.1831
-0.0116,-0.0305,1.0208,5.8594,2.3193,0.2441
-0.0117,-0.0326,1.0216,6.0425,2.6855,-0.3052
-0.0134,-0.0292,1.0190,5.7983,2.5024,0.0610
-0.0135,-0.0299,1.0212,5.9814,2.8076,-1.2817
-0.0129,-0.0375,1.0237,5.7983,3.3569,-1.2207
-0.0123,-0.0317,1.0189,5.7373,3.4180,-1.4648
-0.0109,-0.0332,1.0214,5.9204,3.1128,-1.4038
-0.0117,-0.0339,1.0222,5.8594,3.4790,-1.4038
-0.0194,-0.0337,1.0306,5.7983,2.1362,-1.7090
-0.0111,-0.0360,1.0177,5.7373,3.7231,-2.0142
-0.0101,-0.0350,1.0205,5.9204,3.6621,-1.3428
-0.0070,-0.0337,1.0206,5.7983,3.6621,-0.4883
-0.0088,-0.0305,1.0189,5.9814,3.4180,-0.1831
-0.0094,-0.0332,1.0212,5.6763,2.3193,0.0610
-0.0094,-0.0331,1.0201,5.8594,2.3804,-0.1831
-0.0074,-0.0303,1.0187,5.9814,2.5024,-0.7324
-0.0117,-0.0347,1.0198,5.7373,2.5024,-1.2817
-0.0123,-0.0356,1.0197,5.6763,2.5635,-0.9155
-0.0096,-0.0325,1.0210,5.7983,2.6855,-0.6714
-0.0110,-0.0331,1.0200,5.7983,2.8076,-0.6104
-0.0090,-0.0326,1.0211,5.7983,2.5024,-0.4883
-0.0121,-0.0325,1.0211,5.9814,2.5024,-0.2441
-0.0106,-0.0348,1.0201,5.9204,2.6855,-0.6104
-0.0115,-0.0325,1.0205,5.8594,2.6245,-0.7935
-0.0116,-0.0333,1.0211,5.9814,2.6855,-0.4272
-0.0120,-0.0320,1.0211,5.8594,2.5635,-0.4272
-0.0121,-0.0336,1.0211,5.8594,2.8687,-0.7324
-0.0103,-0.0323,1.0211,5.6763,2.8687,-0.9766
-0.0112,-0.0337,1.0192,5.9814,2.8687,-0.6104
-0.0104,-0.0328,1.0210,5.8594,2.8076,-0.1831
-0.0109,-0.0338,1.0217,5.7983,2.8076,-0.7324
-0.0110,-0.0347,1.0215,5.8594,2.7466,-0.9155
-0.0104,-0.0343,1.0198,5.7983,2.7466,-0.3052
-0.0109,-0.0330,1.0208,5.8594,2.3193,-0.0610
-0.0123,-0.0322,1.0237,6.1646,2.6855,-0.5493
-0.0120,-0.0339,1.0209,5.7983,2.5635,-0.4883
-0.0118,-0.0343,1.0211,5.8594,2.8076,-0.7935
-0.0115,-0.0338,1.0219,5.9814,2.6245,-1.1597
-0.0117,-0.0332,1.0187,5.7373,2.8687,-0.7324
-0.0120,-0.0330,1.0233,5.7373,2.5024,-0.6714
-0.0117,-0.0330,1.0226,5.7373,2.5635,-0.9766
-0.0114,-0.0320,1.0216,5.7983,2.3193,-0.6104
-0.0115,-0.0321,1.0208,5.7983,2.5635,-1.2817
-0.0122,-0.0330,1.0205,5.8594,2.3193,-1.7090
-0.0144,-0.0332,1.0216,5.8594,2.5024,-1.0986
-0.0128,-0.0334,1.0217,5.9204,2.7466,-0.6104
-0.0117,-0.0321,1.0195,5.7983,2.8076,-0.7324
-0.0123,-0.0330,1.0211,5.7373,2.5635,-0.3052
-0.0135,-0.0334,1.0214,5.9204,2.5635,-0.5493
-0.0127,-0.0333,1.0219,5.9814,3.1128,-0.8545
-0.0132,-0.0334,1.0209,5.6763,2.6855,-0.6104
-0.0101,-0.0345,1.0188,5.9204,2.2583,-0.7324
-0.0137,-0.0341,1.0217,5.8594,2.1973,-0.9155
-0.0127,-0.0326,1.0215,5.9814,2.3804,-1.4038
-0.0133,-0.0327,1.0210,5.6152,2.3804,-0.8545
-0.0135,-0.0323,1.0212,5.9814,2.6245,-0.4272
-0.0142,-0.0322,1.0227,5.7983,2.7466,-1.1597
-0.0132,-0.0332,1.0203,6.0425,2.5635,-1.0376
-0.0134,-0.0332,1.0206,5.9814,2.7466,-0.4883
-0.0134,-0.0328,1.0205,6.1035,2.7466,-0.6104
-0.0133,-0.0337,1.0208,5.8594,2.6855,-0.6104
-0.0139,-0.0342,1.0214,5.8594,2.6245,-0.6104
-0.0142,-0.0338,1.0216,5.9204,2.5635,-0.6714
-0.0146,-0.0336,1.0219,5.9814,2.4414,-0.6104
-0.0156,-0.0341,1.0209,5.9204,2.5635,-0.9155
-0.0140,-0.0343,1.0204,5.6763,2.9907,-0.6714
-0.0131,-0.0322,1.0204,5.9814,3.0518,-0.2441
-0.0149,-0.0334,1.0214,6.1035,2.0142,-0.9155
-0.0148,-0.0320,1.0209,6.0425,2.3193,-0.6714
-0.0137,-0.0332,1.0206,5.4932,3.0518,-0.4883
-0.0148,-0.0332,1.0206,6.1035,2.3193,-0.4272
-0.0149,-0.0344,1.0229,5.9204,2.3804,-0.1221
-0.0151,-0.0316,1.0234,5.9204,3.0518,-0.6714
-0.0154,-0.0332,1.0199,5.8594,2.9297,-0.7324
-0.0146,-0.0347,1.0220,6.0425,2.7466,-0.2441
-0.0140,-0.0334,1.0208,5.7983,2.7466,0.1831
-0.0143,-0.0328,1.0212,5.7373,2.8687,-0.0610
-0.0148,-0.0336,1.0206,5.7983,2.9907,-0.6104
-0.0148,-0.0331,1.0206,5.7373,2.6855,0.0610
-0.0151,-0.0330,1.0209,5.9204,2.6855,-0.6714
-0.0146,-0.0344,1.0216,5.9814,2.8076,-0.7324
-0.0143,-0.0327,1.0208,5.9814,2.8076,-0.4883
-0.0118,-0.0332,1.0200,5.6763,3.2349,-0.7935
-0.0099,-0.0315,1.0127,5.7983,2.6245,-0.8545
-0.0156,-0.0338,1.0226,5.7983,2.5635,-0.2441
-0.0156,-0.0319,1.0226,5.7373,2.7466,-0.2441
-0.0153,-0.0347,1.0215,6.1646,2.5024,-1.2817
-0.0140,-0.0321,1.0211,5.9814,2.5024,-0.4272
-0.0135,-0.0331,1.0183,5.7983,2.5635,-0.4272
-0.0159,-0.0345,1.0205,5.5542,3.0518,-0.9155
-0.0155,-0.0332,1.0187,5.9204,2.8076,-1.0376
-0.0164,-0.0333,1.0231,5.7983,2.9297,-0.6104
-0.0134,-0.0327,1.0220,5.7373,3.1128,-1.0986
-0.0148,-0.0339,1.0220,5.9814,2.3804,-0.8545
-0.0151,-0.0341,1.0209,5.9814,2.5635,-0.5493
-0.0146,-0.0332,1.0223,5.9204,2.6245,-0.7324
-0.0154,-0.0337,1.0210,5.9204,2.6245,-0.3662
-0.0150,-0.0333,1.0208,5.8594,2.6855,-0.3052
FIN_VENTANA
Progreso: 8/10
INICIO_VENTANA reposo
-0.0142,-0.0334,1.0201,5.9204,2.8687,-0.8545
-0.0149,-0.0322,1.0209,5.7373,2.9297,-0.1831
-0.0146,-0.0330,1.0204,5.9204,2.9907,-0.2441
-0.0154,-0.0333,1.0229,5.7373,2.8076,-0.3662
-0.0142,-0.0344,1.0203,5.8594,2.8076,-1.0986
-0.0143,-0.0326,1.0201,6.0425,2.9907,-0.6714
-0.0138,-0.0327,1.0211,5.8594,2.8076,-0.9155
-0.0129,-0.0323,1.0204,5.9814,2.6245,-1.1597
-0.0138,-0.0334,1.0205,5.9814,2.6245,-1.0986
-0.0145,-0.0343,1.0220,5.9814,2.7466,-0.4883
-0.0143,-0.0333,1.0226,5.9204,2.7466,-0.8545
-0.0153,-0.0332,1.0217,6.0425,2.5024,-0.2441
-0.0154,-0.0325,1.0212,5.7983,2.8687,-0.1221
-0.0127,-0.0327,1.0208,5.8594,2.8687,-0.7324
-0.0137,-0.0337,1.0216,5.7983,2.8687,-0.5493
-0.0121,-0.0337,1.0210,5.9814,2.6245,-0.3052
-0.0156,-0.0330,1.0203,5.7373,2.4414,-0.1831
-0.0139,-0.0332,1.0221,5.9814,2.1973,-0.4883
-0.0164,-0.0347,1.0216,5.8594,2.6855,-0.8545
-0.0149,-0.0332,1.0212,5.9204,3.1738,-0.4272
-0.0140,-0.0333,1.0205,5.6763,3.3569,-0.6714
-0.0143,-0.0341,1.0216,5.9204,3.0518,-0.5493
-0.0148,-0.0344,1.0233,5.9814,2.7466,-0.5493
-0.0140,-0.0327,1.0205,5.8594,2.6245,-0.4883
-0.0143,-0.0310,1.0212,5.9204,2.8687,-0.5493
-0.0148,-0.0339,1.0225,5.8594,2.8076,-0.7935
-0.0148,-0.0342,1.0225,5.6763,2.9907,-1.0986
-0.0149,-0.0341,1.0215,5.7373,2.9907,-1.0986
-0.0140,-0.0320,1.0219,5.9814,2.8687,-0.7324
-0.0138,-0.0343,1.0208,5.9204,2.8687,-0.9155
-0.0150,-0.0353,1.0211,5.7373,2.7466,-1.0376
-0.0143,-0.0338,1.0194,5.8594,2.8687,-0.8545
-0.0140,-0.0325,1.0210,5.7983,2.6855,-0.6104
-0.0128,-0.0326,1.0210,5.9204,2.8076,-0.7935
-0.0132,-0.0330,1.0220,5.8594,2.7466,-0.7324
-0.0145,-0.0328,1.0206,5.7983,2.6855,-0.8545
-0.0128,-0.0344,1.0217,5.7983,2.6245,-1.0376
-0.0129,-0.0338,1.0211,5.7373,2.6855,-0.7935
-0.0139,-0.0330,1.0214,5.9204,2.9907,-0.3052
-0.0132,-0.0327,1.0212,5.8594,2.9297,-0.4883
-0.0139,-0.0336,1.0211,5.7983,2.8687,-0.1831
-0.0143,-0.0328,1.0209,6.0425,2.9297,-0.3662
-0.0128,-0.0333,1.0201,5.8594,2.8076,-0.6104
-0.0139,-0.0333,1.0225,5.7983,2.8687,-0.6104
-0.0123,-0.0330,1.0209,5.7373,2.7466,-0.4883
-0.0131,-0.0343,1.0209,5.4932,2.6855,-0.9766
-0.0133,-0.0337,1.0203,5.7983,2.8076,-0.4883
-0.0138,-0.0319,1.0210,5.7983,2.9297,-0.7324
-0.0139,-0.0339,1.0233,5.9204,2.8687,-0.5493
-0.0139,-0.0333,1.0193,5.9814,2.6855,-0.4272
-0.0127,-0.0328,1.0209,5.7983,2.7466,-0.7324
-0.0149,-0.0325,1.0210,6.0425,2.6855,-0.5493
-0.0138,-0.0327,1.0223,5.9204,2.8076,-0.5493
-0.0131,-0.0353,1.0220,5.9814,2.8076,-0.9766
-0.0138,-0.0337,1.0225,5.8594,2.7466,-0.8545
-0.0138,-0.0312,1.0223,5.7983,2.7466,-0.3662
-0.0144,-0.0334,1.0212,5.7983,2.8076,-0.8545
-0.0137,-0.0334,1.0222,5.6763,2.7466,-0.4883
-0.0139,-0.0308,1.0214,5.8594,2.9297,-0.5493
-0.0138,-0.0341,1.0217,5.7983,2.8076,-0.7324
-0.0123,-0.0330,1.0206,5.8594,2.8687,-1.0376
-0.0137,-0.0353,1.0222,5.8594,2.8687,-0.9155
-0.0131,-0.0332,1.0212,5.9814,2.8076,-0.6714
-0.0145,-0.0334,1.0227,5.7373,2.6855,-1.5869
-0.0131,-0.0338,1.0214,5.7983,2.5635,-0.9155
-0.0138,-0.0331,1.0193,5.9204,2.9907,0.0610
-0.0114,-0.0286,1.0215,5.7983,2.6245,-0.1221
-0.0157,-0.0355,1.0222,5.7983,2.6855,-0.7935
-0.0139,-0.0337,1.0227,5.9204,2.7466,-0.4272
-0.0140,-0.0336,1.0211,5.7373,2.8687,-0.6104
-0.0138,-0.0309,1.0211,6.1035,2.6855,-0.4272
-0.0142,-0.0339,1.0237,5.7983,2.7466,-0.7935
-0.0140,-0.0327,1.0228,5.8594,2.8076,-1.2207
-0.0132,-0.0323,1.0227,5.9814,3.0518,-0.7935
-0.0140,-0.0294,1.0209,5.5542,2.6245,-0.6714
-0.0134,-0.0323,1.0233,5.8594,2.9297,-0.8545
-0.0134,-0.0326,1.0217,5.9814,3.0518,-0.7324
-0.0139,-0.0326,1.0206,5.9204,2.6245,-0.6104
-0.0129,-0.0327,1.0214,6.0425,2.6855,-0.5493
-0.0135,-0.0348,1.0203,5.9814,2.9297,-0.6714
-0.0132,-0.0331,1.0219,6.1035,2.7466,-0.4883
-0.0138,-0.0323,1.0212,5.9204,2.8076,-0.4272
-0.0145,-0.0330,1.0228,5.8594,2.7466,-0.6104
-0.0132,-0.0333,1.0197,5.7373,2.6855,-1.1597
-0.0137,-0.0332,1.0210,5.8594,2.7466,-0.9155
-0.0131,-0.0330,1.0211,5.7983,2.6245,-0.4883
-0.0139,-0.0343,1.0214,6.1035,2.6245,-0.9766
-0.0140,-0.0332,1.0212,5.9814,2.6245,-0.6714
-0.0132,-0.0338,1.0214,5.8594,2.8687,-1.1597
-0.0132,-0.0338,1.0201,5.7373,2.8076,-0.7935
-0.0134,-0.0326,1.0199,5.7983,2.6245,-0.6714
-0.0145,-0.0333,1.0221,5.9204,2.7466,-0.7324
-0.0125,-0.0334,1.0219,5.7983,2.8076,-0.8545
-0.0135,-0.0343,1.0208,5.7373,2.5635,-0.3052
-0.0137,-0.0321,1.0205,5.7373,2.7466,-0.6714
-0.0148,-0.0344,1.0211,5.7983,2.8687,-1.0986
-0.0144,-0.0327,1.0221,5.7983,2.5635,-0.4272
-0.0142,-0.0327,1.0226,5.7983,2.6855,-0.4883
-0.0135,-0.0337,1.0226,5.9204,2.5024,-0.5493
-0.0146,-0.0332,1.0201,5.9204,2.5635,-0.6104
FIN_VENTANA
Progreso: 9/10
INICIO_VENTANA reposo
-0.0135,-0.0350,1.0221,5.9204,2.9297,-0.6104
-0.0134,-0.0334,1.0209,5.7373,2.8076,-0.3662
-0.0122,-0.0326,1.0208,5.8594,2.8687,-0.6714
-0.0126,-0.0334,1.0204,5.9814,2.6245,-0.3052
-0.0139,-0.0334,1.0231,5.7373,2.8076,-0.7324
-0.0137,-0.0342,1.0203,5.7983,2.7466,-0.6714
-0.0140,-0.0320,1.0206,5.8594,2.6245,0.0000
-0.0134,-0.0336,1.0216,5.6763,2.8076,-1.0376
-0.0143,-0.0337,1.0215,5.9204,2.6855,-1.0376
-0.0144,-0.0338,1.0212,5.8594,2.8687,-0.4883
-0.0143,-0.0320,1.0211,5.9814,2.7466,-0.2441
-0.0134,-0.0328,1.0219,5.7983,2.9297,-1.1597
-0.0145,-0.0330,1.0208,5.7983,2.7466,-0.7935
-0.0134,-0.0333,1.0212,5.8594,2.9297,-1.0376
-0.0134,-0.0338,1.0206,5.7373,2.9297,-1.1597
-0.0140,-0.0337,1.0208,5.8594,2.6855,-0.5493
-0.0128,-0.0331,1.0220,6.0425,2.8076,-0.4883
-0.0153,-0.0337,1.0208,5.9814,2.7466,-0.6714
-0.0126,-0.0332,1.0216,6.1035,2.8687,-0.6104
-0.0144,-0.0339,1.0214,5.6763,2.9297,-0.3052
-0.0127,-0.0327,1.0236,5.9204,2.8687,-0.5493
-0.0143,-0.0332,1.0216,5.9814,2.8076,-0.3662
-0.0145,-0.0332,1.0212,5.9204,2.6855,-0.4272
-0.0131,-0.0328,1.0223,5.9204,2.9907,-1.0376
-0.0138,-0.0331,1.0212,5.8594,2.8687,-0.7935
-0.0133,-0.0323,1.0225,5.9814,2.7466,-0.7935
-0.0131,-0.0332,1.0211,5.9204,2.7466,-0.9766
-0.0146,-0.0320,1.0212,6.0425,2.6855,-1.0986
-0.0133,-0.0327,1.0216,5.8594,2.8687,-0.2441
-0.0127,-0.0331,1.0229,6.1035,2.9907,-0.7324
-0.0148,-0.0336,1.0210,6.0425,2.7466,-0.7324
-0.0131,-0.0333,1.0210,5.7373,2.8687,-0.6104
-0.0126,-0.0325,1.0219,5.9204,2.6855,-0.7935
-0.0134,-0.0323,1.0206,5.9814,2.6855,-0.8545
-0.0140,-0.0334,1.0209,6.1035,2.7466,-0.9155
-0.0137,-0.0328,1.0217,5.9204,2.8076,-0.7324
-0.0137,-0.0332,1.0211,6.0425,2.8076,-0.6714
-0.0143,-0.0330,1.0226,5.9814,2.6855,-0.5493
-0.0155,-0.0336,1.0242,5.7983,2.7466,-0.7324
-0.0137,-0.0331,1.0197,5.7373,2.8687,-0.7935
-0.0133,-0.0342,1.0209,5.8594,2.8076,-0.7324
-0.0140,-0.0338,1.0216,6.0425,2.6855,-0.7935
-0.0145,-0.0327,1.0210,5.9204,2.8076,-0.6104
-0.0140,-0.0334,1.0216,5.9814,2.8687,-0.6104
-0.0135,-0.0342,1.0228,5.8594,2.6855,-0.6104
-0.0144,-0.0330,1.0208,5.8594,2.6855,-0.6104
-0.0146,-0.0330,1.0217,6.0425,2.9297,-0.6104
-0.0134,-0.0344,1.0221,5.8594,2.8076,-0.4883
-0.0137,-0.0333,1.0229,6.1035,3.0518,-0.6104
-0.0146,-0.0339,1.0222,5.8594,2.6855,-0.7324
-0.0132,-0.0326,1.0211,5.9204,2.7466,-0.7935
-0.0139,-0.0339,1.0223,5.7983,2.8076,-1.0986
-0.0142,-0.0332,1.0234,5.7983,2.8076,-1.1597
-0.0142,-0.0342,1.0233,5.7983,2.7466,-0.7935
-0.0137,-0.0323,1.0215,6.0425,2.8076,-0.3662
-0.0133,-0.0341,1.0203,5.9814,2.9907,-0.4883
-0.0137,-0.0336,1.0237,5.7983,2.8076,-0.1831
-0.0137,-0.0322,1.0228,5.7373,2.7466,-0.3052
-0.0140,-0.0334,1.0220,5.9814,2.7466,-0.4883
-0.0145,-0.0321,1.0215,6.0425,2.6245,-0.6714
-0.0143,-0.0334,1.0228,5.6763,2.9907,-0.7935
-0.0134,-0.0336,1.0222,5.7983,2.9297,-0.1221
-0.0134,-0.0326,1.0214,5.6763,2.9907,-0.2441
-0.0143,-0.0336,1.0211,5.7373,2.9297,-0.8545
-0.0132,-0.0332,1.0211,5.6763,2.8076,-0.4883
-0.0133,-0.0336,1.0231,5.9814,3.1128,-0.6714
-0.0145,-0.0336,1.0217,5.9814,3.0518,-0.5493
-0.0134,-0.0319,1.0215,5.9204,2.8687,-0.5493
-0.0133,-0.0333,1.0204,5.9204,2.7466,-0.9155
-0.0138,-0.0331,1.0208,5.9814,2.8687,-0.9155
-0.0144,-0.0333,1.0209,5.8594,2.6855,-0.7324
-0.0135,-0.0326,1.0209,5.9204,2.8076,-0.4883
-0.0140,-0.0331,1.0193,5.9814,2.7466,-0.7324
-0.0131,-0.0337,1.0222,5.7983,2.8076,-0.5493
-0.0145,-0.0326,1.0211,5.8594,2.8076,-0.4272
-0.0134,-0.0334,1.0208,5.8594,2.7466,-0.6714
-0.0134,-0.0331,1.0208,5.9204,2.7466,-0.7935
-0.0127,-0.0336,1.0214,6.0425,2.8687,-0.7324
-0.0138,-0.0333,1.0210,5.9204,2.8076,-0.9155
-0.0145,-0.0326,1.0216,5.7373,2.6855,-0.8545
-0.0142,-0.0334,1.0214,5.8594,2.7466,-0.6714
-0.0132,-0.0332,1.0212,5.7983,2.6855,-0.1831
-0.0142,-0.0328,1.0215,5.8594,2.6855,-0.5493
-0.0143,-0.0328,1.0217,5.8594,2.8687,-0.6104
-0.0138,-0.0326,1.0209,5.6152,2.9297,-0.5493
-0.0146,-0.0327,1.0205,5.9204,2.5635,-0.8545
-0.0142,-0.0333,1.0222,5.9814,2.3193,-0.7935
-0.0146,-0.0339,1.0221,6.0425,2.3193,-0.7324
-0.0155,-0.0334,1.0205,5.8594,2.4414,-1.1597
-0.0133,-0.0347,1.0227,5.8594,2.3193,-1.0376
-0.0144,-0.0321,1.0197,5.9204,2.6855,-0.9155
-0.0150,-0.0341,1.0190,5.8594,2.4414,-0.4883
-0.0155,-0.0327,1.0204,5.7983,2.4414,-0.9155
-0.0151,-0.0337,1.0200,5.8594,2.5635,-1.5259
-0.0167,-0.0342,1.0197,5.9204,2.5024,-0.7324
-0.0134,-0.0322,1.0206,6.1035,1.8921,-0.2441
-0.0167,-0.0334,1.0204,5.9204,2.7466,-0.9766
-0.0160,-0.0344,1.0193,5.9204,2.6855,-0.1221
-0.0162,-0.0342,1.0205,5.7373,2.6245,-0.3662
-0.0149,-0.0343,1.0210,5.8594,2.8076,-0.7935
FIN_VENTANA
Progreso: 10/10
Lote completado: reposo
Listo para nueva etiqueta. Formato: <etiqueta> <numero_de_ventanas>
INICIO_VENTANA arriba
0.0856,0.0508,1.3011,-117.7979,-91.1255,8.1177
0.0818,0.0887,1.3690,-25.2075,-39.0625,7.9956
0.0360,0.1416,1.0055,22.6440,-10.3149,6.7749
0.0416,0.0792,0.9854,28.3813,-11.9019,5.3101
0.0596,0.0574,1.1615,35.0952,-7.5073,6.9580
0.0529,0.0594,1.3086,18.2495,13.9771,-0.4272
0.0884,0.0726,1.1381,22.7051,40.3442,-5.9204
0.0798,0.0533,1.1526,34.6069,53.4668,-10.3149
0.1295,-0.0323,1.3273,52.1851,79.4067,-12.9395
0.1484,-0.0160,1.6116,76.7212,120.1172,-4.8218
0.1316,-0.0009,1.1544,5.3711,167.1753,-6.8359
0.2322,-0.0002,0.3864,12.5122,128.6011,5.1270
0.3816,-0.0541,0.8608,13.4888,102.2339,-2.9907
0.4281,-0.0742,1.1068,99.9756,134.1553,-9.1553
0.4382,0.0382,0.4504,149.8413,149.2310,-1.8311
0.4767,-0.2394,0.5372,16.1743,77.0874,-12.2070
0.5358,-0.1345,0.6901,22.8882,62.0728,-11.7798
0.5953,-0.2290,0.3806,-38.9404,46.3867,-11.7798
0.6434,-0.2256,0.5864,-106.9336,-0.0610,-6.8359
0.5509,-0.1522,0.4624,-61.2183,-25.1465,5.3711
0.5095,-0.0504,0.5006,-42.8467,-61.9507,15.0146
0.5718,-0.0955,0.9354,-25.3906,-89.4165,19.2871
0.5095,-0.0397,1.0194,-13.9771,-84.8389,26.0010
0.3188,0.0768,0.6859,-3.7231,-87.4634,24.5972
0.2961,0.0525,0.7687,-4.2725,-110.9009,19.8975
0.3892,-0.0724,1.2769,-1.4038,-108.7036,14.3433
0.2438,0.1588,1.2772,-18.9819,-71.3501,14.8315
0.2350,0.0386,0.9430,-17.5781,-52.6123,-1.5869
0.2115,-0.0159,0.7646,-6.5308,-67.6880,11.4746
0.2246,0.0146,1.2190,24.1699,-62.1338,12.7563
0.1791,0.1168,1.3977,5.2490,-32.8979,8.3008
0.1108,0.0869,0.9415,-4.2725,-9.3994,-2.1973
0.1368,0.0496,0.9425,-10.8643,-25.7568,-3.4790
0.1934,-0.0166,1.1895,4.0283,-15.1367,-2.9297
0.1716,0.0551,1.3146,22.9492,14.2822,2.1362
0.1316,0.0671,1.0675,0.1221,23.3765,-1.9531
0.2014,0.0360,1.4330,35.8276,61.0962,-7.6294
0.1401,0.0441,1.1229,56.2744,117.7979,-13.8550
0.2603,-0.0378,1.1246,34.2407,122.8027,-9.3384
0.3424,-0.0886,1.2396,32.1655,148.5596,0.0610
0.3245,0.0250,0.8535,-39.8560,160.8276,-1.7090
0.3512,0.0243,0.5548,37.2314,139.3433,-14.1602
0.4945,-0.0082,0.7582,120.2393,112.5488,-16.6016
0.5615,-0.1403,0.7062,155.3955,106.0181,-16.5405
0.6029,-0.2288,0.6417,63.9648,92.2852,-10.1318
0.6093,-0.1681,0.4064,-14.8926,63.9648,-2.5024
0.6300,-0.1342,0.6008,-18.1885,36.5601,-9.3994
0.6782,-0.2085,0.5334,5.1880,23.4985,-12.8784
0.7006,-0.2450,0.5847,-9.5215,-6.4087,-0.9766
0.6875,-0.2228,0.5953,-4.2725,-12.1460,3.7842
0.6406,-0.1672,0.6055,-35.5225,-32.5317,8.4229
0.5906,-0.1283,0.5221,-50.3540,-55.0537,14.2822
0.5872,-0.1003,0.6976,-73.4863,-82.1533,14.3433
0.5399,-0.0211,0.8041,-36.1938,-73.8525,11.7798
0.5171,-0.0304,0.8308,-25.8789,-76.7822,12.1460
0.4611,-0.0297,0.7650,-62.5610,-99.6704,18.9209
0.4209,-0.0398,0.6941,-34.3018,-107.3608,24.0479
0.3722,0.0803,1.0134,-35.8276,-107.9712,20.2637
0.3173,0.1534,1.2451,-11.4746,-76.2939,13.2446
0.2449,0.1215,0.8075,-7.3242,-67.8711,7.2021
0.1989,0.0532,0.7850,-43.6401,-116.3940,-1.2817
0.1981,0.1063,1.2496,-34.8511,-119.8730,5.7983
0.1421,0.1636,1.1492,-13.9160,-74.2188,9.2163
0.1115,0.0873,0.9265,37.1094,-59.0210,11.8408
0.1024,0.0198,1.0031,56.9458,-74.4019,26.9775
0.0450,0.0635,1.3004,72.0825,-56.9458,23.4375
-0.0093,0.0902,1.1381,64.0259,-29.6631,22.6440
-0.0227,0.0909,1.2544,27.9541,-21.9727,11.5356
-0.0144,0.0382,1.2328,42.1753,8.9111,-1.0986
-0.0179,0.0450,1.1282,1.5869,36.4380,-0.3662
0.0321,-0.0312,1.2478,10.4980,45.5933,-3.7842
0.0612,-0.0450,1.2589,22.8882,85.4492,1.8311
0.0842,0.0000,1.0321,-12.0239,109.3140,13.2446
0.1492,-0.0175,1.1588,10.8032,108.7036,12.5122
0.2048,-0.0021,1.1193,-22.0947,144.0430,6.6528
0.1874,0.1216,0.7583,7.0190,141.1133,-9.7656
0.2900,0.0083,0.8926,66.3452,113.2813,-24.2310
0.4679,-0.1199,0.9435,48.9502,93.6890,-13.6108
0.4288,-0.0433,1.0105,54.8096,119.5068,-9.0942
0.4076,-0.0143,0.6279,51.6968,115.6006,-8.2397
0.5360,-0.1389,0.8464,44.7388,83.0688,-16.4185
0.5172,-0.1051,0.8149,103.5767,107.4219,-16.7847
0.5966,-0.2029,0.4370,44.9219,84.3506,-14.7705
0.6617,-0.1963,0.7740,-42.3584,46.0815,-9.2773
0.6566,-0.2065,0.4965,-39.9780,38.1470,-8.6060
0.6600,-0.1677,0.4811,-31.4331,16.1743,-4.2114
0.7072,-0.2230,0.5560,-1.8311,-4.9438,-1.7700
0.6808,-0.1724,0.6122,9.5215,-9.4604,1.9531
0.6676,-0.1742,0.6444,-10.9863,-31.8604,7.6904
0.5967,-0.1241,0.4648,-19.6533,-52.4902,12.6343
0.5541,-0.1123,0.5516,-55.5420,-96.0083,15.9302
0.5488,-0.0448,0.9524,-13.7329,-95.2759,16.1133
0.4974,-0.1123,0.7498,-5.1270,-89.5386,13.1836
0.4254,-0.0452,0.7820,-27.7710,-108.7646,20.7520
0.3735,-0.0128,0.8126,-42.2974,-120.3003,22.9492
0.3451,0.0106,1.1603,-34.2407,-107.1777,21.6064
0.2224,0.1621,1.0850,-38.9404,-80.0781,7.5684
0.2102,-0.0006,0.7229,6.7139,-81.5430,6.4697
0.2128,-0.0114,0.8530,3.9673,-109.7412,19.8364
0.1887,0.0573,1.4530,1.8921,-92.6514,17.2729
FIN_VENTANA
Progreso: 1/10
INICIO_VENTANA arriba
0.5999,-0.1753,0.5682,-56.6406,-75.1953,-0.3052
0.5758,-0.1165,0.7500,-52.6733,-89.1113,6.4087
0.4974,-0.0417,0.7555,-21.3013,-86.1816,2.2583
0.4852,-0.1675,0.6432,-12.3901,-95.1538,2.9907
0.4768,-0.1763,0.8954,-19.6533,-123.2300,21.3013
0.4358,-0.0940,1.1473,-25.4517,-110.2905,25.2075
0.2335,0.1188,0.9099,-14.1602,-86.1816,21.7896
0.2260,0.0187,0.7465,-22.4609,-95.5811,5.8594
0.2666,-0.1195,1.2635,-13.6108,-115.4785,19.3481
0.2037,0.0531,1.3452,-6.1035,-68.6646,19.4092
0.0740,0.1715,0.9814,7.0190,-44.6167,9.0332
0.0851,0.0100,0.6881,-7.0190,-67.9932,2.6245
0.1406,-0.0444,1.1759,-44.4946,-93.0786,13.3667
0.1107,0.0192,1.3796,-11.1694,-29.1748,12.9395
-0.0216,0.1343,0.9386,-6.2256,-3.2349,7.5073
0.0171,0.1454,1.0586,-44.8608,-28.7476,3.3569
0.0798,-0.0220,1.0074,19.5313,-12.4512,9.2773
0.0525,0.0728,1.1372,25.9399,-8.3008,17.0288
0.0040,0.1370,1.2549,41.8091,9.8267,2.1973
0.0110,0.0728,1.1594,21.1182,15.9912,-4.5166
0.0739,0.0398,1.3353,35.7666,39.3677,-6.7139
0.0352,0.0156,1.1688,69.8242,87.3413,-11.5967
0.0682,-0.0015,0.9954,61.4014,88.8062,-5.4932
0.1675,-0.1198,1.1943,33.9355,81.6650,-4.4556
0.1976,-0.1045,1.0997,50.2930,114.0137,8.3008
0.1356,0.0640,0.9053,34.0576,118.3472,1.3428
0.2426,-0.0332,0.7700,16.5405,90.5151,-16.7236
0.3936,-0.2100,1.0038,23.9258,76.5991,-12.8174
0.3762,-0.1383,1.1045,39.6729,109.8022,-8.6670
0.3408,-0.0555,0.6146,46.9971,117.7979,-5.9814
0.4790,-0.1746,0.8582,-9.5825,61.2183,-12.8174
0.5500,-0.1990,1.1005,-19.7144,94.3604,-11.1084
0.4697,-0.0980,0.5024,48.9502,98.8159,-9.5215
0.6064,-0.2012,0.6879,-10.8643,45.8984,-10.4980
0.6195,-0.1716,0.6974,0.7935,57.4951,-9.9487
0.6005,-0.1996,0.5338,15.0146,57.0679,-12.8784
0.6619,-0.2224,0.7183,2.5024,27.2217,-10.4980
0.6522,-0.1898,0.5826,26.7944,23.0103,-3.1738
0.6541,-0.1835,0.5325,21.6675,9.0332,-1.7090
0.7050,-0.2546,0.7383,2.6855,-1.5869,-3.1738
0.7053,-0.2275,0.8182,-5.2490,-0.1221,1.0376
0.6328,-0.1720,0.5616,13.3667,6.7749,4.5776
0.6238,-0.1459,0.6140,-0.1221,-17.7612,1.2207
0.6605,-0.2137,0.6689,-11.9629,-31.2500,-0.2441
0.6554,-0.2164,0.7679,0.4272,-31.6162,4.0894
0.5494,-0.0964,0.5514,7.2021,-39.1235,6.2866
0.5350,-0.1620,0.5231,-8.2397,-71.7773,2.9297
0.5487,-0.1920,0.7732,-13.2446,-87.1582,3.6621
0.4574,-0.0972,0.7883,-19.2871,-74.5850,2.5024
0.4131,-0.0925,0.8407,-39.0625,-97.2900,0.6714
0.4122,-0.1252,0.9797,-31.2500,-100.7080,7.6294
0.4313,-0.1003,1.2124,-30.7617,-80.6885,12.8784
0.2738,0.0837,0.9216,22.7661,-36.8042,6.1646
0.2317,-0.0183,0.7333,7.0801,-52.7344,-1.8921
0.3116,-0.1414,1.1471,-33.8135,-82.7637,-2.5635
0.3107,-0.1479,1.2111,-29.1138,-53.4668,2.2583
0.1995,-0.0137,0.8906,12.5732,-28.8086,3.7231
0.1543,-0.0220,0.7207,17.2729,-40.4053,1.6479
0.1847,-0.0872,1.1355,-11.1084,-62.6831,2.5635
0.1620,-0.0077,1.3173,-4.5166,-30.4565,4.5776
0.1019,0.0111,1.0077,19.8364,-5.2490,-2.3193
0.0956,-0.0100,0.9872,1.5869,-15.7471,-4.8218
0.1855,-0.1038,1.2618,15.9912,-8.8501,-7.5073
0.1682,-0.0947,1.2466,33.6914,24.1089,-3.1738
0.1630,-0.0968,1.0441,14.5264,39.2456,-0.7324
0.1837,-0.1025,1.0955,23.1934,51.8188,4.4556
0.2040,-0.1007,1.1875,31.6772,65.7349,5.2490
0.2098,-0.0527,1.2649,-0.3662,87.6465,3.6621
0.2355,-0.0479,0.9980,-11.0474,117.1875,-1.8311
0.2999,-0.0856,0.8173,3.9062,98.9380,-6.1646
0.3666,-0.0895,0.9641,28.4424,83.5571,-4.6997
0.3622,-0.0656,0.9240,61.8896,89.5996,-1.4038
0.4360,-0.1490,0.8131,-9.8267,77.2705,-4.3335
0.4679,-0.1195,0.8630,-23.9868,52.9175,0.0000
0.5314,-0.1495,1.0463,15.1367,76.4160,-2.0752
0.4727,-0.0555,0.6603,39.7339,108.9478,-4.5776
0.5096,-0.0775,0.4055,32.1045,77.8198,-5.3101
0.6237,-0.1643,0.6300,12.5732,41.1987,-7.9346
0.6400,-0.1682,0.6064,2.0752,29.9072,-8.1177
0.6798,-0.2310,0.5728,-25.5737,3.5400,-4.7607
0.6918,-0.1998,0.7930,-11.1084,-0.6714,1.7700
0.6050,-0.1025,0.6414,8.0566,5.4932,6.7749
0.5903,-0.0869,0.5835,15.6860,-11.3525,6.4087
0.6157,-0.1289,0.6921,-16.1133,-33.8745,4.3335
0.6323,-0.1758,0.7866,-23.8037,-51.3916,8.5449
0.6029,-0.1508,0.7130,-18.1885,-53.6499,17.7002
0.4827,-0.0024,0.5769,-6.2256,-58.8379,16.5405
0.4943,-0.0190,0.8696,-18.9819,-77.3315,7.1411
0.5057,-0.0659,1.0544,-7.5073,-57.6782,4.0894
0.4457,-0.0442,0.9371,-12.2681,-38.9404,2.9907
0.3574,0.0708,0.8477,5.9814,-34.5459,1.1597
0.3949,-0.0310,0.8198,-5.0049,-46.3867,-10.0708
0.4043,-0.0461,0.9066,-10.3760,-46.3257,-7.4463
0.3745,-0.0479,0.8600,-7.2632,-41.1377,-5.6763
0.2970,-0.0208,0.6396,2.8076,-50.5371,-2.7466
0.3070,-0.1046,0.7954,1.8311,-82.8857,-1.4038
0.3256,-0.1051,1.3154,6.2256,-80.7495,7.2632
0.1891,0.0299,1.0601,38.6963,-41.1377,6.2866
0.1208,0.0266,0.7325,27.6489,-48.8892,-2.8687
0.1934,-0.1141,1.1824,-11.3525,-71.5942,-4.2114
FIN_VENTANA
Progreso: 2/10
INICIO_VENTANA arriba
0.5745,-0.0803,0.6578,-1.7090,1.0986,-1.0376
0.5684,-0.0651,0.5994,0.2441,-13.4277,0.4272
0.5937,-0.1013,0.8160,2.8687,-13.6719,-5.4932
0.5736,-0.1008,0.7317,2.9297,-23.0713,-2.1973
0.5220,-0.0792,0.5845,14.2212,-36.3159,2.8076
0.5254,-0.0948,0.7560,-6.6528,-56.6406,-0.0610
0.5151,-0.1268,0.8953,13.2446,-52.5513,6.1646
0.4061,0.0276,0.7843,3.9062,-57.3730,8.4229
0.4113,-0.0618,0.8757,-20.1416,-77.2095,0.6104
0.4525,-0.1407,1.0651,-1.8311,-72.1436,4.8218
0.3673,-0.0382,1.0461,5.4321,-55.9692,8.9722
0.2972,-0.0103,0.8488,3.7231,-48.5840,6.7749
0.2850,-0.0103,0.9868,-13.0615,-58.2275,2.5635
0.2845,-0.0620,1.0480,-16.2964,-54.4434,0.7935
0.2347,0.0017,1.0309,3.4180,-41.6870,3.0518
0.2173,-0.0011,1.0059,0.5493,-32.3486,-4.5166
0.2407,-0.0546,0.9871,2.0752,-35.4614,-5.9204
0.2223,-0.0660,0.9940,-1.2817,-40.7715,1.6479
0.2180,-0.0481,1.2179,7.4463,-26.5503,1.9531
0.1901,-0.0093,1.3295,10.8643,-0.1221,3.1738
0.1573,0.0144,1.1479,18.2495,20.0195,1.0376
0.1691,-0.0061,1.0563,24.2920,28.1982,-2.0142
0.2268,-0.0834,1.0643,30.8838,40.3442,-4.2114
0.2915,-0.1383,1.2939,15.5640,47.5464,1.8921
0.2598,-0.1266,1.2031,15.3198,83.3740,18.1274
0.1978,0.0675,0.7461,-23.7427,85.5103,8.7280
0.2979,0.0317,1.1920,-45.2881,70.4346,-6.4087
0.3475,-0.0139,1.0073,-21.6675,111.6943,-13.7329
0.3523,0.0792,0.6902,-11.2305,108.8257,-9.7046
0.4221,0.0736,0.7784,22.9492,84.8999,-18.9209
0.5271,-0.0842,0.7445,31.1890,81.1157,-24.4751
0.5599,-0.0706,0.7729,12.1460,69.1528,-14.5264
0.5616,-0.0327,0.6289,13.6719,61.4014,-17.2729
0.6102,-0.0809,0.6890,1.7090,43.4570,-19.0430
0.6323,-0.0848,0.6990,5.9204,34.1797,-13.9771
0.6542,-0.1190,0.6855,16.2964,34.6680,-11.5356
0.6564,-0.1075,0.7454,24.0479,24.3530,-3.7842
0.6547,-0.1279,0.5812,10.4370,21.1182,-2.5635
0.6488,-0.0801,0.6847,8.3618,0.7324,2.6245
0.6747,-0.1033,0.6804,7.9346,1.8311,-0.7324
0.6403,-0.0790,0.6725,17.8223,-2.2583,2.1362
0.6521,-0.1177,0.6643,25.2075,-5.9204,3.9673
0.6219,-0.0969,0.6426,12.5732,-20.5078,4.5166
0.6106,-0.1080,0.6332,3.4790,-34.3628,5.2490
0.5957,-0.1029,0.8403,-18.4326,-53.2227,8.3618
0.6014,-0.0835,0.8969,7.2021,-31.6772,4.0894
0.5708,-0.1176,0.7349,10.9863,-31.9214,5.5542
0.5260,-0.0996,0.7256,24.7192,-41.5649,9.2773
0.5153,-0.0762,0.9083,-2.5635,-54.3213,5.4321
0.5239,-0.1118,0.9772,13.2446,-40.5884,7.4463
0.4353,-0.0254,0.7340,14.0381,-37.3535,6.0425
0.4030,-0.0580,0.6742,-32.4097,-63.1714,0.1831
0.4392,-0.0784,1.0081,-19.4702,-70.7397,2.6245
0.4215,-0.0809,1.0526,-9.7046,-50.6592,4.2725
0.3120,0.0815,0.8425,-14.0381,-42.8467,3.1738
0.3220,-0.0707,0.7642,-2.6245,-65.4907,0.4272
0.3364,-0.0637,1.1675,-33.1421,-81.7261,6.5918
0.3047,0.0079,1.2269,-8.2397,-43.5791,7.2632
0.1993,0.0770,0.9257,26.7334,-19.4092,5.1880
0.1870,0.0107,0.7909,33.4473,-32.3486,-2.6855
0.2535,-0.0967,1.1443,17.5171,-53.4668,2.8076
0.2524,-0.0531,1.3827,19.0430,-27.4048,5.8594
0.1926,0.0146,1.3080,32.9590,10.9253,4.6387
0.1665,-0.0013,1.0093,47.1802,19.2261,2.6855
0.2251,-0.0830,1.2095,7.9346,17.0288,-2.3193
0.2318,-0.0699,1.3141,20.4468,49.4385,-5.0659
0.2784,-0.1930,1.0763,-0.9155,65.1855,7.4463
0.2631,-0.0768,1.0476,12.5732,79.8340,8.6670
0.2928,-0.0555,0.9690,18.4937,85.3271,9.9487
0.3378,-0.0632,1.1803,-3.9673,91.5527,3.1738
0.3673,-0.0914,0.9312,14.7705,116.6992,8.0566
0.3182,0.0654,0.6272,15.5029,116.5771,5.9204
0.4385,-0.0186,0.6652,-7.7515,87.4023,-12.4512
0.5352,-0.0985,0.7537,16.1133,70.4956,-10.3760
0.5587,-0.0652,0.7771,5.7983,68.4814,-13.8550
0.5771,-0.0698,0.6791,-2.7466,60.1807,-16.2354
0.6171,-0.1189,0.5626,-10.8032,47.9736,-17.9443
0.6494,-0.1140,0.5916,-6.0425,38.1470,-17.7612
0.6692,-0.1262,0.6760,5.5542,28.6255,-16.4185
0.7002,-0.1516,0.6804,18.7378,20.0806,-8.7280
0.6954,-0.1555,0.6938,7.9956,12.5122,-4.1504
0.6573,-0.1047,0.5917,8.8501,1.8921,1.9531
0.6509,-0.1196,0.5135,11.7798,-5.7373,1.1597
0.6667,-0.0981,0.7484,-7.2021,-25.8789,1.3428
0.6825,-0.1228,0.8322,2.9907,-17.8223,2.5635
0.6111,-0.0503,0.5032,14.7095,-23.8037,9.3384
0.5465,-0.0383,0.4984,7.3242,-53.8940,7.5073
0.5919,-0.1373,0.7622,6.1646,-75.9888,3.3569
0.5947,-0.1136,1.1506,-5.6763,-63.7207,4.3335
0.4897,-0.0493,0.7625,11.4136,-46.5698,7.2021
0.4351,-0.0557,0.4636,-0.0610,-78.4302,1.5869
0.5146,-0.1733,1.1174,-9.2773,-89.5386,3.9062
0.4315,-0.0889,1.1078,7.4463,-49.2554,5.6763
0.3152,0.0103,0.8420,-31.1279,-60.1807,10.7422
0.3451,-0.0256,0.9602,-45.2271,-73.5474,7.4463
0.3293,-0.0121,1.1425,-2.1362,-43.2739,5.8594
0.2351,0.0724,0.9048,23.6206,-17.3340,1.8921
0.2290,-0.0072,0.6677,15.2588,-35.0952,-3.1128
0.3207,-0.1036,1.1403,-24.9023,-77.2095,2.6245
0.3099,-0.0634,1.3223,-15.9302,-44.6777,7.7515
FIN_VENTANA
Progreso: 3/10
INICIO_VENTANA arriba
0.5862,-0.1320,1.2261,-22.9492,-81.0547,7.0190
0.4377,-0.0253,1.0098,36.7432,-33.9355,12.8174
0.3711,0.0419,0.8757,11.1084,-42.4805,2.5024
0.4231,-0.1301,0.7993,-13.6719,-57.3730,0.4883
0.4567,-0.1521,1.0850,-14.8315,-56.0303,7.1411
0.3661,-0.0498,0.9128,-16.7847,-29.6631,4.3335
0.2589,-0.0226,0.7487,-12.5122,-40.1001,0.7324
0.3602,-0.0764,0.8513,-31.3721,-65.2466,0.7935
0.3745,-0.0527,1.1969,-37.2925,-62.3169,6.3477
0.3007,-0.0013,1.0583,-1.3428,-32.2266,6.7139
0.2561,-0.0138,0.8654,5.5542,-33.0811,8.3008
0.2458,0.0333,1.1956,17.3950,-33.2031,7.8125
0.2565,-0.0215,1.1206,22.5220,-7.6904,2.0752
0.1897,0.0240,0.8234,28.5034,-6.5918,4.3335
0.2189,-0.0516,0.8557,19.3481,-31.8604,3.7231
0.2725,-0.0889,1.3456,19.7754,-18.9209,3.6011
0.1954,0.0039,1.2870,23.1323,17.9443,3.2349
0.1840,-0.0145,1.0593,24.9023,32.6538,-0.4272
0.2271,-0.0509,1.0797,20.7520,35.6445,-2.5024
0.2770,-0.0972,1.1359,13.6719,55.6030,0.0610
0.2927,-0.1250,1.0875,28.8086,79.7119,4.8828
0.2822,-0.0521,0.9675,-4.3335,73.2422,8.1177
0.3245,-0.0375,0.8762,-23.8037,62.3779,2.7466
0.3845,-0.0299,0.9944,-11.2915,64.9414,-0.3662
0.3782,-0.0139,1.0186,13.7329,91.7358,-4.7607
0.4070,-0.0363,0.6938,25.9399,92.8955,-3.1128
0.4696,-0.0703,0.7238,2.0142,65.3076,-3.0518
0.5205,-0.0306,1.0560,-6.5918,63.1714,-8.3008
0.5105,-0.0349,0.4094,14.4653,77.8809,-10.7422
0.5896,-0.0669,0.6630,-24.0479,31.0669,-14.5874
0.6702,-0.1587,0.7632,-21.1182,24.2920,-10.7422
0.6294,-0.0698,0.7886,-15.8081,25.9399,-5.4932
0.6490,-0.0690,0.8287,-3.6621,35.9497,-4.2114
0.5981,-0.0177,0.5457,5.6763,29.4189,-2.7466
0.6388,-0.0322,0.6510,2.0142,20.0195,-7.5073
0.6604,-0.0460,0.8401,15.3198,19.6533,-8.9111
0.6860,-0.1040,0.6460,12.8784,22.3999,-8.8501
0.6571,-0.1007,0.4216,18.1885,14.0991,-4.0283
0.6517,-0.0709,0.4371,17.1509,-17.1509,-3.3569
0.6852,-0.1047,0.7650,-7.5073,-38.5132,-3.6621
0.6494,-0.0897,0.8434,18.4326,-28.3203,0.7324
0.5698,-0.0691,0.4899,30.6396,-32.5317,5.4932
0.5433,-0.0400,0.7245,42.2363,-60.4858,4.6997
0.6405,-0.1853,1.1516,28.8086,-49.9268,-4.6997
0.5751,-0.1255,0.9139,21.7285,-27.4658,8.4229
0.4817,-0.0704,0.4919,-2.9907,-50.0488,7.8735
0.4995,-0.1008,0.7874,-15.4419,-78.8574,4.1504
0.5344,-0.1742,1.0884,-14.4043,-59.7534,2.0752
0.4131,-0.0730,0.7975,-29.9683,-53.2227,10.9863
0.3318,-0.0193,0.7665,-45.7153,-85.6934,13.0615
0.3455,0.0122,1.0289,-65.8569,-96.0693,9.6436
0.3265,0.0630,1.2052,-18.0664,-52.3071,10.3149
0.2247,0.1262,0.8719,35.7056,-27.4658,9.5825
0.2087,0.0947,0.8577,32.4097,-35.1563,1.5869
0.2722,-0.0220,1.1819,29.5410,-36.1328,-4.9438
0.2673,-0.0223,1.1425,29.5410,-17.3950,-1.5259
0.2454,-0.0303,0.9454,17.9443,-10.4370,-2.8076
0.2942,-0.0651,1.3217,0.4883,-6.5918,-2.0142
0.2615,-0.0201,1.3513,39.3066,33.3862,-1.3428
0.2229,-0.0073,1.0724,45.7153,54.7485,-1.2207
0.3090,-0.0875,1.1409,22.5220,52.9785,0.3052
0.3407,-0.1768,1.1290,36.6821,84.7168,11.1084
0.3005,-0.0328,1.0544,8.3618,99.3042,14.8315
0.3348,-0.0643,0.6377,-7.7515,92.9565,7.0190
0.4098,-0.0370,0.8387,-49.3774,61.7065,0.8545
0.4480,-0.0393,0.9993,-3.4790,83.0078,-4.8828
0.4452,-0.0331,0.5698,22.3999,92.2852,-7.3853
0.5724,-0.1002,0.6658,-20.9961,44.8608,-5.1880
0.6190,-0.1057,0.8885,-20.0195,38.3911,-4.0283
0.6073,-0.0815,0.8423,-3.1128,56.3354,-2.1973
0.5781,-0.0138,0.5696,-12.5732,53.5278,0.9155
0.6063,0.0120,0.6997,-20.2637,30.6396,-1.8311
0.6425,0.0192,0.9033,6.7749,50.8423,-10.5591
0.6141,-0.0090,0.4196,30.0903,57.1289,-10.6812
0.6819,-0.0676,0.5690,8.1177,20.8130,-11.9019
0.7358,-0.1056,0.7460,10.7422,14.0991,-8.7280
0.7151,-0.0684,0.6953,-8.2397,18.3716,-6.4087
0.7014,-0.0775,0.5573,-2.6855,12.2681,-1.4038
0.6904,-0.0498,0.4783,17.7002,-1.0376,2.3804
0.6931,-0.0237,0.7269,20.5078,-11.1084,-1.0376
0.7029,-0.0894,0.7173,24.8413,-8.4839,-1.3428
0.6472,-0.0629,0.4924,15.9302,-17.5781,3.3569
0.5875,-0.0332,0.3204,-7.6294,-51.5137,0.0000
0.6266,-0.1055,0.8856,13.5498,-86.3037,-1.8311
0.6460,-0.1602,0.9736,32.9590,-60.3027,0.8545
0.5028,-0.0322,0.6971,20.3247,-62.0728,8.9111
0.5004,-0.0933,0.6124,2.6855,-84.2896,5.0049
0.5055,-0.1534,0.8188,5.3101,-93.8110,5.4932
0.4102,-0.1188,0.9413,-5.1880,-81.4819,5.2490
0.2799,0.1471,1.2242,-16.5405,-71.2280,6.8359
0.3181,0.0277,1.0000,-48.0347,-87.5244,3.0518
0.3334,-0.0242,0.9520,-12.7563,-71.4111,9.3994
0.2902,0.0370,1.0916,-0.3662,-56.8237,6.7749
0.2495,0.0629,1.0702,28.3813,-25.2686,0.5493
0.2070,0.0436,0.7635,52.1851,-25.6958,-1.8921
0.2476,-0.0781,0.9946,13.4277,-57.3730,-4.8828
0.2756,-0.1122,1.2954,17.3340,-35.1563,3.4790
0.1858,-0.0166,1.1910,31.0059,-6.2256,0.9155
0.1627,-0.0170,1.0923,8.1787,-3.1128,-1.3428
0.1965,-0.0486,1.2285,4.5166,2.6855,-2.5024
FIN_VENTANA
Progreso: 4/10
INICIO_VENTANA arriba
0.4434,-0.0023,0.6730,-1.8921,-55.6030,7.2632
0.4465,-0.0916,0.6570,-10.8032,-78.1250,5.5542
0.4717,-0.0851,1.1873,-15.3198,-84.9609,12.9395
0.3854,0.0100,1.0970,-11.4136,-53.8940,11.9019
0.2916,0.0853,0.8674,2.5024,-41.0767,6.9580
0.2628,0.0789,0.7207,15.5029,-51.8188,-0.8545
0.3319,-0.0609,1.0153,3.7842,-47.5464,-3.7842
0.2733,-0.0172,1.1990,-4.7607,-46.9971,1.8921
0.2419,0.0035,1.0325,-11.5356,-37.7197,-2.3193
0.2389,-0.0189,0.8496,-1.8921,-34.6680,-4.7607
0.2622,-0.0658,1.0159,11.9019,-37.2925,-1.5259
0.2377,-0.0551,1.2738,16.7236,-24.0479,3.5400
0.1888,0.0293,1.2446,18.1274,1.4648,3.5400
0.1880,0.0045,1.0953,11.4136,8.6670,-0.6104
0.2151,-0.0129,1.1577,20.2026,24.9634,-3.3569
0.2623,-0.0896,1.2075,42.3584,44.4946,-1.8921
0.3040,-0.1527,1.1641,37.6587,66.8945,3.6621
0.2865,-0.1106,1.0211,17.3340,74.0356,16.9067
0.2847,-0.0256,0.9379,-9.7046,76.1108,16.2964
0.3214,-0.0294,0.9277,-37.9639,74.4629,5.0049
0.3695,0.0490,0.9158,-4.5166,89.3555,-1.3428
0.4059,0.0013,0.9398,11.0474,86.0596,-5.6152
0.4480,-0.0398,0.8822,10.3149,88.6841,-4.8218
0.4739,-0.0194,0.6932,22.4609,79.6509,1.1597
0.4933,0.0054,0.7000,14.2212,67.7490,-3.3569
0.5757,-0.0640,0.8284,-23.9868,57.3120,-13.9771
0.6090,-0.0742,0.7220,-1.2817,61.6455,-4.7607
0.5944,0.0156,0.7595,-11.3525,52.0020,-4.9438
0.6193,-0.0292,0.6382,27.9541,65.6128,-7.2021
0.6313,0.0111,0.5287,16.5405,52.1851,-6.7139
0.6929,-0.0338,0.7723,-30.8228,35.7056,-15.2588
0.6981,-0.0623,0.6436,-8.8501,45.4712,-12.5732
0.6848,-0.0204,0.5079,-14.3433,32.1045,-9.8877
0.7123,-0.0297,0.6827,-6.4697,9.1553,-10.7422
0.7551,-0.0851,0.7679,26.0010,23.6206,-12.6343
0.7517,-0.1100,0.6458,30.2734,23.8037,-6.2866
0.7347,-0.0674,0.5183,32.5928,11.7798,2.9297
0.7151,-0.0430,0.4379,35.2783,1.4038,0.5493
0.7451,-0.0588,0.6354,0.4272,-14.8315,-4.5776
0.7798,-0.1406,0.8040,-2.3804,-14.3433,0.0000
0.6906,-0.0770,0.5049,13.1226,-8.3618,9.5215
0.6526,-0.0334,0.3496,19.8975,-26.4893,10.0098
0.6392,-0.0123,0.3860,33.6304,-61.5234,8.3008
0.6724,-0.1060,0.8650,-6.2256,-84.4727,0.6714
0.6193,-0.0464,0.9022,-6.1646,-69.7021,7.8125
0.5317,0.0677,0.9114,-22.2168,-67.0166,8.6060
0.5554,-0.0319,0.8058,3.1738,-50.2319,1.4648
0.5520,-0.0623,0.7922,26.6113,-42.3584,1.3428
0.4994,-0.0377,0.6969,23.7427,-39.9780,-0.9766
0.4482,-0.0061,0.6473,9.6436,-64.2700,-6.6528
0.5146,-0.1553,0.9661,-18.4326,-83.9233,-3.0518
0.3942,-0.0159,0.9932,3.6011,-65.1855,2.3193
0.3203,-0.0029,0.6946,16.2964,-62.3779,0.5493
0.3157,-0.0751,0.8079,12.6343,-88.0127,-0.9766
0.3390,-0.1718,1.0458,2.9907,-85.0830,4.2114
0.1948,0.0266,1.2448,-30.2734,-80.6885,1.8311
0.1288,0.0656,0.9551,14.0991,-49.3164,-1.2207
0.1779,-0.0598,1.0601,22.3999,-52.6733,-2.5024
0.1818,-0.0812,1.2808,35.4614,-36.3770,3.1128
0.1635,-0.0165,1.5471,19.2261,-6.7749,1.5259
0.1349,-0.0300,1.1196,13.6108,31.0059,-1.2817
0.1672,-0.0530,0.9946,0.9155,33.8135,-5.3711
0.2244,-0.0751,1.2350,3.3569,40.5273,-7.0190
0.2539,-0.1255,1.4209,15.2588,77.6978,-6.1646
0.2286,-0.0951,1.0203,9.5825,109.3140,6.1035
0.2343,0.0234,0.9004,15.3809,112.3657,-0.0610
0.3464,-0.0631,1.0247,25.5127,118.7744,-8.7280
0.4056,-0.1458,0.9829,4.5166,126.9531,-10.0098
0.3953,-0.0615,0.7125,-22.7051,123.2910,-2.7466
0.4673,-0.0260,0.6449,-36.7432,88.9893,-2.7466
0.5746,-0.1261,0.7773,-4.7607,80.9326,-5.7373
0.6381,-0.1105,0.8059,5.4321,83.0078,-3.5400
0.6151,-0.0796,0.5765,49.4385,99.1211,3.2959
0.6610,-0.0499,0.6497,28.9917,79.4678,6.5918
0.6520,-0.0277,0.4357,24.2920,73.7915,4.3335
0.6497,0.0409,0.5660,2.1973,55.7861,-5.2490
0.7095,-0.0320,0.6101,5.6763,57.2510,-19.2261
0.7421,-0.1110,0.3303,13.9771,51.5747,-21.4233
0.8330,-0.1831,0.6376,-1.2817,11.9019,-14.3433
0.8284,-0.2015,0.5819,16.9678,25.8789,-9.2163
0.8008,-0.1736,0.5038,6.7139,23.8647,-4.4556
0.8062,-0.1532,0.4216,8.3008,19.1650,-2.3804
0.8055,-0.1515,0.4552,13.4888,4.9438,0.2441
0.8063,-0.1416,0.5778,-6.5918,-5.7373,0.9155
0.7825,-0.1256,0.5011,2.1362,-9.0942,5.0049
0.7839,-0.1246,0.4373,7.2632,-19.6533,7.6294
0.7422,-0.0941,0.4337,-5.1270,-38.7573,8.5449
0.7314,-0.1017,0.5040,3.4790,-48.1567,5.4932
0.7035,-0.1049,0.3335,6.8970,-65.0635,7.0801
0.6135,-0.1119,0.2979,-1.4038,-104.0039,9.0332
0.6293,-0.1257,0.8312,12.8174,-130.4321,11.2305
0.6848,-0.1820,1.1268,3.6011,-97.9004,6.1035
0.5309,-0.0708,0.9812,2.2583,-71.0449,17.0898
0.3647,0.0430,0.4237,25.7568,-76.5991,9.5825
0.4889,-0.0638,1.3307,-56.5796,-116.5161,-5.3711
0.4961,-0.0936,1.3710,-13.3057,-49.1943,-1.5259
0.3260,0.0734,0.6342,31.6162,-30.9448,-0.4272
0.4026,-0.1194,0.7605,-22.4609,-84.2285,-9.8267
0.4995,-0.1862,1.4633,-16.9678,-68.1152,-2.9907
0.3582,-0.0377,1.0587,25.3906,-12.8784,6.5308
FIN_VENTANA
Progreso: 5/10
INICIO_VENTANA arriba
0.7546,-0.1451,0.8038,10.8032,6.7139,3.4790
0.6980,-0.0966,0.6851,18.0054,17.8833,6.1035
0.6805,-0.0634,0.6201,15.0146,13.7329,1.2207
0.7098,-0.1133,0.5004,24.1089,6.4087,0.1221
0.7148,-0.1074,0.4857,14.7095,-8.1177,-0.4272
0.7550,-0.1748,0.7156,-12.6953,-24.1089,-0.9766
0.7299,-0.1599,0.5861,-7.4463,-28.3813,9.2773
0.6687,-0.0974,0.4528,-18.6768,-53.4058,14.4043
0.6230,-0.0687,0.5795,19.9585,-59.0820,15.1367
0.5859,-0.0245,0.7672,27.6489,-67.3218,10.7422
0.5756,-0.0911,0.8899,-2.3804,-71.4722,4.2114
0.5088,-0.0879,0.5347,21.2402,-69.2749,10.8032
0.4797,-0.0876,0.9722,-10.8643,-103.4546,4.2114
0.5383,-0.1509,1.2850,-21.5454,-76.6602,3.5400
0.4352,-0.0070,0.8549,-53.5889,-50.1709,5.4321
0.2937,0.1802,1.0203,-63.4766,-83.6792,3.6621
0.2964,0.0840,0.9219,26.6113,-79.4067,-4.4556
0.3773,-0.0593,1.4353,19.7144,-53.4058,-9.7046
0.2788,0.0530,1.2192,34.1797,-17.8833,-2.2583
0.1848,0.1031,0.6332,46.6309,-7.5073,-12.2070
0.2538,-0.1207,0.8259,-2.6245,-64.4531,-21.2402
0.3746,-0.2239,1.3485,3.7231,-53.0396,-11.2915
0.3008,-0.1165,1.3638,18.3105,-10.3149,-0.3662
0.2129,-0.0035,0.9771,11.0474,4.8828,1.6479
0.2255,-0.0687,0.9011,-1.5869,-5.0049,-0.1221
0.2499,-0.0717,1.0187,2.0142,-9.9487,4.3335
0.2551,-0.0815,1.2020,15.8081,13.7939,2.8687
0.2417,-0.0376,1.2117,2.8687,24.4751,-0.2441
0.2764,-0.0636,1.1777,10.0098,40.1001,1.3428
0.2976,-0.1172,1.1538,11.8408,59.8755,3.1128
0.3036,-0.1069,1.1949,30.8228,95.8862,7.9956
0.3192,-0.0363,0.8842,3.5400,90.8203,17.8833
0.3551,-0.0073,0.8816,-29.4189,93.0176,5.1880
0.3723,0.0397,0.9323,-13.0615,99.1821,-2.8076
0.4135,0.0470,0.9287,-11.7187,107.4219,-10.3760
0.4788,-0.0341,0.6215,-2.0752,105.2856,-15.1367
0.5253,0.0111,0.7264,8.3618,82.5806,-13.7329
0.6111,-0.0825,0.7108,21.0571,95.9473,-22.2778
0.6346,-0.0959,0.4181,20.3247,79.7729,-14.5874
0.7006,-0.1167,0.5970,-2.3193,51.0864,-11.9019
0.7507,-0.1069,0.6980,1.4648,46.9971,-8.3008
0.7026,-0.0717,0.5068,18.5547,49.6826,-4.6387
0.7047,-0.0382,0.6407,-4.1504,28.9307,-5.7983
0.7391,-0.1172,0.5149,4.8218,27.0996,-4.0894
0.7539,-0.0687,0.5311,22.5830,12.1460,2.3193
0.7728,-0.1237,0.5463,19.8975,10.6201,0.4272
0.7485,-0.0934,0.4501,22.6440,-4.3945,7.8735
0.7083,-0.0430,0.4745,19.9585,-17.8833,5.0049
0.6975,-0.0576,0.4905,17.8223,-32.5317,2.6855
0.7191,-0.0994,0.7878,-0.0610,-51.8799,-1.5259
0.7500,-0.1760,0.6703,6.8970,-43.0908,4.5166
0.6515,-0.0951,0.5353,17.3950,-54.9316,15.3809
0.6161,-0.0654,0.6678,2.6855,-76.5381,9.3384
0.6829,-0.1808,0.9691,-10.2539,-60.8521,8.0566
0.5391,-0.0177,0.9508,-17.1509,-48.4619,16.6626
0.4568,0.0839,0.6774,-8.9722,-40.6494,8.9722
0.4845,0.0249,0.6942,-5.0659,-51.9409,-2.8687
0.5652,-0.0757,1.0859,7.3242,-45.8374,-7.3242
0.5465,-0.0876,0.9791,15.8691,-19.1040,1.5259
0.4479,-0.0073,0.6304,1.8311,-36.2549,0.1831
0.4410,-0.0387,0.5662,-2.5635,-60.8521,-5.5542
0.4788,-0.0935,1.0142,-21.8506,-79.7119,-5.5542
0.4012,-0.0205,1.0215,9.0942,-53.1616,0.9155
0.3253,0.0044,0.7891,25.0244,-49.3164,-4.1504
0.3174,-0.0741,0.9800,17.2729,-62.3169,-5.6763
0.3148,-0.1376,0.8674,34.4238,-55.4199,-3.3569
0.2974,-0.1030,1.1024,13.7329,-63.0493,-1.3428
0.2809,-0.0631,1.5051,1.2207,-47.3633,4.2725
0.2336,-0.0331,1.2233,10.8643,15.5029,4.0283
0.2302,-0.0526,1.0471,5.4321,5.1270,1.6479
0.2711,-0.0997,1.2621,10.6201,20.0806,-0.9766
0.2833,-0.1102,1.0892,21.1792,41.1377,2.1362
0.3322,-0.1628,1.0444,-9.5215,45.1660,5.1880
0.3448,-0.1223,1.2399,-16.2354,53.1616,11.3525
0.3383,-0.0706,1.1783,-5.2490,84.8999,14.9536
0.3087,-0.0244,1.0840,-21.7896,100.8301,14.2822
0.3271,0.0447,0.6932,-7.9956,105.2246,11.4746
0.4094,0.0354,0.6486,-13.2446,79.2847,2.0142
0.4912,0.0270,1.0061,-9.0942,64.4531,-5.7373
0.5336,-0.0533,0.7289,13.9160,88.2568,-7.5073
0.5414,0.0269,0.5081,30.8228,74.2188,-0.3052
0.6246,-0.0363,0.6747,-2.0752,23.3765,-4.8218
0.6512,-0.0519,0.7423,-10.2539,15.0757,-2.0142
0.6074,0.0065,0.7991,-0.0610,23.7427,-1.5259
0.6058,0.0042,0.6652,-0.3052,30.0903,-5.2490
0.6105,0.0287,0.7826,-5.9204,15.5029,-6.4087
0.6411,0.0018,0.7234,-13.1226,18.4326,-8.1787
0.6460,0.0144,0.7560,-14.6484,19.1040,-8.2397
0.6567,0.0203,0.8024,-26.4282,20.5078,-10.9863
0.6995,-0.0151,0.8792,-9.7046,25.2075,-9.6436
0.6591,0.0199,0.6821,8.7891,37.6587,-5.3101
0.6542,0.0332,0.5458,18.5547,35.2173,-7.6904
0.7001,-0.0140,0.5968,9.7656,18.3716,-10.8643
0.7474,-0.0920,0.6243,-1.3428,19.5923,-8.3008
0.7168,-0.0608,0.4359,-9.3994,4.0283,0.4272
0.6932,-0.0309,0.4901,10.0098,-13.6108,6.1646
0.6984,-0.0186,0.6462,34.2407,-25.8789,7.5073
0.7340,-0.0619,0.8722,30.9448,-22.5220,10.5591
0.6558,-0.0236,0.6451,22.3389,-23.3154,17.2119
0.5878,0.0254,0.3932,22.4609,-37.7197,16.2354
FIN_VENTANA
Progreso: 6/10
INICIO_VENTANA arriba
0.6846,-0.0540,0.6489,-13.2446,33.9966,-6.6528
0.7472,-0.0973,0.8434,-11.5356,34.9731,-7.6904
0.7253,-0.0637,0.7118,-1.7700,53.2227,-4.8828
0.7034,-0.0452,0.5439,5.9814,38.6353,0.7935
0.7255,-0.0125,0.4960,3.2959,35.3394,-2.1362
0.7800,-0.0635,0.5217,19.4702,29.3579,-3.8452
0.7603,-0.0601,0.4464,23.1323,17.8833,-0.4272
0.7765,-0.0624,0.5498,14.3433,9.0942,-2.8687
0.7776,-0.0933,0.5103,10.8643,1.2207,1.9531
0.7339,-0.0325,0.4564,17.5781,-9.8877,6.3477
0.6931,-0.0099,0.3842,11.3525,-23.3765,2.1362
0.7000,-0.0510,0.4871,0.3052,-55.0537,-3.7231
0.7682,-0.1531,0.7469,19.0430,-53.3447,-2.6855
0.6472,-0.0659,0.6162,40.4663,-49.0723,9.2163
0.5640,-0.0093,0.3694,41.9312,-69.3359,4.7607
0.5953,-0.1377,0.5808,13.9160,-106.2622,-5.0659
0.6411,-0.1648,1.2777,-22.9492,-107.2388,-3.6621
0.5596,-0.0775,1.1484,-4.2114,-52.4902,3.5400
0.4059,0.0087,0.5382,11.5967,-50.8423,5.0049
0.4058,-0.0422,0.3938,15.5640,-93.6890,-2.0752
0.5199,-0.1946,1.4751,-3.7842,-97.8394,-3.5400
0.3826,-0.0319,1.1561,28.5034,-38.5132,5.9814
0.2760,0.0087,0.6460,13.9160,-42.7246,-3.2349
0.3400,-0.1409,0.6259,-11.7187,-78.9795,-10.8032
0.4213,-0.2598,1.2689,-4.0283,-82.4585,-3.0518
0.3472,-0.0728,1.3127,27.7710,-17.8223,14.6484
0.1697,0.0563,0.8910,15.7471,-10.5591,9.7046
0.2073,-0.0299,0.8256,10.2539,-24.5361,-1.0376
0.2869,-0.1344,1.0970,-12.6953,-39.8560,-2.4414
0.2928,-0.1121,1.4650,-26.8555,-16.9067,-1.3428
0.1897,-0.0228,0.9553,-0.1221,19.4092,0.8545
0.2383,-0.0364,1.0007,7.4463,10.9253,-2.2583
0.2678,-0.0626,1.3066,24.1089,27.0386,-4.0283
0.3099,-0.1105,1.3575,13.8550,61.0352,-8.2397
0.3549,-0.1780,1.1638,-6.2256,81.5430,0.9155
0.3448,-0.1531,0.6932,8.3618,81.1157,19.3481
0.3503,0.0094,0.8857,-0.7935,56.0913,12.0239
0.4431,-0.1090,1.0804,-6.5308,62.8662,-0.9155
0.4430,-0.0775,0.9391,1.0376,73.7305,5.9814
0.4139,0.0159,0.9574,-6.2866,69.6411,7.9956
0.4210,0.0391,0.9246,2.3193,78.7354,-1.7090
0.4801,-0.0228,0.6342,-0.9155,76.2329,-6.4697
0.5460,-0.0344,0.7684,-10.0098,60.9131,-8.3618
0.6002,-0.0620,0.8702,10.2539,78.8574,-11.1694
0.6079,-0.0380,0.6924,1.4038,74.4629,-7.8735
0.6755,-0.1078,0.6379,-15.9912,65.5518,-7.8735
0.6462,-0.0125,0.5092,14.8315,65.7349,-2.1973
0.6672,0.0027,0.5092,2.9907,51.5747,-8.4839
0.7419,-0.0704,0.6752,-20.9961,35.8276,-14.7705
0.7500,-0.0897,0.7334,8.8501,35.4004,-6.4697
0.7426,-0.0436,0.5269,-9.5215,41.1377,-5.3101
0.7438,-0.0458,0.4241,-6.8970,27.8320,-5.1270
0.7426,-0.0604,0.2614,20.0195,9.0332,-2.6245
0.7742,-0.0564,0.5739,14.0991,-16.2964,-3.9062
0.8364,-0.1508,0.8107,4.5166,-15.1978,-3.6621
0.7555,-0.0944,0.5786,19.7144,-5.9814,9.6436
0.6621,0.0056,0.3074,15.1978,-21.9727,10.8643
0.6274,-0.0184,0.3666,22.0337,-57.1289,0.4272
0.7767,-0.1632,1.0071,-12.6343,-50.3540,-15.6250
0.6758,-0.0991,0.6344,14.8315,-33.1421,0.8545
0.4982,0.0785,0.3055,22.0337,-63.6597,1.1597
0.5308,-0.0881,0.2611,21.9727,-123.1689,-9.3994
0.6437,-0.2133,1.4133,9.1553,-106.4453,-7.5684
0.5767,-0.1156,1.4163,25.5737,-44.1284,0.3052
0.4055,0.0321,0.6029,-5.5542,-46.0205,5.4321
0.3793,-0.0504,0.5286,-35.5225,-95.0317,0.0000
0.4585,-0.0837,1.4263,-16.7847,-89.8438,-0.8545
0.4453,-0.1005,1.3317,35.2173,-14.7095,-1.6479
0.3065,0.0640,0.7855,36.9873,-13.3667,3.4180
0.3177,-0.0638,0.6483,23.2544,-38.7573,-4.8218
0.4200,-0.1602,1.2902,-1.1597,-53.6499,-5.3711
0.4165,-0.1652,1.3622,18.9819,7.5073,3.9673
0.3373,-0.0505,1.1117,3.1128,13.9160,7.7515
0.3531,-0.0894,1.2404,15.4419,31.0669,2.5024
0.3556,-0.1062,0.9084,16.9678,49.1333,3.4790
0.3805,-0.1021,0.8079,-9.7656,38.9404,5.9814
0.4355,-0.0968,1.0264,-10.6812,33.6304,5.6152
0.4840,-0.1511,1.3131,-13.7329,60.6689,3.5400
0.4393,-0.0979,0.8701,2.3193,90.8813,15.0146
0.5093,-0.0980,1.0004,-16.1133,83.3130,17.9443
0.5037,-0.0638,0.6083,-9.0332,91.0645,21.4844
0.5000,0.0558,0.5669,-23.5596,56.2744,24.0479
0.5686,0.0879,0.9364,-28.0762,51.9409,9.0942
0.5828,0.0475,0.8518,-19.9585,82.0923,-3.9673
0.5289,0.1464,0.4326,-7.9346,65.2466,-3.1738
0.6440,0.0643,0.8253,-17.8833,44.8608,-15.8691
0.7230,-0.0260,0.7759,10.0098,68.5425,-18.1274
0.6696,0.0200,0.3293,23.4375,72.3877,-12.8784
0.7041,0.0359,0.5219,3.1128,39.9780,-17.7612
0.8003,-0.0869,0.5520,3.1128,26.3672,-18.0664
0.7979,-0.0599,0.5992,7.1411,18.6768,-8.4229
0.8180,-0.1029,0.5502,-0.1221,15.9302,-4.5166
0.7574,-0.0402,0.4220,9.6436,7.3242,4.1504
0.7574,0.0099,0.6136,19.1650,-3.9062,-0.3662
0.8131,-0.0616,0.7445,21.3013,4.5776,-3.1738
0.7534,-0.0503,0.4739,25.6958,3.7231,6.7749
0.7131,-0.0092,0.3112,13.4277,-15.5029,7.7515
0.6780,0.0175,0.3379,49.8047,-50.8423,8.7280
0.8400,-0.0653,1.2786,5.5542,-55.9692,-6.5308
0.8328,-0.1855,0.8789,22.5830,2.5024,3.1128
FIN_VENTANA
Progreso: 7/10
INICIO_VENTANA arriba
0.7126,-0.0038,0.6299,9.2163,10.6201,-4.0894
0.7509,-0.0449,0.6808,5.5542,5.2490,-5.0049
0.7552,-0.0502,0.6211,2.1362,5.3711,-4.2114
0.7604,-0.0597,0.6763,8.7280,7.6294,-1.5869
0.7477,-0.0408,0.6550,11.6577,7.2021,0.4272
0.7391,-0.0281,0.6227,3.7842,7.5684,-0.8545
0.7388,-0.0197,0.6533,-0.4272,7.0190,-3.0518
0.7521,-0.0408,0.6615,1.4038,5.0659,-2.1973
0.7549,-0.0432,0.6205,10.8643,5.7373,-0.2441
0.7433,-0.0345,0.5685,2.9297,2.9907,-1.0376
0.7649,-0.0471,0.6698,10.6812,1.1597,-0.7324
0.7562,-0.0479,0.6547,8.2397,3.6011,0.5493
0.7446,-0.0225,0.6608,12.7563,6.3477,1.2817
0.7422,-0.0288,0.6058,10.6812,6.3477,0.7935
0.7412,-0.0360,0.6277,2.1973,1.7700,-1.4648
0.7668,-0.0529,0.6360,6.8359,2.6245,-1.7090
0.7655,-0.0616,0.7301,-1.7700,2.1362,0.5493
0.7428,-0.0284,0.6409,2.7466,7.8735,0.7324
0.7308,-0.0132,0.5457,9.2773,6.2866,0.2441
0.7612,-0.0417,0.5809,12.5122,1.0986,-1.8311
0.7736,-0.0430,0.7491,-2.9907,-2.1362,-2.1973
0.7579,-0.0486,0.6146,4.5776,9.5825,-0.5493
0.7345,-0.0076,0.6071,7.2021,3.3569,1.4648
0.7496,-0.0298,0.5376,9.2773,-0.1221,-1.4648
0.7856,-0.0759,0.6921,13.4888,3.3569,-1.9531
0.7682,-0.0699,0.6747,-0.7324,3.1128,0.9766
0.7191,0.0000,0.6050,3.5400,2.8687,2.2583
0.7507,-0.0336,0.5769,13.8550,2.5635,-1.3428
0.7705,-0.0568,0.6807,14.2822,0.0000,-1.0986
0.7700,-0.0676,0.6700,17.4561,4.9438,0.1221
0.7412,-0.0365,0.6266,0.7935,1.0376,0.3662
0.7550,-0.0450,0.6785,1.1597,1.7700,-1.4648
0.7588,-0.0393,0.6466,5.1880,3.9062,-0.4883
0.7555,-0.0533,0.6427,5.7983,5.1880,-0.7324
0.7544,-0.0520,0.6019,14.3433,6.1646,0.1221
0.7559,-0.0448,0.5992,5.1270,1.4038,-0.5493
0.7603,-0.0546,0.6489,-7.4463,-0.6104,-1.7090
0.7552,-0.0463,0.6545,2.0752,2.8687,0.2441
0.7474,-0.0330,0.6110,16.6626,5.6763,0.0610
0.7618,-0.0592,0.6260,8.7280,3.4180,-1.4038
0.7664,-0.0676,0.6404,10.1318,4.2114,-0.4883
0.7600,-0.0553,0.6074,3.3569,4.0283,0.0610
0.7445,-0.0339,0.6285,-1.9531,2.1973,0.0610
0.7538,-0.0433,0.6134,9.3994,4.0283,-0.3052
0.7604,-0.0559,0.6700,4.3945,2.0142,-0.7935
0.7556,-0.0494,0.6390,9.5825,4.2725,0.1831
0.7533,-0.0466,0.6196,12.2070,4.2725,0.7935
0.7598,-0.0419,0.6090,18.7988,5.6763,0.9766
0.7600,-0.0480,0.5999,2.5635,2.2583,-0.4883
0.7576,-0.0455,0.6842,2.8687,1.4038,-0.6104
0.7595,-0.0573,0.6459,1.5259,5.1880,-1.3428
0.7551,-0.0437,0.6611,5.0659,6.2256,-0.6714
0.7588,-0.0465,0.5725,8.4229,5.7373,-1.5869
0.7749,-0.0526,0.6320,7.9956,2.1973,-0.8545
0.7761,-0.0637,0.6692,3.8452,3.4790,-0.2441
0.7513,-0.0380,0.6222,6.8359,3.9673,1.0986
0.7485,-0.0297,0.5906,5.1880,3.3569,-0.4883
0.7618,-0.0541,0.6130,8.4839,2.8687,-2.1362
0.7754,-0.0597,0.6283,6.0425,1.5259,-1.0986
0.7588,-0.0520,0.6086,1.0376,3.6011,0.0000
0.7506,-0.0322,0.5928,9.3994,2.4414,0.3662
0.7617,-0.0449,0.6232,8.4229,1.2207,-0.9155
0.7734,-0.0684,0.6606,12.5122,1.7700,-0.3052
0.7600,-0.0444,0.6278,8.4839,4.2114,1.2207
0.7448,-0.0287,0.6134,7.8125,3.2959,0.3662
0.7598,-0.0520,0.6208,5.4932,2.2583,-1.3428
0.7738,-0.0690,0.6416,2.8076,2.7466,-1.1597
0.7643,-0.0574,0.6604,2.1973,3.4180,-0.3662
0.7522,-0.0347,0.6350,10.3760,5.2490,0.2441
0.7657,-0.0468,0.6410,8.8501,4.3335,-1.0376
0.7659,-0.0562,0.6035,3.1738,4.0894,-1.1597
0.7666,-0.0640,0.6240,7.2021,4.2725,-1.2207
0.7687,-0.0596,0.6152,9.4604,3.1738,-0.2441
0.7629,-0.0406,0.6180,0.2441,1.7090,-0.2441
0.7557,-0.0380,0.6454,6.4087,3.6011,-0.4883
0.7654,-0.0521,0.6198,7.1411,3.2959,-0.7935
0.7679,-0.0537,0.6467,0.9766,0.3662,-0.4272
0.7681,-0.0521,0.6532,1.7090,1.5869,-0.6714
0.7616,-0.0402,0.6263,6.2256,4.1504,0.0610
0.7634,-0.0453,0.6042,9.7656,6.0425,-0.6104
0.7600,-0.0450,0.5978,3.1128,3.2959,-0.7324
0.7703,-0.0543,0.6237,1.5869,2.8076,-1.0376
0.7656,-0.0482,0.6379,2.6855,3.9673,-0.3662
0.7515,-0.0339,0.6000,7.9346,6.0425,0.0000
0.7635,-0.0408,0.5876,12.1460,5.1270,-0.7935
0.7739,-0.0479,0.5891,5.7373,3.6621,-2.0142
0.7772,-0.0583,0.6945,-2.2583,-1.0376,-1.1597
0.7627,-0.0491,0.5912,9.9487,4.8218,-0.1221
0.7695,-0.0543,0.6304,2.5635,2.5024,-0.9155
0.7710,-0.0531,0.5859,13.3667,5.6763,0.2441
0.7638,-0.0463,0.6017,9.4604,2.6855,0.2441
0.7775,-0.0675,0.6500,0.1221,1.9531,-1.6479
0.7629,-0.0548,0.5963,6.9580,5.3711,0.8545
0.7579,-0.0413,0.6102,13.1836,3.7842,0.4272
0.7754,-0.0542,0.6165,17.1509,4.8218,-0.3662
0.7739,-0.0557,0.6414,9.3994,3.9673,0.7324
0.7684,-0.0614,0.5939,11.0474,5.2490,-0.9766
0.7745,-0.0645,0.6248,8.7280,3.7231,-0.7324
0.7693,-0.0575,0.6106,4.9438,4.2725,-0.5493
0.7671,-0.0522,0.6071,8.5449,3.4180,-0.4272
FIN_VENTANA
Progreso: 8/10
INICIO_VENTANA arriba
0.7750,-0.0543,0.6201,3.6621,2.1973,0.1221
0.7716,-0.0525,0.6445,6.7139,3.1128,0.1831
0.7612,-0.0415,0.6139,7.3853,5.0659,-0.3052
0.7667,-0.0472,0.6080,10.3149,4.9438,-1.4038
0.7832,-0.0663,0.5945,-1.5259,3.2959,-1.6479
0.7737,-0.0461,0.6111,-1.5259,2.9907,-0.6104
0.7728,-0.0522,0.5759,13.9160,5.7373,0.0000
0.7726,-0.0518,0.5790,9.2163,2.5635,-0.1221
0.7788,-0.0592,0.6434,9.8877,3.9062,0.0610
0.7721,-0.0465,0.6183,9.3994,4.2114,-0.1221
0.7598,-0.0392,0.5878,0.5493,2.3193,-1.4038
0.7808,-0.0719,0.5889,8.6670,3.6621,-1.5259
0.7800,-0.0596,0.6113,5.3711,1.4648,-0.3662
0.7863,-0.0557,0.6277,7.3242,4.5776,0.3052
0.7626,-0.0371,0.5675,5.7373,4.5776,0.0610
0.7719,-0.0483,0.6117,-2.6855,0.2441,-1.8311
0.7810,-0.0651,0.6099,12.2070,3.7842,-0.7324
0.7804,-0.0657,0.6195,6.8970,2.1973,-0.3052
0.7766,-0.0476,0.6410,2.5024,1.2207,0.6104
0.7604,-0.0269,0.5886,10.0098,4.1504,0.1221
0.7749,-0.0582,0.5948,4.7607,2.3193,-1.7700
0.7877,-0.0717,0.6213,7.0801,2.7466,-0.9766
0.7792,-0.0637,0.6001,3.3569,2.0752,0.6104
0.7592,-0.0287,0.6123,10.1929,1.8921,0.8545
0.7749,-0.0546,0.6237,9.2773,3.3569,-1.1597
0.7739,-0.0538,0.6302,3.9062,2.6855,-0.6714
0.7703,-0.0525,0.5931,7.2632,4.2725,-0.8545
0.7816,-0.0548,0.6006,8.2397,2.3804,-1.1597
0.7786,-0.0641,0.6190,4.3945,4.1504,0.0000
0.7596,-0.0308,0.5791,4.3945,2.3804,0.4883
0.7736,-0.0509,0.5839,16.5405,4.0283,-0.9155
0.7881,-0.0774,0.6311,8.0566,1.6479,-1.4038
0.7836,-0.0717,0.6407,10.3149,4.9438,1.2207
0.7625,-0.0411,0.5739,12.4512,4.3335,0.4883
0.7782,-0.0596,0.6157,4.6997,2.0142,-1.0376
0.7795,-0.0684,0.6282,6.8970,2.1362,-0.1221
0.7795,-0.0647,0.5912,5.7983,3.9062,0.1221
0.7635,-0.0374,0.5922,0.3052,2.3193,-1.7090
0.7738,-0.0656,0.6129,4.9438,3.1128,-1.8311
0.7780,-0.0680,0.6143,5.3101,3.1738,-1.0986
0.7751,-0.0660,0.6110,8.7891,4.0283,-0.1221
0.7720,-0.0548,0.5752,9.2163,4.8828,-0.5493
0.7802,-0.0643,0.5854,7.6904,3.4790,-0.5493
0.7770,-0.0641,0.5723,3.4180,0.3662,-0.1221
0.7727,-0.0509,0.6071,0.9155,-4.0283,0.6104
0.7806,-0.0621,0.6581,2.1973,-1.7700,-0.1221
0.7633,-0.0486,0.5641,-1.4648,-1.7090,1.0986
0.7654,-0.0472,0.6254,2.1362,-4.4556,0.7324
0.7682,-0.0580,0.5856,10.7422,-2.5024,0.9766
0.7849,-0.0696,0.6698,12.0239,-1.8921,2.6245
0.7621,-0.0505,0.6541,21.1182,1.7700,3.8452
0.7599,-0.0519,0.5986,23.8647,3.7842,3.1738
0.7496,-0.0325,0.6198,-2.1973,0.5493,-0.6104
0.7701,-0.0612,0.6946,-2.3193,0.9155,-1.3428
0.7604,-0.0392,0.6321,-0.6714,3.4790,-2.2583
0.7676,-0.0579,0.6298,9.5215,6.7749,-0.7324
0.7631,-0.0527,0.5863,8.6060,4.6997,-0.3662
0.7645,-0.0447,0.6432,0.2441,2.2583,-1.2207
0.7671,-0.0575,0.6481,-1.2207,3.9673,-1.5259
0.7549,-0.0304,0.6034,2.9907,4.6387,-0.5493
0.7615,-0.0488,0.5796,5.6763,3.9062,-1.7090
0.7893,-0.0730,0.6617,4.6997,2.6245,-1.0986
0.7533,-0.0376,0.6198,0.3052,2.5024,1.2817
0.7563,-0.0333,0.5996,7.2021,5.4932,-0.4272
0.7673,-0.0433,0.6277,3.6011,2.6245,-1.2207
0.7675,-0.0498,0.6130,3.3569,3.8452,-1.6479
0.7657,-0.0500,0.6268,1.5259,1.7090,-1.7090
0.7749,-0.0540,0.6354,6.1646,2.9297,-1.3428
0.7664,-0.0442,0.6276,3.7231,2.6855,-0.7324
0.7667,-0.0411,0.6481,4.4556,3.9673,-0.9155
0.7644,-0.0447,0.6119,12.3291,6.6528,-0.1221
0.7552,-0.0289,0.6039,4.5776,3.4180,-0.3662
0.7705,-0.0483,0.5891,4.2725,3.9062,-1.4038
0.7773,-0.0491,0.6628,1.7700,1.2207,-1.1597
0.7689,-0.0503,0.6458,-3.1738,5.1270,-1.4038
0.7532,-0.0354,0.5815,9.7046,5.7373,0.3662
0.7695,-0.0355,0.5936,10.5591,2.9907,-2.1362
0.7960,-0.0782,0.6466,1.5259,1.8311,-1.8921
0.7645,-0.0441,0.5889,12.2070,6.5918,1.8921
0.7548,-0.0281,0.5894,5.6763,2.6245,0.0000
0.7720,-0.0474,0.6039,5.9204,2.4414,-1.7090
0.7844,-0.0656,0.6461,1.8921,1.0376,-1.2207
0.7728,-0.0496,0.6133,6.1646,3.6621,0.6104
0.7617,-0.0326,0.6066,11.9629,2.9907,0.3662
0.7721,-0.0540,0.6093,7.4463,2.5635,-1.4648
0.7788,-0.0590,0.6262,7.6294,2.5635,-0.6714
0.7710,-0.0532,0.5978,8.8501,3.7842,0.2441
0.7700,-0.0435,0.6085,7.2632,3.7231,-0.5493
0.7733,-0.0515,0.6107,7.9346,3.3569,-0.3662
0.7731,-0.0477,0.6097,4.3335,2.1973,-0.3052
0.7733,-0.0453,0.6483,7.8125,2.5635,0.1221
0.7632,-0.0432,0.5920,13.9771,4.2114,0.0000
0.7715,-0.0487,0.6088,14.0381,4.0283,-0.6104
0.7770,-0.0607,0.6257,9.7046,3.6621,-0.4883
0.7723,-0.0602,0.5996,1.0376,3.2349,-0.9766
0.7769,-0.0175,0.5817,3.1128,4.0894,-1.4038
0.7770,-0.0559,0.6099,8.9722,2.7466,-0.9766
0.7766,-0.0640,0.6475,9.7046,1.7090,-0.3052
0.7786,-0.0691,0.6415,3.9673,4.2114,-0.6104
0.7556,-0.0288,0.5909,2.0752,3.5400,-0.9155
FIN_VENTANA
Progreso: 9/10
INICIO_VENTANA arriba
0.7333,-0.0205,0.5168,15.0757,-29.1138,1.8311
0.7307,-0.0574,0.4940,52.0630,-35.7056,0.3052
0.7300,-0.0973,0.5725,33.4473,-49.8657,-1.3428
0.6918,-0.0826,0.5999,6.3477,-68.2373,0.7935
0.6176,-0.0530,0.6913,-21.9116,-79.8340,-1.5869
0.5752,-0.0150,0.6912,-19.3481,-83.2520,-7.4463
0.5511,-0.0283,0.8179,-5.5542,-89.0503,-7.2632
0.5723,-0.0875,1.0345,23.5596,-70.3735,-8.3008
0.4932,-0.0786,0.8422,28.5645,-54.1992,-6.0425
0.4589,-0.0670,0.7253,5.6763,-69.5190,-10.8032
0.4713,-0.1331,0.7670,-16.7847,-91.3086,-8.2397
0.4884,-0.1349,1.1484,-19.8364,-71.2891,2.1973
0.2937,0.0670,0.8450,-4.7607,-62.1338,-2.8687
0.3263,-0.0537,0.9543,-7.8735,-75.2563,-8.1787
0.3424,-0.0945,1.2664,19.1650,-48.9502,-2.6855
0.2654,-0.0209,1.1415,31.6162,-19.2261,0.7324
0.2531,-0.0244,0.9698,12.2070,-19.2261,-4.4556
0.2479,-0.0502,0.8470,-14.8926,-37.1704,-5.8594
0.3015,-0.1240,1.2106,-16.1133,-35.7666,-6.7139
0.2876,-0.0947,1.3040,1.9531,-5.1880,-0.1221
0.2496,-0.0220,1.2222,19.2261,17.4561,3.8452
0.2689,-0.0928,1.3339,38.7573,44.4946,4.0894
0.3055,-0.1095,1.1211,39.9170,84.8389,6.9580
0.3121,-0.0809,1.0867,24.7803,90.1489,14.7095
0.3345,-0.0785,0.8785,-14.6484,119.2017,14.0991
0.3643,0.0116,0.8328,-21.3013,99.6704,16.9678
0.4163,0.0347,0.9581,-16.6626,98.6938,4.5776
0.4581,-0.0070,0.6604,20.9961,106.3843,0.7935
0.4883,0.0449,0.7601,13.5498,86.8530,-4.6997
0.5679,-0.0381,0.8258,-1.0986,82.4585,-15.1978
0.6151,-0.0922,0.7488,1.4038,86.4258,-18.0054
0.6271,-0.0403,0.6274,1.8311,78.8574,-13.1226
0.6759,-0.0734,0.6481,-14.7095,69.1528,-16.8457
0.7206,-0.0959,0.5946,3.1128,53.7109,-9.6436
0.7380,-0.0856,0.6088,-13.8550,53.2837,-10.8643
0.7407,-0.0706,0.5039,-1.2207,43.3350,-7.2021
0.7532,-0.0857,0.3783,5.4932,27.5879,-4.5166
0.7800,-0.1155,0.3651,7.0801,5.8594,-2.5024
0.8167,-0.1307,0.5846,7.4463,-5.4932,0.1831
0.7661,-0.0781,0.5591,1.5259,-9.8267,5.5542
0.7212,-0.0292,0.4813,27.2217,-11.5356,6.6528
0.6714,-0.0083,0.4193,17.9443,-30.5176,-0.1221
0.6851,-0.0448,0.6340,6.9580,-53.4668,-7.2632
0.7676,-0.1810,0.7498,23.1323,-44.6167,-9.5825
0.6334,-0.0814,0.3929,36.3159,-45.8374,1.2207
0.5181,-0.0410,0.2281,30.7007,-94.1162,-4.3945
0.5586,-0.2887,0.4701,56.4575,-128.4790,-12.5122
0.6571,-0.3384,1.4508,59.9365,-113.6475,-8.2397
0.4733,-0.0647,1.3929,50.7202,-61.4624,3.5400
0.3817,-0.0090,0.9790,-7.3242,-47.3022,-8.9722
0.4008,-0.1422,0.7363,-24.9634,-65.0024,-10.6812
0.5001,-0.2444,1.0226,-20.1416,-70.7397,-9.0942
0.4504,-0.1101,1.3638,-20.0806,-35.2783,-7.7515
0.3533,-0.0598,0.9036,-25.3906,-19.8975,-7.6294
0.3479,-0.1115,0.6814,3.6011,-29.7241,-7.1411
0.4160,-0.2092,0.9672,-18.4326,-58.0444,-2.9907
0.4541,-0.1761,1.4907,-7.6904,-13.3057,3.9673
0.3451,-0.0417,1.4004,18.1274,27.7100,7.5684
0.3361,-0.1226,1.2632,33.9966,60.9131,6.4697
0.3904,-0.1564,1.3348,8.6060,91.9189,8.1177
0.4117,-0.2084,1.0895,-6.5918,141.5405,3.4790
0.4303,-0.0978,0.6517,-17.4561,144.3481,14.7095
0.4661,-0.0469,0.7683,-8.6670,109.3750,7.0801
0.5325,-0.0640,0.6233,20.5078,112.4878,1.0376
0.6034,-0.0575,0.7126,20.5078,95.2148,-1.0376
0.6237,-0.0756,0.6865,16.5405,101.0742,-4.3335
0.6605,-0.0405,0.5454,21.1182,89.3555,-1.5259
0.6947,-0.0710,0.4232,15.7471,75.2563,-4.4556
0.7411,-0.0433,0.4761,-11.9629,51.5137,-13.0615
0.8298,-0.1642,0.4851,3.8452,51.1475,-14.1602
0.8177,-0.1613,0.3557,6.8359,36.0107,-5.6763
0.8055,-0.1533,0.3533,-22.9492,14.5874,-5.0659
0.8400,-0.1613,0.4995,-5.0049,7.3242,-2.1973
0.8075,-0.1398,0.3761,16.1743,1.8311,3.7842
0.7858,-0.0852,0.4540,11.7798,-14.0991,3.7231
0.7681,-0.1022,0.4243,15.6250,-20.9961,0.2441
0.7355,-0.1121,0.3152,21.4233,-48.4619,2.7466
0.7180,-0.1089,0.5243,-6.1035,-81.0547,0.1831
0.6885,-0.1335,0.4821,2.9907,-81.6650,-0.7935
0.5906,-0.0361,0.6212,44.5557,-93.4448,-2.5024
0.5306,-0.1049,0.5004,26.2451,-109.9243,-17.8223
0.5909,-0.2212,0.8177,26.8555,-111.8774,-17.0898
0.6113,-0.3304,0.9773,15.1978,-100.6470,-12.6953
0.4641,-0.1237,1.1598,-9.2773,-83.7402,2.3193
0.3827,-0.0985,0.6099,4.3335,-70.5566,-4.7607
0.4420,-0.1940,0.8739,-42.8467,-105.1636,-6.7749
0.4897,-0.2158,1.5092,-56.2134,-84.3506,-0.9766
0.3221,-0.0033,1.0553,-17.5171,-14.4043,3.7842
0.3152,-0.0171,0.9850,13.0615,-10.3760,-0.2441
0.3826,-0.1296,1.0494,14.9536,-10.3760,-3.1738
0.4196,-0.1338,1.2864,-5.4321,8.4229,-4.1504
0.3815,-0.0693,1.3326,27.8320,62.3169,-2.9907
0.4298,-0.1890,1.0364,-16.0522,94.7266,-5.9204
0.4323,-0.1093,0.9302,-19.7144,99.4873,1.8921
0.4391,-0.0524,0.8324,5.7983,108.0322,4.1504
0.4913,-0.0457,0.8051,14.8315,99.7314,2.8076
0.5452,-0.0619,0.7517,25.6348,102.7832,0.1221
0.5686,-0.0465,0.5936,55.0537,98.9990,4.8828
0.6177,-0.0616,0.6725,31.7993,83.4351,-2.2583
0.6743,-0.1167,0.7219,12.7563,73.4863,-5.2490
FIN_VENTANA
Progreso: 10/10
Lote completado: arriba
Listo para nueva etiqueta. Formato: <etiqueta> <numero_de_ventanas>
INICIO_VENTANA abajo
-0.2850,0.2252,1.0632,15.9302,-38.7573,8.4229
-0.2650,0.1682,1.1387,12.2681,-36.0107,2.2583
-0.2144,0.1067,0.9261,42.0532,-14.6484,5.6152
-0.2312,0.1586,0.8979,47.7905,-27.1606,14.2212
-0.3040,0.1770,0.8972,12.6953,-40.6494,-3.2349
-0.3246,0.1050,1.0211,-42.8467,-59.3262,-16.7236
-0.3462,0.1025,0.9862,-41.3818,-52.1240,-8.4839
-0.3439,0.1575,0.8818,-35.7666,-48.9502,2.4414
-0.3585,0.2990,0.8375,-18.4326,-60.1196,3.1128
-0.3677,0.1519,0.8848,-30.1514,-63.0493,-10.1318
-0.4696,0.1726,1.1526,-8.7280,-45.2271,2.3804
-0.5161,0.2542,1.1028,23.1323,0.6714,8.5449
-0.5369,0.2723,1.1023,33.8135,31.6162,6.5308
-0.5431,0.3851,1.4509,64.0259,76.4160,5.3101
-0.4974,0.2250,1.1339,86.4258,168.7622,-6.2256
-0.3943,0.2061,1.0149,79.2847,193.1763,-3.7231
-0.3417,0.1284,0.8356,100.6470,204.4067,-6.2256
-0.1373,0.0967,0.8386,93.9331,175.5371,-8.1177
0.0436,-0.1609,0.7690,48.8281,146.0571,-24.1699
0.1614,-0.1494,0.9564,67.6270,114.7461,-0.6714
0.1868,-0.1313,0.6641,98.8159,118.1641,17.3340
0.2441,-0.1156,0.3745,61.0352,39.2456,21.7285
0.1869,-0.1201,0.7826,-36.6821,-62.3169,3.1128
0.0623,-0.1296,0.8682,-57.4341,-95.3369,0.4272
-0.0442,-0.0026,1.0344,-91.1255,-130.3101,3.9673
-0.0348,-0.0623,1.1504,-87.7075,-135.0708,11.1084
-0.1501,0.1512,0.9277,-22.7661,-102.6001,19.4702
-0.1912,0.0620,0.6893,-30.9448,-132.2632,-3.1738
-0.3154,0.0800,0.9349,-95.4590,-189.4531,-3.8452
-0.3441,0.2466,1.1545,-87.3413,-160.8276,16.2354
-0.4464,0.3031,1.0636,-51.2085,-118.0420,7.5684
-0.4332,0.0898,1.0950,-28.5034,-85.2661,0.0000
-0.4476,0.1172,0.9636,20.2637,-56.1523,17.0288
-0.5243,0.2787,1.1732,45.7153,-32.3486,34.8511
-0.6023,0.2241,1.0739,79.8340,11.4746,20.3247
-0.6448,0.1891,1.2874,90.2710,46.2646,2.5635
-0.6202,0.1018,1.2510,70.2515,93.6890,-7.3242
-0.5515,0.1266,1.1315,51.3306,131.4697,-3.9062
-0.4442,0.0913,1.0027,14.2822,157.8979,-13.6108
-0.3422,0.0337,0.9033,35.6445,168.3350,-19.7144
-0.2439,0.0120,0.9344,30.8838,160.2173,-26.5503
-0.0868,-0.1519,0.8026,47.1802,155.3955,-23.1323
-0.0282,-0.0626,0.9197,75.6836,109.2529,6.5308
-0.0167,-0.0076,0.8424,68.4814,90.2710,11.6577
0.0895,-0.0867,0.7365,27.9541,56.7017,-4.4556
0.1548,-0.1802,0.8345,-12.6953,12.0239,-10.1318
0.1110,-0.0801,0.8326,0.1831,-0.9766,3.9673
0.0177,-0.0215,1.0171,-24.0479,-18.7988,-2.3804
0.0302,-0.1130,0.9017,-31.7993,-25.8179,-6.8970
0.0480,-0.1636,0.7218,-48.7671,-69.0918,7.1411
-0.0637,-0.0057,0.8629,-65.4907,-116.9434,32.5928
-0.2216,0.1610,0.8530,-72.9980,-134.2163,23.9258
-0.2654,0.2539,0.8303,-106.4453,-152.2827,8.1787
-0.3275,0.1198,0.9552,-142.3950,-176.6357,-6.1646
-0.3602,0.2411,1.1711,-92.3462,-170.8374,5.3711
-0.4012,0.2920,1.1746,-23.1323,-80.1392,5.0049
-0.4235,0.2800,0.9983,22.2168,-28.8086,12.3291
-0.4888,0.2175,0.6458,50.9644,-15.0757,18.1274
-0.4895,0.2264,0.8435,29.7241,-54.6875,22.5220
-0.5348,0.1375,1.0363,25.6348,-45.1050,17.1509
-0.5844,0.2548,0.9028,31.4941,-16.4795,24.9023
-0.6219,0.2671,0.8522,17.1509,-16.9067,11.4136
-0.6063,0.2268,0.9696,17.2119,-8.7280,-3.9673
-0.5833,0.1936,0.9434,25.3296,13.2446,-5.3711
-0.5756,0.1804,1.0811,17.9443,29.6021,-9.0942
-0.5549,0.2039,1.2715,33.9966,59.5093,-14.5874
-0.5614,0.1714,1.3271,87.0972,123.1079,-16.5405
-0.5001,-0.0314,1.0583,85.0830,172.6074,5.0659
-0.3849,0.1582,0.9451,78.7964,170.5933,20.4468
-0.3226,0.0930,0.7814,53.0396,165.5884,-3.6621
-0.1783,0.0494,0.7666,15.7471,117.6758,-22.2778
-0.0824,-0.1307,1.0934,20.5078,100.2808,-27.0386
-0.0652,-0.1276,0.9332,86.5479,123.5352,5.7983
0.0239,0.0190,0.6843,66.1621,99.3652,2.6245
0.0577,-0.0571,0.7330,-0.9155,26.3672,-6.9580
0.0966,-0.1650,0.8538,-25.3296,-12.8174,-7.8125
0.0851,-0.1786,0.7944,3.7842,-31.9824,11.1694
-0.0403,-0.0099,0.9358,10.2539,-53.1616,25.3296
-0.0575,-0.0247,0.8887,-25.6958,-74.2188,11.3525
-0.0828,-0.0125,0.9219,-44.7998,-93.9941,-1.7700
-0.1769,0.0432,0.9556,-67.7490,-129.6997,-4.4556
-0.2112,0.0074,1.1052,-59.8145,-119.9341,-4.4556
-0.2478,-0.0719,0.8394,-14.1602,-96.2524,11.1694
-0.3417,0.0414,0.7916,-33.7524,-129.1504,21.1182
-0.5063,0.2377,0.9352,-39.0015,-139.7705,15.5640
-0.5527,0.2266,1.1350,-56.5796,-129.5776,0.1831
-0.5220,0.1379,1.2859,-43.0298,-80.0781,-1.4648
-0.5760,0.1144,1.0994,27.6489,-14.6484,17.9443
-0.6458,0.3219,0.9731,59.9976,21.3013,13.1836
-0.5742,0.1656,0.8674,53.8330,32.8369,-9.0942
-0.5161,0.0461,0.9220,45.7764,34.3628,-9.0942
-0.4896,0.0669,1.0701,46.9360,48.4009,-2.8076
-0.5189,0.0854,1.0605,38.0249,74.4629,-1.7700
-0.5067,0.0859,1.2559,37.0483,101.0132,-6.4697
-0.4773,0.0071,1.2617,66.8945,153.8086,-7.0190
-0.3813,-0.0973,0.9272,74.2188,179.8706,2.6245
-0.2560,-0.1427,0.9613,56.5186,170.6543,18.0664
-0.1360,-0.0966,0.7535,71.2280,148.8037,37.2314
-0.0759,0.0612,0.9264,43.6401,106.8726,37.1704
0.0012,-0.1219,1.0367,14.7095,106.2622,6.7749
FIN_VENTANA
Progreso: 1/10
INICIO_VENTANA abajo
-0.0580,-0.2000,1.0420,23.0103,92.7734,4.2114
0.0011,-0.0992,0.9248,24.1089,99.2432,10.8643
0.0610,-0.0937,0.8818,-5.9204,91.5527,-17.2729
0.1292,-0.1698,0.9346,-10.8032,51.3916,-14.9536
0.1549,-0.2201,0.8690,1.0376,52.2461,-7.8735
0.2206,-0.2124,0.7086,36.0718,31.7383,10.9253
0.2128,-0.1694,0.7775,53.2837,-7.9956,23.6816
0.1575,-0.1699,0.7878,49.9878,-35.4004,23.1934
0.1123,-0.1815,0.7502,20.7520,-82.2754,15.0757
0.0248,-0.2045,0.7825,-64.2700,-129.5776,1.8921
-0.0848,-0.1317,1.0273,-78.0029,-152.9541,5.4932
-0.1840,-0.0311,1.0140,-63.8428,-141.1133,5.9204
-0.2687,0.0883,1.0183,-65.6128,-137.6953,-13.7329
-0.2338,-0.1427,1.0953,-43.3350,-125.0610,-26.7944
-0.3000,-0.0997,1.1012,14.5264,-78.2471,13.0005
-0.3815,-0.0076,0.9402,26.3672,-63.5376,11.2305
-0.3899,-0.1115,1.1166,4.1504,-75.7446,-11.0474
-0.3809,-0.2090,1.1505,12.4512,-52.6123,-4.2725
-0.4769,-0.0790,1.1177,9.0332,-25.0854,8.4839
-0.5348,0.0007,1.0490,-5.3711,-5.1880,4.4556
-0.5369,-0.0116,1.1102,-5.7983,17.7612,-3.6011
-0.4893,0.0000,1.0444,18.4937,49.9878,-0.7324
-0.4153,-0.0521,1.0011,22.1558,57.5562,-0.8545
-0.3861,-0.0951,1.0851,18.6768,66.8945,-5.3711
-0.3717,-0.1746,1.2137,21.1182,86.0596,-2.0142
-0.3104,-0.0793,1.1649,39.9170,118.9575,9.3994
-0.2826,-0.1185,0.9969,26.0620,133.6060,4.2725
-0.2091,-0.0259,0.9014,31.0669,121.8872,-1.7090
-0.1063,-0.0636,0.9170,-2.7466,96.8018,-17.0898
-0.0563,-0.1373,0.9718,-19.3481,85.1440,-25.3296
0.0110,-0.1050,0.8378,-0.9155,83.7402,-14.3433
0.0284,-0.0803,0.8938,-9.3384,57.3120,-15.0757
0.0992,-0.1571,0.8389,33.3862,53.2837,1.9531
0.1652,-0.1178,0.7645,36.2549,28.5645,6.7139
0.1229,-0.1530,0.8746,24.1699,0.9155,8.2397
0.1124,-0.1155,0.9617,10.8032,-13.7329,5.2490
0.1001,-0.1699,0.8549,-19.1650,-26.7334,-5.1270
0.0723,-0.1581,0.9604,-23.1323,-55.7251,5.3711
0.0358,-0.0618,0.9204,-8.6670,-58.8989,6.5308
-0.0243,-0.0808,0.9661,-5.2490,-62.1338,-2.1973
-0.1595,-0.0077,0.9825,-7.1411,-67.5049,-2.8687
-0.1775,-0.1024,0.7621,-23.9258,-79.2236,-16.2354
-0.1401,-0.0812,0.8651,-61.4014,-136.7187,-8.9111
-0.1926,-0.0983,1.0728,-44.8608,-130.5542,5.7983
-0.3481,0.1403,1.1505,-20.0806,-98.8159,25.8179
-0.3849,0.0452,1.0052,-10.9253,-77.0874,-2.8687
-0.4183,-0.0098,1.2119,-20.8130,-80.9937,-1.2207
-0.4109,0.0083,1.1559,-11.7798,-48.0347,3.4180
-0.4762,0.0447,1.0372,-6.6528,-22.0947,5.0659
-0.4481,0.1006,1.0179,10.1929,-3.4180,6.1646
-0.4692,0.0137,1.2021,24.4141,20.6299,4.9438
-0.4540,-0.0210,1.1388,63.2324,58.2886,10.1318
-0.4172,-0.1064,1.1429,99.7925,87.7686,15.5029
-0.3912,-0.0397,1.0276,109.6191,107.0557,29.5410
-0.3839,-0.0277,0.9918,56.0303,106.4453,10.9253
-0.3060,-0.1338,1.1016,13.3057,97.4121,-1.3428
-0.2245,-0.2280,1.1593,-6.8970,111.0840,-3.4790
-0.1782,-0.1553,1.0576,20.8740,145.0195,10.4370
-0.0989,-0.0031,0.8030,48.0957,143.6768,16.7847
0.0103,-0.1270,0.6965,21.3013,103.1494,-8.3618
0.0939,-0.1252,0.9016,12.0239,58.9600,-5.1270
0.1516,-0.2837,0.9331,10.0708,59.8145,-10.8643
0.1852,-0.2251,0.8057,35.2173,52.9785,9.7656
0.1819,-0.1777,0.7247,33.5693,26.7944,11.3525
0.1810,-0.1986,0.9050,12.6953,-13.3057,5.6152
0.1539,-0.2399,0.9070,15.4419,-12.4512,4.3335
0.1140,-0.2312,0.8843,-1.2207,-33.4473,0.7935
0.0785,-0.2186,0.9631,-8.8501,-49.8657,0.1221
0.0574,-0.1620,0.8358,-16.1133,-62.9272,6.1646
0.0132,-0.1765,0.9550,-47.7295,-90.7593,-9.3384
-0.0818,-0.1428,0.8878,-30.5786,-97.7173,-1.7700
-0.1210,-0.1224,0.9637,-31.6772,-106.0791,-2.0142
-0.0818,-0.1742,0.8612,-12.5732,-102.2339,6.8970
-0.1589,-0.1676,0.9462,15.7471,-107.1777,12.2681
-0.3813,0.1567,0.9855,-3.8452,-125.9155,-5.5542
-0.4048,-0.1930,1.3663,-44.0063,-123.1079,-34.3018
-0.3649,-0.2515,1.2932,-11.1694,-50.2930,-1.2817
-0.4524,-0.1432,1.0940,5.4321,-17.3950,15.0146
-0.4449,-0.0978,1.0503,19.6533,-3.2959,12.2070
-0.4297,-0.0707,0.9395,18.9209,1.8921,8.3618
-0.4302,-0.0577,0.8907,6.4087,-1.3428,4.8828
-0.4547,-0.0068,0.9491,-8.0566,-3.7842,0.3662
-0.4490,-0.0428,1.0365,-8.2397,6.2866,-5.9814
-0.4182,-0.0939,1.0801,-5.0049,12.9395,-8.8501
-0.4232,-0.1467,1.2832,0.7324,33.2642,-8.2397
-0.4288,-0.1493,1.3585,55.4810,97.2900,8.7280
-0.3585,-0.1953,1.1139,101.5015,144.7144,17.1509
-0.2703,-0.1449,0.9076,62.7441,145.1416,20.4468
-0.2084,-0.1057,0.8065,17.8833,125.2441,10.1318
-0.1368,-0.1111,0.8119,-27.0386,84.9609,-7.9346
-0.1248,-0.2141,1.1189,-51.0864,65.9180,-19.4092
-0.0966,-0.1893,0.9945,9.5215,88.1348,2.2583
0.0057,-0.0861,0.9338,24.7192,72.3877,5.8594
0.0460,-0.1318,0.9471,11.9019,63.9038,-4.6387
0.0928,-0.1599,0.8931,16.7847,68.7256,-5.2490
0.1434,-0.1200,0.7705,26.8555,57.6782,3.4180
0.1653,-0.1348,0.8247,19.1650,37.2925,-4.1504
0.1544,-0.1650,0.8401,-3.7231,13.7939,-7.8125
0.1638,-0.1868,0.8983,-12.6953,-6.0425,-9.2163
0.1569,-0.1694,0.8531,14.8926,-20.6909,10.3760
FIN_VENTANA
Progreso: 2/10
INICIO_VENTANA abajo
0.2357,-0.2435,0.8755,8.2397,-27.8931,-0.2441
0.2045,-0.2748,0.7922,11.2915,-37.9639,1.8921
0.1636,-0.2682,0.6096,15.7471,-86.8530,29.7852
0.0840,-0.1526,0.9584,-32.8369,-140.2588,4.0283
-0.0269,-0.0549,0.9178,-52.0020,-130.6763,-11.9629
-0.0817,-0.1638,1.0173,-63.4155,-131.8359,-23.1323
-0.1157,-0.1537,0.9886,-39.1235,-116.6382,-17.8833
-0.2113,-0.0996,0.8947,-46.6309,-119.0186,-7.8125
-0.3483,-0.0330,1.2739,-46.3257,-129.6387,-6.8359
-0.3707,-0.0981,1.2498,-1.4038,-76.6602,-8.9111
-0.3777,-0.1210,1.1727,27.5879,-45.5933,2.8076
-0.4113,-0.0552,1.0299,42.5415,-18.0054,15.8081
-0.4502,0.0042,0.9122,50.2319,-15.5640,8.4839
-0.4177,-0.1117,1.0126,25.5737,-23.6206,-9.0942
-0.3778,-0.2400,1.0607,13.1226,-2.2583,1.4038
-0.4403,-0.1464,1.1044,20.2026,18.9819,10.8643
-0.4128,-0.1135,1.0223,19.7144,33.2031,8.7891
-0.3915,-0.1202,1.0817,14.4043,37.3535,1.1597
-0.3516,-0.2097,1.1792,17.3340,53.6499,-1.0986
-0.3119,-0.2252,1.1172,35.2783,80.8716,9.8267
-0.2872,-0.1409,1.0143,40.7104,101.3794,24.1699
-0.2627,-0.1707,0.9896,26.9775,107.9712,12.2070
-0.2185,-0.1407,0.9384,19.8975,97.2290,6.8359
-0.1632,-0.1633,0.9819,-0.9155,78.1860,-6.4697
-0.0876,-0.2316,1.0258,-5.8594,74.4019,-14.3433
-0.0140,-0.2395,0.9119,9.4604,65.7349,-3.2349
-0.0211,-0.1390,0.9976,2.0142,80.2612,-4.7607
0.0609,-0.1833,0.8772,-4.3945,73.3032,-10.6201
0.1046,-0.2312,0.8947,1.2817,56.6406,-6.2256
0.1453,-0.1807,0.8479,2.2583,45.1050,-1.2207
0.1627,-0.1727,0.7736,1.4038,31.4331,0.3052
0.1422,-0.2147,0.8293,22.8882,-4.8218,10.5591
0.1235,-0.1897,0.8307,16.7847,-18.3105,11.1084
0.0895,-0.2867,0.8917,13.3057,-47.7905,9.8267
0.0601,-0.1855,0.8156,20.3857,-74.2188,18.7988
-0.0160,-0.1874,0.8102,9.4604,-106.5674,7.5684
-0.0859,-0.0305,0.9590,-21.9116,-125.7935,-8.7891
-0.1123,-0.2375,0.9921,-66.1621,-132.4463,-34.2407
-0.1772,-0.2108,1.1982,-51.2695,-104.1870,-9.2773
-0.2725,-0.0730,1.1154,-25.9399,-72.9980,-5.1270
-0.2637,-0.0746,0.9463,-17.4561,-64.2090,-8.4839
-0.2158,-0.1595,0.9875,-10.9863,-68.2373,-4.2725
-0.3077,-0.0050,1.0250,16.5405,-47.5464,7.8125
-0.4614,0.0221,1.0929,21.3623,-32.1045,1.2207
-0.4125,-0.1372,1.0320,25.6348,-14.0991,-7.6294
-0.3683,-0.1874,1.0369,28.4424,-8.6670,0.7935
-0.4438,-0.1254,1.1290,25.8789,3.9673,13.8550
-0.4338,-0.0957,1.0242,24.0479,26.4282,3.6621
-0.3947,-0.2083,1.1486,18.4937,44.3726,4.8218
-0.3544,-0.2004,1.1307,36.2549,66.3452,15.9912
-0.3312,-0.1964,1.1158,35.8887,84.7778,22.2778
-0.3062,-0.1884,1.1343,33.0200,99.9146,21.7896
-0.2493,-0.2244,1.0189,36.7432,118.0420,17.7002
-0.1915,-0.1942,0.9221,23.4375,101.1353,15.3809
-0.1190,-0.2000,0.9552,-3.7231,98.8159,-0.8545
-0.0579,-0.1808,0.9565,3.9062,98.3276,1.2207
-0.0012,-0.2107,0.9194,-7.0190,89.4775,-5.3711
0.0568,-0.2643,0.9578,1.4648,83.0688,-5.1880
0.0999,-0.2268,0.9430,3.8452,82.2754,2.9297
0.1252,-0.2332,1.0566,-5.5542,81.7871,2.5635
0.2095,-0.2319,0.7996,7.9956,89.2944,1.1597
0.2877,-0.1505,0.8052,15.6860,61.6455,12.3901
0.2903,-0.1682,0.7397,5.9204,44.6167,5.0049
0.3097,-0.1088,0.5405,18.1885,12.3291,8.6060
0.2609,-0.2379,0.7795,17.5171,-52.1851,5.4321
0.2076,-0.1652,0.6797,8.1177,-89.4165,5.3711
0.0905,-0.1869,0.9421,-39.3677,-126.0986,-9.3384
0.0243,-0.1801,0.9468,-5.7983,-125.6714,-5.3711
-0.0464,-0.1436,0.9753,-27.2827,-139.0381,-9.5215
-0.1151,-0.1644,1.1580,-38.8794,-128.5400,-17.1509
-0.1992,-0.1676,1.2468,-35.3394,-98.5107,-12.7563
-0.2404,-0.0931,1.1259,-21.2402,-65.4297,-5.0659
-0.2296,-0.0581,1.0298,-9.6436,-60.4248,-4.2114
-0.2286,-0.1011,1.0458,5.1880,-44.4946,-2.5635
-0.2960,-0.0624,1.1310,6.5918,-40.2222,5.8594
-0.2875,-0.1072,0.9052,13.6108,-17.9443,0.8545
-0.2837,-0.1355,0.9097,5.1270,-42.7246,-2.6245
-0.3159,-0.1494,1.1029,-26.1230,-54.3213,-1.3428
-0.3403,-0.1010,1.2090,-16.4795,-29.4189,5.0049
-0.3889,-0.0924,1.2307,2.6855,8.6060,9.0942
-0.3746,-0.1099,1.1904,32.2876,41.0767,9.2773
-0.3516,-0.1224,1.2747,55.1147,77.3926,12.4512
-0.3285,-0.1838,1.2102,72.7539,115.9668,16.5405
-0.2706,-0.2299,1.0677,79.7729,137.2070,28.7476
-0.2373,-0.0853,0.9622,55.7861,136.7798,32.1655
-0.1741,-0.1654,0.9796,5.5542,121.9482,6.5918
-0.0471,-0.2122,0.8571,2.8687,96.6797,-3.8452
0.0784,-0.2197,0.8647,5.0049,84.6558,-1.8311
0.0865,-0.2220,0.9808,-0.7324,68.6035,0.7935
0.1240,-0.2177,0.8989,-0.4272,77.2095,-2.3804
0.2281,-0.2466,0.8143,10.4370,62.9883,-1.5259
0.1913,-0.1754,0.9391,-10.0708,35.8887,-2.2583
0.2151,-0.2346,0.8934,-10.2539,36.4990,-5.6763
0.2633,-0.1971,0.7925,1.0376,14.9536,-0.1221
0.2654,-0.2128,0.7924,6.6528,-0.4272,-0.5493
0.2458,-0.1361,0.8442,12.2070,-16.7847,4.1504
0.2057,-0.1654,0.9160,-15.9912,-31.8604,-7.2632
0.1593,-0.2498,0.9307,-22.2168,-43.6401,-13.1226
0.1487,-0.2023,0.7734,-11.6577,-68.6035,-1.4648
0.0626,-0.1626,1.0063,-17.8833,-91.9800,1.8921
FIN_VENTANA
Progreso: 3/10
INICIO_VENTANA abajo
0.3181,-0.1575,0.7872,25.0244,-11.4136,8.6670
0.3010,-0.2009,0.8630,34.0576,-24.0479,7.2021
0.3157,-0.2610,0.8567,39.7949,-34.5459,8.5449
0.2573,-0.2100,0.9706,34.1187,-56.4575,10.6201
0.2139,-0.2363,0.8965,12.6953,-49.9878,2.8076
0.2061,-0.1840,0.8671,10.6812,-64.5752,2.8687
0.1141,-0.1741,0.9257,-19.5313,-72.0825,-9.6436
0.0669,-0.1613,0.9501,-35.2173,-78.7964,-17.0288
0.0242,-0.1997,0.9526,-37.1094,-84.3506,-22.8271
0.0123,-0.1561,0.8928,-15.5640,-90.5762,-15.3198
-0.0474,-0.1577,0.9567,12.8784,-90.7593,-7.6904
-0.0911,-0.1317,0.8973,18.7988,-93.2007,-3.3569
-0.1678,-0.2155,1.0447,3.2349,-97.8394,-9.1553
-0.2621,-0.2159,1.1603,4.1504,-83.9844,-2.8076
-0.3114,-0.2242,1.1219,9.5215,-65.0635,-4.0894
-0.3473,-0.2067,1.2367,2.3193,-55.7861,-1.2817
-0.3507,-0.2389,1.1250,-5.3101,-29.4800,-0.4883
-0.3466,-0.1824,1.0214,-3.4180,-15.7471,3.8452
-0.3229,-0.1270,0.9801,13.7939,-4.4556,12.2681
-0.3154,-0.1295,1.0831,7.7515,-1.2817,4.5166
-0.3059,-0.2374,1.1331,8.3618,15.1367,-0.2441
-0.2675,-0.2484,1.1937,35.4614,57.7393,14.5264
-0.2506,-0.1703,1.1238,50.4150,85.4492,20.7520
-0.2426,-0.1957,1.0732,43.2129,98.9990,12.6343
-0.1918,-0.2517,0.9354,27.4658,103.4546,7.7515
-0.1266,-0.2855,0.9670,-2.9907,77.2095,3.1128
-0.0989,-0.2603,1.1163,4.2725,81.0547,4.2114
-0.0726,-0.1967,0.9622,11.7187,94.3604,7.3853
-0.0397,-0.2377,0.9088,2.4414,80.3833,-1.5259
0.0038,-0.2509,1.0386,-5.4932,62.6831,-0.2441
0.0332,-0.2791,1.0667,5.6152,73.8525,6.8970
0.0972,-0.1976,0.9865,20.8740,79.8340,10.1929
0.1597,-0.2186,0.8535,-3.9673,70.8618,-4.4556
0.2245,-0.2010,0.8210,-0.1221,57.2510,-3.2349
0.2726,-0.1893,0.8397,-7.8125,38.4521,-3.4790
0.3124,-0.2625,0.7389,-0.3052,25.2075,-4.8218
0.3586,-0.2054,0.5762,18.6157,0.9766,4.7607
0.2799,-0.0901,0.6605,8.9722,-37.7197,6.2256
0.2223,-0.2172,0.7557,-4.1504,-63.5376,-6.7139
0.1389,-0.1990,0.8365,-11.1084,-110.9619,-8.6060
0.0801,-0.2838,1.1094,-27.5879,-108.3984,-16.2354
0.0463,-0.2952,1.0505,4.6997,-90.0879,4.0283
-0.0474,-0.1149,0.9567,26.9165,-71.8994,16.7236
-0.1257,-0.0408,0.8268,8.6670,-80.7495,-3.1738
-0.1334,-0.1956,0.9833,-39.4897,-108.7036,-29.6631
-0.1669,-0.2963,1.1377,-36.1938,-97.2290,-23.9868
-0.2393,-0.1920,1.0681,7.2632,-66.1621,-7.3853
-0.3300,-0.0543,0.9203,27.8320,-62.9883,-14.4653
-0.2936,-0.2330,1.1165,-9.8267,-86.7310,-29.7852
-0.3108,-0.3757,1.3691,-18.6157,-61.1572,-16.6626
-0.3856,-0.2465,1.2531,10.6812,-9.1553,9.0942
-0.3809,-0.1776,1.0566,25.3906,24.8413,13.1226
-0.2931,-0.2200,1.0583,31.0669,39.4897,16.8457
-0.2969,-0.2029,1.1161,29.9683,55.2368,21.6675
-0.3324,-0.2065,1.2578,31.9214,80.0171,21.4233
-0.2705,-0.2379,0.9967,22.6440,106.0181,10.7422
-0.1801,-0.2869,1.0465,2.6245,91.0645,9.7656
-0.1509,-0.2303,1.0085,6.2256,102.4170,18.6157
-0.1261,-0.1228,1.0586,3.4790,108.5815,15.1978
-0.0413,-0.2505,0.8053,-2.5635,108.0322,-1.4038
0.0496,-0.2345,0.9877,6.5918,80.3833,7.3242
0.0485,-0.1959,1.0502,9.0942,90.5151,13.8550
0.1002,-0.1611,0.8597,11.2305,107.1167,7.3242
0.1984,-0.1628,0.7085,0.4272,68.9697,-1.8921
0.2512,-0.1763,0.8638,-19.2871,37.1094,-10.3760
0.2855,-0.2611,0.8992,-5.8594,37.5977,-8.7280
0.3051,-0.1740,0.7688,17.5781,34.4238,2.8076
0.3303,-0.2319,0.7478,4.8218,6.1646,-2.8076
0.2998,-0.2086,0.8832,-5.1880,-14.7705,-3.1128
0.2711,-0.1859,0.8906,8.7280,-27.8931,0.6714
0.2378,-0.2128,0.8500,1.3428,-37.7808,-3.0518
0.1917,-0.2007,0.9169,1.8311,-62.8662,-1.0376
0.1617,-0.2042,0.9088,6.8970,-66.7114,0.3052
0.0890,-0.1161,0.9021,6.4087,-72.6318,2.7466
0.0199,-0.1736,1.0247,-9.2773,-80.6274,-10.3149
0.0237,-0.1929,0.9745,-19.1650,-76.5991,-17.4561
-0.0122,-0.2449,1.0413,-20.3857,-73.6084,-13.2446
-0.0359,-0.1682,0.9308,9.7046,-62.5610,1.0986
-0.1134,-0.0931,0.9160,15.9912,-67.0166,4.3945
-0.1454,-0.1229,1.0209,7.3853,-73.8525,-8.4229
-0.2435,-0.1956,1.0297,-9.5825,-76.8433,-5.9204
-0.3102,-0.1992,1.3174,-39.7339,-77.4536,-14.4653
-0.3080,-0.1661,1.2499,-19.5313,-45.9595,-1.4648
-0.3030,-0.1079,1.0096,6.5308,-14.8315,0.3052
-0.2462,-0.1372,1.0037,6.2866,-15.7471,0.9155
-0.2472,-0.1472,1.0558,4.3945,-3.2959,-0.8545
-0.2781,-0.1603,1.1482,-3.4790,7.5073,-3.3569
-0.2952,-0.1855,1.2692,-3.7231,24.2310,-3.8452
-0.2695,-0.1931,1.3079,26.7944,63.2324,7.1411
-0.2651,-0.1594,1.2585,41.8701,110.7788,17.6392
-0.2665,-0.1798,1.1019,38.0249,136.5967,19.8364
-0.1370,-0.1047,0.9417,39.4897,128.6621,19.3481
-0.0641,-0.1696,1.0162,24.2920,116.2109,11.9629
-0.0156,-0.1515,0.9028,15.1367,116.6382,7.8125
0.0786,-0.1711,0.7888,-1.4648,89.7827,2.4414
0.1453,-0.1859,0.9087,-8.4229,72.8149,-1.7700
0.1833,-0.1697,0.8690,0.8545,67.6270,0.2441
0.2136,-0.1654,0.8713,-7.7515,58.1665,-6.1646
0.2806,-0.1921,0.8954,-1.5259,48.8892,-5.3711
0.2954,-0.1912,0.8831,-12.7563,42.5415,-4.6387
FIN_VENTANA
Progreso: 4/10
INICIO_VENTANA abajo
0.3075,-0.1279,0.7947,2.8687,57.3120,-0.2441
0.3125,-0.0830,0.8094,-2.9297,38.4521,-3.6011
0.3784,-0.1699,0.7677,2.6855,26.7944,-6.5308
0.3885,-0.1948,0.8799,9.7656,10.9863,-1.3428
0.3728,-0.1730,0.8741,14.8926,10.1318,3.6011
0.3511,-0.1527,0.8831,10.0708,2.0752,4.2725
0.3580,-0.1282,0.8555,20.0806,-1.9531,8.3618
0.3345,-0.1206,0.8331,1.5259,-17.8223,-2.8076
0.2964,-0.1628,0.8596,-11.4136,-28.1372,-6.0425
0.2926,-0.1222,0.7985,-3.1738,-38.2690,-3.4790
0.2517,-0.0942,0.7571,-6.4087,-57.6172,-5.6152
0.2280,-0.0996,0.6493,17.2729,-78.7354,-1.4038
0.1327,-0.1511,0.8458,16.8457,-113.0981,-2.7466
0.0085,-0.2113,1.1312,-11.1694,-121.3989,-10.6201
-0.0591,-0.1501,1.2377,-13.5498,-118.3472,-3.9062
-0.0652,-0.2400,1.2603,-20.8740,-103.7598,-7.6294
-0.1172,-0.0978,1.0441,21.2402,-60.4248,12.3291
-0.1129,-0.0833,0.9636,25.5127,-52.3071,10.1318
-0.1888,-0.1029,0.9663,13.3667,-57.6172,6.1035
-0.2347,-0.0903,1.0697,8.5449,-65.0024,0.3052
-0.2187,-0.2145,1.1753,1.7090,-51.3916,-5.4932
-0.2174,-0.2108,1.2474,21.4844,-15.3809,4.5166
-0.2246,-0.2313,1.1646,29.0527,10.9253,8.6670
-0.2462,-0.1014,1.0488,25.8789,22.2778,10.3149
-0.2216,-0.1970,1.0582,4.9438,19.5313,-3.4180
-0.1857,-0.1774,1.0352,6.4697,23.7427,0.7324
-0.1888,-0.1840,1.2092,0.6104,31.8604,0.5493
-0.2275,-0.2201,1.3590,-4.0894,77.1484,-5.0659
-0.1533,-0.2495,1.1484,13.2446,106.5063,4.2114
-0.1021,-0.1556,1.0276,26.9775,113.8306,18.6157
-0.0607,-0.1033,0.9126,16.6626,113.7695,15.5640
-0.0083,-0.0912,0.9233,15.0146,102.8442,8.3008
0.0630,-0.1726,0.8971,2.1362,86.1816,-2.9297
0.1237,-0.2108,1.0721,-13.1226,74.2798,-6.4087
0.1824,-0.1990,0.8599,8.4839,84.2896,-0.2441
0.2271,-0.1429,0.8654,16.6626,72.0215,5.2490
0.2748,-0.1523,0.8152,11.0474,65.9180,1.6479
0.3060,-0.1763,0.9470,9.2773,51.0864,3.2349
0.3441,-0.2454,0.9380,15.9302,59.4482,4.5166
0.3826,-0.1692,0.8336,32.2876,56.3354,12.0239
0.3749,-0.1638,0.8126,9.7046,49.0723,2.4414
0.4208,-0.1466,0.7383,3.1128,36.0107,-0.7935
0.4670,-0.2029,0.6948,-3.1738,20.0806,-3.1738
0.4323,-0.1973,0.6213,-0.5493,-6.8970,1.1597
0.4059,-0.1823,0.7556,-10.7422,-52.2461,6.4087
0.3397,-0.1545,0.8679,-15.9912,-71.6553,2.5024
0.2964,-0.1290,0.7938,-22.3999,-86.7310,-4.8218
0.2101,-0.1143,0.9104,-31.1890,-103.9429,-4.2114
0.1768,-0.1149,0.8749,-12.8784,-102.6001,-0.7935
0.1365,-0.1465,0.9493,-10.9253,-108.4595,0.5493
0.0454,-0.1351,1.1836,-10.4980,-94.5435,-5.5542
-0.0353,-0.1375,0.9354,-23.3765,-96.2524,-12.6953
-0.0853,-0.0168,1.0063,-36.3159,-113.8916,-8.8501
-0.0842,-0.0026,1.1260,-18.5547,-96.0693,-8.7891
-0.1003,-0.0278,1.0537,-5.1880,-70.0073,-6.2256
-0.1211,-0.0951,0.9694,15.5029,-56.0913,-3.3569
-0.2446,-0.0861,1.0469,26.2451,-60.9131,2.1362
-0.3184,-0.0928,1.3427,4.9438,-51.0254,-2.2583
-0.3152,-0.1216,1.2310,6.8359,-19.7754,-2.0142
-0.2859,-0.0372,0.9832,14.1602,-7.8735,8.5449
-0.2588,0.0038,0.9429,-1.7700,-15.3809,0.7935
-0.2585,-0.0880,1.0649,-3.2959,-11.0474,-1.8311
-0.2684,-0.1104,1.2026,8.9722,8.9111,1.9531
-0.2627,-0.1268,1.2354,30.7007,32.2876,7.3242
-0.2543,-0.0963,1.1608,50.0488,56.9458,13.2446
-0.2092,-0.1094,1.0931,59.5093,71.5332,12.7563
-0.2034,-0.1427,1.0593,64.7583,79.1626,17.3340
-0.1760,-0.1271,1.1051,27.2217,83.8013,13.6108
-0.1317,-0.1877,1.0903,-5.3711,94.1162,-0.0610
-0.0673,-0.1913,1.0010,-4.8218,95.9473,2.6245
-0.0214,-0.1486,0.9540,-1.0376,91.3086,5.9814
-0.0062,-0.1136,1.0350,-4.0283,82.8247,4.8828
0.0299,-0.1472,1.0353,16.4795,89.2944,3.8452
0.1042,-0.1033,0.8923,17.7612,84.8999,0.9155
0.1758,-0.1477,0.9232,-5.9814,76.3550,-8.6670
0.2316,-0.1233,0.9139,6.7139,62.0728,1.2817
0.2513,-0.1370,0.8878,-5.6152,58.7158,-6.1035
0.3059,-0.2100,0.8359,-12.8174,42.4805,-10.2539
0.3386,-0.2200,0.8557,-5.7983,21.8506,-2.8687
0.3724,-0.1260,0.8629,3.6621,17.2119,7.6904
0.3302,-0.0457,0.7422,2.2583,7.2021,4.6387
0.3314,-0.0786,0.8197,-0.9155,-10.1929,-1.4038
0.3129,-0.1370,0.9496,-3.6621,-11.9629,-4.8828
0.2960,-0.1525,0.9113,0.1221,-13.0615,-2.4414
0.2893,-0.1337,0.8812,-10.9863,-31.6772,0.1831
0.2450,-0.0762,0.7849,-20.0806,-48.2788,0.0000
0.2097,-0.0790,0.8553,-14.4043,-69.1528,3.9062
0.1267,-0.0748,0.9452,-8.7280,-74.6460,4.5776
0.0927,-0.0481,0.8459,5.0659,-81.7871,4.3335
0.0658,-0.0673,0.8461,19.3481,-104.4312,0.1221
0.0040,-0.0458,0.8097,29.5410,-115.9668,-5.9814
-0.1008,-0.1246,1.2185,-2.5024,-128.7842,-16.1133
-0.1624,-0.1772,1.3187,-25.3906,-92.6514,-16.6016
-0.1816,-0.1407,1.3484,-27.2217,-64.5142,0.1221
-0.2441,-0.0050,1.1191,-13.4277,-36.1938,0.1831
-0.2037,-0.0111,1.0051,-2.8076,-33.0200,-2.8687
-0.1968,-0.0939,0.8899,5.4932,-26.1230,0.3052
-0.2463,-0.0082,0.9824,18.5547,-27.5879,12.6953
-0.2798,-0.0470,1.1316,18.5547,-12.8784,4.0283
-0.2712,-0.0839,1.1918,20.4468,3.4180,1.5869
FIN_VENTANA
Progreso: 5/10
INICIO_VENTANA abajo
-0.2728,-0.0876,0.8937,6.0425,-13.7939,2.8687
-0.2604,-0.0343,0.9423,-23.6816,-39.3677,1.6479
-0.2505,-0.0649,1.1093,-54.1992,-43.7622,-4.8828
-0.2993,-0.0225,1.1642,-20.5078,-8.7280,-0.6714
-0.3247,0.0309,0.9556,3.0518,2.9297,2.1973
-0.3145,0.0343,1.0525,-3.2349,-1.1597,-4.8828
-0.2740,-0.0182,0.9958,7.2632,6.5918,-4.8828
-0.2886,-0.0103,1.0734,13.8550,10.9863,-2.1362
-0.2656,-0.0083,1.1702,29.7852,24.9634,-0.9155
-0.2517,-0.0555,1.1887,52.8564,53.5889,-0.1221
-0.2369,-0.0975,1.1417,67.2607,71.2280,7.9346
-0.2216,-0.0432,1.0275,57.3120,75.9277,12.2681
-0.2214,-0.0343,1.1866,18.6157,71.9604,0.7324
-0.1825,-0.1467,1.1667,58.1055,112.1216,-1.8921
-0.1099,-0.1787,1.0015,38.3911,120.2393,0.9155
-0.0605,-0.0623,0.9025,13.8550,110.7178,0.8545
-0.0215,-0.0991,0.9033,-11.0474,88.3789,-11.1084
0.0430,-0.1434,0.9482,-1.3428,80.2002,-9.2773
0.1083,-0.1665,0.9779,7.8735,78.6743,-6.1646
0.1570,-0.1483,0.9536,20.1416,84.7778,2.3193
0.2380,-0.1401,0.8569,4.3945,62.0117,0.7935
0.2584,-0.1792,0.9998,-13.0005,47.3633,-5.0659
0.2700,-0.1957,0.9747,0.3052,57.0679,1.4648
0.3000,-0.0923,0.9114,25.1465,59.7534,11.9629
0.3196,-0.0562,0.8296,14.8315,54.7485,-15.3809
0.3522,-0.1357,0.8121,0.3662,36.2549,-7.0801
0.3943,-0.1710,0.7715,11.2305,30.5176,-5.9204
0.4219,-0.1813,0.7279,20.0806,14.4043,1.0376
0.3909,-0.1774,0.7592,10.3149,-10.1318,2.4414
0.3634,-0.1525,0.8275,15.6860,-29.2358,10.8643
0.3313,-0.1576,0.7740,9.2163,-44.9219,5.3711
0.2672,-0.1716,0.7870,-1.5869,-87.1582,8.9111
0.2076,-0.1632,1.0059,-1.5259,-100.7690,7.2021
0.1306,-0.1105,0.8635,2.1362,-95.4590,8.7280
0.0989,-0.1041,0.9758,-8.0566,-104.3091,2.7466
0.0842,-0.0819,0.9946,10.3149,-96.1304,-2.0752
0.0215,-0.1105,1.0865,-3.3569,-93.3228,-7.5684
-0.0236,-0.1812,1.1307,-15.7471,-78.1860,-15.3198
-0.0129,-0.1832,0.9871,4.3945,-74.9512,-9.9487
-0.0522,-0.1370,0.9746,26.2451,-75.6226,6.0425
-0.1881,-0.0608,1.1373,6.4087,-67.9932,4.8218
-0.1968,-0.1302,0.9880,-8.5449,-55.5420,-5.8594
-0.2145,-0.1917,1.1456,-21.3623,-64.5752,-8.7280
-0.2570,-0.1190,1.2001,-15.8691,-46.8750,1.4648
-0.2863,-0.0969,1.1846,-7.3853,-13.1836,2.7466
-0.2552,-0.0934,1.0007,17.8833,0.9766,0.1221
-0.2418,-0.1335,1.0748,25.0854,4.8828,-0.6104
-0.2350,-0.1307,1.0754,34.0576,17.9443,2.5635
-0.2396,-0.1396,1.0807,35.4004,27.5269,4.0894
-0.2350,-0.1500,1.0419,30.4565,35.7056,-0.4883
-0.2482,-0.1589,1.0947,14.8315,36.7432,-1.5259
-0.2261,-0.1191,1.1104,15.0146,46.6309,-4.5166
-0.1936,-0.1631,1.1951,2.4414,81.1157,-15.2588
-0.1252,-0.2285,1.1211,15.5029,99.6704,-5.6152
-0.0920,-0.1650,1.0502,32.8979,101.9287,5.3711
-0.0375,-0.1443,1.0370,22.7051,101.8066,0.0000
-0.0138,-0.2753,1.0562,-2.8076,98.5107,-9.0332
0.0819,-0.3755,1.1544,-18.2495,92.2241,5.7983
0.1719,-0.1820,0.7589,-1.8311,99.4263,22.6440
0.1771,-0.0164,0.7899,6.5308,76.4160,26.0010
0.2141,-0.0702,0.8140,-6.7139,63.2935,11.1084
0.2527,-0.1663,0.9696,5.4321,62.3169,12.3901
0.3154,-0.1460,0.8816,16.6016,66.1011,18.1274
0.3108,-0.1130,0.9095,9.5825,63.2324,12.9395
0.3224,-0.0315,0.7985,1.0376,60.7300,1.7700
0.4088,-0.1178,0.6549,0.1221,36.9263,-8.3008
0.4415,-0.1216,0.7532,4.4556,12.2070,-5.2490
0.4341,-0.1460,0.7986,1.5259,-1.2207,-8.8501
0.4164,-0.1775,0.9172,-10.4980,-6.2866,-10.6812
0.3901,-0.1481,0.9155,-2.1362,-9.5215,-8.6670
0.3827,-0.1180,0.8104,6.1035,-18.9819,-7.1411
0.3427,-0.0465,0.7362,15.9302,-34.0576,-4.6387
0.3403,-0.2061,0.7343,14.2212,-58.8379,-7.3242
0.2875,-0.1978,0.8796,33.6304,-83.3740,7.3242
0.2166,-0.1620,0.8533,18.4326,-92.2241,3.1738
0.1362,-0.0758,0.9048,5.1270,-114.3799,0.0000
0.0937,-0.1763,1.0350,-26.6113,-126.8921,-18.4937
0.0383,-0.1154,1.0861,-20.1416,-124.6948,-11.3525
-0.0320,-0.1689,1.1392,-31.5552,-110.1074,-18.9819
-0.0723,-0.1719,1.1539,-20.5078,-90.3931,-7.8735
-0.1327,-0.1066,1.0836,21.6064,-71.4722,5.5542
-0.1964,-0.1052,1.0964,13.6719,-52.3071,1.2207
-0.2073,-0.1047,1.0342,16.1133,-36.2549,-2.9297
-0.1948,-0.1433,1.0623,16.3574,-31.2500,-3.1738
-0.2222,-0.1801,1.1207,17.0288,-15.0757,1.0986
-0.2327,-0.1595,1.0680,18.5547,-3.5400,5.2490
-0.2333,-0.1282,1.1245,11.5356,4.1504,2.8687
-0.2166,-0.1251,1.0758,4.0283,13.3667,-3.2959
-0.1920,-0.1702,1.1820,-2.5024,22.8271,-9.9487
-0.1608,-0.1772,1.1963,10.1929,56.7627,-8.5449
-0.1438,-0.2382,1.2253,38.3301,91.7358,9.2163
-0.1599,-0.1929,1.1627,70.1904,120.5444,24.7192
-0.1019,-0.1337,0.9656,45.4712,130.3711,24.1699
-0.0078,-0.1893,0.9111,25.8789,109.6191,14.2822
0.0553,-0.2089,0.9850,11.9629,92.7734,13.7939
0.1201,-0.2307,0.8567,8.5449,96.8628,9.8877
0.2250,-0.2546,0.8840,3.2349,76.7822,12.0239
0.2067,-0.1982,0.9940,1.4038,58.0444,14.3433
0.2185,-0.2180,0.9598,-23.3765,53.2837,3.5400
0.2308,-0.1897,0.9812,-7.4463,49.6826,10.5591
FIN_VENTANA
Progreso: 6/10
INICIO_VENTANA abajo
0.1130,-0.1697,0.9371,5.7983,80.8105,8.0566
0.1479,-0.2509,1.0096,-8.9722,76.6602,-0.7324
0.2966,-0.2665,0.8400,0.7324,70.6787,2.6245
0.2950,-0.2465,1.0768,-4.8828,62.6221,10.1318
0.3115,-0.1840,0.8698,6.5308,82.3364,13.7939
0.3766,-0.2024,0.8274,4.5166,71.0449,8.8501
0.4070,-0.1626,0.7845,22.8882,61.4014,15.5640
0.3982,-0.1499,0.9033,14.5264,52.0020,9.0942
0.4326,-0.2007,0.8208,6.8970,46.5698,1.5869
0.4774,-0.2100,0.7319,10.0708,32.7148,1.2207
0.4558,-0.1683,0.7412,-5.6763,20.3857,-0.7324
0.4614,-0.2031,0.8356,-5.6152,0.3662,-3.1128
0.4690,-0.2333,0.9148,-3.8452,-1.7090,-2.2583
0.4764,-0.2241,0.8035,-0.4272,-1.2207,-1.4648
0.4275,-0.1597,0.7909,13.4888,-9.7656,5.1880
0.4314,-0.1208,0.7740,2.0752,-26.4893,-4.8218
0.4088,-0.1880,0.9050,-15.3809,-35.2173,-10.7422
0.3999,-0.2130,0.7914,0.0610,-35.4614,-5.9814
0.3502,-0.1096,0.7161,0.4883,-62.0117,-2.9297
0.2798,-0.0959,0.8080,-29.6021,-87.7075,-18.7988
0.2097,-0.0995,0.7452,-27.8931,-112.7319,-27.8931
0.1719,-0.1497,0.9353,-38.3911,-140.1367,-26.6113
0.0857,-0.1180,1.0497,-11.7187,-122.4976,-21.7896
0.0808,-0.1748,0.9614,9.9487,-103.6377,-22.3389
-0.0712,-0.1429,1.2938,-1.5259,-102.9053,-12.0239
-0.0662,-0.1591,1.2124,2.5635,-75.1343,-13.6108
-0.0804,-0.1788,1.1383,-26.0010,-62.6831,-9.0332
-0.0952,-0.1362,1.0320,0.7935,-56.0303,-2.8687
-0.0957,-0.1212,0.9689,17.7002,-48.2788,7.5684
-0.1746,-0.1232,1.1808,-2.5635,-43.5181,6.5918
-0.2151,-0.1810,1.2644,11.1694,-14.0991,7.7515
-0.2504,-0.0901,1.0992,14.1602,10.4980,12.3901
-0.2091,-0.0566,1.0347,3.6011,12.0850,4.0894
-0.1968,-0.0885,1.0914,0.3052,18.6768,-0.4272
-0.1768,-0.1431,1.1758,3.7842,38.0249,-1.2207
-0.1779,-0.1604,1.3141,7.5073,76.1108,3.5400
-0.1296,-0.1952,1.0972,37.9028,103.3936,0.6104
-0.0425,-0.1495,0.9502,48.0957,98.2666,7.0801
0.0033,-0.1310,0.9150,30.6396,83.1299,7.0190
0.0446,-0.1460,1.0665,-2.3804,70.8618,-1.9531
0.0393,-0.2134,1.0673,1.9531,80.9937,-1.7700
0.1157,-0.1219,0.9680,7.5684,62.5610,8.1787
0.1636,-0.1581,0.9978,-3.7842,53.2837,2.6855
0.1818,-0.1771,1.0137,-1.6479,60.4248,2.3804
0.2111,-0.1005,0.8916,9.7046,63.4766,6.8359
0.2285,-0.1229,0.8167,3.6011,52.0020,0.4272
0.2755,-0.0753,0.7352,1.7700,23.6206,2.7466
0.2859,-0.1279,0.7881,-18.3105,-3.8452,-7.3853
0.2854,-0.1805,0.9095,-3.0518,-3.6621,-2.8687
0.2634,-0.1483,0.8494,12.4512,1.0986,2.8076
0.2571,-0.1375,0.9003,7.0190,-1.5259,-0.7324
0.2825,-0.1503,0.8727,14.5874,-6.1646,3.2349
0.2501,-0.1393,0.9241,4.5776,-16.4185,-0.0610
0.2249,-0.1426,0.9590,-7.5073,-26.7334,-0.6104
0.2014,-0.1145,0.9022,-10.6812,-29.1748,-4.0894
0.1627,-0.0963,0.7712,-24.2310,-60.6689,1.8921
0.1040,-0.0477,0.8889,-38.4521,-100.5249,7.9956
0.0315,0.0134,0.9998,-47.8516,-108.0322,-2.3804
0.0039,-0.0271,1.0751,-45.1050,-106.9946,-13.0005
0.0031,-0.1222,0.9406,-24.5361,-102.3560,-13.6108
-0.0342,-0.0811,1.1108,6.7139,-85.5103,5.6152
-0.1410,0.0061,1.1692,17.2119,-61.8896,7.8125
-0.1626,0.0121,1.0187,21.4844,-40.9546,-3.8452
-0.1505,-0.0819,0.9669,13.9771,-49.3774,-9.5825
-0.1785,-0.1230,0.9879,35.4004,-41.0767,3.5400
-0.2521,-0.0126,1.1592,17.3340,-45.2881,14.7705
-0.3176,-0.0165,1.1078,-7.7515,-33.2031,-1.4038
-0.3197,-0.0569,1.2441,-13.2446,-32.2266,-6.2866
-0.3010,-0.0737,1.1859,-3.2349,-5.9814,-2.3193
-0.2847,-0.0304,1.1626,14.2822,18.3716,4.2114
-0.2568,-0.0721,1.2106,32.6538,44.2505,8.1787
-0.2101,-0.1138,1.1577,49.4995,82.6416,13.4888
-0.1594,-0.0721,1.1267,85.5713,113.4033,17.4561
-0.1681,-0.1749,0.9280,81.0547,127.4414,15.0757
-0.1121,-0.1989,1.1860,32.7759,110.2905,13.3667
-0.0499,-0.2241,1.0449,8.9722,134.8877,14.2212
0.0493,-0.1063,0.9092,16.0522,130.5542,18.9209
0.0814,-0.1520,0.8748,11.1694,105.4688,8.4839
0.1863,-0.1658,0.8441,12.8784,79.7119,-1.6479
0.2527,-0.2399,0.8328,21.0571,64.2700,5.8594
0.2515,-0.1412,0.8577,26.7944,53.2837,17.0898
0.2505,-0.1294,0.8516,0.9766,34.9121,3.4180
0.2689,-0.1864,0.9314,-8.9111,24.1699,-9.8877
0.3433,-0.2576,0.8414,-3.4180,20.1416,-8.8501
0.3437,-0.1843,0.8566,-0.7324,13.4277,-2.1362
0.3400,-0.1914,0.8597,13.0005,5.9814,4.6997
0.3109,-0.1758,0.9630,-9.5825,-5.3711,-8.1787
0.3395,-0.2351,0.8931,-1.5259,-5.8594,-5.2490
0.3296,-0.2032,0.8395,6.4087,-15.6860,1.5259
0.2732,-0.1821,0.9047,1.7700,-30.3955,0.7324
0.2689,-0.1675,0.8025,-0.3052,-38.0249,0.1221
0.2227,-0.1357,0.7487,-17.8223,-71.2891,-6.7139
0.1555,-0.1107,1.0135,-53.5889,-102.0508,-4.3945
0.0740,-0.0603,0.9585,-33.2031,-97.5342,-11.8408
0.0350,-0.1139,1.1635,-37.9639,-107.5439,-25.5127
0.0017,-0.1123,1.0010,2.6855,-81.5430,-21.2402
-0.0562,-0.0494,0.9969,-7.4463,-99.4263,-7.9346
-0.0864,-0.0219,1.1498,-14.7705,-95.0928,-16.7847
-0.1245,-0.1296,1.2036,-12.5122,-64.5752,-17.7002
-0.1672,0.0173,1.0294,-3.2349,-40.7715,-7.2021
FIN_VENTANA
Progreso: 7/10
INICIO_VENTANA abajo
0.1938,-0.1436,0.8392,14.0381,-68.7866,6.0425
0.1445,-0.2561,0.9845,-4.6997,-90.5762,-3.9673
0.0984,-0.0638,0.9597,8.4229,-86.0596,-8.4839
0.0209,-0.1714,0.9089,-40.5884,-104.7974,-32.9590
-0.0061,-0.1924,1.2094,-58.7158,-118.0420,-34.0576
-0.0393,-0.2950,1.1584,-15.8691,-62.6831,-8.1787
-0.0605,-0.0790,0.9861,-0.5493,-47.5464,7.9346
-0.1017,-0.0586,1.0044,-13.0005,-58.7769,1.5869
-0.1270,-0.0547,1.0345,-14.3433,-46.9360,-6.4087
-0.2007,-0.1138,1.0591,-3.3569,-37.9639,-9.2163
-0.2522,-0.0990,1.0103,6.8359,-42.1753,-2.3804
-0.2795,-0.0442,1.0188,0.3052,-41.0156,-4.0283
-0.2556,-0.0554,0.9409,-5.4321,-42.5415,-7.1411
-0.2374,-0.0649,1.0691,-15.7471,-38.7573,-8.8501
-0.2627,-0.0769,1.0181,1.4038,-18.0664,-5.9204
-0.2782,-0.1008,1.0575,1.6479,-15.4419,-7.2021
-0.2875,-0.0824,1.1017,10.6812,-2.8076,-3.1738
-0.2667,-0.0441,1.0876,31.2500,20.9961,0.3052
-0.2832,-0.0194,1.1337,45.8374,47.1802,-1.7090
-0.2770,-0.1068,1.1558,54.9316,88.4399,-7.0190
-0.2207,-0.1678,1.1750,44.3726,122.1313,5.5542
-0.1733,-0.2186,0.9810,31.1890,145.0806,15.5029
-0.1068,-0.2069,0.9717,31.9214,125.6104,22.5830
-0.0200,-0.2015,0.9872,30.4565,125.1221,24.7803
0.0613,-0.1620,0.8408,35.6445,111.1450,27.2827
0.1115,-0.2113,0.9451,11.2915,62.8662,10.5591
0.1541,-0.1658,0.9790,18.7988,89.8438,15.8081
0.2135,-0.1609,0.8771,-0.1221,76.2329,2.1362
0.2661,-0.2274,0.9252,-18.9819,57.0068,-9.2773
0.2832,-0.1550,0.9929,-15.9912,50.7813,-10.0098
0.2687,-0.2112,0.9075,-15.1978,57.4951,-15.4419
0.2880,-0.1515,0.8937,3.1738,45.3491,-5.0049
0.3138,-0.1949,0.9369,1.7700,27.7710,-8.3618
0.3585,-0.1530,0.8534,23.6206,27.8320,-2.5024
0.3663,-0.2428,0.7246,21.6064,14.4043,-0.1221
0.3687,-0.1733,0.7997,37.9639,-23.4985,11.6577
0.3481,-0.2650,0.9207,7.3242,-32.5928,-0.8545
0.2821,-0.1899,0.8567,-2.6855,-57.4341,5.6152
0.2770,-0.1307,0.9258,-20.9351,-66.3452,0.0610
0.2299,-0.1196,1.0709,-48.1567,-48.7671,-18.8599
0.1952,-0.0227,1.1437,-44.3726,-21.4233,-17.4561
0.5167,-0.2240,0.9395,-11.7187,-6.5918,-83.7402
0.1616,-0.1350,1.1315,-3.3569,-22.3999,-2.4414
0.1835,-0.0042,1.0266,-2.0752,6.8359,-7.2632
0.1512,-0.0382,1.0596,9.7656,15.8691,-6.2866
0.2719,-0.4844,0.3274,-4.9438,27.7100,-5.6152
0.1564,-0.0908,0.9330,57.4341,-95.6421,68.3594
0.1428,-0.1053,1.1129,80.6885,-67.4438,48.7671
0.0624,-0.1847,0.8672,117.2485,-69.8853,43.4570
0.0049,-0.1140,0.6686,148.7427,-157.3486,49.9878
-0.1525,-0.2708,1.1543,28.0151,-196.3501,-4.8828
-0.1423,-0.3182,1.1160,-29.6631,-166.5039,-19.4092
-0.2018,-0.3235,1.1995,-28.6255,-128.2959,-15.0146
-0.2952,-0.1902,1.1553,-9.8877,-75.6226,-21.0571
-0.3197,-0.2407,1.0830,11.6577,-15.7471,-25.6958
-0.3184,-0.2877,0.9850,18.0054,-16.1133,-8.9111
-0.3542,-0.2925,1.0439,15.3198,4.9438,-0.8545
-0.3622,-0.1763,1.0240,3.1738,14.5874,-0.6714
-0.3381,-0.2344,1.1267,-13.0005,34.9731,-13.6719
-0.2482,-0.2294,1.0834,-16.9067,74.0967,-16.3574
-0.2466,-0.1292,1.1552,-33.2642,94.4824,-25.7568
-0.1918,-0.1714,1.0505,-52.6733,155.1514,-34.6680
-0.1149,-0.1482,0.9612,-20.4468,151.0010,-25.2075
-0.0232,-0.1029,1.1045,-8.4229,134.6436,-29.9683
0.0646,-0.2163,0.8917,-39.9780,143.0054,-42.7856
0.1318,-0.2080,0.9578,-19.0430,96.6187,-21.7285
0.0988,-0.0250,1.0386,73.4863,62.4390,19.7144
0.1304,-0.0886,1.0356,57.9224,99.9756,10.9863
0.1898,-0.1187,0.9050,95.5200,104.0039,29.7852
0.2992,-0.1725,0.7998,58.0444,81.0547,15.0146
0.3291,-0.1844,0.8274,11.7798,42.0532,-0.5493
0.3025,-0.2266,0.7772,-8.6060,19.5313,-6.8359
0.2928,-0.1384,0.7412,3.5400,-18.5547,3.5400
0.2799,-0.2292,0.9799,-12.3291,-39.8560,-5.6152
0.2583,-0.2932,0.7239,-9.6436,-38.8184,6.5918
0.2222,-0.1578,0.7957,21.3013,-82.4585,33.9355
0.1698,-0.1608,0.9755,6.7749,-98.5718,11.5967
0.1449,-0.1727,0.9802,44.9829,-97.5952,6.0425
0.0487,-0.1066,1.1382,15.6250,-84.1064,-10.0098
0.0906,-0.2260,1.2141,6.8970,4.0894,-34.9731
0.2255,-0.2327,0.7369,48.2178,18.1885,-9.3384
0.2008,-0.2280,0.6473,50.4150,-12.2681,-0.6714
0.0597,-0.3075,0.8269,84.4116,-39.1846,11.3525
-0.0172,-0.1820,1.1719,60.5469,-43.9453,25.6958
0.1257,-0.4897,0.9186,-29.9683,-13.7939,-43.9453
0.2468,-0.5923,0.8988,31.0059,-74.8901,11.7798
-0.0873,-0.3649,1.4918,65.7349,-59.6924,29.1138
-0.0959,-0.3145,1.0436,57.0679,7.2021,28.9917
-0.0687,-0.3783,0.9940,39.1235,-7.6294,9.3384
-0.1068,-0.4036,1.1632,19.7754,-26.7944,1.4038
-0.0884,-0.4274,1.2244,-4.8828,-1.2817,-11.2915
-0.0497,-0.5369,1.1869,-8.1177,15.1978,-8.4229
0.0306,-0.4459,1.0869,-0.4272,41.6260,18.0664
0.0256,-0.3182,1.0685,7.8125,40.6494,21.5454
0.0103,-0.3478,0.9871,7.0801,45.4712,12.2070
0.0293,-0.3605,0.9119,-1.3428,30.8228,11.2305
0.0327,-0.4224,1.0494,1.6479,15.7471,6.1646
0.0201,-0.5326,0.9125,68.0542,19.2261,39.7339
0.0048,-0.3199,1.0184,35.0342,21.7285,36.9873
0.0282,-0.4070,0.9329,2.6855,39.9780,14.0381
FIN_VENTANA
Progreso: 8/10
INICIO_VENTANA abajo
0.0619,-0.1982,1.0300,-6.5918,21.7285,-3.6011
0.0895,-0.1938,0.9896,-4.5166,19.8364,3.4790
0.0387,-0.1315,1.0597,-4.8218,16.1133,9.5215
0.0634,-0.1238,0.9982,-1.8311,25.3906,4.9438
0.1047,-0.1395,0.8787,-0.7935,20.8740,3.0518
0.0952,-0.1079,0.8925,2.6245,13.9160,2.5024
0.0796,-0.1295,0.9609,-1.7700,7.6904,0.6714
0.0878,-0.1014,0.8761,8.8501,18.1274,6.1646
0.1035,-0.1162,0.7911,3.5400,8.1177,-0.5493
0.1180,-0.1246,0.8594,2.1973,-1.7700,-2.0142
0.0791,-0.1307,1.0098,6.2866,0.8545,1.0376
0.0829,-0.1267,0.8990,15.6250,10.4370,0.3052
0.1232,-0.1252,0.8516,22.0337,2.1973,-1.6479
0.1096,-0.1631,0.9218,13.3057,-10.6201,-3.4180
0.0679,-0.1216,1.0249,5.5542,-12.0850,-3.1128
0.0874,-0.1218,0.9309,1.5869,-7.1411,-8.0566
0.0895,-0.1644,0.9034,-17.4561,-18.4937,-12.6343
0.0745,-0.1636,0.9635,-26.0010,-21.6675,-13.1226
0.0421,-0.0991,0.9163,-11.3525,-14.0991,-6.7139
0.0261,-0.0549,0.8403,6.2866,-23.8647,-8.1177
0.0640,-0.1063,0.8070,22.3389,-35.6445,-6.5918
-0.0012,-0.1727,1.0465,25.8789,-58.3496,-4.8218
-0.0621,-0.1552,1.2009,22.6440,-35.7056,-2.5024
-0.0784,-0.1788,1.1775,24.5361,-26.5503,-2.9297
-0.0795,-0.1885,1.2246,20.8130,-23.9868,-2.1973
-0.0768,-0.2449,1.3105,12.0850,-12.0850,-0.4272
-0.0687,-0.1726,1.1460,22.9492,13.2446,7.7515
-0.0464,-0.1693,1.0331,15.9912,9.8877,0.6104
-0.0535,-0.1466,1.0203,11.4746,5.6763,3.0518
-0.0492,-0.1875,1.0309,11.7187,5.3101,0.7324
-0.0544,-0.1860,1.0060,9.5215,9.2773,0.4272
-0.0565,-0.1897,1.0259,7.0801,7.6294,0.1831
-0.0576,-0.2142,1.0706,6.4087,5.7983,-0.4272
-0.0552,-0.2235,1.1224,5.0659,15.6250,0.0000
-0.0157,-0.2063,1.0634,5.3711,17.5171,0.8545
-0.0325,-0.1891,1.1880,0.8545,16.7236,1.9531
-0.0347,-0.1917,1.0594,-6.9580,25.8179,-4.2725
-0.0178,-0.2094,1.1106,-7.9956,20.4468,-1.9531
-0.0160,-0.2456,1.1719,-9.5825,27.7100,0.3052
0.0129,-0.1965,1.0457,-0.6714,41.3818,5.7373
0.0032,-0.1702,1.1045,7.3242,38.8184,9.7046
0.0455,-0.1367,0.8967,-8.5449,44.9829,1.0986
0.1006,-0.1294,0.8491,-7.3242,32.1655,1.1597
0.0953,-0.1038,0.9343,-12.1460,21.7896,2.3804
0.1135,-0.1034,0.9099,-7.7515,23.9868,1.5869
0.1201,-0.0699,0.7914,1.4648,17.7612,4.8218
0.1135,-0.0857,0.8248,1.5869,0.8545,1.7090
0.0731,-0.0875,0.9526,-0.9766,-2.2583,-1.0986
0.0583,-0.1112,0.9061,3.5400,0.3052,-4.3945
0.0808,-0.1061,0.8926,4.5166,-1.0376,-3.0518
0.0781,-0.1255,0.9375,7.9346,-5.9814,-3.8452
0.0469,-0.1127,0.9296,9.1553,-5.9814,-3.6621
0.0559,-0.0916,0.8167,16.0522,-15.8081,-3.1738
0.0677,-0.1273,0.8577,0.5493,-41.9922,-11.2915
0.0328,-0.0659,0.7056,23.1323,-58.4717,-1.5259
-0.0037,-0.1781,0.7458,24.5972,-91.8579,-9.0332
-0.0852,-0.2023,1.1581,38.8184,-106.6895,2.1362
-0.1713,-0.1985,1.1322,28.4424,-81.9092,-5.4932
-0.2047,-0.2655,1.2637,22.1558,-57.7393,-5.0049
-0.3754,-0.1436,1.0995,2.1362,-24.3530,10.0098
-0.2468,-0.0687,0.7915,17.8833,25.5737,23.8647
-0.1737,-0.3135,1.3658,9.3994,-11.2915,5.0049
-0.1748,-0.2620,1.2410,37.0483,32.4097,18.6157
-0.1522,-0.2637,1.1261,57.8613,49.1943,26.8555
-0.0852,-0.2603,1.0503,22.5220,29.6021,8.5449
-0.0802,-0.2662,1.1545,-3.1738,38.5132,-8.8501
-0.1023,-0.2729,0.7494,-6.2866,53.5889,-19.9585
-0.1270,-0.2297,1.0457,-26.3672,18.1885,-21.7285
-0.1099,-0.3625,1.0968,28.1982,34.8511,-1.2817
-0.0481,-0.2230,1.0214,48.3398,50.4150,18.8599
-0.0095,-0.1954,0.9445,34.9731,52.0630,0.9766
0.0348,-0.2845,0.8145,8.4839,36.8042,-7.6904
0.0084,-0.3363,0.9757,-19.6533,20.5688,-16.5405
-0.0413,-0.3284,1.0801,-30.7617,17.8833,-15.3198
0.0417,-0.2617,0.9799,-0.1831,29.8462,2.3804
0.0437,-0.1876,1.1270,3.3569,31.1279,-6.2256
0.1193,-0.2701,0.9740,78.7354,78.7354,-17.7612
0.1681,-0.2885,0.8135,96.0693,66.1621,6.0425
0.1230,-0.3680,0.8510,31.2500,47.9126,-8.1787
0.1611,-0.3979,0.8820,21.6675,34.7290,-2.3193
0.1737,-0.3411,0.7253,14.6484,21.9116,1.9531
0.1450,-0.2859,0.7996,-30.7617,-19.2261,-8.6060
0.0986,-0.4587,1.0088,-50.2930,-35.2783,-13.1226
0.0553,-0.4517,0.7777,26.4282,-34.1187,32.4097
0.0378,-0.3427,0.6263,15.8081,-94.9097,57.4341
0.0355,-0.2180,0.7775,-11.5356,-171.3867,48.3398
-0.1581,-0.2333,1.1376,-48.4619,-200.0122,13.1836
-0.1530,-0.3063,1.1875,-25.6958,-147.0337,-1.2207
-0.1833,-0.3241,0.9546,-10.2539,-100.0366,-13.6719
-0.1909,-0.4247,1.0134,4.6387,-103.7598,7.6904
-0.3475,-0.2533,1.0842,20.6299,-70.9839,8.8501
-0.3539,-0.2848,0.9991,43.9453,-51.6357,5.2490
-0.3812,-0.2953,1.0313,32.6538,-36.6821,-1.5869
-0.3967,-0.3485,1.0271,-6.8359,-12.8784,0.6104
-0.3715,-0.2823,0.9833,-30.4565,12.8784,1.5869
-0.3689,-0.2993,0.9777,-35.7056,15.2588,-11.6577
-0.3730,-0.2373,1.0016,-38.0249,33.6304,-22.4609
-0.3375,-0.2776,1.1912,-44.4946,48.8281,-20.6299
-0.3473,-0.2037,1.1399,-12.6343,94.6655,-21.9116
-0.2870,-0.2422,1.1141,-10.9253,115.8447,-30.8228
FIN_VENTANA
Progreso: 9/10
INICIO_VENTANA abajo
-0.3289,-0.1992,1.0662,-31.6772,45.7764,-1.5869
-0.2928,-0.1283,1.1581,-12.3291,72.8760,2.6245
-0.2893,-0.1465,1.0413,-8.4839,108.3374,-11.0474
-0.2550,-0.1685,0.9803,-4.6387,108.3984,-14.6484
-0.1960,-0.1641,1.1354,16.9678,98.4497,2.1973
-0.1488,-0.2032,1.0380,51.6357,129.2725,9.4604
-0.0675,-0.1335,0.9327,65.1245,120.3613,20.2026
-0.0201,-0.2256,0.9932,58.2886,96.3745,12.2681
0.0284,-0.2823,0.9337,76.0498,97.3511,17.2119
0.1313,-0.1570,0.8284,72.8760,79.1016,11.2915
0.1528,-0.2363,0.7758,20.0195,43.4570,-4.9438
0.1448,-0.2175,0.8979,-10.0708,17.2119,-20.6909
0.1305,-0.2360,0.8651,-44.3726,7.2021,-36.9263
0.1455,-0.2356,0.9229,-50.1099,-3.4180,-34.0576
0.1340,-0.2684,1.0397,-30.8838,-4.6997,-24.5972
0.1196,-0.2329,0.9618,-22.1558,-0.6104,-16.4795
0.0782,-0.3308,0.9382,-7.2021,-21.8506,-6.6528
0.0836,-0.1848,0.8838,46.3257,-39.2456,41.3818
-0.0127,-0.2451,0.9171,21.3623,-57.6782,29.7852
0.0452,-0.0605,0.5066,-4.3945,-104.6143,37.9639
-0.1483,-0.0731,0.8035,-93.3838,-222.3511,-6.5308
-0.2231,-0.1149,1.2667,-99.9146,-222.4731,-8.9111
-0.2474,-0.0640,1.1860,-83.6792,-145.5078,-20.9961
-0.3127,-0.2699,1.1610,-17.2119,-86.0596,-34.6069
-0.4100,-0.0078,1.2590,48.8281,-49.3774,13.7329
-0.4523,-0.0742,1.1426,49.8047,1.0986,3.7231
-0.3428,-0.1580,0.9379,27.0996,-0.0610,6.4087
-0.3448,-0.1115,1.0702,8.8501,-9.5825,14.9536
-0.3870,-0.1169,0.9886,0.3052,7.3853,18.3716
-0.3563,-0.0485,0.9918,-2.9297,18.3105,19.2261
-0.3201,-0.1105,0.9426,-0.9155,21.7896,10.1929
-0.3508,-0.0924,1.1931,12.3901,32.4097,8.6060
-0.3174,-0.0607,1.2635,38.7573,97.1069,-3.7231
-0.2800,-0.2159,1.0635,31.0059,113.5254,-10.6201
-0.2396,-0.2675,1.1146,47.8516,133.4229,3.5400
-0.1459,-0.2284,1.0153,65.9790,150.9399,26.0620
-0.0822,-0.1599,0.9851,81.8481,151.0010,20.2637
0.0627,-0.2919,0.7848,58.0444,144.4092,6.5918
0.1371,-0.2709,0.8114,68.6035,102.2949,20.5688
0.2811,-0.2371,0.8102,46.7529,78.1860,9.5825
0.1293,-0.2397,0.9584,-35.7666,32.7759,-35.6445
0.2007,-0.1926,0.9902,-41.8701,26.1841,-30.3955
0.1859,-0.3512,0.8512,-25.3296,33.3252,-30.4565
0.1835,-0.2441,0.8925,-1.2207,9.7046,-6.9580
0.1699,-0.2853,0.9408,-3.1128,0.3662,-6.4697
0.1600,-0.3204,1.0226,1.7090,-6.5918,0.6714
0.1744,-0.2964,0.9572,8.4229,-6.4697,12.2681
0.1342,-0.2577,0.9264,6.2866,-18.2495,14.3433
0.0839,-0.3373,0.8719,63.1104,-37.2925,55.1758
0.0723,-0.2083,0.7229,66.6504,-66.2842,70.6787
0.0840,-0.1082,0.8317,-32.2876,-127.5024,19.1650
0.0258,-0.3164,0.9904,-68.5425,-141.4795,-25.0244
-0.1309,-0.2842,1.0547,-87.0361,-167.1143,-36.4990
-0.1649,-0.2898,1.2566,-68.6646,-129.0283,-21.8506
-0.1338,-0.1132,0.9227,13.1836,-58.1665,20.4468
-0.1899,-0.1072,0.9363,7.8735,-57.7393,25.1465
-0.3109,-0.0105,1.0438,-22.0337,-62.8052,5.0659
-0.1644,-0.2689,1.2534,-33.5083,-53.9551,-17.5781
-0.1777,-0.3336,0.9501,4.8218,-25.0244,29.5410
-0.3411,-0.0334,1.0601,18.6157,-31.1890,39.2456
-0.3833,-0.1051,1.0770,15.2588,-6.7749,15.6250
-0.3116,-0.0658,0.9979,-2.6245,23.8647,-3.2959
-0.3308,-0.1201,0.8276,-21.3623,22.0337,-23.9868
-0.3527,-0.1676,0.9851,-19.1650,-10.3760,-23.5596
-0.3114,-0.1349,0.9652,-2.9297,-0.6714,-9.4604
-0.3153,-0.1665,0.9657,28.3813,-14.5874,5.3711
-0.3341,-0.1627,1.1355,22.3999,9.4604,9.3994
-0.3032,0.0027,1.2538,31.1890,30.0293,0.9766
-0.3031,-0.1865,1.3501,37.5977,101.1353,-21.3623
-0.2660,-0.3146,1.1288,76.8433,170.6543,-1.3428
-0.1621,-0.2888,0.9167,94.9707,186.2183,40.7104
0.0292,-0.0803,0.7451,103.6987,154.4189,53.7720
-0.1172,-0.0790,0.8949,37.5977,87.9517,-45.4712
0.0627,-0.4366,0.9425,-8.5449,78.6743,-43.2739
0.1498,-0.3727,0.8599,5.0049,72.6929,-15.6250
0.1389,-0.2472,0.7980,21.4233,50.8423,1.5259
0.1682,-0.2394,0.9171,-0.1831,24.5361,-9.6436
0.1238,-0.2854,1.0356,-23.5596,7.5073,-36.1938
0.0969,-0.4056,1.0197,-8.7891,33.9355,-3.9673
0.0859,-0.4059,0.8296,57.0068,7.6904,32.8979
0.0728,-0.4084,0.8861,80.6885,-39.7949,64.2090
0.1301,-0.2336,0.7405,73.0591,-77.2705,71.5332
0.1005,-0.1210,0.8143,-5.7983,-115.1123,26.9165
-0.0171,-0.1718,0.8413,-61.8896,-134.4604,-28.3203
-0.1586,-0.3441,0.9054,-73.0591,-160.0952,-50.8423
-0.1573,-0.3293,1.2748,-23.0103,-156.4941,-21.9727
-0.0442,-0.4452,1.0472,-33.4473,-68.6646,-15.3809
-0.2291,-0.1489,1.0873,16.4185,-46.2036,12.5122
-0.3234,-0.0183,0.9263,-1.0376,-26.3672,-14.4653
-0.2328,-0.3390,1.1843,-18.3105,-29.9683,-26.4893
-0.2740,-0.2108,1.0007,1.0986,4.0283,-0.6104
-0.3168,-0.2369,0.9777,-2.1973,-8.8501,2.6245
-0.3423,-0.1901,0.9508,5.8594,-6.5308,10.3760
-0.3219,-0.1416,0.8011,-2.9907,-16.6016,3.4790
-0.3551,-0.1422,0.7871,-10.2539,-58.4717,-0.4883
-0.4166,-0.1912,1.0146,2.6855,-83.5571,-6.1035
-0.1388,-0.1471,0.7362,12.0239,-53.3447,-3.4180
-0.4417,-0.2849,1.0875,-30.0293,-72.4487,-48.2788
-0.4752,-0.1764,0.9716,19.1650,-9.3994,0.2441
-0.4619,-0.1715,0.9915,14.4653,-4.0894,-3.7231
FIN_VENTANA
Progreso: 10/10
Lote completado: abajo
Listo para nueva etiqueta. Formato: <etiqueta> <numero_de_ventanas>
INICIO_VENTANA izquierda
0.1022,-0.1014,1.0686,11.3525,13.0005,82.8247
0.1107,0.0688,1.0205,57.6172,17.7002,85.5103
0.0432,-0.1105,1.0824,23.0713,9.5825,68.8477
0.0132,0.1296,0.9360,34.4849,12.7563,73.0591
0.0195,0.0577,0.8534,26.4282,16.1743,53.2227
0.0381,-0.0708,0.9564,22.2778,-2.1362,41.4429
-0.0565,0.1178,1.0305,4.2725,-18.9209,23.6206
-0.0299,-0.1152,1.1902,-13.0615,-16.1743,2.1973
-0.0483,-0.0020,1.1324,2.6245,19.4702,5.9204
-0.0431,0.1443,0.9194,1.0986,34.1797,-20.3247
-0.1044,0.3741,0.8098,-8.8501,25.7568,-66.2842
-0.1021,0.2653,0.8118,-39.6729,12.0850,-156.8604
-0.0701,0.0238,1.2290,-80.2612,-26.4893,-171.9360
-0.0416,0.1232,1.1523,-40.5273,-7.5684,-169.6167
-0.0045,-0.1617,1.2661,-22.1558,-2.0752,-165.5884
-0.0730,0.0846,0.8279,21.0571,51.7578,-130.5542
-0.0527,-0.0028,0.9724,30.7007,15.3809,-151.1841
0.0286,-0.0709,0.8961,0.5493,13.1836,-172.4243
0.2336,-0.4501,1.1315,-17.2729,-5.4932,-162.8418
0.1495,-0.0483,1.0173,9.0332,38.5132,-116.2720
0.1437,-0.2473,0.9706,2.3804,33.2642,-136.5356
0.1724,-0.4463,1.1327,20.0195,32.3486,-87.5244
0.1022,-0.3123,0.9904,53.8330,47.1802,-12.3291
0.1910,-0.0876,0.8856,69.2749,31.7383,16.6626
0.1921,-0.2039,1.0155,45.8984,10.8032,7.5684
0.2042,-0.4526,1.0804,42.3584,24.6582,18.6157
0.2781,-0.7672,1.0334,12.9395,13.9160,82.9468
0.1992,-0.5077,1.0461,8.3008,4.6997,214.8437
0.0996,0.0031,0.7198,44.2505,-6.6528,225.6470
0.2410,-0.1625,0.8976,-7.3242,-51.6968,161.2549
0.1384,-0.1796,0.9698,1.4648,-47.9736,143.8599
-0.0436,0.1117,0.9387,-31.4941,-54.6265,150.5737
-0.0238,0.3040,1.1555,-30.8838,-58.8379,139.5874
0.0974,-0.1417,1.0826,8.9111,-27.2827,110.7788
0.0168,0.2200,1.2826,33.0200,-12.1460,121.5820
-0.1279,0.2755,1.0691,26.0620,17.5171,68.8477
-0.0214,0.1040,0.9780,16.6016,10.9253,50.3540
0.0990,-0.0977,1.0674,24.7192,-1.8311,40.4053
0.0751,0.1345,1.1359,46.0815,15.4419,56.0303
0.0453,0.1794,0.9563,5.6763,24.4141,8.6060
0.0422,0.0898,0.8542,9.4604,6.4697,2.9297
0.0653,0.1055,0.9570,7.5073,-8.6670,-16.1743
0.0663,0.1371,0.9990,-2.2583,-4.9438,-40.2832
0.0416,0.0929,1.1162,-26.7944,-8.0566,-72.6929
-0.0184,0.2056,1.0654,-34.5459,5.1270,-93.8110
-0.0531,0.2684,0.9175,-28.0151,8.9722,-120.3613
-0.0635,0.1162,0.9479,-4.5776,-6.2256,-152.5269
-0.0018,0.0176,1.2151,21.6064,-8.5449,-149.5361
0.0560,-0.1538,1.2438,38.3911,22.7661,-144.1040
0.0573,-0.0360,1.1093,66.8945,60.0586,-133.5449
0.1320,-0.2410,0.7922,61.1572,69.0308,-148.4375
0.1984,-0.3448,0.7935,47.7295,29.7241,-123.7793
0.2626,-0.4180,0.9117,-0.1221,7.1411,-104.9805
0.2446,-0.3984,0.8832,-13.9771,0.0000,-63.7817
0.2067,-0.3088,0.8979,-6.0425,-5.6763,-43.4570
0.1581,-0.2601,1.0769,-7.2021,-12.0239,-33.1421
0.1421,-0.2900,1.0660,-0.9155,0.7324,-28.8086
0.1602,-0.2773,0.9294,-1.7090,2.5635,-15.6250
0.1530,-0.3210,0.9987,-1.5869,-3.4790,2.6245
0.2069,-0.6594,1.3279,15.1978,5.3101,43.5181
0.2417,-0.6068,1.1108,30.2734,42.6636,133.9111
0.2505,-0.3546,0.7637,21.3013,30.1514,171.2646
0.2185,-0.2742,0.7434,64.4531,12.5122,182.0068
0.1334,-0.1238,0.6802,78.3081,-25.7568,190.2466
0.1510,-0.0541,1.0203,-5.9204,-83.4961,162.1094
0.0504,-0.0709,1.2406,-35.0952,-86.7920,116.2109
-0.0265,0.0404,1.2908,-37.2314,-38.6353,115.7837
-0.0122,-0.0583,1.1499,12.6343,12.9395,107.0557
-0.0598,0.3151,1.0930,28.6255,4.2114,92.6514
0.0807,0.0508,1.0220,-11.9019,-2.5635,43.2739
0.1263,-0.0490,0.9597,-2.2583,5.1880,27.9541
0.1406,0.0469,0.9244,5.7373,16.9067,34.6069
0.1715,-0.0050,0.8580,-11.1084,-2.9297,20.3247
0.2126,-0.0643,0.9736,-7.0801,-15.5640,19.1040
0.1105,-0.0190,1.0422,8.3618,-15.8691,18.0664
0.0836,0.1018,0.8750,17.2729,-6.7749,15.4419
0.0844,-0.0034,1.0066,7.6294,-17.8833,-13.4888
0.1161,0.0410,1.1169,1.0376,-14.5874,-20.2637
0.0820,0.1112,1.0717,-15.8691,-1.5869,-39.8560
-0.0416,0.3047,0.9242,-30.7007,2.4414,-72.9980
-0.0892,0.2087,0.9717,-72.3877,-11.4746,-149.7192
-0.0845,0.1951,0.9413,-53.5278,-11.1694,-155.4565
-0.0156,-0.0208,1.1014,-10.7422,-25.3906,-152.6489
0.0865,-0.0580,1.2493,18.7378,-16.9678,-122.0703
0.1346,-0.1073,1.1708,50.3540,29.2969,-92.4072
0.1206,0.0072,0.8948,36.0718,44.1284,-79.4678
0.1113,-0.0397,0.8542,19.7144,21.2402,-81.0547
0.0714,0.0575,0.8461,22.4609,8.3618,-87.9517
0.1622,-0.3148,1.1720,-2.5635,-12.6953,-106.8115
0.1952,-0.2802,1.0215,25.7568,28.0762,-53.2837
0.1173,-0.0106,0.8231,27.4048,26.1841,-39.5508
0.1227,-0.0892,0.8259,-1.4648,-3.2959,-62.1948
0.2187,-0.3464,0.9899,-5.9814,-16.4185,-54.2603
0.2117,-0.3391,1.1545,13.3057,-4.1504,-5.7373
0.1626,-0.1777,1.0825,34.9731,20.7520,10.4370
0.1843,-0.2667,0.9170,19.7754,16.1133,13.3667
0.2517,-0.4268,1.1411,43.1519,19.2261,59.9365
0.2820,-0.7036,1.1826,70.5566,36.5601,117.4927
0.2620,-0.4672,1.0194,134.4604,47.1802,193.0542
0.2019,0.0005,0.4559,54.6875,-10.3149,169.1284
FIN_VENTANA
Progreso: 1/10
INICIO_VENTANA izquierda
0.2365,-0.3364,1.1632,20.9351,20.3857,-42.5415
0.2095,-0.1188,0.8208,28.1372,35.5225,-6.1035
0.2161,-0.1904,0.8102,23.0103,5.3711,9.8877
0.1896,-0.3192,1.0514,61.3403,-3.2349,47.7295
0.1593,-0.2885,1.2401,108.5205,12.5122,107.6660
0.2305,-0.0215,1.0470,100.7080,30.4565,121.4600
0.2549,-0.3523,0.9698,47.0581,23.7427,94.5435
0.2798,-0.0564,0.7753,34.7900,-1.8921,114.3188
0.3074,-0.3651,0.7682,-10.6812,-19.4092,85.8765
0.3206,-0.4305,1.0027,-6.6528,-40.6494,110.5957
0.2157,-0.2238,0.9272,29.9072,-27.8931,145.9351
0.1111,0.0231,0.8928,36.5601,-55.9692,151.8555
0.1821,-0.1128,0.9932,7.0801,-63.2935,109.6802
0.0931,-0.0552,1.0251,29.5410,-33.3862,117.7368
-0.0026,0.0728,1.1600,22.5220,-41.8701,92.6514
-0.0858,0.0344,1.1945,9.7656,-30.4565,69.5190
-0.0729,0.0046,1.0851,10.2539,4.0283,48.1567
0.0100,0.0199,0.9943,32.8369,9.4604,54.5654
0.0162,-0.0137,1.1069,24.0479,3.1738,39.3066
0.1111,-0.0891,0.9756,27.8931,12.5122,34.6680
0.1665,-0.1000,0.9276,13.8550,5.7373,23.4985
0.0393,0.0105,0.9991,11.9629,4.2114,8.4839
-0.0255,0.1064,0.9219,1.9531,3.2349,-21.6675
-0.0140,0.0770,0.9780,-32.4097,-9.9487,-70.6177
-0.0686,0.2303,1.1709,-78.9795,-15.2588,-109.1919
-0.1677,0.2668,1.1908,-130.7373,-5.6763,-172.6074
-0.1331,0.1667,0.8729,-105.6519,23.8037,-208.3130
-0.1068,0.0529,0.8757,-40.1001,-19.0430,-190.4297
-0.0024,-0.0464,1.3312,13.0615,-10.9863,-174.6826
0.1134,-0.2729,1.1917,48.3398,41.4429,-160.7056
0.1313,-0.1812,0.9454,82.3364,74.0967,-127.3193
0.1658,-0.1682,0.7021,36.9873,56.1523,-121.1548
0.3202,-0.4689,0.9703,-14.3433,-0.8545,-108.5205
0.3308,-0.3706,1.0535,-13.9771,2.1362,-61.4624
0.2411,-0.1893,0.9050,6.2866,11.7187,-20.2637
0.1938,-0.1034,0.8604,4.1504,-7.6904,-21.4844
0.2007,-0.2142,1.0637,2.9297,-20.3857,-12.5122
0.1987,-0.2957,1.1622,8.5449,-7.9956,4.6387
0.1396,-0.2367,1.0596,51.8188,16.9067,52.7344
0.1849,-0.2815,0.9830,65.4297,1.5259,93.9331
0.3013,-0.5282,1.2137,43.0298,-1.0376,110.0464
0.2476,-0.4513,0.8888,98.6938,37.7197,184.8145
0.1169,0.2062,0.6729,150.4517,-6.4697,210.9985
0.2439,-0.2096,0.7992,72.8149,-55.0537,120.9106
0.3641,-0.5299,0.9049,-8.6670,-79.2236,97.9004
-0.0049,-0.0493,1.1826,15.8081,-64.5752,144.7754
-0.5309,0.0818,1.3053,-35.5835,-60.9741,82.4585
0.0601,-0.2854,1.0834,-61.2183,-30.1514,35.3394
0.0463,-0.2129,1.2242,17.0898,-0.3052,104.0039
-0.0839,0.2301,1.0405,39.9780,22.3389,93.0176
0.0193,0.0115,0.9583,-50.9644,-0.9766,-0.3052
0.2275,-0.1859,0.9470,-71.2891,4.0894,11.5967
0.2152,-0.0046,1.0621,-31.2500,23.8647,31.9824
0.0931,0.0051,0.7418,-21.3013,20.2637,13.0615
0.1788,-0.0280,0.8846,12.8784,4.2114,13.7329
0.1692,-0.1448,1.1738,43.7622,-2.3193,31.0059
0.0894,0.0704,1.0605,82.0313,29.7241,34.3018
-0.0140,0.1725,0.8885,59.2041,21.2402,1.2207
0.0079,0.0503,0.9376,-10.2539,-14.7705,-45.4102
0.0500,0.0658,1.2877,-56.4575,-25.4517,-92.7734
0.0193,0.2856,1.1917,-42.7856,7.3853,-112.7930
-0.1453,0.1696,0.8295,-41.9312,31.7993,-169.0063
-0.1107,0.2048,0.7166,-11.7187,18.4937,-193.4204
0.1442,-0.4495,1.1406,-65.7349,-19.8364,-206.2378
0.3718,-0.1710,1.3651,-40.7104,25.7568,-143.7378
-0.0172,-0.0979,0.9210,-12.5732,76.1108,-144.4702
0.1632,-0.1244,0.7133,28.8696,72.4487,-125.7935
0.2587,-0.4137,0.9320,38.1470,31.0669,-114.6240
0.2284,-0.1737,1.0588,64.6973,21.4844,-75.5005
0.2975,-0.2417,0.9045,40.3442,35.2783,-86.6089
0.2898,-0.5520,0.8315,17.5781,9.0332,-83.0078
0.2815,-0.4630,1.0687,29.9072,-9.9487,-28.6865
0.2562,-0.4558,1.0594,31.4941,4.6997,-12.7563
0.2411,-0.2393,0.7815,43.6401,14.7095,21.8506
0.2717,-0.3730,0.8804,1.5259,-16.9678,-1.8921
0.2423,-0.6453,1.0475,21.7285,-10.9863,28.4424
0.1982,-0.3851,1.0607,50.4761,-4.5776,98.3276
0.2632,-0.4705,0.8492,-40.6494,-30.5176,91.3086
0.2457,-0.5225,1.0288,-62.0728,-49.8047,127.7466
0.2487,-0.1676,0.8519,-47.3022,-32.7148,149.4141
0.1799,-0.0979,0.8049,-29.9683,-34.3018,133.4839
0.2244,-0.0026,0.9598,-41.9312,-55.3589,111.3892
0.1105,-0.1581,0.8990,-73.7915,-54.8706,108.3374
0.0797,0.2629,1.0363,-61.5845,-29.0527,97.6563
-0.0452,0.1609,1.0560,-48.4619,-21.7285,86.9141
-0.0243,0.2107,0.9962,11.4746,7.6904,89.6606
-0.0348,0.2386,1.0894,14.9536,-31.2500,77.7588
0.0000,0.1367,1.1102,17.8833,2.8076,51.9409
0.0111,0.2073,1.0143,34.3628,2.9907,47.4854
0.0011,0.1362,1.0031,1.9531,-2.1362,33.5693
0.0266,0.1771,0.9878,21.1792,-1.5869,30.9448
0.0284,0.1676,1.0200,49.8047,19.5923,34.3628
-0.0092,0.2092,1.0002,56.6406,8.6670,12.6953
-0.0133,0.0868,1.0581,36.0718,13.4277,-14.8926
-0.0055,0.1361,1.2881,51.6357,26.4282,-15.0757
-0.0228,0.2101,1.0481,44.0063,69.5190,-33.0200
0.0129,0.2675,0.7203,18.1274,58.4106,-64.8193
0.0101,0.1215,0.6636,25.6958,4.5776,-122.3145
0.0935,-0.2246,1.3040,7.3853,-18.2495,-122.9248
0.0836,0.0012,1.1987,33.6304,25.6958,-114.5020
FIN_VENTANA
Progreso: 2/10
INICIO_VENTANA izquierda
0.0408,0.0745,1.0641,8.6670,8.1787,-24.2920
-0.0372,0.2421,0.9655,-8.5449,7.0190,-45.7764
-0.1161,0.4535,0.9113,0.4883,2.5024,-88.8062
-0.0867,0.0485,0.7679,-10.7422,-8.9722,-146.4233
-0.0337,0.1017,1.3196,-34.0576,-25.2686,-129.6997
-0.0829,0.0535,1.1121,-40.5884,-2.3193,-148.2544
-0.0160,0.0286,1.0028,-14.7705,9.0332,-125.7935
-0.0131,0.0540,0.7942,24.6582,6.1646,-107.1167
-0.0256,0.0548,1.0297,51.3306,3.6011,-115.6006
0.0082,-0.2024,1.1395,15.1978,-2.3804,-128.0518
0.0845,-0.3672,1.3113,34.2407,20.2026,-89.4775
0.0642,-0.0837,0.8933,63.1104,55.7251,-42.1143
0.0764,0.0376,0.7040,48.0957,31.4331,-51.0864
0.1567,-0.3113,0.9829,21.3013,0.5493,-67.9932
0.1948,-0.4758,1.2452,33.2031,16.7847,-17.7002
0.1455,-0.2046,1.0343,31.0669,33.5693,10.3149
0.1698,-0.3536,0.9434,16.7847,24.4751,15.9302
0.2148,-0.5599,1.1707,75.5615,24.5972,57.3120
0.2509,-0.4829,1.0778,54.9927,36.0718,120.4834
0.2059,-0.2240,0.9420,29.1748,18.7378,146.1182
0.2660,-0.3014,0.7411,-37.7808,-14.6484,130.3711
0.2500,-0.1957,0.7632,-45.2881,-47.6074,129.3335
0.1127,-0.1165,0.8918,-8.0566,-42.8467,147.0947
-0.0210,0.0918,1.0088,-27.8320,-55.1758,133.2397
-0.0671,-0.0203,1.0790,-30.7007,-33.4473,121.2769
-0.0148,0.0619,1.1215,9.4604,-11.4746,121.4600
-0.1885,0.4058,1.0178,35.4614,-5.3711,124.7559
-0.1392,0.1255,1.1722,-2.6855,-9.5825,62.0728
-0.0658,0.1647,1.0437,-5.3711,17.0288,44.7998
0.0525,0.1326,0.9800,6.2256,15.5640,31.3721
0.0635,0.0935,1.0536,9.3384,7.4463,23.8647
0.0757,0.0214,0.9786,15.9302,18.9209,20.4468
0.1099,0.0159,0.9032,23.8647,12.8174,24.1089
0.0990,0.0829,0.9120,31.6162,6.1035,20.5078
0.0308,0.1265,1.0477,26.4893,-2.0142,-6.4697
0.0873,-0.0187,1.1652,24.4141,-2.5024,-15.4419
-0.0425,0.3081,1.0823,36.3159,26.0010,-21.3623
-0.1475,0.6135,0.9205,12.3291,10.0708,-103.7598
-0.1326,-0.0428,0.5840,-20.8130,21.6675,-184.8145
0.1350,-0.2841,1.2498,-37.8418,-47.7905,-156.5552
0.0862,-0.2836,1.5887,-1.4038,25.0854,-121.7651
0.0181,0.0374,0.7596,34.6069,70.5566,-97.1069
0.0524,0.0521,0.6213,13.3667,23.0103,-114.1357
0.0631,-0.1422,1.0247,10.3760,-4.8828,-120.7275
0.0964,-0.3090,1.4236,13.0615,-0.1831,-106.5063
0.0433,-0.1293,0.9468,37.1094,57.4341,-78.2471
0.0914,-0.0980,0.7008,39.5508,45.6543,-73.7305
0.1411,-0.1963,0.7689,23.5596,10.9253,-78.8574
0.2113,-0.4875,1.0676,19.8364,-4.7607,-70.3735
0.2533,-0.5233,1.0010,25.4517,10.8643,-22.5220
0.2693,-0.4896,0.8979,22.0337,5.1880,9.6436
0.2095,-0.4541,0.8290,16.4795,-8.4839,36.9263
0.2424,-0.4740,1.0198,5.6152,-26.8555,72.5098
0.2131,-0.3857,1.0436,-38.0859,-44.9219,83.6182
0.1802,-0.4049,1.1134,-63.9648,-49.3774,119.0796
0.1136,-0.2383,0.9995,-57.9834,-34.3628,140.9302
0.0311,-0.0449,0.8962,-44.9219,-27.1606,153.4424
-0.0200,0.1093,0.9825,-26.8555,-19.4092,144.6533
-0.1010,0.0107,0.8241,-26.9165,-5.4321,113.4644
-0.1660,0.2367,1.1180,20.0195,-25.9399,136.2915
-0.1794,0.2478,1.0300,-0.8545,7.9346,77.3926
-0.0697,0.0647,1.1023,-1.4648,3.9673,61.1572
-0.0406,0.0839,1.0676,3.0518,13.1226,62.2559
-0.0590,0.1873,1.0459,-0.6104,-16.1743,11.4746
0.0144,0.0929,1.0134,-12.8784,12.8174,27.4048
-0.0449,0.0680,0.9341,-2.9907,19.6533,25.2075
0.0757,0.1273,0.9775,6.0425,2.8076,26.4282
0.0404,0.1644,0.9816,19.5313,8.9111,21.3623
0.0022,0.1696,0.9276,22.8271,0.6714,-6.5308
0.0082,0.0873,1.1422,20.3857,-10.5591,-5.4321
-0.0487,0.1968,1.0153,29.2969,6.1035,-15.6250
-0.0804,0.4498,0.9700,39.5508,3.8452,-51.7578
0.0156,-0.0188,0.8657,12.1460,26.1230,-111.6333
0.0947,-0.0457,1.1924,7.2632,-0.0610,-87.4023
0.0128,0.0900,1.2889,12.7563,26.4893,-96.0693
-0.0912,0.2882,0.8293,49.0723,71.6553,-123.5352
-0.0846,0.0594,0.6510,35.0952,33.0811,-136.7798
0.0931,-0.2505,1.1449,-44.5557,-24.9634,-160.8887
0.0691,-0.4086,1.5930,-56.1523,-13.2446,-133.3008
0.0930,-0.1658,1.1215,22.2778,48.8281,-74.0967
0.0892,0.0787,0.6255,54.7485,52.0630,-58.8989
0.0989,-0.1250,0.7507,35.4004,0.5493,-88.8672
0.1361,-0.2949,1.1541,9.4604,-17.6392,-91.6748
0.1312,-0.3494,1.2108,7.2632,4.2114,-66.4063
0.1229,-0.2377,0.8911,22.7661,28.5645,-37.9639
0.1577,-0.2665,0.9117,20.8130,11.8408,-20.6909
0.1637,-0.2953,0.9958,19.2261,5.8594,-6.7749
0.1967,-0.4650,1.1335,1.2207,7.1411,7.9956
0.1793,-0.4050,1.0657,25.9399,19.8364,43.8232
0.1544,-0.6232,0.8431,75.7446,27.3438,110.9619
0.2106,-0.3151,0.9674,11.4746,-19.7754,126.0376
0.2433,-0.4177,0.9440,-18.1274,-31.4331,131.1646
0.1892,-0.2606,0.9030,2.0142,-27.8320,156.8604
0.1481,-0.0701,0.8716,4.8828,-45.8984,160.0952
0.0663,0.0876,0.9470,11.6577,-48.4009,133.4839
-0.0620,0.0817,0.9474,-12.0850,-58.6548,96.3135
-0.1104,-0.0339,1.0885,-27.7710,-39.3677,70.6177
-0.1283,-0.1344,1.0585,1.8921,-16.7847,86.5479
-0.0616,0.1914,1.1395,10.8643,-21.4844,93.6890
-0.0146,0.0507,1.2346,-17.8223,-2.2583,30.8838
FIN_VENTANA
Progreso: 3/10
INICIO_VENTANA izquierda
0.2161,-0.2605,0.9871,-22.0337,-17.7612,88.3789
0.1685,-0.2721,0.8826,-40.5884,-27.7710,88.6841
0.1764,-0.3612,0.9290,-55.1758,-52.8564,99.6094
0.1456,-0.1895,0.9967,-67.3218,-66.3452,101.0132
0.0852,-0.0394,1.1851,-60.5469,-64.3921,97.3511
0.0471,0.0752,1.1156,-56.4575,-11.4746,83.6182
0.0554,-0.0011,0.9055,-21.9116,-3.9673,107.0557
-0.0339,0.2410,1.0210,11.7798,-5.4932,111.5723
-0.0405,0.2666,0.9674,24.0479,0.9766,81.1768
0.0165,0.0907,0.9680,17.9443,-0.0610,59.9365
-0.0480,0.1909,1.0746,20.0806,-6.8970,60.2417
-0.0261,0.1667,0.9845,8.8501,0.6714,34.3018
0.0315,-0.0045,1.0315,-1.8311,-10.4980,21.1792
0.0542,-0.0200,1.1176,2.0752,-7.6904,31.0669
0.0040,0.0901,0.9988,6.9580,6.5918,33.9355
0.0088,0.0780,0.9900,-7.0801,-5.1880,19.9585
0.0347,0.1029,1.0066,5.6763,-0.6714,19.7144
-0.0045,0.2128,1.0214,17.8223,5.4321,10.2539
-0.0916,0.3578,0.8978,20.1416,8.0566,-15.5029
-0.0342,0.0181,1.0444,13.3667,-1.7700,-54.9316
0.0714,0.0325,1.3750,9.2163,14.6484,-59.3872
-0.0576,0.5146,0.9779,25.5737,60.9131,-68.7256
-0.1866,0.4225,0.6263,31.6772,50.0488,-142.0898
-0.0691,-0.0117,0.6501,2.0142,7.3242,-186.7676
0.0228,-0.1686,1.2820,-8.1787,-41.2598,-171.2646
0.0216,-0.1863,1.4498,-35.2173,-18.0054,-160.0952
0.0571,-0.1561,1.1748,-19.5923,33.6914,-129.1504
0.0720,0.0359,0.7318,24.5361,49.0723,-101.1963
0.0433,0.0643,0.7610,0.1221,5.4321,-125.8545
0.0980,-0.3053,1.0446,-18.2495,-19.8364,-139.4043
0.1068,-0.3380,1.2218,13.6108,-3.1738,-93.9941
0.1085,-0.2175,1.0704,35.4614,15.4419,-59.4482
0.1622,-0.2555,0.8976,11.4746,6.8970,-49.1943
0.2125,-0.3550,0.8524,7.7515,-2.8076,-16.9678
0.1859,-0.4213,1.1118,4.3945,-10.6812,12.6343
0.1622,-0.4165,1.3385,2.0752,-2.0752,43.8232
0.1353,-0.2505,0.9630,21.9727,25.2686,90.8203
0.1713,-0.2854,0.9136,4.1504,7.8125,116.2720
0.1553,-0.0712,1.0195,13.3667,0.9766,149.7192
0.0789,-0.0383,0.7955,-17.6392,-6.0425,126.5259
0.0891,-0.0221,0.8693,-17.8223,-32.1045,135.6201
0.1379,-0.1456,0.9673,2.3193,-25.9399,137.3291
-0.0598,0.0579,1.1422,-8.5449,-37.7197,143.9819
-0.0598,0.0695,1.1005,-11.2305,-18.9819,122.6196
-0.0839,0.1143,0.8961,30.7617,5.6152,126.9531
-0.1467,0.2257,0.8912,40.4053,6.7749,117.9199
-0.0597,0.0498,1.2190,5.7983,-35.5225,90.4541
-0.1173,0.1440,1.2479,4.3945,-3.7842,81.9092
-0.0974,0.0897,1.0919,20.1416,30.2124,68.5425
-0.0841,-0.1052,0.9083,-40.5273,25.8789,1.8921
-0.0122,0.1281,1.0120,-4.4556,-5.9814,47.8516
-0.0356,0.2112,1.0179,3.9673,3.6621,26.4282
0.0674,0.0326,0.8958,-11.2915,-0.7935,3.2349
0.0315,0.0077,1.1417,23.8647,-7.6904,23.4375
-0.0173,0.2529,0.9565,50.8423,17.7612,23.9258
-0.0206,0.1833,1.0697,16.1743,2.9297,-39.9780
-0.0118,0.4178,1.0354,17.8833,27.6489,-69.2139
-0.0507,0.0431,0.9507,-20.6909,30.5786,-131.1035
-0.0289,0.1179,0.9956,-8.6060,15.3809,-123.2910
-0.0532,0.1892,1.0632,-5.7373,10.5591,-139.8315
-0.0359,0.1517,0.8484,-11.7798,21.7285,-162.3535
0.0219,-0.2004,1.0114,-39.4287,0.6714,-180.6641
0.0779,-0.1635,1.2354,-1.4648,6.9580,-127.8076
0.0623,0.0111,0.9828,25.2075,34.3018,-108.6426
0.0627,-0.0314,0.7363,35.1563,34.6680,-106.6284
0.0775,-0.1693,1.0414,4.2725,-13.1226,-103.6377
0.1093,-0.0725,1.1902,27.0996,4.5776,-78.2471
0.0841,-0.1858,1.1357,17.5781,19.8364,-84.5337
0.1050,-0.1204,0.9592,35.8276,36.6211,-60.7910
0.1204,0.0248,0.7863,32.2266,25.8179,-71.0449
0.1594,-0.2699,0.9666,0.3052,0.3662,-86.4258
0.2174,-0.4167,1.2755,5.0659,-2.9907,-62.0728
0.2395,-0.4302,1.0173,5.4932,27.8320,-28.3813
0.2694,-0.4001,0.9092,-10.4980,15.4419,23.4375
0.2469,-0.3435,0.9067,20.8740,4.0283,52.3071
0.2413,-0.5347,1.0087,44.3726,-5.3711,95.6421
0.2122,-0.4644,1.0741,57.0068,-36.7432,142.1509
0.1440,-0.2795,0.9515,24.5972,-53.2837,175.5371
0.0588,0.0702,0.7961,0.9766,-48.8281,168.2129
0.1266,-0.1910,0.8241,-33.5083,-70.6787,125.7935
0.1755,-0.2854,1.0787,-83.6182,-60.9131,145.3857
-0.1501,-0.0045,0.8403,52.1851,-22.7051,224.4263
-0.2178,0.4498,1.0687,57.0679,-74.3408,180.4199
0.0250,-0.0049,1.0981,-47.4243,-36.4990,84.5337
-0.4751,-0.5800,0.7667,-25.0244,5.2490,179.7485
-0.3685,0.3733,1.1182,120.9717,-91.7358,246.1548
-0.2157,0.1343,1.3588,20.3857,-52.3682,132.0190
0.0164,-0.2983,1.1765,-28.3813,2.2583,107.9712
-0.2839,0.0574,0.9458,201.0498,31.3721,272.2168
-0.4158,0.0778,1.2393,133.2397,27.6489,216.5527
0.0498,0.0234,1.1572,72.1436,-1.7700,136.0474
0.1000,-0.2324,0.9661,15.8691,30.4565,90.6982
-0.0801,-0.2131,0.7028,37.9639,12.4512,98.6938
-0.0747,-0.0139,0.9586,0.4883,-21.2402,50.6592
-0.0223,-0.2926,1.0391,-15.9912,-5.3101,3.5400
-0.0120,-0.2217,0.8958,21.0571,-15.3198,24.4751
-0.0272,-0.1396,1.0985,-17.9443,-34.0576,-6.6528
-0.0659,-0.2655,1.0693,-5.1270,8.5449,-14.7705
0.0385,-0.1212,0.9730,33.0200,40.2222,-5.7983
-0.0385,-0.1547,1.0436,-26.7944,26.6724,-67.9932
FIN_VENTANA
Progreso: 4/10
INICIO_VENTANA izquierda
-0.0570,-0.5815,1.1499,72.5098,75.9277,262.3901
0.0367,0.2078,0.5287,160.6445,68.2983,370.7275
0.0212,0.4980,0.8141,67.0776,-16.9067,220.4590
0.2313,-0.2379,1.3867,-15.6860,-49.3774,73.6084
0.1404,-0.3982,1.0092,-60.6689,42.6636,108.7646
0.1403,0.1378,0.5725,-25.2686,-5.2490,179.8096
0.0927,0.2627,0.7618,-80.6885,-78.9795,134.2773
-0.0538,0.0625,1.2131,-62.8052,-96.4966,61.7065
-0.2582,0.3428,1.2920,-23.0713,-64.9414,71.5332
-0.0807,0.4722,1.2710,-20.2026,15.3809,6.4697
-0.0270,-0.1322,0.5073,-90.6372,3.2349,-88.5620
-0.2592,-0.7372,1.0072,25.2075,-78.3081,187.3779
-0.2952,0.3147,0.8479,229.1260,-67.0166,395.8130
-0.0847,1.0385,1.5942,38.8794,-168.2129,223.5718
-0.2539,-0.1946,1.4125,-82.8857,-5.7373,26.7334
-0.3688,-0.0118,0.6782,-7.0190,15.6250,105.5908
-0.2863,0.3481,0.9088,8.2397,-25.8179,72.5708
-0.3129,-0.0342,1.5160,-16.4795,10.3760,3.1128
-0.3054,0.0240,1.1943,3.2349,85.3271,-1.8311
-0.1967,0.0948,0.8112,16.6626,97.9614,-11.5967
-0.1300,0.0714,0.7053,12.6343,67.2607,-22.3389
0.0045,-0.0304,1.1698,-6.1646,50.2930,-7.9346
0.0333,-0.0017,0.9089,-20.7520,49.9268,9.5215
0.0187,0.1487,0.9685,-25.2075,28.2593,14.8926
0.0098,0.0631,0.9523,-8.6060,33.9966,13.0005
-0.0182,0.1342,0.9987,-4.5776,36.1938,16.6626
0.0339,0.1016,0.9958,-1.0376,37.7808,17.4561
0.0612,0.0750,0.9838,-8.6060,22.2778,17.5171
0.0551,0.1599,0.9850,1.0376,19.1040,19.8364
0.0411,0.2122,0.9283,17.0898,11.9019,6.6528
0.0691,0.1506,0.9353,38.3911,-6.2256,-12.2681
0.0242,0.1398,0.9794,45.1660,-23.9258,-28.5645
-0.0867,0.1525,0.9000,40.9546,-52.3682,-54.6265
-0.1997,0.1375,1.0135,43.7012,-82.8857,-96.0083
-0.2198,0.2192,1.1376,62.8052,-79.2236,-164.3677
-0.1100,0.0679,0.8226,61.6455,-80.8716,-227.0508
-0.4554,-0.1112,1.2942,71.6553,-104.1260,-251.5259
-0.3846,-0.0837,1.0153,78.0029,-23.9258,-240.3564
-0.0742,-0.2001,0.6309,40.7715,-25.0854,-225.8911
-0.1942,-0.3602,0.7089,-15.2588,-126.7700,-158.9355
-0.5201,-0.2490,1.0270,43.5181,-142.3340,-61.7065
-0.4380,0.1504,1.3445,6.4697,-95.4590,-105.5298
-0.4918,0.0937,0.9286,-4.8828,-49.9878,-189.7583
-0.5560,-0.0410,0.7903,-4.2725,-98.5107,-209.1064
-0.6665,0.0980,1.0083,39.1235,-81.2378,-158.8135
-0.4521,-0.1001,0.9636,54.9927,-44.1284,-150.6348
-0.2946,-0.3036,0.8895,44.2505,-16.0522,-38.2690
-0.8105,0.1686,0.9027,-16.9067,28.9307,72.9980
-0.5386,0.3033,0.7183,44.5557,14.0381,-5.4932
-0.6786,0.0095,0.9747,79.9561,-8.2397,-32.5928
-0.5381,-0.0155,1.1074,69.5801,43.5181,-17.2119
-0.3975,-0.0208,0.8163,39.7339,87.3413,-3.7842
-0.4460,-0.1077,0.9564,48.2788,37.6587,-1.7090
-0.4575,-0.1528,1.1028,62.6221,59.6924,22.8271
-0.3761,-0.0659,0.7760,39.7339,75.1343,22.4609
-0.3611,-0.1832,0.9919,40.8325,27.2217,28.8086
-0.3136,-0.3103,1.0859,59.1431,56.1523,72.9980
-0.1759,-0.1984,0.8154,62.6831,81.6040,131.7749
-0.1688,-0.2732,1.0286,96.1304,49.8657,140.5029
-0.2952,-0.5641,1.1892,77.9419,77.3315,170.4102
-0.1996,-0.5524,1.0857,64.5142,127.0142,248.7793
-0.0809,-0.4545,0.6974,40.5273,137.4512,343.3228
-0.0144,0.0388,0.7579,77.3926,19.5313,302.2461
0.0889,-0.7695,1.4215,-11.9019,-76.4160,94.2993
0.2064,-0.5496,0.9336,-24.9634,6.2866,133.2397
0.0975,-0.2235,0.5325,-2.7466,-27.8320,204.9561
0.0096,0.1154,1.3752,5.7373,-15.7471,152.5879
0.2899,-0.6667,1.0538,-46.9360,42.4194,42.4805
0.3242,-0.1846,0.6930,-21.8506,24.9634,106.2622
0.1528,-0.2878,0.9283,-37.1094,-20.9961,119.2627
0.0255,0.2072,1.0494,-21.2402,12.5732,150.3296
0.2134,0.2075,0.7944,-24.0479,26.1841,8.0566
0.3105,-0.2532,1.0970,-0.4272,-14.3433,-4.5166
0.2018,-0.0004,0.9237,-9.4604,-4.2725,-0.1221
0.0782,0.0459,0.9132,-7.8125,-15.5640,-30.8228
0.1025,-0.1588,1.1104,-4.2114,-1.8311,-59.9976
0.2290,-0.2888,1.2542,3.3569,43.3960,-53.2227
0.3040,0.0009,0.8271,1.8921,80.2002,-31.0669
0.3245,0.1261,0.6385,14.9536,-13.1226,-94.9707
0.1980,-0.3978,1.1306,2.9907,-69.0918,-137.4512
0.1411,-0.4402,1.3116,1.5259,-8.7891,-68.9697
0.2529,0.1635,0.6611,22.8882,49.0723,-51.5137
0.1831,-0.2468,0.7897,12.5122,-86.8530,-149.4751
0.1492,-0.6013,1.5350,-8.7280,-87.3413,-144.5923
0.0653,-0.1890,0.9775,9.0332,27.4048,-55.2979
0.1902,0.0679,0.6824,6.5918,6.2866,-86.4258
0.1550,-0.4824,0.8693,-5.8594,-87.1582,-146.7285
-0.2156,-0.2202,1.3794,5.4321,-47.3633,-61.2793
-0.0524,0.0531,0.6406,-6.8359,17.6392,-96.6187
0.0022,-0.3080,0.8542,13.7939,-68.0542,-129.2725
-0.2671,-0.5001,1.5920,-4.4556,-77.6367,-114.1357
-0.0287,-0.1526,0.8890,-8.6060,52.7954,-91.3086
0.0574,-0.1544,0.7943,0.7935,20.9961,-68.3594
-0.0957,-0.1667,1.1111,0.2441,-4.3945,-66.1011
-0.1475,-0.2133,1.2815,-19.4702,7.0801,-80.6885
-0.0245,-0.3674,0.8960,-25.4517,39.0015,-31.8604
0.0747,-0.1016,0.8098,-4.5166,17.3340,-20.2026
-0.1044,-0.1227,0.9823,0.7324,-21.8506,-17.1509
-0.1630,-0.1460,1.1561,-11.1084,-7.3853,-22.7051
-0.1455,-0.2285,1.0248,-18.4326,13.1226,-19.2261
FIN_VENTANA
Progreso: 5/10
INICIO_VENTANA izquierda
0.0750,0.0247,1.1221,109.6191,25.0244,27.9541
0.2218,-0.5487,0.2260,69.1528,23.9868,43.3960
0.3413,-0.4684,1.0573,-96.9238,-74.7681,87.8296
0.4015,-0.3134,1.0857,-128.9673,-15.8691,164.2456
0.3219,-0.2430,0.9659,-124.3896,13.6719,174.3164
0.1129,0.0179,1.0021,54.7485,-28.0762,180.5420
0.0597,0.1187,1.0083,116.3940,14.7705,140.6860
0.0701,-0.1130,0.8989,125.7324,25.2686,114.7461
0.1436,-0.1104,0.8745,27.1606,-6.7139,177.0630
-0.0347,-0.1331,1.1658,-25.2686,-32.7759,175.8423
-0.2103,0.1721,1.2043,69.4580,45.7764,146.4844
0.0771,0.0408,0.8301,-20.6909,24.9634,100.7690
0.1863,-0.0320,1.0112,25.5127,-41.3208,90.5762
0.2068,0.1063,1.0559,77.5146,11.1084,85.4492
0.1737,-0.0411,0.9937,61.2183,12.2681,73.3643
0.1835,-0.1301,0.8612,47.3633,-19.1650,77.5757
0.2219,0.0736,1.0854,-17.2729,-23.0713,49.4995
0.2046,0.1538,1.1796,-75.0732,1.4648,8.9111
0.1372,0.2074,1.1854,-64.0869,-7.0801,-5.9814
0.1302,0.1613,1.3679,-31.7383,33.6914,-30.0293
0.1508,0.1293,1.1342,-50.3540,84.8999,-65.7959
0.1511,0.3557,1.0945,-68.2983,104.1870,-111.0229
0.2131,0.3894,0.9957,-68.8477,109.7412,-167.2363
0.1747,0.1183,1.0939,-131.5918,102.3560,-225.8301
0.1335,-0.0219,0.8472,-102.9053,137.0239,-242.6147
0.3151,-0.0021,0.4204,-27.9541,72.8760,-188.5986
0.3705,0.2305,0.8132,-122.0703,-23.6816,-194.1528
0.6082,-0.1078,0.8689,-128.5400,-18.7378,-223.5718
0.4823,-0.0508,0.6995,-155.2124,-39.5508,-205.6274
0.5758,-0.2549,1.0192,51.6357,-3.6621,-151.2451
0.5035,-0.1683,0.7440,70.1294,0.0000,-89.6606
0.5114,-0.4028,0.8407,-5.3711,-18.0664,-52.4292
0.5031,-0.1232,0.9038,77.4536,-12.8784,19.2261
0.5732,-0.3252,0.7178,15.0146,-25.1465,-0.3052
0.5132,-0.2714,0.9714,4.0283,-54.6875,60.6079
0.4347,-0.5828,0.7715,45.1660,-51.8799,116.8823
0.3618,-0.4146,0.8800,20.2637,-51.5747,203.4912
0.2178,-0.3873,0.9401,121.2769,-34.2407,288.1470
0.1370,-0.0514,0.7488,151.7334,-39.6729,351.8066
0.0973,0.0701,1.1150,173.0957,-75.3174,295.5933
0.3383,0.1896,0.9243,125.8545,-60.2417,218.7500
0.2988,0.0067,1.2761,-3.6621,-69.9463,165.5884
0.3132,0.1702,0.8093,13.3057,30.0293,137.3901
0.1564,-0.0702,0.7583,-159.0576,-3.4180,81.2378
0.1167,0.3013,1.1425,50.5981,1.4648,89.8438
0.1941,-0.0841,0.7788,66.7114,11.4746,50.9033
0.1989,0.1042,1.0114,-25.2075,-40.7104,68.2983
0.1648,0.3131,1.0652,-51.3306,3.0518,27.6489
0.1913,0.2815,1.0566,-55.1147,7.7515,-13.6108
0.1954,0.1359,1.0109,-29.4189,8.6060,0.4272
0.2374,0.1361,0.8665,99.2432,26.9775,7.2632
0.2347,0.1851,0.9493,76.2329,12.0239,-5.0049
0.2150,0.2532,0.9506,8.9722,9.6436,-28.5645
0.2931,0.3988,1.0773,-39.6729,-3.9673,-56.8848
0.3170,0.6136,1.1854,-58.9600,19.2261,-125.1221
0.1818,0.3802,1.0640,-68.9697,50.4761,-227.3560
0.1647,0.0903,0.8071,-99.1821,48.7061,-260.1318
0.1943,-0.0663,0.7458,-133.7280,-0.0610,-265.9912
0.2747,0.2089,0.9541,-200.0732,-44.9829,-184.6313
0.2517,0.0564,0.9777,-87.1582,-36.4380,-189.4531
0.3524,-0.3530,0.8615,-31.0059,-23.4375,-127.3193
0.3706,0.0928,0.9597,77.5757,-11.5967,-9.7046
0.3306,-0.1721,0.8359,89.1113,-5.2490,45.2881
0.3679,0.2101,1.1145,77.2705,-8.6060,95.4590
0.3551,-0.0070,0.9585,54.0771,-14.8926,50.8423
0.3650,0.2155,0.9664,13.4277,-15.8081,56.0303
0.3412,0.2822,1.0179,-13.1836,-21.9116,8.1177
0.2963,0.0687,0.9161,-58.4106,-20.3857,-19.8364
0.2435,0.2014,1.0583,2.4414,-16.7236,-4.7607
0.2137,-0.0006,0.9464,22.8271,1.7700,1.3428
0.2034,-0.0944,0.8684,7.6294,-5.3711,37.4146
0.2748,-0.5992,0.9559,-11.6577,-17.8223,144.8364
0.1233,-0.0275,1.2058,142.1509,26.2451,301.6968
0.1683,0.1930,0.8395,78.3081,49.9268,288.1470
0.1545,0.4651,1.0353,-13.7939,13.2446,229.0039
-0.0693,-0.0958,1.1693,109.2529,30.7007,167.6636
-0.0303,-0.0037,0.9812,168.0298,37.3535,205.8105
0.0275,0.3651,1.0500,205.8105,17.7612,217.8955
0.1244,0.2512,0.9888,123.3521,22.2168,107.1167
0.2080,-0.1676,0.7705,-26.4282,15.1978,68.2373
0.0697,0.0552,0.9445,-73.1812,-34.7900,109.9243
0.1448,0.3108,1.1643,-29.1748,-23.7427,95.5200
0.2023,0.2760,1.0396,-17.0898,-5.6152,35.2783
0.2301,0.1414,1.0668,3.2349,0.8545,16.9067
0.1331,0.1060,0.9766,-35.4004,9.5825,4.8828
0.1619,0.1637,1.0089,-68.1763,-9.8267,6.5918
0.1555,0.3147,1.1355,-14.4653,5.5542,-17.4561
0.1606,0.2212,1.0005,-11.1694,22.0947,-45.9595
0.1514,0.2262,0.9214,38.0249,15.0757,-36.6211
0.1693,0.2760,0.9696,-8.1787,0.5493,-85.0220
0.1715,1.1199,1.1399,-75.3174,-2.4414,-193.9087
-0.1943,0.7803,1.1904,-152.5269,22.4609,-422.0581
-0.2317,-0.0068,1.0117,-240.1123,-4.6997,-494.7510
-0.0145,-0.2189,1.0223,-209.8389,-34.7290,-368.3472
0.1194,-0.2382,0.8442,-181.7017,-42.4194,-217.4683
0.3064,0.1270,0.8778,-25.6348,-33.5083,-118.4082
0.3636,0.1476,0.8303,-2.6245,-24.5972,-84.4727
0.3586,0.0477,0.9071,-10.6812,-23.8647,-56.4575
0.3988,0.1577,0.9567,28.8086,-21.1182,-25.3296
0.3828,0.1036,0.9806,44.1284,-4.2114,-1.2817
FIN_VENTANA
Progreso: 6/10
INICIO_VENTANA izquierda
0.3130,0.3309,0.9502,-4.6387,25.3906,-16.2354
0.1149,-0.1915,0.5618,-44.1895,-0.4883,-91.0034
0.2728,-0.3114,0.9232,84.0454,-90.2710,10.0098
0.1536,-0.1034,1.2878,96.9849,-50.9033,113.7085
0.1238,0.2023,1.0396,119.2627,16.9678,154.7852
-0.1118,-1.1274,0.5796,102.2949,17.6392,151.5503
0.0426,0.2538,0.8630,-35.7666,-48.4009,159.9121
0.1322,0.1691,1.2268,-5.9204,-41.1377,145.7520
-0.0153,-0.8507,1.2014,2.4414,7.5684,171.5088
-0.2460,-0.2026,0.8923,-3.5400,36.8652,397.7661
-0.2345,0.8881,0.9307,7.0190,8.9722,403.9307
-0.0924,0.5040,1.0483,-5.1880,-19.8975,195.6177
0.1232,0.1921,1.2179,69.5190,-6.9580,136.9629
-0.0258,0.0634,0.9973,-18.1274,77.7588,96.9238
-0.1108,0.4916,0.8022,-18.1274,52.3071,91.0034
-0.0111,0.3435,0.9998,-69.0918,22.9492,23.5596
-0.0149,0.2129,0.9329,-101.0132,21.7285,-3.1128
0.0055,0.3669,0.9932,-45.7153,12.9395,-10.9253
-0.0099,0.5295,0.9773,-8.6060,14.0381,-8.6060
-0.0271,0.4341,0.9431,38.5742,6.2866,-34.4849
0.0581,0.4456,0.9860,102.7222,-12.8784,-44.6777
0.1356,0.5526,1.1237,78.7354,-14.8926,-96.2524
-0.0251,0.3173,0.9319,-10.6812,9.5825,-192.1997
-0.0836,0.6250,0.9283,-33.0811,-18.1274,-168.0908
-0.0409,0.5282,1.0861,-21.5454,-32.4097,-272.2778
0.0416,0.0151,1.0808,-54.5044,-6.0425,-302.7344
0.0702,-0.0862,0.9122,-37.4146,15.5640,-239.1357
0.0039,0.2675,0.7523,-26.4893,-12.1460,-210.9375
0.0404,0.1538,0.8289,-89.3555,-56.5186,-216.6138
0.1494,0.1000,1.0969,-50.2930,-70.9229,-170.7153
0.2124,-0.1995,1.0674,47.5464,-12.0850,-106.8115
0.1904,-0.0392,0.9637,66.1621,14.6484,8.1787
0.2594,0.3715,1.0216,87.0361,14.4653,4.9438
0.2336,0.2179,1.0405,40.8936,17.5781,-20.7520
0.2103,0.0280,0.9719,-21.4233,13.7329,-43.3960
0.1855,-0.1567,1.0114,-1.7090,9.3994,-21.1792
0.2012,-0.1025,0.9507,-0.9155,10.9253,43.0908
0.2318,0.0448,1.0671,43.7012,22.5830,98.9380
0.1830,-0.0770,0.9728,38.2690,33.8745,139.7095
0.2626,-0.4083,0.8463,60.6079,33.0811,175.7202
0.0463,-0.4875,1.0168,129.3945,-9.8267,329.5898
-0.1256,0.2772,1.0851,171.2646,-13.1226,434.1431
0.1372,0.5363,1.2223,135.1929,-15.9912,311.6455
0.0284,-0.5883,1.3247,164.3066,8.9722,238.8306
-0.0619,0.4705,0.7269,215.1489,-32.3486,235.3516
0.0814,-0.0203,1.0868,60.8521,-14.5264,98.0835
0.0155,0.2026,0.9502,1.9531,-2.1973,48.8892
0.0507,-0.1125,1.0532,-80.1392,0.5493,-20.6909
0.1102,-0.0656,0.9506,-87.9517,3.0518,-3.1128
0.1195,0.1121,1.1006,-53.3447,-8.0566,-17.0898
0.1272,0.0200,1.0325,-15.8081,6.6528,-21.9116
0.0708,0.1727,1.1334,48.5840,2.5024,-35.7056
0.1287,0.0881,1.0605,-1.9531,-2.7466,-53.2837
0.1420,0.1543,1.0968,-34.3018,2.8076,-98.5107
0.1403,0.1805,1.1016,-40.8325,13.3667,-139.5874
0.0775,0.4496,1.1387,-71.3501,11.2915,-191.7114
0.0409,0.2646,1.1284,-96.6187,20.6909,-271.4233
0.0002,-0.4609,0.9686,-111.1450,18.7988,-258.4839
0.0955,-0.0067,0.9414,-61.2183,22.6440,-134.7656
-0.0891,0.1763,0.8629,-14.8315,14.2822,-132.1411
0.0746,-0.0927,0.8740,-13.3667,-1.8921,-124.6948
0.2390,0.1122,0.9995,3.1128,-6.5918,-107.2388
0.2180,-0.1395,0.9370,7.8125,22.6440,-84.8999
0.1626,0.1230,0.9752,2.6245,2.8076,-43.3960
0.2434,-0.0386,0.9036,-14.2212,-1.1597,-68.9697
0.2834,-0.0725,1.0243,-8.7891,-11.4136,-53.8330
0.2606,0.0219,1.0380,-6.8359,0.7324,-22.5220
0.2593,-0.0704,0.9735,15.6250,11.4746,-15.0757
0.2498,-0.1012,0.9132,64.8804,0.2441,-14.7705
0.2631,-0.4478,0.9821,13.9160,-14.4653,34.3628
0.2241,-0.2076,1.0732,75.8057,-8.9111,132.6904
0.1243,-0.5188,1.0515,161.8652,-2.3804,212.8296
-0.0289,-0.8015,0.7637,157.5317,-35.3394,442.9932
0.0712,0.6028,1.2025,101.9897,-53.5889,395.3857
0.0527,-0.3853,1.6375,96.3745,-5.7373,207.6416
0.0616,0.3024,0.8986,138.1226,29.6631,204.8950
0.1646,-0.2825,0.7068,7.6294,7.2632,96.8018
0.1647,0.1063,1.0398,35.6445,-43.8232,125.0000
0.1003,0.1749,0.9436,-26.1230,8.4839,9.0942
0.1000,-0.0436,0.8405,-88.6230,-30.7617,-11.7798
0.2382,0.1343,1.1228,-83.6182,-40.5273,-37.1094
0.1527,-0.0087,1.0538,-11.1084,-9.7656,-44.3115
0.0626,-0.0695,0.8951,20.5078,-9.8267,-4.3335
0.1466,0.0027,0.9847,1.7700,-47.9736,-3.6011
0.1696,0.2211,1.3297,-2.5635,-46.3867,-39.4897
0.1100,0.1466,1.0647,-23.5596,6.7749,-74.1577
0.0406,0.2086,1.0972,-49.4995,-0.4883,-100.7690
0.0549,0.5844,1.1490,-26.9775,2.0142,-198.6694
-0.1023,0.3038,1.2141,-38.1470,21.5454,-319.5190
-0.1853,-0.1646,0.9469,-100.2808,45.7764,-356.9336
-0.0854,-0.2220,0.8555,-84.5947,11.6577,-278.2593
-0.1323,-0.0881,0.9886,-65.9790,-4.4556,-190.7349
0.0271,-0.2192,1.1672,29.7852,10.1318,-128.2959
0.2139,0.3728,0.8556,99.1821,61.7065,-136.4136
0.1389,-0.4653,0.8361,26.5503,31.6772,-230.2246
0.2592,-0.5369,0.8690,38.8794,-3.1128,-99.9146
0.2225,-0.2704,1.0490,22.5830,-12.5122,-16.2354
0.2489,-0.2682,0.8959,-21.3623,-0.1831,12.5732
0.2156,-0.2417,0.9539,-49.4385,-4.6997,31.3721
0.2053,-0.0703,0.8853,-10.5591,-9.7656,44.0063
FIN_VENTANA
Progreso: 7/10
INICIO_VENTANA izquierda
0.1718,0.1204,1.0483,16.0522,0.6714,-68.9697
0.0990,-0.0121,0.8436,-6.8970,-0.7935,-68.4204
0.1960,-0.2216,1.0468,-49.9878,-31.8604,-47.4243
0.2040,-0.1050,1.0562,5.1270,-13.0005,8.3618
0.1892,-0.0719,1.1056,12.6343,-5.7373,55.7861
0.1583,-0.2140,1.1233,47.9736,14.5264,154.4189
0.0374,-0.2104,0.8201,90.3320,22.3999,208.1909
0.0330,-0.4004,0.8988,65.3076,-3.5400,237.7930
0.0283,0.0890,1.0454,49.1333,-18.0054,282.2876
0.0004,0.2679,1.0940,8.4839,-7.9956,242.6147
0.0728,-0.0264,1.0363,-20.6909,9.5825,209.1675
0.0608,-0.0138,1.1248,26.7944,22.1558,210.2661
-0.1252,0.1487,0.9188,119.8120,31.3721,197.9980
0.0070,0.2677,0.9430,96.9238,-22.2168,170.7153
0.1707,0.0591,1.0973,66.1011,-27.8931,115.2344
0.0505,0.1908,1.1112,55.4199,-8.9111,86.3037
0.0051,-0.1176,0.9706,32.8369,-4.6997,93.4448
0.0719,-0.0640,1.1396,23.8037,-12.9395,104.7363
0.0249,0.0432,1.0546,48.9502,20.8740,106.1401
-0.0776,0.1121,1.0358,35.0952,23.2544,75.0122
-0.0031,-0.0012,0.9937,31.3110,17.6392,26.3062
0.0370,-0.0428,0.9813,36.0718,2.3804,-6.5918
0.0841,-0.0143,1.0710,21.9727,-5.1880,-9.3384
0.0522,0.0104,1.0891,-0.4272,14.2212,-33.6304
0.0854,-0.2365,0.9821,6.9580,13.0615,-5.1880
0.0835,-0.0645,1.0209,15.1978,7.0801,-2.0752
0.0980,-0.0884,0.9586,12.2070,8.8501,-7.2021
0.0803,0.2013,1.0355,-14.1602,4.2114,-49.6826
-0.0206,0.4966,1.0020,-63.2324,-6.3477,-140.1978
-0.1235,0.3046,1.2878,-56.9458,-28.9917,-255.9814
-0.2599,0.0137,1.1919,-50.1099,13.3667,-317.3828
-0.1370,-0.4941,0.9417,-3.6621,48.7061,-273.8647
-0.0134,-0.1010,0.9742,3.5400,6.8359,-198.7915
-0.0106,-0.2399,1.0925,-24.2310,15.6250,-186.1572
-0.1283,-0.2695,1.1060,-26.4893,48.8281,-156.4941
0.0927,-0.2500,0.8633,2.8687,54.0161,-105.2856
0.0619,-0.4022,1.0123,145.8740,31.6772,-40.5273
0.1906,-0.2013,0.9521,187.5000,33.5693,24.2310
0.1820,-0.2853,0.8793,121.8262,30.7007,-2.0752
0.2261,-0.1376,0.9702,35.8276,6.0425,-31.2500
0.1932,-0.0717,0.8350,-174.7437,13.0615,-166.6870
0.0590,-0.4482,0.9933,-204.7119,-26.9165,-180.8472
-0.0016,-0.2969,1.2284,-79.7119,-16.4795,-102.0508
0.0868,-0.2637,1.1334,48.2788,45.2881,-54.9927
0.0996,-0.4200,0.9379,63.6597,50.0488,4.1504
0.1815,-0.3875,0.8580,41.5649,40.6494,-0.1221
0.1476,-0.3406,1.0350,-23.8647,29.3579,27.8320
0.1467,-0.3589,0.6781,-96.3745,15.2588,37.3535
0.1558,-0.4249,1.0170,-103.0884,-42.9688,93.8721
0.0438,-0.5084,0.9733,5.0049,-14.6484,249.9390
-0.0323,-0.1206,0.9050,-21.7285,-17.5171,329.2236
-0.0288,0.3782,1.0667,-8.6670,-30.9448,331.3599
0.0610,0.3317,1.0128,-39.6118,-31.4941,225.1587
0.1812,0.1066,1.1088,-88.8062,-18.9209,177.1240
0.0417,0.3790,1.1670,-0.6714,30.7617,136.2915
-0.0161,0.1876,0.8497,46.3257,53.3447,77.4536
0.0250,0.1389,0.9622,33.5083,10.9863,43.6401
0.0360,0.1056,0.8983,8.5449,0.1221,34.8511
-0.0281,0.2922,1.0562,2.1362,-14.8315,31.1890
0.0238,0.0992,1.0453,-42.4194,-16.6016,20.8740
0.0729,0.3094,1.0784,-50.2319,-14.4653,22.9492
0.0566,0.3834,1.0161,-49.0112,-1.5869,-6.1035
0.0536,0.3234,1.0333,-23.1323,-0.2441,-24.8413
0.0472,0.4647,0.9921,15.0146,5.8594,-25.5127
0.0884,0.1737,0.9985,11.2915,3.1128,-48.7671
0.0709,-0.0282,0.9619,-3.4790,10.1318,-23.1934
0.0519,0.2046,0.8943,11.2915,10.2539,17.3950
0.1149,0.2021,1.0035,15.0757,8.1177,33.9355
0.0968,0.1693,0.9707,18.1274,24.3530,65.0635
0.0516,-0.0133,0.9601,31.1279,26.6113,84.1064
-0.0020,0.2256,0.9637,50.9644,26.6113,131.2866
0.0597,0.4871,0.9969,37.1704,12.2681,74.2188
0.0922,0.2528,0.9679,-0.1831,8.1177,-4.5776
0.0411,0.3817,0.9695,8.9722,3.6621,-19.4092
0.1123,0.4579,0.9895,38.3301,-18.4326,-71.1670
0.0546,0.5222,0.9653,44.8608,-22.3389,-151.3672
-0.1272,0.3595,0.9751,29.6631,-33.5693,-237.7319
-0.1700,-0.0309,1.0906,-21.4844,-44.6167,-264.8926
-0.0781,0.1919,1.0945,-27.8320,-18.6768,-200.9277
0.0211,0.3583,1.1984,-7.5684,7.3242,-210.1440
-0.0986,0.4088,0.9912,25.2686,51.5747,-314.9414
-0.0455,-0.4440,0.7795,-64.0869,20.3857,-365.0513
0.0757,-0.0273,1.1460,5.6763,-15.7471,-141.4185
0.0223,0.2002,0.8369,-14.5264,-1.0986,-129.3335
-0.2144,-0.1444,1.0796,-99.1821,-47.2412,-159.7900
0.3987,-0.3162,1.1992,28.9307,-9.7656,-86.1206
0.1870,-0.3345,0.9381,106.4453,45.7764,35.7056
0.1166,-0.2695,0.9598,87.0972,29.0527,90.9424
0.1818,-0.0953,1.0334,58.1665,32.5317,121.1548
0.1509,0.0160,0.9468,62.8052,45.7764,114.0747
0.2238,-0.1674,1.0011,49.4385,36.0107,97.9004
0.0083,-0.7709,0.7300,95.4590,36.4380,151.4893
-0.1799,-0.5706,1.0054,159.4238,-13.6108,322.7539
-0.1078,0.0663,0.8633,131.3477,-35.4004,365.4175
0.1129,0.4772,1.0516,86.8530,-94.4824,252.1973
0.3293,-0.2629,1.2729,4.3945,-62.1338,125.5493
0.2358,-0.1595,1.0283,29.1138,-10.9863,147.8271
0.1128,-0.1796,0.9952,115.4785,-7.8735,184.3262
-0.0289,-0.0881,0.8921,97.5952,-18.4937,191.1621
0.0339,-0.0466,0.9314,49.0723,-79.8340,194.2139
FIN_VENTANA
Progreso: 8/10
INICIO_VENTANA izquierda
0.3340,-0.2396,0.4414,55.4810,6.3477,135.8032
0.2975,-0.2620,0.6726,-113.5864,-70.9229,126.3428
0.0396,-0.5830,0.9117,-120.9106,-96.0083,194.4580
0.1332,0.3762,0.8705,-152.5269,-82.0923,236.3281
0.2451,0.4185,1.1757,-40.0391,-59.3262,186.3403
0.0924,0.4344,0.9989,24.1699,-24.0479,133.8501
0.0731,0.2262,0.9410,-2.8076,-30.4565,103.1494
0.1052,0.0743,1.0016,-28.5645,-36.4380,118.1641
0.0444,0.3962,0.9039,-57.8613,-22.6440,136.7798
0.0155,0.4259,1.0331,-103.8208,-18.5547,110.3516
0.1226,0.7534,1.0925,-117.4316,-2.8076,79.4678
0.0037,0.5400,0.9554,-78.7964,47.0581,30.2124
-0.0304,0.5482,0.7506,-5.2490,42.3584,23.3154
0.0245,0.4993,0.8904,13.0005,6.7139,-4.2114
0.0339,0.5531,0.8376,31.9824,0.1221,-38.4521
-0.0516,0.5156,0.8962,7.8125,16.2354,-67.5049
-0.1024,0.3561,0.8160,22.2168,23.4375,-25.9399
0.0925,0.5831,0.8232,34.1187,-2.1973,-23.4985
0.0449,0.4985,0.7955,27.1606,-8.7280,-40.0391
0.1091,0.6243,0.9260,16.4185,-20.4468,-23.9258
-0.0221,0.6542,0.7496,6.6528,-24.0479,-62.2559
0.1058,0.6489,0.8657,29.5410,-41.1987,-91.9800
0.0250,1.4363,0.4156,119.0186,-75.5615,-204.6509
-0.2660,0.2031,1.1256,138.1226,-128.4790,-374.1455
-0.3115,-0.2240,0.9642,86.5479,-69.8853,-347.0459
-0.1003,-0.4326,1.0355,-2.5024,-48.8892,-216.9800
0.1304,0.2913,1.2189,-38.8184,13.1836,-96.0083
0.1013,0.4187,1.1008,-33.7524,57.4951,-114.9902
0.0876,0.2323,0.7253,-3.1738,62.9883,-132.9956
-0.0226,-0.0931,0.5996,-84.4116,-48.4009,-222.4121
0.0763,-0.3632,1.1908,-97.2290,-86.4868,-126.8311
0.2142,0.3918,1.0646,14.4653,-16.3574,-29.2358
0.2096,0.2157,1.0994,55.9082,2.9297,-44.5557
0.0564,0.0812,0.7272,30.2124,14.5264,-45.9595
0.0914,-0.0096,0.9001,20.4468,-42.4805,-45.9595
0.2366,0.1370,1.1281,-8.4839,-33.0811,-0.7324
0.1959,0.0773,1.1700,11.3525,5.0049,13.9771
0.0714,-0.2031,0.9352,-11.7798,32.1045,51.3916
0.0618,0.0830,0.9097,-40.7104,15.9912,104.4922
0.2009,-0.2206,1.1730,-39.9170,29.6021,125.1831
0.0724,-0.3019,1.0928,19.4092,80.0171,214.9658
-0.1359,-0.1345,1.1119,49.0723,119.8120,312.8662
-0.2439,0.1925,0.7504,19.5923,134.7046,396.3623
-0.1439,0.6074,1.0238,-13.6108,77.0874,328.0029
-0.1042,0.7018,0.6344,40.1001,78.6133,234.1309
-0.0161,0.5504,1.1250,85.7544,20.2026,172.4243
-0.0835,0.3058,0.8873,54.0771,59.5703,132.4463
-0.1705,0.3499,0.8571,38.0859,26.0620,140.0757
-0.0114,0.4648,1.0931,31.0059,3.1738,121.1548
0.0178,0.5167,1.0646,27.8931,42.8467,97.8394
-0.0223,0.4761,0.9371,12.3291,54.8096,46.6919
0.0187,0.3279,0.8447,-0.1831,29.2358,28.3203
0.0228,0.6152,0.8368,11.1084,3.4790,2.5024
-0.0049,0.5109,0.8801,18.9819,-16.0522,-50.9033
0.1030,0.5106,0.9447,20.8130,-28.6865,-84.5337
0.0829,0.5050,0.9536,15.7471,-32.1045,-142.0288
-0.0232,0.6669,0.9874,31.1890,-41.8091,-245.1782
-0.2421,0.4843,0.9333,62.5610,-31.5552,-304.1992
-0.1742,0.0177,0.9005,53.9551,-59.0820,-329.5898
-0.0217,-0.2675,1.1243,14.8315,-56.1523,-270.8130
-0.0227,0.1265,0.9750,51.3916,7.6904,-229.2480
-0.0714,-0.0536,0.8650,-10.0708,-2.6245,-221.0083
-0.0815,0.1044,0.8857,-33.3862,-13.3057,-177.4902
-0.0519,-0.3271,0.9076,-62.1338,-48.3398,-168.7622
0.0670,-0.0902,1.3441,-18.9819,-41.1377,-63.4766
0.1490,0.2258,1.0363,43.8232,12.9395,-57.3120
-0.0082,-0.0653,0.9606,33.5083,13.6108,-58.3496
0.0455,-0.0524,0.9615,43.5181,-1.1597,-21.4844
0.1228,-0.3049,1.1180,99.2432,-0.3662,-13.6108
0.1285,-0.0714,1.0441,82.5195,15.2588,30.8228
0.0573,-0.2229,0.9565,32.7759,12.3291,23.3154
0.0790,-0.2426,0.9882,-48.0347,-7.5073,61.6455
0.0953,-0.3427,1.0558,-37.4756,0.6104,113.5254
0.0154,-0.1121,1.0054,-19.9585,11.5967,179.4434
-0.0626,-0.2026,0.9679,-30.3345,5.1270,214.1724
-0.0765,-0.1036,1.0764,-17.7612,28.7476,316.7114
-0.0616,0.3412,1.0763,20.4468,53.5889,315.8569
-0.0386,0.1671,1.0023,4.2114,74.3408,254.7607
-0.0718,-0.0050,1.0846,57.3120,61.5234,253.1128
-0.1271,-0.0636,0.7144,108.4595,49.9268,256.1035
-0.1660,0.3016,0.9722,80.0781,-20.8130,249.4507
0.0417,0.5532,1.2628,29.7241,-15.5640,161.4380
0.1166,0.3234,1.0140,-19.5313,42.4194,44.9219
0.0339,0.1143,0.9504,-40.2832,28.8696,8.1787
0.0000,0.1913,0.9755,-35.8276,18.0054,-0.6714
0.0570,0.3848,1.0463,-10.1318,4.8218,-21.6675
0.0853,0.3337,1.0624,-13.4888,10.6201,-54.1382
0.1177,0.3342,0.9602,-21.5454,6.6528,-76.5381
0.1155,0.7266,1.0367,39.5508,-6.9580,-223.5718
-0.0468,0.1946,1.1388,76.6602,-4.8218,-328.3691
-0.0864,0.1101,1.0699,71.1060,21.9116,-303.4668
-0.1793,-0.0853,0.9675,38.3301,26.8555,-288.8184
-0.0576,-0.5741,0.7511,2.6855,17.8223,-230.0415
0.0867,-0.2201,0.8749,-26.5503,-13.4888,-135.3760
0.1532,0.1320,1.0959,-19.0430,-4.7607,-153.6865
0.0826,-0.3094,1.0106,28.8086,28.9307,-179.3823
0.0848,-0.2155,0.9617,16.6626,26.7334,-114.9292
0.0724,-0.1648,0.8383,-2.4414,12.8784,-149.5972
0.1615,-0.5635,0.9365,-43.6401,-8.4229,-115.2954
0.1760,-0.1426,1.1049,-35.4004,-11.5967,-12.0239
FIN_VENTANA
Progreso: 9/10
INICIO_VENTANA izquierda
-0.0586,-0.4930,1.0356,-46.4478,-24.7192,-197.7539
0.1044,0.0864,1.0975,94.6655,3.9673,-111.0229
0.1492,-0.1824,0.8807,19.5923,24.4141,-152.7710
0.1538,-0.5696,0.9004,-47.8516,-3.4180,-128.5400
0.1918,-0.4465,1.1287,4.9438,-2.0752,-0.8545
0.1288,-0.1082,0.9689,1.5259,6.7139,5.0049
0.1882,-0.2646,1.1493,36.2549,0.8545,7.6294
0.1913,-0.1945,1.0762,63.2935,27.4048,31.7383
0.1681,-0.2433,0.9247,62.7441,35.4614,10.1318
0.0989,-0.3762,0.7739,-29.4800,-7.9346,-2.2583
0.1425,-0.3005,1.0173,-96.6187,-39.2456,47.9126
0.0745,-0.1134,1.0219,-42.2974,-30.5786,86.6699
0.0674,-0.3424,0.9752,-21.2402,-19.8975,98.4497
0.0112,-0.2516,1.0234,-29.0527,-14.0991,182.3120
0.0328,-0.0856,1.0126,-90.6372,-7.5073,223.6938
0.0905,-0.0106,1.1254,-101.9287,19.2871,234.4360
-0.0140,0.2854,0.9679,-84.1675,54.7485,242.4927
0.0723,0.1803,0.9905,-90.1489,58.8989,200.4395
0.0858,0.2646,0.9502,-43.7622,73.9136,217.1631
0.0101,0.4237,0.8390,16.2964,52.0020,163.2080
0.0712,0.5383,1.0026,35.4004,20.9961,126.8921
0.1138,0.4061,0.9984,30.0903,28.7476,57.1899
0.0657,0.4570,0.9927,33.5083,31.7383,39.7339
0.0521,0.3708,0.9193,25.0244,34.0576,39.7949
0.0739,0.2518,0.9518,30.1514,22.0947,36.3770
0.0951,0.4362,0.9451,45.2881,14.2822,44.0674
0.0695,0.4922,0.8846,42.2363,9.2773,19.9585
0.0751,0.2743,0.9301,31.7383,4.6387,-24.1089
0.1008,0.4149,0.9768,42.0532,-5.7983,-48.9502
0.1748,0.7374,1.1390,71.2280,2.6855,-141.2964
0.0817,0.1731,0.9768,75.7446,36.3159,-229.9805
-0.0167,0.2793,1.0015,70.5566,28.0762,-258.1177
-0.0594,0.0627,0.9459,30.7007,19.2871,-265.3198
0.0381,-0.0133,0.9519,1.8921,10.1929,-291.5039
0.0934,-0.2629,0.8998,-70.3125,8.0566,-295.5322
0.1136,-0.1448,1.0645,-104.4922,-12.7563,-239.1357
0.1091,-0.2571,0.8639,-32.5317,27.0386,-198.6084
0.2002,-0.4020,0.8752,-123.8403,-20.2026,-166.3818
0.2949,-0.1149,1.2722,17.0288,-9.9487,-75.3174
0.2198,-0.0198,1.0045,67.1387,31.0059,-59.0210
0.1534,0.0079,0.9905,38.6353,23.1934,-43.3960
0.1421,-0.2454,0.8506,-12.8174,3.1738,-76.3550
0.1859,-0.2550,0.9232,-88.6841,-17.4561,-29.2969
0.2246,0.0173,1.0948,-81.9092,-14.0991,0.4272
0.1749,-0.2012,1.0759,-15.4419,14.4653,62.5000
0.1108,-0.2404,0.8810,18.2495,25.2686,122.1924
0.0430,-0.2120,1.0000,38.1470,7.3853,194.9463
0.1057,-0.1130,1.0541,51.8799,13.0615,251.8311
0.1017,0.0204,1.1498,48.2178,33.1421,276.0620
0.0638,0.1555,1.0066,55.4810,52.1240,291.8091
-0.0099,0.0917,0.8857,30.4565,35.0952,271.6064
0.1183,0.1788,0.9399,31.4941,17.8223,276.8555
0.1152,0.4899,0.9896,108.2764,-1.0986,245.7886
0.0913,0.2323,1.0878,51.5137,7.6904,153.1372
0.0776,0.1741,0.9824,40.8936,15.5029,127.2583
0.0315,0.1785,1.0479,35.7056,10.1318,100.4639
0.1027,0.1206,0.9978,33.7524,11.9629,106.2012
0.0707,0.3553,1.0750,9.8877,7.8735,55.1147
0.0444,0.1631,1.0085,-7.2021,13.1836,12.8174
0.0476,0.2942,1.0151,1.4648,8.4839,-6.2866
0.1392,0.2235,1.0945,9.1553,5.3711,-39.8560
0.1127,0.2024,0.9897,-1.0376,17.0288,-59.4482
0.0806,0.3289,0.9818,7.5684,11.9019,-95.2148
0.0962,0.5225,1.0790,46.2036,9.8877,-168.6401
0.0470,0.5114,1.2373,105.5908,64.8193,-324.3408
-0.1523,-0.3751,0.8013,79.1626,115.1733,-385.5591
0.0267,-0.6019,0.6252,-4.4556,52.2461,-259.7046
0.1364,-0.2075,0.8722,-68.7866,-0.4272,-176.6968
0.2062,-0.2863,0.9592,-103.3325,-5.1880,-170.4712
0.2202,-0.0468,1.0687,-95.3979,-3.4790,-160.7666
0.1576,-0.1914,1.0281,-50.9644,15.3198,-171.4478
0.1453,-0.2332,0.9324,-89.9658,-8.3618,-132.0801
0.2181,-0.3539,1.1278,-54.3213,-21.9727,-66.1011
0.1799,-0.0114,1.0372,15.3198,0.7324,-28.3813
0.1838,0.0448,1.0585,21.6064,1.6479,-46.7529
0.1851,-0.1167,1.0157,3.3569,4.3945,-36.9873
0.1396,-0.1204,0.8828,-17.1509,2.0142,-17.9443
0.1600,-0.0885,0.9844,-16.6016,-13.7939,-12.3291
0.1799,-0.2019,1.0259,-5.4932,-11.4746,0.1221
0.1875,-0.1636,1.0593,8.2397,-7.6294,38.4521
0.0598,-0.3921,0.9703,72.2656,-12.1460,115.1123
-0.0013,-0.3530,0.9633,88.6230,-25.2686,212.9517
0.0645,-0.2062,1.0557,30.1514,-21.9727,269.6533
0.0487,0.1384,1.0665,12.8174,-14.1602,265.6860
0.0724,0.1188,0.9700,-17.5781,2.5024,198.7915
0.0870,0.0558,0.9961,-32.4707,-3.1128,138.3667
0.1648,0.0555,1.1078,-8.2397,17.8833,117.6758
0.1218,0.1497,0.9814,-5.0659,28.8086,104.3091
0.1141,0.0345,0.9933,-11.2915,20.3247,83.3740
0.1165,0.0168,0.9862,26.1230,34.4849,100.5859
0.1902,0.2058,0.8959,45.8984,28.5645,94.2383
0.0240,-0.0671,0.8512,26.2451,0.1221,197.6318
0.0500,-0.0107,1.0770,25.8789,-21.6064,236.7554
0.0669,0.3738,1.0637,29.1748,5.1270,193.2983
0.1176,0.3010,0.9979,31.4941,30.2734,62.9272
0.1216,0.0350,1.0214,26.7334,16.9678,30.8838
0.1312,0.0259,1.0514,30.6396,22.8882,59.5093
0.0455,0.1885,0.9980,31.9824,25.0244,53.4668
0.1514,0.1151,1.0293,42.1143,15.8691,17.0898
0.1504,0.1489,1.0421,30.5176,14.2212,12.5732
FIN_VENTANA
Progreso: 10/10
Lote completado: izquierda
Listo para nueva etiqueta. Formato: <etiqueta> <numero_de_ventanas>
INICIO_VENTANA derecha
-0.0883,-0.0570,0.8647,121.5210,-29.1748,-117.7368
-0.1278,-0.4204,0.7773,66.2231,-64.0869,-102.3560
-0.0162,-0.1257,1.4418,57.3120,-66.0400,-40.7715
0.0155,0.0221,1.0468,83.4961,-16.2964,-16.5405
0.0360,-0.0520,1.1924,35.8276,12.7563,-8.7280
0.0629,-0.1920,1.2698,39.3066,37.5977,22.5830
-0.0228,0.0012,0.9580,80.5664,73.0591,58.8989
0.0312,-0.2030,0.8772,19.7144,43.2739,54.7485
0.1198,-0.3511,1.0883,8.2397,34.4238,72.5098
0.0883,-0.4115,1.1207,42.3584,60.8521,142.5781
-0.0283,0.1079,0.7092,46.8140,38.0249,190.1245
0.0583,0.0188,0.9323,4.4556,-2.3193,175.4150
0.0538,-0.0504,0.9552,3.6011,-2.1362,161.9873
0.0756,0.0116,0.9939,-12.2681,-3.5400,143.6768
0.0854,0.2310,1.0983,-33.4473,3.9673,137.9395
0.0459,0.2990,0.7905,-11.9629,10.6812,84.5947
0.0710,0.3033,0.9253,-44.1895,-13.0005,56.3965
0.1454,0.0558,1.1265,-63.6597,-16.0522,49.8047
0.0896,0.0852,1.0569,-49.6826,11.7798,93.0176
0.0419,0.3309,0.9897,-20.2637,17.6392,119.0186
0.0133,0.4745,0.9741,46.5698,17.6392,102.7222
0.0488,0.3994,1.0621,75.3784,8.5449,50.3540
0.0769,0.2703,1.1193,25.3906,10.9863,31.0059
0.0325,0.2354,1.0183,19.8975,16.9678,11.2305
0.1002,0.7114,1.0109,6.0425,13.4277,-14.9536
-0.0421,1.1244,1.0208,-50.2930,10.3760,-158.8135
-0.0736,0.9597,1.3148,-63.2324,4.5166,-285.8887
-0.2192,-0.0896,0.8488,21.6064,38.1470,-315.6738
-0.2665,-0.2201,0.2087,7.9956,-33.3252,-305.2368
0.0759,-0.4851,1.0708,-17.9443,-106.3843,-241.2720
0.1558,0.0363,1.0962,14.8315,-62.6831,-145.9351
0.0438,-0.1028,0.9113,67.8711,-45.1050,-128.7231
-0.0620,-0.5116,0.8601,86.3037,-62.8052,-111.8774
0.0544,-0.6976,1.3459,56.2134,-85.0220,-83.3130
0.1071,-0.0181,1.1306,35.8276,-26.3672,-37.1094
0.0236,-0.1592,1.0753,-12.3291,-2.3193,-28.6865
-0.0171,-0.3804,1.0620,1.3428,6.5308,-19.1650
0.0400,-0.2906,1.0847,32.0435,1.8311,2.8687
0.0458,-0.0037,1.0419,22.5830,15.9302,26.9775
0.0311,-0.1633,1.0272,-13.6719,27.1606,23.7427
0.0908,-0.4347,1.1329,-16.5405,40.1001,43.7622
0.1108,-0.8445,1.2170,3.3569,71.1670,108.2764
-0.1235,0.1372,0.5177,70.4346,101.1963,223.5107
0.0613,-0.0542,0.7430,10.6812,15.0146,169.9219
0.0524,-0.1527,1.1086,-18.3105,-2.4414,213.6841
0.0530,0.4226,0.9426,49.4385,15.5029,161.6211
0.0968,0.1409,1.0195,38.3911,-0.1831,105.0415
0.1802,-0.0864,1.1221,5.3711,2.5024,93.8110
0.1616,-0.1295,1.1322,1.6479,15.1367,113.9526
0.0541,0.0918,0.9076,37.9028,24.1699,141.3574
0.0487,0.1329,0.8221,65.1245,-2.2583,120.1782
0.1737,0.0494,1.0497,59.3872,-27.9541,92.2852
0.1791,0.1624,1.1830,54.9927,-6.2256,48.0347
0.1216,0.0156,1.0769,23.6816,14.6484,0.9155
0.1050,0.0078,0.7906,4.9438,14.6484,-20.9351
0.1459,-0.1329,1.0297,-18.9209,-15.0146,-28.8696
0.1847,0.3134,1.2568,-18.6157,10.7422,-48.8892
0.0192,0.4532,1.1404,-35.2173,36.8042,-109.1919
-0.0624,0.8110,1.1284,-58.1665,34.4238,-187.3779
-0.1993,0.5653,0.9137,-94.4214,17.8833,-344.6655
-0.2017,-0.1013,1.0408,-31.2500,-20.4468,-344.1772
-0.0078,-1.3431,0.7761,11.3525,-19.5923,-284.6680
0.1145,-0.4736,0.9535,71.2891,-18.1885,-77.6978
0.1077,-0.4895,0.9352,53.9551,-21.4844,-69.6411
0.0880,-0.2490,0.9949,29.3579,0.0000,-27.7710
0.1047,-0.4469,1.0183,-49.6216,-24.3530,-46.5698
0.1007,-0.1418,1.0659,-25.0244,-13.9160,-10.9863
0.1323,-0.1748,1.0858,14.3433,-13.7939,-32.6538
0.1123,-0.1927,1.1350,5.8594,0.3662,-19.2261
0.0836,-0.2535,0.8945,9.3994,-4.1504,-19.9585
0.0704,-0.2664,0.9771,18.6768,-1.5869,-5.4932
0.0930,-0.2888,1.0875,-5.6763,2.9907,11.2305
0.1199,-0.4139,1.0886,-20.2026,21.5454,33.3252
0.1970,-0.8536,1.2360,-15.5029,52.8564,87.8296
-0.1279,-0.3047,0.8347,79.9561,102.7222,205.9326
0.0529,-0.0901,0.5955,30.2124,-1.6479,198.6084
0.1615,-0.6438,0.9537,-3.2959,-47.4243,205.8105
-0.0640,-0.3899,0.9535,-21.1792,-35.8276,274.9634
-0.1841,0.9039,0.9670,-21.1792,-23.7427,270.3247
0.0320,0.3965,1.3107,19.5313,-11.5356,115.4785
0.1804,-0.3076,1.0558,-2.1362,-2.2583,132.8125
0.0090,0.1172,1.0155,-23.3765,-4.8828,201.0498
0.0013,0.4447,0.9236,18.2495,7.5073,126.8311
0.1625,0.1073,1.0472,3.1738,-11.1694,43.3350
0.1698,0.1277,1.1720,-18.1885,-5.7983,50.3540
0.0758,0.2549,0.9456,17.8833,21.4233,13.7329
0.1423,-0.0093,0.9487,2.0752,1.6479,-20.3857
0.1418,0.2646,1.0436,-5.2490,6.8359,-50.9033
0.0525,0.6414,1.1409,-17.7002,13.0615,-121.3379
-0.0496,0.8467,1.0214,-55.2368,14.7705,-232.6050
-0.1663,0.7455,1.2506,-60.1807,-9.3994,-346.9238
-0.2590,-0.0195,0.7424,-62.2559,-6.8970,-371.3379
-0.0676,-0.0438,0.8002,-134.7656,-75.1343,-316.8945
0.0706,-0.7386,1.3363,-53.4058,-103.0884,-270.6299
0.0909,-0.0051,1.0031,174.2554,-45.1050,-96.6797
0.0895,-0.1218,1.0636,81.4209,-8.9111,-116.4551
0.0040,-0.1874,1.1229,64.3921,20.8130,-120.2393
0.0995,-0.5116,0.8325,78.2471,78.6133,-140.3809
0.1879,-0.2915,0.8324,83.8013,48.7671,-67.9932
0.1204,-0.1249,0.8646,-21.9116,12.3291,-49.8657
FIN_VENTANA
Progreso: 1/10
INICIO_VENTANA derecha
-0.4276,-0.0031,0.5007,-84.0454,31.6162,-340.2710
-0.1788,-0.9293,1.0017,-192.1997,-40.0391,-350.2197
-0.0640,-0.7064,1.4713,-149.5361,-40.2222,-229.9194
0.0552,-0.6460,0.9634,91.7358,26.4893,-138.4888
-0.0887,-0.1487,0.8395,180.5420,24.4141,-66.7114
0.0392,-0.5863,1.1450,28.9307,-8.3618,-116.9434
-0.0286,-0.2760,0.9503,82.4585,32.7759,-52.1240
0.0343,-0.3131,0.6532,-90.3320,2.0142,-58.9600
0.0710,-0.1630,1.1455,-150.8179,-34.3628,-29.2969
0.0594,-0.1460,1.0626,-95.5200,13.9160,-13.5498
0.0358,-0.0385,0.8518,-4.3945,12.2070,-5.4321
0.0558,-0.2072,1.0520,15.7471,-1.8921,0.2441
0.0579,-0.1714,1.0640,34.2407,13.6719,27.2827
0.0677,-0.6962,1.1454,-18.6157,22.9492,62.8662
-0.1392,-0.4758,1.0881,-33.9966,62.9272,208.3740
-0.1587,0.1135,0.7960,-5.1270,74.1577,266.8457
-0.0831,0.1418,0.8961,-54.0771,8.2397,205.3833
-0.0894,-0.1864,1.2732,-46.8750,5.9204,223.5718
-0.1156,0.3577,0.9156,1.5869,36.0718,245.6055
-0.1346,0.3517,0.9626,66.5894,14.7095,200.8057
-0.0200,0.1998,0.9324,29.6021,0.4883,177.3682
0.0146,0.3512,1.2667,-6.9580,-14.0991,214.2944
0.0602,0.1573,1.1398,-54.9316,37.9639,142.5171
0.0243,0.2657,0.9364,-5.9204,55.4810,190.0635
0.1156,0.5763,1.0096,13.8550,35.5225,141.9678
0.0176,0.1589,1.0870,70.1904,55.9692,78.7964
0.0944,0.3507,0.8977,117.9810,53.4668,102.7222
0.0605,0.2930,0.9264,118.7134,38.8184,33.1421
0.0812,0.0688,0.8662,74.8901,27.8320,1.2207
0.1488,0.3378,1.0537,18.1274,-1.8311,-17.2729
0.0782,0.6027,1.1294,28.6255,6.5308,-86.1816
-0.0459,0.5530,1.1143,30.3955,25.1465,-193.2983
-0.0300,0.5571,1.1113,-38.3301,16.6016,-272.9492
-0.2092,0.5792,1.4390,29.1138,12.9395,-348.0225
-0.5555,0.2488,0.9406,-52.1240,112.4878,-478.8208
-0.5228,-0.3763,0.6375,-94.2993,53.8330,-484.9243
-0.2476,-0.9525,0.9036,-172.7295,-26.5503,-385.3149
0.1746,-0.6504,1.4204,-89.1724,-32.6538,-176.5137
-0.1653,-0.2903,0.8234,131.7139,38.8184,-111.2671
-0.0198,-0.6400,0.5546,137.6953,-8.6670,-117.8589
0.0541,-0.4919,1.1685,139.5874,-60.9741,-51.6357
0.0513,-0.4633,1.1095,-5.3711,-4.1504,-23.4985
0.0404,-0.4674,0.9913,-27.4048,9.6436,-19.2261
0.0468,-0.3884,0.9169,47.7295,11.1084,-0.0610
0.1078,-0.2220,0.8333,35.3394,3.0518,4.5776
0.0736,-0.4204,1.1166,-19.4702,-2.9907,-5.7983
0.0387,-0.3970,0.8691,-1.5259,30.3345,3.8452
0.0730,-0.4346,0.8967,16.0522,2.7466,18.2495
0.0988,-0.6387,1.0667,-14.6484,1.0986,40.7104
0.0062,-0.8877,1.1060,-52.3682,45.1660,138.9160
-0.0818,-0.5264,0.7854,-15.5640,61.1572,252.6855
-0.1687,-0.2930,0.5331,-99.2432,24.2920,309.9976
-0.2593,0.1577,0.6328,-239.8682,2.2583,330.5664
-0.0415,0.3179,0.9524,-142.6392,-5.9814,300.9644
0.0658,0.6302,1.4448,-80.1392,14.9536,284.1187
0.0344,0.9452,0.8508,43.8843,88.5010,180.4199
0.0422,0.1204,0.8413,105.1636,64.4531,114.3188
0.0854,0.1179,0.8594,155.4565,33.6914,176.4526
0.1952,0.3142,1.1531,107.2998,-0.7935,176.2085
0.1775,0.3809,1.1573,56.8848,19.7754,128.2959
0.1024,0.4310,0.8282,55.9692,28.1372,53.8330
0.1459,0.0438,1.0574,44.3726,1.6479,6.8970
0.2178,0.1028,0.9751,92.5903,23.2544,31.1279
0.2373,0.3992,1.0786,71.4111,4.2114,-0.1831
0.1561,0.5674,1.1904,95.2759,15.4419,-85.9985
0.0786,0.3604,1.0107,15.9302,34.9731,-177.8564
0.0109,0.2632,1.1271,-6.8970,22.0337,-237.3047
-0.1362,0.3226,1.1744,-10.4370,54.5044,-327.3315
-0.2825,0.2032,0.8187,-104.5532,52.5513,-376.5259
-0.4541,-0.1315,0.7485,-57.6782,14.5874,-428.7109
0.1943,-0.6560,0.9709,-156.0059,-29.9072,-369.5068
-0.0006,-0.7074,1.3999,80.8716,-34.3018,-209.7778
-0.0818,-0.3330,0.9622,161.9873,29.6021,-133.5449
-0.2157,-0.5579,0.7451,151.3672,21.7896,-163.6353
-0.0292,-1.0750,0.6760,122.1924,-25.0854,-78.1250
0.0226,-0.6277,1.0337,106.9946,-58.7158,-9.8877
0.0013,-0.5011,0.9431,-58.7769,-4.7607,-5.7983
-0.0137,-0.6067,0.8452,-73.6084,-0.3052,-2.9907
0.0787,-0.4319,0.8899,-28.9307,-19.2261,5.7373
0.0344,-0.4099,1.0153,-15.6250,0.1831,13.4888
0.0374,-0.5394,0.9408,-44.7388,14.1602,14.0991
0.0267,-0.7661,0.9985,-57.4341,10.3149,40.9546
-0.0702,-0.9713,1.0852,-62.4390,29.2969,118.3472
-0.0985,-0.4050,0.8104,-14.8926,56.2744,242.0654
0.0024,-0.0302,0.7454,6.5918,7.0190,216.6748
0.0515,-0.1583,0.9200,-79.1626,-29.3579,178.7720
-0.0149,-0.5170,1.0941,-84.2285,-21.7896,193.5425
-0.0422,0.0607,0.9041,-19.4092,0.9155,276.7944
0.0295,0.4390,0.9445,18.3105,-58.4106,193.8477
0.0522,-0.0652,1.2362,-94.9707,-40.2222,141.4795
0.0691,0.1390,1.1440,-80.3833,12.0850,153.5645
0.0781,0.5385,0.9305,-15.5029,22.2168,130.9204
0.0724,0.0715,1.0321,-17.3340,14.7095,46.7529
0.1201,0.2363,0.9023,9.3994,24.2920,74.9512
0.1157,0.3558,1.0231,56.4575,-6.5308,38.6963
0.1031,0.0864,0.9779,8.9111,14.6484,0.7935
0.1465,0.0773,0.8571,17.5171,8.5449,13.6719
0.1560,0.3560,1.0486,44.2505,-21.9727,6.4697
0.1227,0.3035,1.1707,14.7095,-8.5449,-37.4146
0.0768,0.5316,0.9854,20.5688,8.3618,-92.5293
FIN_VENTANA
Progreso: 2/10
INICIO_VENTANA derecha
0.0759,0.0742,0.9878,-13.4277,23.0103,25.6958
0.0780,0.0194,0.9739,16.7847,8.6060,15.4419
0.0841,0.1161,1.0090,22.8271,3.4180,18.0664
0.0834,0.0339,1.0437,15.4419,5.7373,0.1831
0.0770,-0.1483,0.9807,12.0850,15.3198,0.4272
0.0792,0.0884,0.9149,28.2593,-4.0894,21.4233
0.0377,0.5695,1.1013,38.3301,-11.6577,-13.6108
-0.0521,0.7961,1.1322,38.0249,-1.8311,-99.1211
-0.1254,0.2991,1.3755,17.2119,3.3569,-214.0503
-0.2615,0.3363,1.4100,79.0405,56.6406,-250.7324
-0.3732,0.0216,1.0028,16.1133,146.1182,-342.9565
-0.2184,-0.1749,0.3569,12.5732,89.7827,-317.8101
-0.2097,-0.9735,0.8818,-21.0571,-15.8691,-312.6221
-0.0359,-1.0482,1.1006,4.7607,-5.2490,-176.3916
-0.0551,-0.4906,0.9802,112.9761,16.2964,-120.7275
-0.0083,-0.6708,0.8809,116.5161,21.1792,-89.7827
-0.0015,-0.7821,0.9764,73.9746,16.6016,-64.9414
0.0840,-0.6071,0.8732,78.7964,28.1372,-34.7900
0.1094,-0.5615,0.8550,67.6270,22.3999,-19.2871
0.0435,-0.6846,0.7271,-18.0664,15.0757,9.0942
0.0560,-0.4967,0.8781,-15.9302,-13.1226,17.8833
0.0314,-0.4120,0.9155,-9.0332,-3.0518,2.7466
0.0552,-0.7157,0.8596,-52.3682,2.9907,-3.4180
0.0673,-0.5892,0.9202,-49.1333,-13.2446,33.3862
-0.0526,-1.0985,1.0201,-86.0596,6.6528,82.8857
-0.0685,-0.4224,0.7339,-17.4561,27.5269,190.6128
-0.0986,-0.3831,0.6558,-73.0591,8.5449,177.1240
-0.0282,-0.2505,0.8059,-44.3726,-27.8931,188.2324
0.0105,-0.0699,1.1184,-28.9917,-55.6641,182.0068
-0.0144,-0.0225,1.1115,-85.9375,-3.7231,178.5889
0.0417,-0.0259,1.0459,-83.8013,1.1597,168.7012
0.0131,0.0969,0.9967,-76.1719,16.3574,179.8096
0.0503,0.3002,0.8759,-95.0317,23.8647,159.5459
0.0883,0.2704,0.8721,-83.8623,12.8174,125.2441
0.1069,0.2354,0.9807,-58.5327,1.8921,119.1406
0.0909,0.1815,1.0599,-14.0991,17.0288,116.6992
0.0867,0.4193,0.9364,10.1318,28.3203,132.3853
0.0881,0.5815,0.9041,1.4038,9.2163,97.5342
0.1304,0.4393,1.0624,-18.7988,-4.9438,55.1758
0.0969,0.3385,1.1417,-39.0625,9.5215,32.5928
0.1160,0.1925,1.0809,-23.4985,48.3398,25.2686
0.1147,0.3634,0.7478,14.0381,43.3350,50.9033
0.1293,0.2902,0.7777,29.4800,12.1460,39.7339
0.1598,0.4001,0.8727,48.1567,-11.8408,36.9873
0.1403,0.4377,1.0294,52.0630,-16.3574,6.4087
0.0959,0.9844,0.9436,67.8711,-4.3945,-24.4751
-0.0479,1.4043,0.9650,96.5576,-32.2876,-199.9512
-0.2679,0.6361,1.2717,35.3394,-48.9502,-347.2900
-0.4194,0.2219,1.3428,59.5093,-6.2866,-388.3667
-0.3644,-0.1053,1.0250,11.9629,52.7344,-397.2778
-0.4625,-0.2137,0.5138,45.5322,61.7065,-361.2061
-0.2528,-1.0460,0.6259,-95.0928,-27.6489,-279.0527
-0.0208,-0.6089,1.1671,57.7393,-110.7178,-114.0747
-0.1206,-0.3062,1.3430,159.1797,-54.8096,-87.0972
-0.0024,-0.4556,0.9423,153.6255,21.2402,-89.7217
0.0319,-0.6169,1.0392,106.2012,-7.5684,-59.2041
0.0452,-0.5109,0.9662,59.0820,8.3618,-22.3999
0.0765,-0.4377,0.9302,21.7896,4.4556,-11.5356
0.0217,-0.6061,0.9269,-20.2026,10.1929,-2.0752
0.0480,-0.2930,0.8832,-37.8418,-2.3193,28.6865
0.0526,-0.4349,1.0410,-66.5894,-9.6436,14.8926
0.0586,-0.5431,1.0977,-75.8057,2.0752,37.1094
-0.0029,-0.4919,1.0962,-47.9736,26.7944,82.0313
-0.0424,-0.4536,0.8776,-47.3633,51.2085,106.6895
-0.0626,-0.7616,0.8470,-61.0962,47.8516,145.5078
-0.0269,-0.2225,0.7083,2.6855,43.8843,251.5259
-0.0587,-0.2122,0.9847,-45.2271,-22.9492,237.2437
-0.1378,-0.1671,1.0980,-58.2886,1.2817,274.5361
-0.0643,0.6536,0.8302,-17.2119,7.5684,289.7339
0.0035,0.5719,1.0371,-33.0200,-20.7520,177.3682
0.0813,0.3224,1.1144,-67.1997,5.0049,124.5117
0.0671,0.1169,1.1567,-34.6680,30.0903,113.4033
0.0509,0.2534,0.9446,-24.6582,61.4624,128.8452
0.0988,0.3660,0.7789,-46.7529,54.6265,115.6616
0.1133,0.3914,0.8431,-24.7192,26.9775,102.1729
0.1569,0.4471,0.9791,-25.5737,16.6016,83.5571
0.1390,0.4866,0.9709,4.1504,21.4844,61.7065
0.1188,0.4327,0.8433,-17.2119,19.1040,37.4146
0.1399,0.3022,0.9340,-6.7749,0.2441,32.9590
0.1132,0.4973,0.9146,42.8467,-0.1221,56.8848
0.0757,0.6387,0.8713,77.4536,-4.2114,27.8320
0.0969,0.4902,0.9197,15.3198,-11.6577,-32.1045
0.0668,0.6815,0.9012,45.8984,-12.8784,-49.4995
0.0056,0.7697,0.8080,53.0396,-37.3535,-141.7236
-0.0287,0.2892,1.0791,12.1460,-63.6597,-198.4863
-0.0286,0.3491,1.2196,13.7939,-49.6216,-187.1338
-0.0760,0.5916,1.0940,54.9316,-23.6206,-225.9521
-0.1854,0.5747,1.0072,44.9829,-26.4282,-305.0537
-0.4021,-0.0135,0.7886,-17.6392,-18.4937,-354.1870
-0.2754,-0.2896,0.7661,-131.2866,-60.2417,-316.3452
-0.1112,-0.3348,1.3782,-144.7144,-124.3896,-244.1406
-0.1727,-0.0741,1.2168,42.4805,-78.0029,-173.1567
-0.0730,-0.3616,0.9187,17.3950,8.9111,-115.4175
-0.0627,-0.2872,1.0718,148.1934,-56.2134,-42.1753
-0.0394,-0.1664,1.2209,172.9126,-22.8882,-8.6060
0.0708,-0.0635,0.9366,144.5923,17.3950,9.5215
-0.0068,-0.1769,1.0664,59.3872,21.6064,4.3335
0.0251,-0.1788,0.8762,40.4663,25.4517,-0.4883
0.0549,-0.1609,0.8693,36.1328,5.3711,5.5542
0.0499,-0.1959,1.0743,7.5073,-8.3008,2.3804
FIN_VENTANA
Progreso: 3/10
INICIO_VENTANA derecha
-0.0123,-0.6315,0.9635,-21.6675,-45.6543,-132.2632
-0.0043,-0.4114,1.2920,49.9878,-62.9272,-98.0225
0.0540,-0.4210,0.8351,90.0269,4.2114,-49.1943
0.1604,-0.2546,0.9995,78.4302,-44.6167,-23.7427
0.1371,-0.2360,1.2540,51.0254,-31.1279,-11.2915
0.1172,-0.4181,1.0576,-2.9907,20.1416,-9.9487
0.1313,-0.2528,0.8956,29.8462,18.1274,31.6162
0.1356,-0.3285,1.0206,9.1553,-2.1973,27.8320
0.0928,-0.7875,1.1964,-20.9961,12.3901,54.9927
-0.0419,-0.8658,1.0511,-1.8921,62.6831,159.2407
-0.0516,-0.2052,0.5355,33.3252,70.9839,247.5586
0.0338,-0.1063,0.8534,29.7241,-40.9546,220.6421
0.0398,-0.0750,1.2115,42.5415,-48.0347,223.3276
0.0441,0.1785,1.3154,28.5034,-15.3198,229.1260
0.1138,0.3225,1.1707,-51.8188,23.3154,168.5181
0.1069,0.2111,0.9194,-66.6504,56.5796,124.8169
0.1454,0.3373,0.6327,-28.6865,19.7754,90.2710
0.1639,-0.0352,0.9730,-13.8550,-20.7520,78.2471
0.1271,-0.1300,1.0009,-15.1978,2.6855,103.3325
0.0999,0.2097,0.7677,19.0430,8.4839,134.6436
0.1176,0.2417,0.8745,26.4893,-28.5645,114.3799
0.1226,0.1469,1.0966,14.8926,-37.2314,106.0791
0.1008,0.3993,1.0787,48.8892,-20.2637,113.0981
0.0869,0.4309,1.1504,24.0479,-17.3950,49.3774
0.0621,0.2985,0.9966,-13.0615,4.5166,27.6489
0.0835,0.1954,1.0870,-24.8413,-8.1177,10.9863
0.1012,0.3759,1.1472,5.7373,5.9204,14.8315
0.1024,0.3911,1.0464,23.1323,23.1323,-11.1084
0.1080,0.2766,0.8999,23.3765,27.2827,-32.1045
0.1010,0.5013,0.9160,50.0488,6.4087,-45.7764
0.0244,1.1776,0.9304,86.2427,1.4648,-144.7144
-0.2303,0.8715,1.1119,11.4746,-16.1133,-310.0586
-0.2668,-0.0435,1.4575,-35.4614,-7.5684,-372.7417
-0.3197,-0.1874,1.3599,14.1602,49.1943,-329.1016
-0.3580,-0.1454,0.5990,49.5605,112.3047,-326.4160
-0.2480,-0.8575,0.3165,-122.6807,59.8145,-323.5474
0.0746,-0.9784,0.7034,-10.7422,-107.8491,-123.9624
0.0332,-0.0730,1.6010,124.6948,-104.7363,-77.4536
0.0038,-0.3384,1.1372,34.2407,41.8701,-99.0601
0.1163,-0.4423,0.7528,31.1279,19.0430,-80.8716
0.0850,-0.3679,1.1371,83.9844,-39.1235,-42.4194
0.1039,-0.2703,1.0311,-8.6670,15.6860,-44.0063
0.0845,-0.4441,0.9711,-33.3252,17.1509,-27.8320
0.1168,-0.4681,1.0398,-17.2729,12.1460,3.4790
0.1041,-0.3319,0.9393,7.0190,19.7144,38.6963
0.0848,-0.4963,1.0135,-24.2310,13.7329,55.8472
0.0538,-0.6365,1.0404,-16.6626,41.8701,132.0190
-0.0288,-0.2041,0.6571,17.3340,67.9932,208.4961
0.0919,0.1080,0.5327,24.6582,3.9062,195.0684
0.1277,-0.0997,1.0829,15.4419,-70.8618,158.1421
0.0864,-0.0668,1.2505,50.9033,-39.7339,175.9033
0.0728,0.0176,1.1531,14.2212,5.4932,156.1890
0.0833,-0.0526,0.9503,-8.6670,16.2354,140.9912
0.0807,0.0212,0.8914,21.4844,5.6763,151.3672
0.1064,0.0532,0.9423,46.2646,-14.4043,148.0103
0.1327,0.0474,1.1296,31.1890,-25.8179,130.9204
0.1317,0.0847,1.1215,45.2271,-3.2959,114.8682
0.1465,0.0509,0.9795,30.8228,13.4277,89.2334
0.1443,-0.0743,0.9652,26.7334,-0.1221,72.6929
0.1346,-0.0402,0.8917,4.1504,-3.1128,74.8901
0.1451,-0.1224,1.0320,-3.2959,-24.6582,72.8149
0.1215,0.0635,1.1061,15.2588,-15.5029,88.1958
0.1179,0.2723,1.0287,24.4141,-3.8452,61.4014
0.1024,0.0784,1.0050,-5.6152,-1.7700,8.6060
0.1274,-0.0066,1.0061,-7.9346,-10.0708,9.0942
0.1332,-0.0695,1.1464,-1.2817,-12.5122,11.4746
0.1229,0.1123,1.1287,24.5361,9.2163,19.2261
0.0994,0.4781,1.0482,41.5039,16.4795,-12.0239
0.0188,0.9292,1.1187,57.1289,16.1743,-142.8223
-0.1873,0.5457,0.9977,-69.2749,42.9077,-278.7476
-0.2048,-0.2626,1.1514,-109.4360,3.6011,-337.7686
-0.1631,-0.3136,1.2809,-41.8091,9.5215,-290.7715
-0.0554,-0.0902,1.0352,-9.8877,50.4150,-273.8647
-0.0477,-0.4270,0.6560,3.9673,76.4160,-239.0137
0.0476,-0.2642,0.4259,28.7476,13.5498,-154.9072
0.0298,-0.4218,1.2169,6.4087,-85.5103,-140.9912
0.0210,-0.2279,1.2841,93.6890,-6.0425,-150.0244
0.0073,-0.6335,0.9967,33.9355,38.9404,-154.1748
0.0461,-0.3900,0.7729,13.5498,27.7100,-87.8296
0.0608,-0.4572,1.0513,3.4180,-17.0898,-78.4302
0.0266,-0.2924,1.0883,53.4668,5.3711,-61.6455
0.0651,-0.4899,0.8940,21.7896,29.7241,-61.4014
0.0883,-0.4763,0.7350,-20.0806,22.2168,-27.6489
0.1174,-0.3304,0.8546,-51.2695,-14.8315,-2.7466
0.0959,-0.2711,1.0659,-55.7861,-22.0337,3.4180
0.0679,-0.2087,1.0768,-35.1563,3.4180,8.0566
0.0872,-0.1672,0.8900,-51.0254,14.3433,-1.6479
0.0764,-0.4152,1.1171,-39.6729,-6.4087,16.3574
-0.0231,-0.7803,1.3169,-36.7432,16.9067,64.0869
-0.0756,-0.6089,1.0049,24.6582,85.3882,180.1147
-0.0176,-0.0428,0.6498,29.1748,77.7588,244.9951
0.0480,0.1265,0.8152,61.2183,9.0332,234.3750
0.0598,-0.0790,1.0531,28.9917,-16.7847,196.4111
0.0371,-0.1187,1.1787,3.1128,-9.5215,207.6416
0.0411,0.2990,1.0840,-53.0396,13.0005,193.9087
0.0802,0.3953,0.8385,-46.7529,34.9731,127.3193
0.1021,-0.0743,0.8354,-64.3311,14.5264,68.7256
0.0822,-0.3630,0.8413,-48.3398,8.9111,105.7129
0.0817,0.0944,0.9357,-9.3994,-16.8457,177.1851
0.0863,0.4086,1.1392,1.1597,-9.4604,150.4517
FIN_VENTANA
Progreso: 4/10
INICIO_VENTANA derecha
0.1335,0.1581,0.8444,-46.2036,7.1411,166.9312
0.1599,-0.0439,1.1338,-85.3882,-21.7285,145.2637
0.1230,0.1570,1.2300,-45.8374,11.9019,176.9409
0.1365,0.4150,0.9274,-16.1133,51.8188,161.2549
0.1516,0.2997,0.8246,-17.1509,38.5742,122.7417
0.1698,0.3855,0.8497,27.3438,8.6060,116.4551
0.1781,0.2468,1.0280,-1.6479,1.4648,105.8350
0.1273,0.3988,0.9384,28.9307,16.2354,115.2344
0.1251,0.3290,0.9712,7.5684,2.6855,73.9746
0.1770,0.3363,1.0104,9.9487,5.6763,61.5234
0.1720,0.3507,0.9243,20.6909,8.0566,40.1611
0.1594,0.1958,0.9922,2.1362,4.5166,25.0244
0.1851,0.4355,0.8788,32.1655,1.8921,21.3013
0.1694,0.4331,0.9882,33.2642,-15.5640,-23.4985
0.1543,0.3451,1.0342,43.1519,-2.7466,-50.4761
0.1399,0.5908,0.9092,46.2036,7.2021,-69.5190
0.0742,1.0026,0.8330,59.3262,-10.4980,-126.1597
-0.0854,0.8229,1.1771,13.0005,-48.0347,-248.5962
-0.1173,0.2443,1.4624,-37.0483,-30.5786,-339.2334
-0.1886,0.1266,1.0500,-12.3291,44.4336,-315.2466
-0.2579,-0.0309,0.5779,-35.7056,52.6733,-334.0454
-0.1042,-0.5730,0.5135,-69.8853,-10.9863,-300.8423
-0.0551,-0.5765,1.0905,7.2021,-106.2012,-191.0400
-0.0316,-0.3895,1.5323,106.5674,-50.1709,-111.3892
0.0204,-0.2344,0.8643,89.2944,44.0063,-77.0264
0.0283,-0.2278,0.7307,42.4805,-6.1035,-78.1250
0.0017,-0.5355,1.1187,24.0479,-50.3540,-82.9468
0.0747,-0.3142,1.1051,44.6167,-11.2915,-31.0059
0.0410,-0.3047,0.9597,-7.0190,9.5215,-39.9780
0.0383,-0.5934,0.9619,-33.5693,6.9580,-28.4424
0.1194,-0.2170,0.9152,10.0098,1.5869,35.9497
0.0989,-0.1445,1.0125,-73.9136,-8.5449,6.3477
0.0658,-0.1873,1.1072,-59.1431,-1.6479,9.1553
0.0928,-0.1146,1.0120,-12.2681,9.5825,19.2261
0.1049,-0.2399,1.0837,-3.6621,1.7090,21.3013
-0.0004,-0.7690,1.3555,-15.5640,20.6909,49.8047
-0.0878,-0.6101,1.0348,51.6357,119.3237,224.8535
0.0229,-0.0286,0.5704,73.8525,51.3916,226.6846
0.0452,-0.3068,1.0061,19.1040,-23.6816,207.3364
0.0018,-0.2690,1.1500,90.9424,-17.8833,256.3477
-0.0569,-0.1245,0.9564,38.8794,8.4229,276.1841
-0.0656,-0.0389,0.8442,12.2070,-12.0850,277.2217
-0.0502,0.2837,1.0032,61.4624,-67.9321,257.5684
0.0094,0.3247,1.1730,15.5029,-58.1665,189.8193
0.0769,0.1276,1.0051,-58.2275,-0.5493,114.5020
0.1050,0.0568,0.8398,-33.0200,-0.6104,111.5723
0.1027,0.1722,0.9462,-11.8408,-29.6631,106.2012
0.0681,0.2465,1.1149,-15.0146,-31.1890,90.1489
0.0503,0.4800,1.0476,13.1836,-11.5356,70.8618
0.0721,0.3627,1.1066,9.5825,-11.8408,11.4136
0.0531,0.2241,1.1920,18.0664,9.4604,-14.5874
0.0465,0.2274,1.0535,13.9771,25.8179,-37.4756
0.0630,0.2510,1.0771,28.1982,21.9727,-66.4063
0.0710,0.2916,1.1041,33.2031,32.2266,-93.0786
0.0428,0.3086,0.9064,-7.5073,55.9692,-125.4883
0.0698,0.3909,0.8240,-13.6719,22.8882,-147.1558
0.1093,0.3663,1.1030,34.4238,-16.9678,-172.4243
-0.0780,0.4285,1.3818,83.6182,33.5083,-244.2017
-0.1016,0.0944,0.9357,27.8931,116.2109,-300.5371
-0.0903,-0.1295,0.3960,46.6309,96.3745,-265.3198
-0.2252,-0.0779,0.4330,33.5693,-15.0757,-249.3896
-0.3563,-0.6621,0.8914,-125.7935,-80.1392,-312.6221
-0.1338,-1.0817,1.5339,-85.2051,-112.8540,-213.7451
-0.0464,-0.3651,0.9957,108.8867,31.0669,-77.3315
-0.0477,-0.5249,0.7208,-19.2261,22.3999,-97.6563
-0.0526,-0.6432,0.9763,4.4556,-41.7480,-48.1567
0.0022,-0.2936,1.1918,78.4302,-48.1567,-12.9395
-0.0198,-0.3439,1.1682,0.4883,0.7935,-34.6680
-0.0293,-0.1936,0.8838,-28.3203,24.2310,-28.7476
0.0222,-0.4205,0.9906,-7.8125,-6.1646,-45.5933
-0.0533,-0.6041,1.1506,-29.3579,-0.8545,-7.6294
-0.0226,-0.1244,0.9010,-6.8359,21.8506,42.1143
0.0006,-0.2756,0.9077,-31.8604,3.4790,8.6670
-0.0267,-0.4261,1.1665,-32.6538,-6.0425,41.3818
-0.1915,-0.8188,1.3936,-63.0493,33.1421,75.8667
-0.1663,-0.4227,0.7847,12.7563,119.0796,188.8428
-0.0876,-0.2009,0.5702,-0.2441,66.7725,211.6699
-0.0156,-0.1022,0.7987,48.9502,-4.2725,230.8960
-0.0687,-0.1201,1.1459,27.4048,-43.2129,219.8486
-0.0194,-0.0952,1.2657,0.7935,-13.1836,224.8535
-0.0021,0.4186,1.0267,25.0244,10.8032,235.7178
0.0382,0.4459,0.9546,3.1128,-0.0610,136.7187
0.0543,-0.2843,1.0875,-97.6563,4.8828,48.7671
0.0221,-0.3728,1.0170,-76.5381,28.9917,114.5630
0.0166,0.0106,0.8300,-87.8296,26.6113,165.4053
0.0679,0.3264,0.7906,-44.0063,12.8174,160.2173
0.0757,0.3901,0.8558,14.7705,-30.4565,137.5122
0.0836,0.2878,1.1915,-6.2256,-42.4805,101.6235
0.0706,0.4296,1.0693,-14.7705,7.3853,82.2144
0.0673,0.4385,0.8846,-8.9722,11.5356,45.3491
0.0704,0.3544,1.0898,10.8032,-15.3198,27.0996
0.0692,0.2701,1.2223,51.3916,13.8550,19.2871
0.0619,0.2411,0.9238,23.6816,43.4570,-3.4790
0.0923,0.0215,0.8691,-42.5415,13.7939,-18.3716
0.0593,0.3311,0.9775,-21.9116,-6.8970,2.7466
0.0658,0.5204,0.9634,4.3335,-4.5776,-44.5557
0.0077,0.8899,0.9733,39.0015,-7.9956,-80.1392
-0.1273,1.0488,0.9225,62.3779,-6.1035,-181.1523
-0.3152,0.4717,1.0942,77.4536,-19.9585,-291.8091
-0.1844,0.1226,1.2402,103.6377,11.5356,-326.0498
FIN_VENTANA
Progreso: 5/10
INICIO_VENTANA derecha
0.0380,0.3689,0.9274,-56.0303,-5.9204,39.3677
0.0659,0.4712,1.0115,-8.6060,-27.5269,25.7568
0.0609,0.3876,1.2731,29.9072,-18.7988,8.9111
0.0361,0.4010,1.2229,47.1191,26.8555,3.1738
0.0477,0.3055,1.0116,38.5742,55.8472,-21.9116
0.1071,0.3093,0.9539,72.0825,50.1099,-26.0620
0.0336,0.7963,1.0223,199.3408,41.9922,-17.3340
-0.1924,0.9086,0.9958,146.7285,68.5425,-179.9316
-0.2437,0.5454,0.8046,-25.7568,81.2988,-333.9844
-0.2953,-0.1411,0.9810,-89.5996,-2.3804,-408.0811
-0.2477,-0.5774,1.3466,-41.9312,-32.8979,-360.7788
-0.2338,-0.2191,1.2129,40.7104,62.4390,-267.5171
-0.2084,-0.1001,0.5402,-31.6772,82.0313,-301.7578
-0.2629,-0.6531,0.5262,-57.3120,-2.1973,-299.8657
-0.0530,-0.8058,1.2162,13.1226,-102.6611,-221.5576
-0.0511,-0.6533,1.3910,67.1387,-34.1797,-131.1646
-0.0106,-0.4360,0.6810,18.9819,38.2690,-71.6553
-0.0116,-0.4705,0.8955,-4.4556,-26.1841,-36.0718
-0.0796,-0.2622,1.0531,12.3901,-27.4658,-18.9209
-0.0004,-0.4448,1.0439,-4.7607,-5.6763,-24.9023
0.0480,-0.3069,1.0393,3.7842,-3.9062,13.1836
0.0044,-0.2230,1.1062,1.0986,-2.1362,17.6392
0.0309,-0.1525,0.9497,-11.7187,9.1553,9.7656
0.0031,-0.2704,1.0664,-6.2256,-1.9531,4.2725
0.0310,-0.1953,1.0482,31.7993,9.3994,22.0947
0.0112,-0.2192,1.0039,16.8457,11.8408,11.2915
0.0078,-0.3049,1.0322,9.7046,10.9863,11.7798
-0.0043,-0.5199,1.1222,10.1318,17.3950,24.5972
-0.0505,-0.7318,1.1129,22.8882,47.3022,76.4771
0.0052,-0.3912,0.7917,64.8804,75.5615,179.9316
0.0027,-0.4480,0.8749,18.5547,7.6294,153.0151
-0.0328,-0.8726,1.1588,-22.7051,14.4043,186.3403
-0.0724,-0.4000,0.9347,45.2271,38.0859,290.3442
-0.0348,0.0294,0.8190,33.9355,6.0425,298.0957
0.0282,0.1399,0.9260,-10.0708,-26.4893,239.9292
0.0875,-0.0793,0.9933,-69.8853,-2.2583,190.9180
0.0314,0.0687,0.7251,-56.5796,2.1362,219.2383
0.0676,0.2075,0.7371,-55.6030,-40.2832,204.3457
0.0232,0.1973,0.9441,-23.4985,-71.2280,188.6597
-0.0059,0.2070,1.1641,-4.8828,-66.9556,188.5986
-0.0353,0.4626,1.1365,49.0723,-33.0200,175.2319
-0.0033,0.4409,1.1664,-13.6719,-24.1699,80.3223
0.0114,0.2078,1.0864,-45.0439,12.7563,45.2271
0.0088,0.3492,0.8435,-43.8232,17.2729,49.6826
0.0298,0.3140,1.0421,-10.2539,-25.8179,32.1045
0.0204,0.3489,1.1121,5.9204,6.9580,16.5405
0.0210,0.3297,0.9436,10.0098,27.0996,1.9531
0.0177,0.3966,0.9690,49.4385,8.7280,-2.7466
0.0139,0.4957,1.0419,70.0073,5.7373,-24.7803
0.0248,0.2358,1.1251,75.1343,20.3247,-74.4019
0.0276,0.1315,1.1050,73.7915,51.4526,-80.8716
0.0284,0.6202,0.7734,101.8066,59.5703,-87.7075
-0.0986,0.7123,0.8402,84.1064,16.8457,-170.8984
-0.2603,0.5387,1.2186,42.1143,-5.9814,-284.6680
-0.3151,0.0536,1.3346,12.3291,42.6025,-387.8174
-0.3022,-0.6323,1.1437,-72.1436,75.9277,-365.3564
-0.2427,-0.3934,0.9058,81.7871,68.9087,-247.0703
-0.2435,-0.2098,0.6392,64.4531,80.6885,-262.2070
-0.0647,-1.0470,0.6829,-110.4126,46.0815,-286.2549
-0.0098,-1.0902,0.9521,-13.9771,-36.1938,-130.5542
0.0417,-0.2976,0.9580,20.0806,-22.3999,-30.7617
0.0875,-0.2358,0.9038,-94.4824,-26.0010,-75.8057
0.0175,-0.3440,1.1122,-53.7109,-44.7998,-65.9180
-0.0083,-0.2886,1.1254,-24.7192,-12.9395,-43.5181
0.0486,-0.1711,0.9806,-29.6021,5.3101,-40.1001
0.0260,-0.2228,0.9899,-9.7656,-5.7983,-35.9497
0.0397,-0.1937,1.0872,8.5449,-10.5591,-26.1230
-0.0123,-0.3047,1.1260,-6.8359,7.2632,-26.3062
0.0281,-0.1888,0.9993,14.9536,15.8691,-4.6997
0.0426,-0.1676,0.9927,15.7471,8.0566,-3.8452
0.0513,-0.1573,1.0131,17.0898,2.7466,-2.5024
0.0557,-0.1512,1.0696,12.1460,1.6479,-6.5308
0.0497,-0.2122,1.0504,5.9814,15.8081,-5.2490
0.0656,-0.1877,0.9100,7.7515,19.4092,4.3945
0.0618,-0.2791,1.0432,-5.8594,1.3428,7.7515
0.0790,-0.2965,1.1281,-3.8452,10.7422,32.9590
0.0310,-0.3538,1.0903,-3.6011,28.8696,58.5938
-0.0779,-0.5803,1.0614,-23.1323,49.9268,92.2241
-0.0083,-0.2263,0.6721,18.3716,76.1108,166.9922
-0.0214,-0.4249,0.7775,0.1221,21.2402,164.3066
-0.0643,-0.4219,0.9790,31.9214,-0.5493,244.9341
-0.1194,-0.0719,1.0502,77.5146,-26.0620,291.6260
-0.1088,0.1876,1.1495,-14.7705,-19.5313,254.0283
0.0521,0.5070,0.9619,-53.4668,18.7988,199.9512
0.1488,0.4730,0.9958,-51.8188,-16.9067,72.7539
0.0554,-0.4034,1.3015,-136.2305,30.3345,64.6362
0.0510,-0.0643,0.8568,-67.0776,97.0459,161.3770
0.0916,0.4548,0.5240,0.0000,53.8330,188.9038
0.1080,0.4071,0.8181,-1.1597,-21.4233,144.7754
0.0973,0.3647,1.1217,-6.7749,-20.0195,119.5679
0.0903,0.4031,1.0862,-17.5781,14.4653,96.7407
0.0559,0.5099,0.8125,-16.7847,41.0156,74.2188
0.0660,0.4509,0.6823,-46.9971,18.4326,40.5273
0.0740,0.5288,0.8077,-15.8691,-34.7900,33.9966
0.0575,0.4015,1.2362,-4.0894,-48.6450,16.4795
0.0474,0.5762,1.1780,41.7480,4.6387,27.0386
0.0607,0.7773,0.9299,52.4902,30.7617,-3.9062
0.0591,0.6215,0.8760,66.5283,19.5313,-57.4951
0.0387,0.5867,0.9037,94.0552,9.3994,-88.5010
-0.0271,0.4476,0.9865,81.4209,15.5640,-167.7856
FIN_VENTANA
Progreso: 6/10
INICIO_VENTANA derecha
0.0392,0.3029,1.1399,50.2930,0.9155,28.9917
0.0532,0.0818,1.2563,121.7651,33.5693,31.7383
0.0630,0.1910,0.9739,90.6372,73.7915,49.3774
0.0930,0.3448,0.8054,40.5273,36.3770,22.0947
0.0811,0.1630,0.9225,-9.3384,-12.5732,-30.3345
0.0785,0.1409,0.9733,-16.9067,-20.3857,-39.9780
0.0715,0.2087,1.0797,3.4790,-24.6582,-55.9082
0.0099,0.5984,1.0342,41.3208,-7.0801,-60.9131
-0.1323,0.8787,1.0121,57.4951,-5.3101,-144.1040
-0.2437,0.3947,1.1725,4.6387,-0.4883,-286.1938
-0.2156,0.0406,1.1997,-26.3672,16.6626,-328.4912
-0.1560,-0.2411,1.1406,14.4653,34.9731,-295.7153
-0.1183,-0.1394,1.0311,65.6738,46.5088,-235.9009
-0.1165,0.1097,0.8047,89.8438,59.4482,-241.0889
-0.1130,-0.4066,0.8622,-8.9111,33.5693,-283.8745
-0.0734,-0.7651,0.9785,-33.8745,5.6152,-226.4404
0.0271,-0.4746,0.8459,25.0244,11.5356,-134.5825
0.0031,-0.3774,0.7705,53.6499,-31.3110,-138.3667
0.0081,-0.7529,1.0679,11.4746,-44.6167,-104.0039
-0.0538,-0.2841,0.9854,43.9453,-19.2871,-41.0156
-0.0264,-0.4657,0.9658,10.8643,-9.9487,-69.2749
-0.0149,-0.5173,0.9832,18.4326,-8.7891,-38.2080
-0.0026,-0.4244,0.9618,-0.2441,-10.4980,-18.6768
-0.0087,-0.3997,1.0197,8.7280,-4.8218,7.5073
-0.0013,-0.2238,1.0129,0.7935,0.1831,14.1602
-0.0043,-0.3030,1.0070,-14.4653,5.3711,-7.2021
0.0005,-0.4280,1.0297,-13.3057,6.4697,-2.0142
0.0055,-0.2981,1.0529,-1.8921,6.8970,18.8599
-0.0043,-0.3701,1.0709,-27.0996,21.1182,13.1226
-0.0580,-0.8224,1.0969,-59.0210,34.9731,51.9409
-0.0947,-0.7030,0.9772,-39.0015,61.6455,154.4189
-0.1083,-0.2794,0.7187,-7.5073,63.8428,222.6562
-0.0293,-0.1835,0.8231,-1.0376,21.4844,218.6890
-0.0035,-0.1688,1.0309,12.1460,-1.7700,222.5952
0.0327,-0.0828,1.1517,13.3057,8.4229,229.3701
-0.0336,0.0723,1.0547,21.3623,49.2554,227.5391
0.1453,0.3751,0.7075,-28.2593,31.7383,172.8516
0.1271,-0.1221,0.9866,-65.9790,-27.1606,109.5581
0.0626,-0.2863,1.1223,-61.8896,-12.6953,134.0942
0.0518,0.0032,0.9036,-34.0576,23.0713,183.4106
0.0480,0.4526,0.6605,-8.5449,1.7090,183.2886
0.0488,0.1738,0.9382,-70.2515,-53.6499,106.4453
0.0532,0.1594,1.1052,-89.4165,-28.5034,115.3564
0.0104,0.7456,0.8358,-8.4839,-6.7139,125.0000
-0.0042,0.7114,1.0293,-7.4463,-33.7524,43.4570
0.0225,0.4708,1.1643,-42.1753,-15.0757,-10.9253
0.0419,0.3768,1.0972,-41.3818,13.6108,-16.1743
0.0803,0.4901,0.9209,-15.1367,23.3765,-7.2021
0.0594,0.3130,0.9377,-19.0430,10.6812,-32.5928
0.1027,0.1808,0.9119,-31.2500,18.5547,-19.4702
0.1152,0.5100,0.7821,21.8506,-2.5635,18.6157
0.0845,0.5339,1.0101,51.0864,-25.5737,-3.7231
0.0781,0.4347,1.1102,70.6177,4.0894,-21.5454
0.0746,0.5529,0.9702,117.1265,31.7993,-24.9023
0.0356,0.6989,0.9044,150.6348,32.8369,-59.1431
-0.0444,0.6711,0.7872,63.4155,15.1978,-178.4668
-0.0406,0.1501,1.0994,28.3813,-14.8926,-240.1733
-0.0428,0.3202,1.1876,58.1055,5.2490,-237.6099
-0.1758,-0.0110,1.2108,-6.6528,38.6353,-305.4810
-0.0459,-0.2883,1.0471,-69.3359,59.5093,-297.2412
0.0382,-0.0433,0.7566,-20.4468,38.9404,-231.5674
-0.0541,-0.1896,0.6981,-87.5244,-11.2305,-229.2480
0.0480,-0.0227,0.6421,-62.9883,-52.5513,-184.5703
-0.0262,-0.3774,1.2524,-65.9790,-118.4082,-182.6172
0.0582,-0.2046,1.2603,-19.4702,-56.3354,-109.9854
0.0151,-0.1138,0.9435,-6.1646,-24.1089,-82.7026
-0.0006,-0.2966,1.1038,14.8315,-49.6216,-68.5425
-0.0161,-0.2064,1.1682,53.1616,-34.3018,-27.8931
-0.0039,-0.2345,1.1365,97.0459,-12.3901,-12.6953
0.0293,-0.2219,0.9878,72.5098,10.4980,8.5449
0.0311,-0.2632,1.0272,-21.7896,1.5259,19.7144
0.0492,-0.1324,1.0837,3.9062,3.2959,48.8892
0.0428,-0.0735,1.0900,-2.1362,8.9722,48.8892
0.0221,-0.3176,1.1613,-24.8413,22.5830,50.2930
-0.0599,-0.5330,1.1328,-23.9868,63.4766,122.6807
-0.0815,-0.3083,0.8167,24.1089,77.2705,203.9185
-0.0626,-0.0947,0.9083,44.4336,25.8179,236.5112
-0.0793,-0.0283,1.1432,72.3877,-1.4038,248.9624
-0.1212,-0.1039,1.2871,24.4141,25.2686,244.4458
-0.1055,0.0808,0.9922,22.5220,81.6650,260.1929
0.0181,0.4375,0.6501,6.7139,72.4487,245.6665
0.1071,0.4170,0.6870,2.3193,2.5635,177.7954
0.0994,0.0464,1.0558,-31.3110,-23.0103,125.3052
0.0902,0.1705,0.9271,-20.6299,11.1084,144.7144
0.0980,0.2974,0.7938,-35.5835,-5.6763,121.5210
0.0820,0.2372,0.9906,-46.7529,-30.5176,96.0693
0.0544,0.6107,0.9940,16.8457,-27.2217,92.8345
0.0540,0.4681,1.2240,-24.5361,-28.5645,12.4512
0.0798,0.3350,1.1777,-43.2739,19.1040,-4.5166
0.0889,0.4191,0.9633,-11.9019,33.8135,4.8828
0.0895,0.3921,0.9164,-3.9062,23.2544,-13.8550
0.1503,0.2427,0.8842,0.6714,18.1885,-27.6489
0.1328,0.2817,0.8790,14.1602,8.9722,-13.0005
0.1576,0.3643,0.9177,31.0059,-3.4790,-11.4136
0.1372,0.5133,0.9934,67.1997,-5.1880,-17.9443
0.0892,0.6478,0.9089,94.9707,14.8315,-70.8618
0.0098,0.6581,0.8673,103.1494,10.9863,-133.3008
-0.0139,0.2688,1.0333,57.3730,-3.2349,-221.9849
0.0419,0.2081,1.1199,13.2446,0.7324,-232.8491
-0.1053,0.4106,1.1577,39.4897,-7.0190,-245.3003
FIN_VENTANA
Progreso: 7/10
INICIO_VENTANA derecha
0.1239,0.3877,1.0195,-8.6060,-27.0996,41.1377
0.1288,0.2974,1.0917,-24.6582,-4.2725,12.6343
0.1351,0.2032,0.9507,-14.4653,22.7661,16.9067
0.1288,0.2803,0.8682,9.0332,10.2539,32.4707
0.1133,0.3256,0.9708,24.1089,-7.3242,24.3530
0.1345,0.2485,0.9993,10.0708,0.7324,6.4697
0.1353,0.2859,1.0112,44.4946,-0.5493,20.1416
0.1302,0.3303,1.0631,32.7148,6.3477,2.4414
0.1167,0.2300,0.9806,21.3623,25.6958,-11.1084
0.1271,0.3622,0.8071,38.4521,22.8882,-13.7939
0.1060,0.6162,0.8820,104.6143,-6.3477,-25.2686
0.0336,0.6262,0.9841,109.6802,-9.6436,-90.6372
-0.0051,0.2560,1.0304,62.3779,8.3008,-183.4106
0.0197,0.1400,0.9241,16.6016,7.3853,-191.1011
-0.0457,0.2101,1.1110,29.3579,-22.5830,-218.8721
-0.0835,-0.2041,1.3129,-11.4746,3.2959,-271.6064
-0.0480,-0.2227,1.0814,-0.6104,55.6641,-237.5488
-0.0686,-0.0251,0.9460,31.3110,42.0532,-229.4312
-0.0792,-0.1296,1.0743,16.1743,44.4336,-269.5923
0.0612,-0.3834,0.9587,-18.9209,56.8237,-255.7373
0.0157,-0.6960,0.8580,-23.9868,49.6216,-202.5146
0.1171,-0.4344,0.6863,23.9258,15.3198,-122.0703
0.1385,-0.3457,0.9725,8.3008,-37.0483,-97.6563
0.0127,-0.2181,0.9840,-7.1411,-7.3242,-112.9761
0.0984,-0.6025,0.9524,-7.0801,-7.3242,-89.5386
0.0887,-0.2783,0.8964,13.9771,-10.6812,-33.6914
0.0630,-0.3500,1.0012,-15.9302,-20.4468,-50.9644
0.0602,-0.5189,1.0685,-8.6670,-3.2959,-18.7378
0.0991,-0.3927,0.9968,3.0518,0.6104,18.6768
0.0736,-0.2325,1.0253,6.4697,-0.0610,34.5459
0.0684,-0.3186,1.0525,-12.6343,11.1084,27.4048
0.0471,-0.5371,1.0336,-20.1416,20.4468,43.3960
-0.0300,-0.8116,1.0778,-11.7187,46.2036,138.3057
0.0360,-0.1470,0.6290,27.0996,51.2695,220.2759
0.0298,-0.1874,0.8796,0.6714,-18.0664,193.9697
-0.0304,-0.4978,1.2374,2.5024,-19.4702,201.5381
-0.0236,-0.0953,1.1110,40.8325,30.0903,282.8369
0.0797,0.3376,0.8851,27.1606,7.8125,233.0322
0.0548,-0.1536,1.1376,-42.6636,-4.7607,165.6494
0.1227,-0.1179,1.0332,-22.7661,37.0483,202.1484
0.0273,-0.0148,0.8396,70.1904,28.0762,247.3145
0.0632,0.3876,0.7147,37.5977,-17.7002,214.7217
0.1187,0.2333,0.9485,-36.4380,-56.3354,134.5825
0.0933,0.3324,1.0044,-28.9917,-45.6543,120.1782
0.0785,0.2852,1.0205,-44.2505,-40.8325,78.0640
0.0510,0.3296,1.0427,-25.6348,-36.6211,72.8760
0.0123,0.4154,1.0961,-22.3389,-34.2407,44.7388
0.0140,0.3715,1.0935,-22.1558,-16.9067,16.7847
0.0521,0.2087,1.1746,-9.6436,-4.2114,0.3662
0.0426,0.2646,1.1050,26.9775,27.8320,17.7002
0.0393,0.2480,0.9828,48.8281,42.0532,8.9722
0.0608,0.1742,0.8685,36.5601,41.7480,-2.5635
0.0756,0.2544,0.8370,42.9688,0.5493,-0.9766
0.0646,0.3966,1.1195,47.9736,-14.9536,-23.8037
0.0049,0.7196,1.1721,80.6274,10.4980,-51.2695
-0.1046,0.7770,1.1039,84.0454,48.2788,-147.7661
-0.1432,0.4147,1.0717,35.7666,80.3833,-261.4136
-0.0717,0.0664,0.9890,-19.3481,67.1387,-315.1245
-0.0507,-0.4481,1.0815,-70.4956,32.0435,-312.9272
0.0145,-0.0797,1.0729,21.5454,32.6538,-228.2715
-0.1204,0.2698,0.8649,25.5737,50.4761,-257.9346
-0.1154,-0.3658,0.8276,-143.0664,42.7856,-337.7686
0.1073,-0.7655,0.7378,-110.7178,-8.1177,-230.4687
0.0507,-0.4297,0.9863,43.2129,-81.2378,-132.1411
0.1478,-0.2004,1.0590,38.6353,-51.3306,-91.4917
0.0663,-0.4360,1.0040,-28.2593,-30.2734,-97.0459
0.0483,-0.3181,1.0198,26.4282,-30.0293,-41.0767
0.0934,-0.2787,1.0295,37.7808,-37.1094,-35.9497
0.0752,-0.2885,1.1650,11.1694,-25.1465,-21.2402
0.0518,-0.3063,1.0750,-1.8311,2.8687,-15.1367
0.0620,-0.3048,0.9272,4.2114,10.3149,16.2354
0.0597,-0.2181,0.9966,7.1411,-5.7373,26.0010
0.0537,-0.1945,1.0652,16.6626,-1.4648,26.7334
0.0684,-0.3348,1.0852,21.9116,10.9253,27.4048
-0.0273,-0.7572,1.1331,-10.2539,26.8555,49.2554
-0.1174,-0.9633,0.9962,-1.2817,68.9087,206.4819
-0.0906,-0.3281,0.6226,75.2563,34.3628,296.0815
-0.0616,-0.1305,0.9421,65.0024,-41.6870,301.9409
-0.0673,0.0508,1.1843,69.1528,-50.7813,295.5933
-0.0013,0.1829,1.2604,43.8232,-23.6206,243.4082
0.0551,0.0073,1.1615,-1.2817,36.1938,164.9170
0.1215,-0.0118,0.8328,-24.1699,42.4805,166.1987
0.1384,0.1974,0.6888,-10.3149,8.4839,158.6304
0.1730,0.0115,0.9048,-36.8042,-38.4521,113.9526
0.1409,0.1405,0.9651,-28.6865,-37.9028,124.3896
0.1176,0.2385,0.8813,-80.5054,-45.8374,80.6274
0.0651,0.1742,0.8864,-86.6699,-52.9175,68.2373
0.0706,0.0879,1.0895,-118.8965,-59.2651,59.9365
0.0430,0.4829,1.1150,11.6577,-41.1987,108.0322
0.0187,0.5804,1.1870,29.9683,-26.9775,60.8521
0.0280,0.2518,1.1725,-20.0806,18.4326,3.2959
0.0568,0.1204,0.9230,-23.6206,45.6543,10.0708
0.0703,0.2373,0.8896,10.4980,12.5732,38.0249
0.0425,0.3333,1.0007,21.3623,1.0986,31.3721
0.0447,0.2771,1.0037,11.9019,4.0283,15.5640
0.0377,0.3851,1.0269,23.4375,3.2959,8.7891
0.0270,0.3431,1.0452,28.8086,12.6953,-12.6953
0.0214,0.4579,0.9530,52.9175,21.6064,-18.3716
-0.0132,0.6780,0.8977,98.2666,14.2822,-47.9736
-0.0586,0.3820,1.0071,74.1577,16.2354,-154.2969
FIN_VENTANA
Progreso: 8/10
INICIO_VENTANA derecha
0.0281,0.0342,1.0046,110.4736,-37.9028,276.2451
0.1156,0.1417,1.0438,42.2363,-47.0581,206.2988
0.1429,-0.0607,1.0273,-26.0010,-31.1279,136.6577
0.1583,0.0048,0.7671,-84.7778,-18.7378,104.3701
0.1339,-0.0334,0.8699,-126.5869,-60.4858,75.4395
0.0940,0.0945,1.0635,-78.4302,-51.1475,101.6235
0.0804,0.2964,1.0906,-48.2788,-31.1890,88.0737
0.0792,-0.0386,1.2477,-30.8838,-8.8501,78.5522
0.0168,0.2565,0.9457,23.0713,35.5835,123.3521
0.0253,0.4382,0.8157,38.2690,6.7139,95.2148
0.0292,0.2797,1.0652,13.4888,-29.3579,49.5605
0.0466,0.2349,1.1915,13.0615,-15.3198,36.8042
0.0482,0.2614,1.1135,38.2080,14.1602,28.9917
0.0538,0.2068,1.0255,54.3823,24.2920,14.4653
0.0470,0.3744,0.9801,59.5703,15.1978,-1.3428
0.0149,0.3713,1.0006,60.6079,15.0757,-50.4150
0.0314,0.0859,0.9167,35.2173,22.2778,-125.1221
0.0660,0.0767,0.9238,-1.0986,-5.6763,-110.8398
0.0035,0.5043,1.1829,23.3765,-19.1650,-129.8828
-0.0636,0.2103,1.2308,-31.2500,17.4561,-218.1396
-0.0444,-0.1230,1.0933,-47.7905,46.0815,-243.0420
0.0116,-0.1882,0.9717,-25.6348,47.9126,-221.0693
0.0686,-0.1163,1.0859,1.0376,18.1885,-193.9697
0.0741,0.0547,1.0682,-1.5259,42.7246,-172.6685
0.0144,0.1075,0.9568,-5.1270,39.1235,-198.7305
0.0417,-0.2710,1.0833,-29.4189,31.6772,-225.2197
0.1605,-0.2135,0.8779,-16.5405,42.4805,-183.1055
0.0952,-0.2740,0.7894,-33.2031,8.4839,-166.5039
0.1641,-0.2024,0.8481,-16.4185,-19.2871,-109.1309
0.0928,-0.0859,1.0221,-11.4746,-39.1846,-119.6899
0.0939,-0.2330,1.1442,27.4658,-26.7944,-126.2207
0.0659,-0.2480,1.0493,44.9829,-3.9062,-98.3276
0.0781,-0.3168,0.9268,20.1416,3.7231,-86.2427
0.0817,-0.3571,0.9774,32.7759,-13.4888,-49.8047
0.0437,-0.3352,1.0177,44.9219,-9.2163,-40.0391
0.0677,-0.4791,0.9291,13.9160,5.7373,-31.1890
0.0756,-0.4301,0.9526,-12.3291,-0.4883,4.5166
0.1033,-0.2964,1.0713,-11.1694,-6.0425,25.6958
0.1456,-0.1521,1.0219,-0.0610,8.7891,35.5835
0.1316,-0.1571,0.9799,-10.1318,7.9956,21.4233
0.1340,-0.3218,1.0439,-15.7471,1.1597,25.1465
0.0021,-0.7074,1.1254,-36.1938,32.8979,69.2139
0.0345,-0.4083,0.8058,-9.2163,65.5518,160.8276
0.0406,-0.1925,0.7023,7.1411,24.2920,190.6128
0.0909,-0.2983,1.0168,15.9302,-17.1509,198.6084
0.0665,-0.1171,1.1014,58.0444,-13.7329,241.2720
-0.0079,0.0085,1.1429,47.1802,-12.2681,221.9238
0.0609,-0.0626,1.0439,-25.1465,19.3481,208.9233
0.0511,-0.0659,0.8698,-26.3062,27.8320,227.3560
-0.0023,0.1632,0.8057,18.1885,-4.3945,239.7461
0.0458,0.1747,0.9891,10.2539,-36.4380,194.7021
0.0300,0.1305,1.1101,15.0757,-24.0479,173.3398
0.0488,0.0673,1.1313,-4.2725,3.6011,160.8276
0.0240,0.3347,0.8970,-8.0566,14.8315,154.7852
0.0221,0.3180,0.9279,4.0283,-6.1035,116.5771
0.0378,0.2728,0.9930,-5.2490,-12.0239,92.7734
0.0220,0.2483,1.0405,-26.6113,-6.3477,76.4160
0.0295,0.3096,0.8997,-7.4463,4.9438,71.7163
0.0092,0.2262,0.9827,-21.5454,-13.0005,50.9644
-0.0021,0.4862,1.0021,10.8032,-23.0713,31.4331
0.0082,0.2295,1.0709,-27.4658,-9.0332,0.2441
0.0029,0.2656,1.0466,-6.4697,-2.6855,7.8125
0.0012,0.3312,1.0565,37.0483,2.3804,8.6670
0.0231,0.3490,0.9818,36.3770,12.2681,-10.6201
0.0209,0.1981,0.9886,33.3252,10.3760,-32.2266
0.0198,0.4208,1.0546,56.4575,4.4556,-41.2598
-0.0504,0.5629,1.0736,76.9653,21.0571,-90.3320
-0.0891,0.3773,0.9214,81.5430,38.2080,-145.2026
-0.0756,0.4679,0.9160,77.1484,18.7988,-163.5132
-0.1324,0.3550,1.1071,24.4751,9.7656,-259.2773
-0.2072,-0.0432,1.2465,4.8218,49.0723,-301.8799
-0.1552,-0.1938,1.1742,-3.5400,72.9370,-303.9551
-0.1436,-0.2343,1.0221,-10.1318,90.2710,-301.5137
-0.0583,-0.4155,0.6792,-77.6978,91.8579,-282.4097
0.0515,-0.2568,0.7520,-35.7056,-17.8223,-209.1675
0.0112,-0.5090,1.2195,-42.2363,-53.6499,-197.2046
0.1052,-0.2317,1.0376,-0.4272,4.7607,-133.0566
0.0552,-0.2129,0.7847,-36.4380,-4.6387,-135.5591
0.1279,-0.4398,1.1292,-13.3057,-45.8984,-101.8677
0.0835,-0.0804,0.9993,14.0991,-15.1978,-56.2744
0.0326,-0.3502,1.0621,10.8643,-19.6533,-61.0352
0.0653,-0.2721,1.0232,56.1523,-1.8921,-22.5220
0.0444,-0.3589,0.9783,25.0244,2.1362,-11.3525
0.1064,-0.2169,0.9747,43.9453,1.2817,19.4702
0.1094,-0.2291,1.0208,30.8838,-1.4038,13.3667
0.1117,-0.3140,1.0630,11.6577,6.8359,25.8789
0.1199,-0.0376,0.9269,34.6680,15.9912,40.8325
0.1140,-0.1981,1.0192,17.7002,-4.8218,3.7842
0.1390,-0.2340,1.0909,46.0205,-0.5493,12.0239
0.1095,-0.2688,1.0541,43.8232,16.2354,14.6484
0.0990,-0.5149,0.9414,-10.0708,26.9775,19.2871
0.0149,-0.8890,0.9919,-38.3911,31.8604,108.0933
0.0963,-0.1129,0.6903,73.1812,21.7896,218.3838
0.1261,0.0420,0.9073,39.2456,-55.6641,170.7153
0.1188,-0.3456,1.2567,-21.1792,-46.4478,134.8877
0.0536,-0.4014,1.2316,18.1274,-5.3101,164.6729
0.0448,-0.3026,1.0574,41.2598,27.7100,188.1104
0.0759,-0.0840,0.8223,-13.4277,14.1602,182.6782
0.0879,-0.1836,0.9596,-20.5688,-3.7231,172.0581
0.0798,-0.0431,0.8231,33.4473,7.2632,192.8711
FIN_VENTANA
Progreso: 9/10
INICIO_VENTANA derecha
0.0634,-0.2969,0.9156,-4.5166,-21.2402,-86.9751
0.0773,-0.2123,0.9363,4.2725,-15.8081,-48.8892
0.0759,-0.3174,1.0082,-14.2212,-23.9258,-36.8042
0.0984,-0.2361,1.0751,12.9395,-17.9443,6.1646
0.1095,-0.1992,1.0812,9.2773,-1.0376,34.3018
0.0948,-0.0449,1.0225,27.5879,7.0801,50.4761
0.1288,-0.0800,0.9888,28.9307,7.7515,44.8608
0.1088,-0.0853,0.9935,42.2974,3.9673,46.7529
0.1123,-0.2357,1.0491,44.0674,2.6855,44.4946
0.1228,-0.3521,1.0229,37.8418,21.6064,92.2852
0.0906,-0.0433,0.8643,87.7075,4.7607,122.8638
0.0645,-0.5157,1.1229,30.2734,-16.9678,89.1724
0.0306,-0.7446,1.0652,-12.0239,17.8223,149.3530
0.0221,-0.4006,0.9235,91.6138,10.8643,245.4834
-0.0201,-0.0782,0.9291,127.7466,-29.4189,269.8364
0.0225,-0.1086,0.9711,27.0996,-39.3677,218.7500
0.0808,-0.4794,1.1766,-25.5127,-21.6064,195.2515
0.0419,-0.2327,1.1093,-1.3428,4.8218,237.4268
-0.0120,0.0216,0.9463,12.5732,10.7422,235.4126
0.0481,0.0806,0.8353,-18.9819,5.6152,193.4204
0.0605,0.0283,0.7957,-2.0752,-10.9253,177.4292
0.0433,0.1313,0.9595,5.5542,-54.0771,161.8042
0.0280,0.1627,1.0361,9.0332,-39.3066,143.1274
0.0392,0.1821,0.9540,-19.4092,-24.5361,115.4175
0.0325,0.3396,0.9384,-12.4512,-29.4189,95.9473
0.0061,0.3331,1.1001,-27.2217,-39.4897,22.3999
0.0328,0.0640,1.1172,-51.6968,-21.7285,11.7187
0.0082,0.2905,1.1544,-12.4512,-12.4512,26.6113
0.0023,0.2534,1.1188,20.9961,9.0332,4.5776
0.0183,0.1733,1.0007,27.6489,18.4937,-9.5825
0.0399,0.1683,1.0204,20.8130,-0.7324,-25.0244
0.0425,0.1511,1.1060,17.2119,4.2114,-31.1279
0.0327,0.2386,1.0420,35.3394,16.8457,-42.3584
0.0129,0.2032,1.0002,45.9595,22.9492,-64.6362
0.0542,0.2317,0.9419,24.1699,15.9302,-91.9189
0.0065,0.1278,1.0288,5.4321,9.1553,-121.3989
-0.0151,0.3911,0.9561,27.5879,17.2119,-133.9722
-0.0360,0.2129,1.1060,-2.5635,-5.5542,-206.8481
-0.0806,-0.0237,1.2662,-33.4473,19.4092,-234.6191
-0.0261,0.1234,1.1320,-10.4980,53.7720,-219.8486
-0.1490,0.0653,1.1426,-20.2637,54.9927,-270.0195
-0.1167,-0.0574,1.1178,-61.4014,72.3267,-309.7534
0.0006,0.0614,0.8496,-75.4395,62.5610,-317.0166
0.0508,-0.5510,0.7224,-129.6997,10.0708,-285.0342
0.1281,-0.2267,0.7227,-21.8506,-41.1377,-161.3770
-0.0095,-0.1267,1.1563,-2.8076,-93.0176,-154.6021
0.0574,-0.3486,1.2925,46.8140,-46.8750,-151.6113
0.1539,-0.2924,0.8624,37.7197,6.5918,-93.2007
0.0697,-0.2454,0.8998,54.0161,-25.5737,-58.3496
0.0505,-0.2554,1.0691,44.6777,-32.8979,-50.2930
0.0509,-0.2454,1.1040,53.8940,-17.6392,-44.4336
0.0344,-0.3002,1.0792,65.1245,-2.7466,-41.9312
0.0494,-0.2728,0.8947,40.3442,12.8784,-36.6211
0.0460,-0.4520,0.9888,-1.0376,-3.8452,-32.2266
0.0522,-0.3010,1.0035,26.2451,2.0752,-2.8687
0.0649,-0.2849,0.9330,4.7607,7.2632,-12.0239
0.1024,-0.3333,1.0011,0.4272,-0.2441,-3.2349
0.0686,-0.3131,1.0536,-2.5635,5.7373,-1.0376
0.0959,-0.3372,0.9924,-1.6479,17.2729,8.6060
0.0895,-0.4205,0.9885,-11.7187,14.4043,23.3154
0.0854,-0.3657,1.0331,10.0708,16.5405,66.2231
0.0756,-0.5292,1.0416,-11.3525,29.1748,79.7119
0.0621,-0.6418,0.9835,4.5166,50.4761,138.2446
0.0559,-0.2888,0.7810,70.4346,45.9595,211.9141
0.1471,-0.1055,0.7427,119.5679,-9.2163,212.2192
0.1688,-0.1960,0.8667,91.1865,-46.2646,185.2417
0.0950,-0.4293,1.0834,14.8315,-74.6460,154.1748
0.1125,-0.3606,1.0754,-59.4482,-36.1938,172.5464
0.0839,-0.1023,0.9315,-80.2612,-7.9346,186.8896
0.1230,0.0269,0.8674,3.8452,-14.0991,169.7998
0.1301,-0.2675,1.0527,-3.9673,-24.7803,150.1465
0.1125,-0.0837,0.9883,42.0532,-10.4980,179.9316
0.1073,0.0446,0.9126,30.7617,-17.0288,163.8794
0.1001,-0.0636,0.9609,30.3345,-28.9917,147.9492
0.0820,0.0614,0.9353,53.2227,-35.0342,143.0054
0.0914,0.0131,1.0320,24.7803,-51.2085,115.4175
0.0867,-0.1699,1.1512,6.7749,-41.8701,90.5151
0.0676,0.0569,0.9629,5.7373,-13.1226,104.2480
0.0544,0.1914,0.9987,22.1558,-31.4941,77.0874
0.0828,-0.1465,1.1576,-23.5596,-19.4702,31.8604
0.0486,0.0378,1.0002,-25.5737,-2.9297,63.1104
0.0497,0.0742,0.9846,-23.3765,-13.6108,33.2642
0.0529,0.0543,1.1018,-33.9966,-20.0806,27.6489
0.0294,0.2673,1.1384,-10.0708,-4.8828,14.4653
-0.0128,0.4199,1.0728,11.4746,16.8457,-30.3345
-0.0205,0.3755,0.9904,24.1089,27.4658,-123.1689
-0.0366,0.4309,0.9412,-4.0283,23.0103,-179.1992
-0.0333,0.2775,1.1035,-69.0918,1.8921,-232.9712
-0.0610,0.0713,1.2096,-33.9355,13.3057,-240.7227
-0.0706,-0.1511,1.1329,-40.4663,47.9126,-233.7646
0.0421,-0.0151,1.0759,-5.7373,45.5933,-211.9141
0.0624,0.2422,1.0370,-0.4883,44.7388,-215.9424
-0.0338,0.0168,0.8929,-68.7866,50.0488,-263.9771
0.0897,-0.3953,0.7686,-119.5679,21.9727,-254.8828
0.1582,0.0312,0.9709,14.5874,-47.3633,-137.0850
0.0792,0.0038,1.0902,-0.8545,-36.7432,-162.1094
0.1306,-0.1897,0.9658,-29.9072,-4.0283,-154.1138
0.1526,0.0963,0.8994,17.3340,-27.6489,-122.1924
0.1125,-0.2505,1.2400,-5.0659,-38.2080,-148.6816
0.1166,-0.2415,0.8669,17.0288,15.7471,-74.6460
FIN_VENTANA
Progreso: 10/10
Lote completado: derecha
Listo para nueva etiqueta. Formato: <etiqueta> <numero_de_ventanas>
