Listo. Formato de comando: <etiqueta> <numero_de_ventanas>
Ejemplo: reposo 20  |  Para interrumpir: stop
Listo. Formato de comando: <etiqueta> <numero_de_ventanas>
Ejemplo: reposo 20  |  Para interrumpir: stop
INICIO_VENTANA reposo
-0.1104,-0.1797,1.0299,7.1411,2.5635,0.6104
-0.1110,-0.1948,1.0011,0.2441,6.9580,-1.7090
-0.1115,-0.1841,0.9967,0.2441,5.3101,-0.9155
-0.1080,-0.1779,1.0226,3.6621,2.8076,0.5493
-0.0952,-0.1731,1.0242,-0.1831,5.3101,-0.9766
-0.1021,-0.1888,0.9788,1.7700,5.9814,-0.3052
-0.1066,-0.1656,1.0438,5.7373,1.3428,0.0610
-0.1252,-0.1868,1.0182,2.8076,5.4932,1.2207
-0.0966,-0.1738,1.0297,4.8218,4.3945,2.3193
-0.0795,-0.1602,1.0005,3.1738,6.6528,1.5259
-0.0936,-0.1687,1.0056,2.4414,2.6855,-1.2207
-0.1016,-0.1808,1.0181,3.4790,2.0142,-1.4038
-0.1028,-0.1693,1.0052,5.0659,3.2959,0.0000
-0.1036,-0.1797,1.0179,2.9297,2.9297,-0.3662
-0.0916,-0.1693,1.0101,3.2959,4.0894,-0.4883
-0.0920,-0.1678,1.0050,4.3945,1.7090,-1.1597
-0.0930,-0.1639,1.0184,6.6528,0.5493,0.0610
-0.0963,-0.1743,1.0009,5.6152,1.5259,-0.6714
-0.1104,-0.1755,1.0260,4.8828,0.3662,-1.1597
-0.1116,-0.1901,1.0223,4.2114,3.1128,-1.2207
-0.0854,-0.1505,1.0060,6.1035,3.7842,-14.4653
-0.0896,-0.1709,1.0078,5.0049,1.2817,-1.4038
-0.1115,-0.1709,1.0223,7.9956,0.1831,-0.6714
-0.1057,-0.1715,1.0234,5.1270,2.3193,-0.8545
-0.1038,-0.1935,0.9965,2.5024,4.2725,-2.1973
-0.0897,-0.1627,1.0118,8.7280,0.9766,0.7935
-0.0935,-0.1597,1.0255,3.9673,2.2583,-1.3428
-0.1017,-0.1766,0.9950,0.1221,4.4556,-2.5635
-0.1068,-0.1711,1.0137,8.3618,-2.0142,-0.3052
-0.1069,-0.1774,1.0289,3.1738,2.7466,-1.8921
-0.1055,-0.1693,0.9910,10.0098,2.8076,1.6479
-0.0951,-0.1648,1.0221,4.2114,0.9766,-1.0986
-0.0996,-0.1696,1.0159,0.5493,3.6011,-2.3193
-0.1005,-0.1653,1.0165,0.3052,2.9297,-2.1973
-0.1058,-0.1797,0.9904,7.2021,2.2583,-0.4272
-0.1049,-0.1744,1.0183,6.8970,15.1367,-1.2207
-0.0947,-0.1549,1.0065,5.0049,-0.3052,-0.2441
-0.1053,-0.1633,1.0021,5.6763,-0.9766,-1.7090
-0.1201,-0.1620,1.0377,4.0283,-0.5493,-2.6245
-0.1221,-0.1818,1.0273,-1.8921,3.4180,-3.2349
-0.1127,-0.1766,1.0115,4.9438,2.8687,-0.6104
-0.1027,-0.1549,1.0055,9.2773,2.3193,1.1597
-0.1018,-0.1593,1.0253,5.5542,1.6479,-0.6104
-0.1061,-0.1703,1.0254,0.1221,6.7749,-2.2583
-0.1067,-0.1572,1.0094,5.6763,1.7090,-0.0610
-0.1085,-0.1616,1.0328,2.3804,3.6011,-1.4648
-0.1066,-0.1753,0.9979,5.6763,4.8828,-0.3052
-0.0995,-0.1479,1.0228,7.2021,1.9531,0.3662
-0.1001,-0.1598,1.0255,-0.3662,5.1270,-2.2583
-0.1063,-0.1669,0.9871,4.5166,3.1738,-0.0610
-0.1041,-0.1608,1.0398,2.0752,2.5635,-1.7090
-0.1022,-0.1613,1.0020,4.3945,5.6152,-0.3662
-0.0942,-0.1501,1.0109,7.7515,1.5869,0.3662
-0.1085,-0.1630,1.0319,4.0894,2.6855,-1.5869
-0.1044,-0.1567,1.0131,6.7139,3.7231,0.7935
-0.0929,-0.1647,1.0016,5.8594,3.2959,0.0000
-0.0907,-0.1490,1.0201,0.9155,3.6011,-1.2207
-0.1091,-0.1617,1.0203,1.5869,4.2114,-1.6479
-0.0988,-0.1526,1.0219,4.7607,3.1128,-0.2441
-0.0840,-0.1523,1.0038,-0.6714,5.9204,-2.1362
-0.0955,-0.1547,0.9977,1.7090,3.4180,-1.6479
-0.1013,-0.1575,1.0276,6.4697,0.4883,-0.8545
-0.0991,-0.1613,1.0161,7.8125,2.5635,0.4883
-0.0953,-0.1603,1.0137,6.0425,2.8687,-0.1221
-0.0908,-0.1350,1.0217,4.6997,2.3193,0.6714
-0.0951,-0.1671,0.9993,3.5400,3.3569,-1.8311
-0.0981,-0.1531,1.0173,10.9253,-0.7935,0.7935
-0.0935,-0.1455,1.0239,6.7139,1.0376,-0.4272
-0.1036,-0.1602,1.0149,3.6011,2.1362,-1.4648
-0.1061,-0.1646,1.0342,8.4839,0.6714,0.7935
-0.0957,-0.1519,1.0195,2.9297,5.6152,-0.4272
-0.0934,-0.1525,0.9929,6.5308,2.3193,0.1221
-0.1042,-0.1484,1.0497,3.6621,0.3662,-1.1597
-0.1002,-0.1725,1.0092,1.2817,6.1035,-2.0142
-0.0900,-0.1460,0.9908,9.5215,1.6479,1.8311
-0.0979,-0.1576,1.0293,4.3335,0.9766,-1.3428
-0.1066,-0.1602,1.0374,4.3335,2.8687,-1.0986
-0.0909,-0.1543,1.0043,4.3335,4.7607,-0.1831
-0.0918,-0.1488,1.0162,4.3335,2.0752,-0.9155
-0.0975,-0.1494,1.0256,4.5776,2.7466,-0.9766
-0.0977,-0.1638,1.0095,4.5166,2.8076,-1.4038
-0.0924,-0.1547,1.0155,7.8735,2.1973,0.1831
-0.0929,-0.1504,1.0150,6.7749,2.5635,-0.0610
-0.0991,-0.1576,1.0336,2.8076,3.6621,-1.5259
-0.0974,-0.1669,0.9772,6.8970,5.0659,0.1831
-0.0804,-0.1552,1.0098,8.3008,1.3428,0.6714
-0.0858,-0.1436,1.0234,4.9438,2.5635,-0.5493
-0.0997,-0.1580,1.0143,3.6621,3.0518,-1.5869
-0.0955,-0.1628,1.0319,2.3804,3.8452,-1.6479
-0.0835,-0.1550,0.9967,6.7139,3.9062,0.1831
-0.0836,-0.1456,1.0077,8.1787,0.2441,-0.3052
-0.1050,-0.1646,1.0341,5.0659,2.0142,-1.3428
-0.0937,-0.1649,1.0190,6.4697,3.6011,-0.0610
-0.0782,-0.1479,0.9963,5.7373,3.3569,0.1221
-0.0948,-0.1678,1.0198,6.2256,0.7935,-1.0986
-0.0979,-0.1522,1.0374,4.9438,2.5024,-0.8545
-0.0917,-0.1643,0.9965,5.3101,4.2114,-0.4272
-0.0883,-0.1547,1.0099,3.8452,1.6479,-1.7700
-0.0914,-0.1445,1.0327,5.0049,1.6479,-0.8545
-0.0901,-0.1503,1.0232,-1.8921,4.5776,-2.9907
FIN_VENTANA
Progreso: 1/20
INICIO_VENTANA reposo
-0.0864,-0.1467,1.0151,3.2959,3.1128,-1.4038
-0.0836,-0.1381,1.0221,3.7231,2.5024,-0.9766
-0.0874,-0.1552,1.0177,5.4321,2.8076,-0.6104
-0.0851,-0.1377,1.0244,13.1226,0.0610,1.7700
-0.0869,-0.1504,1.0251,0.9766,5.0049,-1.8311
-0.0779,-0.1371,1.0007,9.1553,2.4414,1.9531
-0.0801,-0.1345,1.0320,6.7139,0.4883,0.0610
-0.0931,-0.1477,1.0292,4.6997,2.9907,-0.8545
-0.0845,-0.1544,1.0012,7.8125,2.9907,0.5493
-0.0786,-0.1377,1.0203,3.3569,2.0752,-1.0986
-0.0848,-0.1438,1.0243,3.8452,2.3193,-0.7324
-0.0885,-0.1478,1.0175,3.6621,3.6011,-1.5869
-0.0836,-0.1501,1.0172,8.8501,0.9155,0.3662
-0.0840,-0.1459,1.0310,3.8452,3.1128,-0.8545
-0.0872,-0.1534,0.9963,6.9580,3.2959,0.1831
-0.0848,-0.1392,1.0315,5.0049,0.4272,-0.7324
-0.0908,-0.1559,1.0166,4.3945,3.9673,-1.4648
-0.0820,-0.1429,1.0156,9.5825,0.9155,0.6104
-0.0824,-0.1483,1.0167,7.0190,1.9531,-0.4272
-0.0895,-0.1459,1.0181,3.4790,2.3193,-1.0986
-0.0793,-0.1396,1.0208,5.9204,3.1738,-0.1831
-0.0811,-0.1407,1.0088,1.2207,3.3569,-1.5259
-0.0887,-0.1595,1.0229,2.0752,2.3193,-2.0142
-0.0883,-0.1431,1.0133,7.6904,1.8311,0.3052
-0.0890,-0.1561,1.0155,4.4556,2.4414,-1.4648
-0.0864,-0.1464,1.0111,6.2256,2.0752,0.4272
-0.0829,-0.1440,1.0209,6.1646,0.2441,-0.0610
-0.0869,-0.1200,1.0170,7.0801,-0.5493,0.3052
-0.0918,-0.1720,1.0061,1.3428,0.4883,-4.0894
-0.0924,-0.1550,1.0208,14.0991,-3.2959,0.9766
-0.0963,-0.1505,1.0355,10.9863,-1.7700,0.5493
-0.0986,-0.1438,1.0176,7.2021,3.4180,0.6104
-0.0953,-0.1719,1.0193,0.9155,4.7607,-2.0752
-0.0881,-0.1389,1.0175,-0.9155,4.2725,-1.7700
-0.0978,-0.1669,1.0087,2.1973,3.9062,-1.4648
-0.0892,-0.1486,1.0035,12.6953,0.7324,2.2583
-0.0906,-0.1471,1.0267,9.4604,0.7935,0.8545
-0.0928,-0.1466,1.0288,6.4697,2.1362,0.1221
-0.0952,-0.1693,1.0017,6.8970,3.5400,-0.3662
-0.0902,-0.1477,1.0171,6.5918,0.9766,-0.2441
-0.0900,-0.1475,1.0326,1.8311,3.4790,-1.7090
-0.0947,-0.1626,1.0010,2.5635,3.6011,-1.8311
-0.0920,-0.1528,1.0175,11.4136,-0.2441,1.4038
-0.0914,-0.1509,1.0348,5.5542,2.4414,-0.4883
-0.0873,-0.1494,1.0021,5.0049,3.9062,-0.3052
-0.0850,-0.1528,1.0138,4.1504,1.5869,-1.2207
-0.0941,-0.1548,1.0222,7.5684,0.9766,-0.2441
-0.0977,-0.1611,1.0156,8.8501,1.5259,0.3052
-0.0937,-0.1531,1.0256,3.2959,3.4180,-1.1597
-0.0923,-0.1632,1.0072,5.6763,2.9907,-0.6104
-0.0872,-0.1486,1.0176,5.3101,2.3804,-0.7324
-0.0939,-0.1615,1.0101,2.8687,3.0518,-1.8311
-0.0957,-0.1587,1.0223,7.3853,0.3662,0.0610
-0.0917,-0.1511,1.0243,2.6855,3.8452,-1.2207
-0.0881,-0.1503,1.0056,3.6621,3.4790,-0.7935
-0.0878,-0.1619,1.0197,1.1597,3.2959,-1.5869
-0.0962,-0.1597,1.0082,5.6152,2.3804,-1.2207
-0.0909,-0.1500,1.0159,7.5073,0.7324,0.0000
-0.0942,-0.1503,1.0311,2.3804,2.4414,-1.4038
-0.0917,-0.1528,1.0081,2.5635,3.8452,-1.4648
-0.0933,-0.1473,1.0150,6.6528,0.7935,-0.3662
-0.0959,-0.1531,1.0308,5.0049,2.2583,-1.0376
-0.0869,-0.1531,1.0024,4.7607,3.8452,-0.7324
-0.0884,-0.1486,1.0265,6.2256,0.9766,-0.2441
-0.0974,-0.1555,1.0317,5.4321,2.6855,0.0610
-0.0865,-0.1533,1.0083,6.1646,3.5400,0.7935
-0.0935,-0.1456,1.0013,10.2539,0.4883,1.8921
-0.1006,-0.1569,1.0341,6.4697,0.1831,-0.5493
-0.0963,-0.1594,1.0248,3.3569,4.4556,-1.2207
-0.0840,-0.1626,0.9905,5.0659,3.9062,-0.4272
-0.0864,-0.1550,1.0201,5.3101,1.5259,-1.3428
-0.0990,-0.1603,1.0167,8.7891,0.6104,-0.1221
-0.0939,-0.1517,1.0292,6.4087,0.7935,-0.1221
-0.0931,-0.1650,1.0105,3.2349,4.4556,-1.2207
-0.0905,-0.1592,1.0000,10.4370,1.0986,1.3428
-0.0887,-0.1499,1.0428,4.2725,0.6714,-0.7935
-0.0985,-0.1628,1.0197,-1.0376,5.9814,-2.5024
-0.0908,-0.1556,1.0061,5.3101,1.7700,-0.4272
-0.0953,-0.1588,1.0194,4.3945,2.4414,-0.9766
-0.0957,-0.1598,1.0175,10.2539,1.0986,1.1597
-0.0878,-0.1392,1.0321,7.9346,1.5259,0.6104
-0.0931,-0.1642,1.0007,1.4038,4.1504,-2.0752
-0.0914,-0.1582,1.0198,6.3477,0.9766,-0.1831
-0.0909,-0.1510,1.0300,0.4272,4.2114,-1.7700
-0.0956,-0.1581,1.0028,2.0752,4.1504,-1.5869
-0.0920,-0.1566,1.0206,2.4414,3.0518,-1.7090
-0.0865,-0.1530,1.0052,4.6387,3.2959,-1.0376
-0.0914,-0.1506,1.0133,5.7373,1.3428,-0.7324
-0.0957,-0.1604,1.0210,7.1411,1.6479,-0.3662
-0.0918,-0.1434,1.0204,7.3242,2.0142,0.1831
-0.0925,-0.1606,1.0128,3.2959,3.5400,-1.4648
-0.0875,-0.1527,1.0042,6.6528,1.9531,-0.3052
-0.0923,-0.1445,1.0316,5.9204,1.0986,-0.6104
-0.0970,-0.1730,1.0006,5.9814,3.7231,-1.2207
-0.0948,-0.1519,1.0325,9.8877,-0.6104,0.2441
-0.1003,-0.1750,1.0116,3.9062,3.6621,-1.4648
-0.0940,-0.1566,1.0006,8.9111,1.8311,1.1597
-0.0880,-0.1608,1.0408,7.2632,1.2817,0.9155
-0.0972,-0.1510,1.0286,-3.7231,6.1035,-0.3662
-0.0927,-0.1461,1.0015,5.9204,-1.7090,0.6714
FIN_VENTANA
Progreso: 2/20
INICIO_VENTANA reposo
-0.0916,-0.1654,1.0205,-1.1597,4.8828,-1.7700
-0.0946,-0.1614,0.9912,-0.4883,7.6294,-2.1973
-0.0956,-0.1609,1.0266,6.4697,0.7935,1.0986
-0.0851,-0.1624,1.0153,5.7983,3.6011,0.3052
-0.0791,-0.1495,1.0006,12.1460,1.2817,2.4414
-0.0862,-0.1516,1.0316,3.2349,1.7700,-1.4038
-0.0978,-0.1626,1.0200,3.6621,3.2349,-1.0376
-0.0875,-0.1665,1.0109,-1.9531,5.9814,-3.2959
-0.0771,-0.1478,1.0001,14.8926,-0.6714,3.0518
-0.0797,-0.1516,1.0476,7.6904,-0.7324,-0.4272
-0.0984,-0.1624,1.0164,3.4790,4.6997,-1.5259
-0.0937,-0.1628,1.0223,2.6245,2.5635,-1.5259
-0.0857,-0.1606,1.0176,3.4790,4.8828,-1.0986
-0.0859,-0.1639,1.0059,6.4087,3.0518,-0.0610
-0.0745,-0.1432,1.0175,8.3618,2.2583,0.4272
-0.0815,-0.1646,1.0077,-0.2441,4.0894,-3.2349
-0.0851,-0.1481,1.0162,5.9204,1.5259,-0.7935
-0.0924,-0.1854,1.0100,6.5308,2.2583,-1.4038
-0.0906,-0.1526,1.0161,13.3057,0.3052,2.2583
-0.0835,-0.1573,1.0347,4.3945,3.0518,-0.7324
-0.0782,-0.1525,1.0055,4.1504,4.2114,-0.8545
-0.0807,-0.1576,1.0063,4.0894,1.8921,-1.4038
-0.0980,-0.1709,1.0131,7.2021,0.2441,-0.5493
-0.0918,-0.1497,1.0449,2.2583,3.1738,-1.4038
-0.0804,-0.1744,0.9890,-1.4038,7.4463,-3.2959
-0.0780,-0.1437,1.0127,6.2866,1.0986,-0.0610
-0.0807,-0.1628,1.0283,3.1738,3.1738,-1.8921
-0.0880,-0.1696,0.9895,8.9111,1.7090,-0.1221
-0.0940,-0.1514,1.0359,12.8174,-3.6011,1.7700
-0.0924,-0.1469,1.0487,5.3711,5.6152,-2.4414
-0.0795,-0.1721,1.0011,-1.6479,8.7891,-2.6245
-0.0797,-0.1326,1.0153,3.1738,4.7607,-0.7935
-0.0851,-0.1558,1.0021,5.5542,3.5400,-0.5493
-0.0819,-0.1443,1.0468,3.6621,1.8921,-1.4038
-0.0796,-0.1594,1.0006,2.9907,5.0049,-1.7090
-0.0758,-0.1389,1.0323,1.8921,3.0518,-1.2817
-0.0757,-0.1587,1.0094,-0.3052,6.3477,-2.2583
-0.0809,-0.1562,1.0286,12.0850,0.1221,1.7090
-0.0822,-0.1444,1.0415,2.3804,3.2959,-2.2583
-0.0804,-0.1494,1.0134,1.8311,5.7373,-1.8921
-0.0718,-0.1478,1.0089,0.2441,4.8828,-1.8921
-0.0769,-0.1373,1.0077,5.1270,2.1973,-0.1221
-0.0713,-0.1461,1.0272,3.6011,1.0986,-1.7700
-0.0786,-0.1366,1.0189,4.1504,3.2959,-1.4648
-0.0813,-0.1626,1.0046,7.3242,0.9766,0.4272
-0.0795,-0.1440,1.0189,6.1035,1.2817,-0.6714
-0.0729,-0.1385,1.0281,3.1738,1.9531,-1.1597
-0.0785,-0.1490,1.0164,-0.3052,4.6997,-2.5635
-0.0814,-0.1395,1.0067,5.3711,2.0142,-0.7324
-0.0719,-0.1375,1.0288,2.3193,1.5869,-2.3193
-0.0790,-0.1400,1.0148,4.5166,2.6245,-1.1597
-0.0778,-0.1338,1.0269,1.8311,2.7466,-1.8311
-0.0778,-0.1349,1.0157,4.8828,3.4180,-0.8545
-0.0703,-0.1379,1.0166,3.4790,3.4790,-1.2817
-0.0728,-0.1227,1.0143,1.7700,3.2959,-1.4648
-0.0845,-0.1392,1.0231,3.7842,1.4038,-1.7090
-0.0750,-0.1343,1.0225,8.3008,1.8311,0.4883
-0.0739,-0.1260,1.0106,5.4321,2.5635,-0.7324
-0.0782,-0.1315,1.0303,0.6104,2.8076,-2.0752
-0.0723,-0.1304,1.0150,3.4790,3.5400,-1.1597
-0.0762,-0.1328,1.0121,8.3618,0.0000,0.1831
-0.0796,-0.1323,1.0306,6.7749,0.8545,-0.3052
-0.0747,-0.1339,1.0208,3.4790,2.6855,-1.1597
-0.0743,-0.1292,1.0054,6.8970,1.4038,0.3662
-0.0835,-0.1270,1.0389,4.7607,0.6714,-0.8545
-0.0841,-0.1537,1.0135,5.3711,3.6621,-0.9155
-0.0760,-0.1190,1.0143,10.0708,1.0986,0.6104
-0.0750,-0.1270,1.0421,-4.0894,5.6152,-3.6011
-0.0669,-0.1365,0.9966,1.4648,5.3101,-1.8311
-0.0704,-0.1221,1.0006,7.2021,0.1221,0.3052
-0.0847,-0.1318,1.0389,3.9062,0.1221,-1.6479
-0.0797,-0.1246,1.0326,4.6387,3.2349,-0.4883
-0.0729,-0.1439,1.0016,6.2866,3.4790,-0.6104
-0.0752,-0.1271,1.0142,9.8877,0.1831,0.9155
-0.0845,-0.1227,1.0370,4.3945,2.5024,-0.7324
-0.0745,-0.1300,1.0056,4.6387,4.5776,-0.3662
-0.0715,-0.1250,1.0192,5.5542,1.8921,-1.0986
-0.0853,-0.1471,1.0159,5.6763,2.6855,-1.2207
-0.0779,-0.1310,1.0132,7.9956,1.9531,0.2441
-0.0790,-0.1305,1.0342,5.6152,2.1973,-0.7935
-0.0760,-0.1311,1.0165,3.7231,4.6387,-0.9766
-0.0781,-0.1346,0.9982,12.5732,-0.1221,1.5869
-0.0819,-0.1272,1.0408,10.0098,-1.5259,0.3052
-0.0830,-0.1487,1.0233,4.9438,3.0518,-1.0376
-0.0815,-0.1301,1.0288,7.9346,1.9531,1.4038
-0.0756,-0.1360,1.0192,-1.4648,5.3711,-1.8921
-0.0758,-0.1385,1.0011,1.0376,4.2114,-1.5869
-0.0759,-0.1533,1.0110,6.2866,1.7700,-0.9766
-0.0737,-0.1227,1.0231,8.4839,0.4272,-15.0146
-0.0768,-0.1387,1.0288,4.8828,2.9297,-0.2441
-0.0833,-0.1410,1.0094,1.7700,4.3335,-1.5259
-0.0735,-0.1294,1.0194,4.1504,2.0142,-0.4272
-0.0779,-0.1388,1.0214,2.3804,2.5635,-1.4038
-0.0769,-0.1276,1.0181,5.0049,2.8076,-0.1831
-0.0769,-0.1409,1.0122,4.6997,2.2583,-1.4038
-0.0758,-0.1318,1.0192,4.5776,1.8311,-1.5259
-0.0814,-0.1377,1.0176,7.2632,1.2817,-0.7935
-0.0778,-0.1404,1.0210,8.3618,1.0986,0.4272
-0.0746,-0.1240,1.0339,5.5542,2.1362,0.3662
-0.0815,-0.1387,1.0111,2.4414,5.1270,-0.7324
FIN_VENTANA
Progreso: 3/20
INICIO_VENTANA reposo
-0.0698,-0.1238,1.0378,5.4321,2.1973,-0.7935
-0.0728,-0.1012,1.0192,4.2725,3.9673,-0.1221
-0.0756,-0.1445,1.0106,0.6104,3.9062,-2.2583
-0.0682,-0.1035,1.0107,15.5029,-0.1831,2.3193
-0.0662,-0.1110,1.0256,5.9814,1.8921,-0.4272
-0.0826,-0.1357,1.0189,1.4648,2.9907,-2.7466
-0.0713,-0.1169,1.0397,1.8311,3.1128,-1.8311
-0.0702,-0.1293,0.9971,1.3428,5.4932,-1.6479
-0.0717,-0.1074,1.0321,5.6152,0.8545,-0.0610
-0.0675,-0.1171,1.0275,6.4087,2.5024,-0.2441
-0.0612,-0.1030,1.0194,2.5635,3.3569,-1.3428
-0.0664,-0.1147,1.0245,0.2441,3.7231,-2.7466
-0.0692,-0.1102,1.0184,2.6855,3.1738,-1.5869
-0.0708,-0.1094,1.0221,3.6011,2.8076,-1.4648
-0.0676,-0.1115,1.0166,8.5449,1.2207,0.2441
-0.0662,-0.1012,1.0411,6.2866,1.5869,-0.1831
-0.0660,-0.1145,1.0106,1.8921,5.0049,-1.5869
-0.0654,-0.1162,1.0088,5.5542,2.5635,-0.3052
-0.0709,-0.1049,1.0303,10.8643,0.1831,0.8545
-0.0696,-0.1102,1.0244,3.9062,3.5400,-1.0376
-0.0718,-0.1169,1.0118,2.0752,3.9062,-1.5869
-0.0719,-0.1152,1.0272,5.5542,2.1362,-0.4272
-0.0641,-0.0958,1.0253,6.9580,1.9531,0.6714
-0.0671,-0.1195,1.0094,3.9673,3.4790,-1.8311
-0.0708,-0.1146,1.0215,6.2256,1.0986,-0.6714
-0.0679,-0.1139,1.0238,5.5542,1.7090,-0.7935
-0.0704,-0.1117,1.0303,4.4556,2.5024,-0.6714
-0.0718,-0.1123,1.0189,4.1504,3.8452,-1.0986
-0.0626,-0.1146,1.0096,5.8594,2.9297,-0.3662
-0.0618,-0.0934,1.0378,-1.0986,2.9907,-2.6245
-0.0693,-0.1154,1.0096,2.1973,4.2725,-1.9531
-0.0679,-0.1064,1.0225,6.2256,0.8545,-1.0376
-0.0673,-0.1017,1.0388,3.0518,2.8076,-1.7090
-0.0687,-0.1150,1.0090,3.6011,3.6621,-1.3428
-0.0640,-0.0990,1.0323,5.6763,1.5869,-0.1831
-0.0645,-0.1034,1.0192,6.6528,2.1362,0.3662
-0.0637,-0.1018,1.0212,8.7280,1.3428,0.5493
-0.0651,-0.0996,1.0255,4.6997,2.8076,-0.7935
-0.0629,-0.1030,1.0203,2.8076,3.2349,-1.7090
-0.0629,-0.1030,1.0214,3.0518,2.8076,-1.8921
-0.0726,-0.0929,1.0238,-2.1362,3.7842,-4.4556
-0.0576,-0.1111,0.9982,3.1738,3.5400,-4.0283
-0.0608,-0.1028,1.0245,1.5259,4.2725,-1.6479
-0.0608,-0.1006,1.0183,6.0425,2.2583,-0.9766
-0.0630,-0.0863,1.0219,5.4321,2.3193,-0.6104
-0.0603,-0.0834,1.0284,8.5449,1.2207,0.5493
-0.0676,-0.1012,1.0261,3.7842,2.1362,-1.9531
-0.0696,-0.0842,1.0311,6.2256,2.2583,0.1221
-0.0640,-0.0958,1.0215,4.8218,4.5166,-0.9155
-0.0579,-0.0963,1.0077,9.4604,0.7324,0.1831
-0.0724,-0.0894,1.0476,7.2021,0.4272,-1.0376
-0.0692,-0.0978,1.0258,4.8218,4.1504,-1.0986
-0.0597,-0.1034,1.0010,6.5308,2.8076,-0.4883
-0.0602,-0.0948,1.0231,11.6577,-0.5493,1.2207
-0.0686,-0.0940,1.0436,4.2114,1.7700,-1.4648
-0.0673,-0.1097,1.0118,1.3428,3.9062,-1.9531
-0.0608,-0.0978,1.0229,7.0190,0.4272,-0.4272
-0.0667,-0.0979,1.0227,6.7749,1.3428,-0.7324
-0.0723,-0.0986,1.0232,8.7280,0.8545,-0.4883
-0.0634,-0.0883,1.0397,5.4932,0.6104,-1.2207
-0.0774,-0.1144,1.0065,2.6855,3.3569,-2.1973
-0.0699,-0.0979,1.0345,6.6528,0.7935,-0.0610
-0.0629,-0.0969,1.0222,2.9907,3.8452,-1.6479
-0.0671,-0.0999,1.0204,3.6011,0.9155,-1.6479
-0.0713,-0.1027,1.0327,4.2114,1.9531,-1.2817
-0.0680,-0.0951,1.0120,7.1411,1.8311,-0.3662
-0.0680,-0.0995,1.0283,3.1738,2.0752,-1.8311
-0.0735,-0.0988,1.0209,3.0518,3.4180,-1.8311
-0.0725,-0.1110,1.0129,5.4932,1.2817,-0.8545
-0.0681,-0.0911,1.0400,8.3618,0.6104,0.4272
-0.0685,-0.0935,1.0192,3.2959,3.2349,-1.3428
-0.0764,-0.0912,1.0210,4.7607,2.0142,-0.7324
-0.0740,-0.1108,1.0352,-0.2441,3.2959,-2.9297
-0.0652,-0.0977,1.0005,9.0332,2.4414,0.7935
-0.0653,-0.0892,1.0315,3.9673,0.3052,-1.5259
-0.0747,-0.1042,1.0190,3.2959,2.7466,-2.1973
-0.0767,-0.0948,1.0389,3.9062,0.6714,-1.5869
-0.0724,-0.1022,1.0166,4.5776,3.7231,-1.0986
-0.0721,-0.1023,1.0111,8.3008,0.9766,-0.0610
-0.0721,-0.0945,1.0360,6.7139,0.6714,-0.6104
-0.0708,-0.0957,1.0272,3.1128,2.7466,-1.4038
-0.0708,-0.0907,1.0142,5.7983,2.3804,-0.1221
-0.0701,-0.0996,1.0198,3.7231,2.0752,-1.5869
-0.0745,-0.0895,1.0330,4.2725,1.5259,-1.0986
-0.0801,-0.1134,1.0137,4.0283,3.1128,-1.7700
-0.0747,-0.0968,1.0173,8.5449,0.7935,0.7935
-0.0765,-0.0896,1.0365,6.8970,1.5869,0.0000
-0.0781,-0.0956,1.0288,2.9907,3.6621,-1.2817
-0.0719,-0.1088,1.0013,6.1646,3.3569,-0.3662
-0.0696,-0.0942,1.0308,9.2773,-0.1221,0.9766
-0.0765,-0.0956,1.0293,6.4697,2.9907,0.0610
-0.0688,-0.1008,1.0161,5.0049,3.5400,-0.4883
-0.0685,-0.0968,1.0127,5.2490,1.7090,-1.2207
-0.0809,-0.0917,1.0461,6.4697,-1.1597,0.1221
-0.0763,-0.1115,1.0178,2.7466,4.6997,-1.3428
-0.0802,-0.1154,1.0144,7.2021,-0.4272,2.0142
-0.0674,-0.0969,1.0374,2.1362,3.6621,-2.1362
-0.0758,-0.1189,1.0010,7.5073,4.7607,0.2441
-0.0710,-0.0875,1.0321,5.8594,1.1597,0.3052
-0.0791,-0.1084,1.0361,4.1504,3.4180,-0.6104
FIN_VENTANA
Progreso: 4/20
INICIO_VENTANA reposo
-0.0781,-0.0959,1.0426,3.9062,1.4648,-0.8545
-0.0750,-0.1134,1.0118,3.9673,4.8828,-0.8545
-0.0747,-0.0997,1.0146,6.7749,1.8311,0.3662
-0.0757,-0.1100,1.0308,4.3335,2.6855,-1.0376
-0.0704,-0.0957,1.0134,5.7373,2.9907,0.1221
-0.0685,-0.1013,1.0245,2.7466,2.6855,-1.5259
-0.0725,-0.1074,1.0157,3.6621,2.8687,-1.6479
-0.0707,-0.0983,1.0155,6.1646,1.2817,-0.2441
-0.0752,-0.1075,1.0291,6.1646,1.1597,-0.4272
-0.0791,-0.1041,1.0294,7.0801,1.5259,-0.3052
-0.0737,-0.1002,1.0199,3.9673,3.4180,-0.9766
-0.0753,-0.1053,1.0140,4.8218,2.4414,-1.2207
-0.0829,-0.1147,1.0293,4.7607,1.5259,-1.1597
-0.0712,-0.1061,1.0073,7.0190,2.9907,0.6104
-0.0640,-0.0850,1.0481,2.3193,2.3193,-0.9766
-0.0717,-0.1066,1.0006,2.6245,4.6387,-0.7935
-0.0765,-0.1133,1.0283,8.7891,-1.3428,-0.0610
-0.0820,-0.1050,1.0282,8.7280,1.8311,0.3662
-0.0773,-0.0988,1.0308,2.3804,3.2349,-1.2817
-0.0717,-0.1095,1.0107,0.2441,5.0659,-2.3193
-0.0674,-0.0920,1.0276,6.5918,0.7935,0.1831
-0.0741,-0.0969,1.0256,7.9956,2.0142,0.1221
-0.0776,-0.1042,1.0244,2.3804,2.7466,-1.5869
-0.0784,-0.1011,1.0304,2.4414,4.5166,-0.7935
-0.0671,-0.0897,1.0219,-1.4648,5.7373,-2.0142
-0.0696,-0.1018,1.0010,4.6387,3.4180,-0.6714
-0.0712,-0.0918,1.0369,7.3853,0.3052,-0.3052
-0.0797,-0.1029,1.0212,5.6152,3.1128,-0.7935
-0.0771,-0.1036,1.0293,3.4790,3.3569,-1.3428
-0.0677,-0.0913,1.0175,2.6245,4.7607,-1.0986
-0.0660,-0.1086,1.0005,5.6763,0.4272,0.4272
-0.0695,-0.0869,1.0374,5.3101,1.4648,-0.7324
-0.0719,-0.1039,1.0126,3.4790,3.6621,-1.7090
-0.0723,-0.0834,1.0265,8.6670,0.6104,0.3662
-0.0767,-0.1180,1.0206,3.6011,3.9673,-2.2583
-0.0730,-0.0959,1.0208,9.2773,1.4038,0.8545
-0.0690,-0.0947,1.0353,5.3711,2.5635,0.1831
-0.0668,-0.0913,1.0139,2.1973,4.9438,-0.9155
-0.0719,-0.0627,1.0242,6.7749,1.7090,0.2441
-0.0698,-0.1022,1.0269,2.8687,2.7466,-1.5869
-0.0684,-0.0922,1.0139,4.8828,3.1738,-0.4272
-0.0676,-0.0939,1.0294,1.0376,3.4790,-2.0752
-0.0747,-0.1014,1.0187,5.1270,3.9062,-0.8545
-0.0648,-0.0826,1.0226,13.0005,0.0610,2.7466
-0.0651,-0.0880,1.0244,3.9673,2.6855,-1.4038
-0.0804,-0.1139,1.0219,3.8452,3.0518,-1.2207
-0.0693,-0.1018,1.0232,6.7749,3.2959,0.3662
-0.0544,-0.0905,1.0073,6.0425,3.1738,0.2441
-0.0623,-0.0820,1.0293,6.8359,0.7935,0.1221
-0.0671,-0.0883,1.0309,2.8687,2.3193,-1.5869
-0.0786,-0.1089,1.0178,2.2583,3.6011,-2.0142
-0.0778,-0.0959,1.0170,10.4370,1.2207,1.4648
-0.0642,-0.0891,1.0413,0.1831,3.8452,-2.3804
-0.0621,-0.0970,1.0061,3.7231,4.2725,-1.0986
-0.0653,-0.0818,1.0352,3.2349,1.8311,-1.1597
-0.0732,-0.0989,1.0028,6.5918,3.0518,0.0000
-0.0638,-0.0894,1.0271,9.0332,0.0000,0.4883
-0.0691,-0.1006,1.0286,8.8501,1.8921,0.0610
-0.0734,-0.0867,1.0264,9.8267,1.0986,1.8311
-0.0667,-0.0872,1.0333,4.5166,4.2114,-0.6104
-0.0692,-0.0715,1.0251,1.5869,5.5542,-0.3662
-0.0728,-0.1191,1.0208,-5.3711,5.0659,-4.3945
-0.0677,-0.0925,1.0052,6.3477,2.8687,-0.3662
-0.0599,-0.0742,1.0415,6.7749,0.6714,-0.2441
-0.0608,-0.0897,1.0129,3.4180,4.2725,-1.4038
-0.0612,-0.0833,1.0233,4.6997,0.7324,-0.6104
-0.0631,-0.0815,1.0294,2.8687,3.5400,-1.7090
-0.0679,-0.1039,1.0099,4.9438,3.9673,-1.8311
-0.0675,-0.0820,1.0187,10.6201,0.9766,0.6714
-0.0553,-0.0765,1.0466,0.7324,3.2349,-2.4414
-0.0686,-0.0950,1.0234,-4.9438,8.6060,-4.6997
-0.0630,-0.1005,0.9996,6.9580,3.9062,0.0610
-0.0442,-0.0549,1.0460,7.5684,1.4648,0.6104
-0.0563,-0.0790,1.0046,5.4321,1.5259,-1.0376
-0.0720,-0.0868,1.0540,2.3804,2.6855,-1.7700
-0.0701,-0.0852,1.0148,0.0000,6.8359,-1.8921
-0.0488,-0.0748,1.0105,1.4038,3.7842,-1.3428
-0.0507,-0.0802,1.0132,2.9907,3.8452,-1.8311
-0.0566,-0.0780,1.0277,6.2866,1.3428,-0.6714
-0.0562,-0.0791,1.0165,10.2539,1.1597,0.4883
-0.0573,-0.0664,1.0337,6.0425,1.4038,-2.0142
-0.0629,-0.0807,1.0204,6.1646,1.9531,-0.7935
-0.0592,-0.0844,1.0247,5.1270,2.0752,-1.4038
-0.0586,-0.0797,1.0135,10.0098,1.4038,0.5493
-0.0568,-0.0702,1.0353,10.8643,-1.0986,0.9766
-0.0616,-0.0796,1.0198,3.6621,2.7466,-1.9531
-0.0685,-0.0894,1.0311,4.4556,0.9155,-1.5869
-0.0579,-0.0886,1.0203,8.2397,2.4414,-0.0610
-0.0575,-0.0846,1.0073,9.3994,-0.0610,-0.0610
-0.0680,-0.0874,1.0449,6.2256,0.4883,-1.1597
-0.0613,-0.0774,1.0201,2.0752,3.5400,-1.4038
-0.0621,-0.0903,1.0189,1.8311,2.6245,-2.2583
-0.0657,-0.0935,1.0161,9.3994,0.7324,0.0000
-0.0630,-0.0721,1.0380,10.6812,-0.6714,1.4648
-0.0610,-0.0920,1.0232,3.9062,2.9907,-1.5869
-0.0695,-0.0997,1.0171,2.5635,2.8076,-2.3804
-0.0698,-0.0853,1.0214,10.1929,0.7935,0.8545
-0.0629,-0.0823,1.0354,4.3945,1.7090,-1.2207
-0.0708,-0.0845,1.0313,-0.4272,5.1270,-2.6855
-0.0648,-0.0985,1.0015,3.5400,3.6621,-1.4038
FIN_VENTANA
Progreso: 5/20
INICIO_VENTANA reposo
-0.0641,-0.0945,1.0170,4.5776,2.3804,-1.2207
-0.0613,-0.0759,1.0256,8.2397,0.9155,0.7324
-0.0625,-0.0845,1.0328,1.1597,3.3569,-2.0752
-0.0621,-0.0771,1.0201,1.0376,4.0283,-2.2583
-0.0671,-0.1024,1.0096,3.5400,3.1738,-1.9531
-0.0692,-0.0828,1.0308,10.6201,0.0000,1.6479
-0.0574,-0.0819,1.0398,2.9297,3.3569,-0.7935
-0.0579,-0.0841,1.0002,1.6479,5.2490,-1.1597
-0.0581,-0.0729,1.0266,5.7373,-0.0610,-0.4272
-0.0735,-0.0931,1.0231,6.3477,2.9297,-0.6104
-0.0605,-0.0742,1.0313,4.3335,2.5635,-0.6104
-0.0629,-0.0812,1.0248,-2.2583,5.9814,-2.7466
-0.0612,-0.0795,1.0188,-2.3804,4.8218,-2.8687
-0.0601,-0.0876,1.0156,8.8501,1.9531,0.5493
-0.0581,-0.0698,1.0325,12.3901,0.1221,2.1973
-0.0588,-0.0801,1.0205,5.4321,3.4180,-0.3052
-0.0564,-0.0706,1.0248,0.2441,3.9062,-1.8921
-0.0608,-0.0957,1.0005,10.7422,1.7090,1.1597
-0.0583,-0.0619,1.0559,7.9956,-1.2207,0.3662
-0.0657,-0.0760,1.0179,3.6011,5.6152,-1.1597
-0.0574,-0.0894,1.0094,-0.6104,3.7231,-2.9297
-0.0596,-0.0830,1.0192,12.3291,0.0610,1.8311
-0.0618,-0.0669,1.0400,8.1787,-0.1831,0.5493
-0.0634,-0.0875,1.0313,2.7466,4.5776,-1.6479
-0.0634,-0.0875,1.0096,5.0049,2.7466,-0.9155
-0.0565,-0.0760,1.0371,4.5166,1.5259,-1.0986
-0.0591,-0.0881,1.0190,4.2725,3.6621,-1.1597
-0.0610,-0.0717,1.0209,7.5684,1.4648,0.1831
-0.0637,-0.0887,1.0345,3.1128,3.0518,-1.7700
-0.0566,-0.0778,1.0054,7.0801,2.8076,0.4883
-0.0587,-0.0765,1.0374,4.3945,0.9766,-1.5259
-0.0933,-0.0850,1.0206,3.4790,4.0283,-1.7700
-0.0593,-0.0778,1.0077,9.3994,1.2207,1.4648
-0.0613,-0.0751,1.0392,8.2397,0.3052,0.3662
-0.0591,-0.0785,1.0284,3.4790,3.6011,-1.4648
-0.0590,-0.0688,1.0199,1.5869,3.2959,-1.7700
-0.0619,-0.0908,1.0186,0.6714,3.6011,-2.6245
-0.0653,-0.0820,1.0266,6.2866,1.6479,-0.2441
-0.0591,-0.0717,1.0314,5.9204,2.3193,-0.0610
-0.0608,-0.0861,1.0154,3.4790,3.3569,-1.3428
-0.0614,-0.0658,1.0245,9.0942,0.9766,1.1597
-0.0576,-0.0802,1.0249,1.7090,2.9907,-2.1973
-0.0620,-0.0742,1.0249,3.1128,2.4414,-1.6479
-0.0618,-0.0769,1.0302,2.1973,3.4180,-1.7700
-0.0612,-0.0782,1.0120,3.4180,3.3569,-0.9766
-0.0319,-0.0775,1.0361,6.2256,1.4038,-0.4272
-0.0555,-0.0695,1.0242,6.0425,3.3569,-0.1831
-0.0557,-0.0782,1.0133,6.7139,2.0142,0.0000
-0.0635,-0.0786,1.0219,11.2915,-0.1831,1.0986
-0.0636,-0.0759,1.0345,9.4604,0.6104,0.7324
-0.0597,-0.0676,1.0345,1.7700,3.6011,-1.8311
-0.0651,-0.0859,1.0110,2.0752,4.3945,-2.0752
-0.0625,-0.0676,1.0415,-2.0752,4.5166,-2.8076
-0.0569,-0.0955,0.9896,7.5684,4.3945,0.0000
-0.0562,-0.0575,1.0408,11.1084,-2.0142,1.8921
-0.0670,-0.0776,1.0436,5.4932,2.9297,-0.9766
-0.0548,-0.0697,1.0190,4.6387,3.1738,-0.4272
-0.0519,-0.0786,1.0095,1.7700,4.0283,-1.8311
-0.0641,-0.0770,1.0352,3.2349,1.5259,-1.5869
-0.0596,-0.0817,1.0217,7.0190,2.6245,0.6714
-0.0587,-0.0656,1.0323,7.7515,0.2441,-0.1221
-0.0601,-0.0814,1.0426,0.4883,4.8218,-2.3193
-0.0588,-0.0944,0.9862,8.2397,4.3335,0.3052
-0.0540,-0.0618,1.0391,9.0942,-1.4648,0.9766
-0.0590,-0.0737,1.0436,0.0610,4.1504,-2.5024
-0.0565,-0.0919,0.9934,5.6152,3.6621,-0.9155
-0.0624,-0.0802,1.0365,10.6201,-1.4648,0.4883
-0.0621,-0.0724,1.0242,6.2866,3.6011,-0.6104
-0.0540,-0.0709,1.0214,1.5869,3.7842,-2.1362
-0.0592,-0.0884,1.0145,0.4272,3.2959,-3.2959
-0.0719,-0.0939,1.0287,10.1929,0.1831,0.1831
-0.0640,-0.0624,1.0366,10.9863,1.6479,2.2583
-0.0577,-0.0856,1.0225,1.8921,4.9438,-1.5259
-0.0513,-0.0834,1.0065,5.4932,3.4790,-0.0610
-0.0555,-0.0682,1.0308,5.6152,1.6479,-0.4272
-0.0629,-0.0781,1.0322,2.8076,3.1738,-1.5259
-0.0605,-0.1010,1.0100,1.7700,4.7607,-2.1362
-0.0538,-0.0692,1.0089,13.5498,0.0000,2.8076
-0.0649,-0.0704,1.0603,5.9204,0.4272,-0.3662
-0.0641,-0.0854,1.0244,1.4038,6.2866,-1.8921
-0.0533,-0.0767,1.0013,7.5073,2.6855,0.4883
-0.0626,-0.0858,1.0303,3.7231,1.3428,-1.4648
-0.0319,-0.0823,1.0282,3.8452,4.3335,-0.6714
-0.0476,-0.0706,1.0184,4.2725,3.4180,-0.5493
-0.0535,-0.0797,1.0131,3.9062,2.6855,-1.0376
-0.0629,-0.0813,1.0314,5.5542,1.2207,-0.3662
-0.0588,-0.0736,1.0233,7.0801,1.6479,0.3662
-0.0569,-0.0754,1.0305,6.1646,1.7700,-0.2441
-0.0516,-0.0768,1.0287,2.5635,3.4180,-1.7700
-0.0593,-0.0868,1.0065,8.0566,1.4038,1.0376
-0.0591,-0.0748,1.0438,7.5684,1.4038,0.6104
-0.0525,-0.0786,1.0156,4.5166,4.7607,-0.7935
-0.0526,-0.0735,1.0210,4.7607,1.1597,-0.5493
-0.0671,-0.0875,1.0314,1.6479,2.8076,-2.2583
-0.0603,-0.0909,1.0093,4.5166,3.6621,-1.0986
-0.0538,-0.0662,1.0275,7.2632,1.4648,0.3662
-0.0553,-0.0701,1.0387,3.5400,3.7842,-1.7090
-0.0549,-0.0747,1.0212,-0.0610,4.5776,-2.5024
-0.0618,-0.0950,1.0139,2.1973,3.7842,-2.0752
-0.0593,-0.0750,1.0200,8.9111,0.8545,0.9766
FIN_VENTANA
Progreso: 6/20
INICIO_VENTANA reposo
-0.0511,-0.0753,1.0164,2.5635,3.3569,-2.0142
-0.0573,-0.0693,1.0244,4.8218,1.6479,-1.2817
-0.0649,-0.0809,1.0256,7.4463,1.3428,-0.4883
-0.0627,-0.0693,1.0291,5.3101,2.0752,-0.6714
-0.0594,-0.0824,1.0195,6.5308,2.8076,0.0610
-0.0555,-0.0699,1.0249,5.1270,1.8311,-1.0376
-0.0563,-0.0668,1.0222,6.5308,1.5259,-0.4883
-0.0618,-0.0726,1.0348,0.1221,2.6855,-2.7466
-0.0680,-0.0861,1.0023,6.4697,3.6011,-0.8545
-0.0579,-0.0673,1.0369,5.9204,-0.1831,-0.7935
-0.0549,-0.0719,1.0253,4.2114,3.2959,-1.7090
-0.0590,-0.0729,1.0138,3.6011,1.2207,-1.7090
-0.0637,-0.0681,1.0289,7.8735,1.0986,0.6104
-0.0647,-0.0753,1.0322,4.1504,1.9531,-1.1597
-0.0609,-0.0607,1.0259,2.6245,3.9673,-0.9766
-0.0577,-0.0881,1.0076,0.6714,3.8452,-2.5635
-0.0601,-0.0664,1.0206,10.8643,-0.4272,1.3428
-0.0629,-0.0732,1.0389,5.7983,1.2207,-0.9155
-0.0625,-0.0710,1.0151,3.3569,3.7842,-1.3428
-0.0583,-0.0732,1.0276,3.5400,2.3193,-1.6479
-0.0634,-0.0665,1.0223,6.1646,1.4038,-0.3662
-0.0702,-0.0881,1.0281,4.2725,2.3193,-2.0142
-0.0614,-0.0737,1.0081,8.6060,2.4414,0.7324
-0.0625,-0.0693,1.0339,5.3101,0.6104,-0.8545
-0.0664,-0.0760,1.0284,3.8452,4.0283,-1.6479
-0.0588,-0.0671,1.0142,7.6904,1.9531,0.3052
-0.0596,-0.0692,1.0254,4.1504,1.9531,-1.0986
-0.0643,-0.0762,1.0282,3.3569,3.2959,-1.6479
-0.0555,-0.0610,1.0200,2.3804,3.6621,-1.5869
-0.0586,-0.0712,1.0151,1.0986,2.6855,-2.5635
-0.0690,-0.0808,1.0292,2.3193,1.9531,-2.1362
-0.0739,-0.0822,1.0170,6.6528,2.3804,-0.7935
-0.0634,-0.0599,1.0319,7.3853,1.6479,0.6104
-0.0587,-0.0629,1.0244,4.3945,3.5400,-0.7324
-0.0598,-0.0729,1.0162,4.2725,2.8076,-0.9766
-0.0652,-0.0673,1.0275,7.2632,1.0986,0.3052
-0.0620,-0.0649,1.0356,3.7842,3.2349,-0.6714
-0.0583,-0.0614,1.0145,2.0142,5.0049,-1.2207
-0.0541,-0.0543,1.0288,0.3662,3.6011,-1.7090
-0.0632,-0.0758,1.0140,1.9531,4.5166,-2.0142
-0.0651,-0.0707,1.0083,9.5825,0.8545,0.4883
-0.0682,-0.0701,1.0361,13.9771,-0.9155,2.8687
-0.0690,-0.0723,1.0209,5.7983,4.4556,-0.5493
-0.0631,-0.0673,1.0327,4.5776,3.7231,-0.3052
-0.0562,-0.0706,1.0261,2.9297,4.7607,-0.4272
-0.0575,-0.0839,1.0000,8.5449,3.8452,0.7935
-0.0544,-0.0541,1.0402,7.2021,0.6104,0.5493
-0.0623,-0.0869,1.0092,3.3569,4.6387,-1.2817
-0.0593,-0.0704,1.0128,4.9438,1.1597,-1.0376
-0.0658,-0.0613,1.0449,3.4180,2.6245,-0.1831
-0.0531,-0.0753,1.0151,-1.3428,5.1270,-1.8921
-0.0498,-0.0544,1.0072,0.4883,3.7231,-1.4648
-0.0685,-0.0725,1.0372,0.9766,1.2817,-1.7090
-0.0594,-0.0656,1.0233,9.0332,2.3804,2.0752
-0.0608,-0.0552,1.0422,5.7373,2.6245,2.5635
-0.0537,-0.0564,1.0208,1.9531,3.7842,-1.8311
-0.0549,-0.0604,1.0144,5.3711,3.7842,-0.2441
-0.0616,-0.0573,1.0313,2.8687,2.4414,-1.6479
-0.0612,-0.0676,1.0256,5.3711,4.2725,-0.5493
-0.0514,-0.0548,1.0154,6.1035,3.5400,0.1221
-0.0496,-0.0623,1.0276,7.3853,2.1973,-0.1831
-0.0573,-0.0557,1.0216,7.0190,2.4414,0.1221
-0.0558,-0.0669,1.0245,7.3853,2.1973,-0.1831
-0.0553,-0.0614,1.0171,6.4087,1.6479,0.0610
-0.0564,-0.0743,1.0249,1.2207,3.7231,-2.0142
-0.0559,-0.0615,1.0131,4.3945,2.8076,-0.5493
-0.0568,-0.0635,1.0217,9.0942,0.7935,0.9766
-0.0532,-0.0586,1.0287,10.4370,1.3428,1.3428
-0.0553,-0.0516,1.0322,9.8267,1.6479,0.8545
-0.0549,-0.0468,1.0459,-5.8594,5.6763,-4.4556
-0.0706,-0.0663,1.0226,5.8594,1.6479,-0.2441
-0.0493,-0.0521,1.0214,5.7373,3.1128,-0.5493
-0.0483,-0.0504,1.0135,7.0801,2.6245,-1.2207
-0.0592,-0.0742,1.0535,1.1597,2.5635,-2.3804
-0.0569,-0.0645,1.0001,12.8174,1.5259,2.7466
-0.0568,-0.0443,1.0504,10.0098,-0.0610,1.7700
-0.0570,-0.0632,1.0209,1.7090,5.6152,-1.8311
-0.0485,-0.0603,1.0203,3.9062,2.6245,-1.0986
-0.0511,-0.0510,1.0271,2.7466,2.5024,-1.3428
-0.0582,-0.0645,1.0210,2.0142,3.1738,-1.9531
-0.0637,-0.0735,1.0264,3.4180,3.6621,-1.6479
-0.0499,-0.0494,1.0293,5.2490,2.5024,0.0610
-0.0465,-0.0532,1.0251,2.3804,3.2959,-1.4648
-0.0593,-0.0629,1.0159,1.8921,4.2725,-1.8921
-0.0499,-0.0562,1.0341,7.2021,1.7700,1.3428
-0.0453,-0.0481,1.0248,6.8359,2.6245,0.4883
-0.0508,-0.0549,1.0162,2.8076,3.4790,-1.7090
-0.0540,-0.0599,1.0239,5.3101,2.0752,-0.8545
-0.0529,-0.0533,1.0382,2.8687,2.2583,-1.5869
-0.0496,-0.0571,1.0170,0.6104,5.1270,-2.0142
-0.0441,-0.0449,1.0217,4.2114,2.5635,-0.9155
-0.0576,-0.0792,1.0181,5.8594,2.3804,-2.0752
-0.0508,-0.0374,1.0614,9.5215,-0.1221,1.3428
-0.0529,-0.0531,1.0223,5.4932,3.6011,-0.9766
-0.0565,-0.0553,1.0282,3.4790,2.3804,-1.5259
-0.0459,-0.0618,1.0284,3.8452,3.3569,-1.2207
-0.0472,-0.0580,1.0137,3.6011,3.3569,-0.9766
-0.0498,-0.0573,1.0240,7.2021,1.6479,0.1221
-0.0510,-0.0464,1.0383,5.2490,2.4414,-0.5493
-0.0486,-0.0576,1.0071,10.6201,1.2817,1.4038
FIN_VENTANA
Progreso: 7/20
INICIO_VENTANA reposo
-0.0565,-0.0575,1.0260,7.4463,1.6479,0.4883
-0.0521,-0.0499,1.0356,1.5259,3.4180,-1.7090
-0.0491,-0.0549,1.0162,3.4180,4.0894,-1.1597
-0.0535,-0.0702,1.0121,6.5918,1.3428,-0.4883
-0.0529,-0.0404,1.0372,9.5215,0.3662,1.2817
-0.0529,-0.0601,1.0276,1.2207,3.6621,-2.0752
-0.0513,-0.0524,1.0144,6.5308,2.7466,15.5029
-0.0477,-0.0630,1.0227,4.3945,3.2349,-1.4038
-0.0546,-0.0455,1.0245,5.8594,2.1362,-0.2441
-0.0541,-0.0646,1.0281,6.7139,2.3193,-0.2441
-0.0526,-0.0457,1.0419,3.6011,2.7466,-0.3662
-0.0507,-0.0634,1.0115,2.6855,5.1880,-1.2207
-0.0448,-0.0537,1.0029,7.4463,2.2583,0.0000
-0.0483,-0.0510,1.0397,6.1646,0.4272,-0.5493
-0.0537,-0.0570,1.0244,4.6387,2.8687,-1.2207
-0.0487,-0.0468,1.0323,3.5400,2.2583,-1.2207
-0.0527,-0.0593,1.0140,5.3101,3.4180,-0.8545
-0.0513,-0.0471,1.0306,6.2866,1.2207,-0.3662
-0.0571,-0.0665,1.0317,5.9204,2.7466,-0.7324
-0.0542,-0.0581,1.0154,5.3101,2.7466,-0.4883
-0.0464,-0.0477,1.0303,7.6904,1.9531,0.8545
-0.0485,-0.0581,1.0222,2.9297,2.9297,-1.8311
-0.0541,-0.0510,1.0215,9.2163,1.7700,0.6104
-0.0465,-0.0444,1.0396,3.7842,2.0752,-0.9766
-0.0500,-0.0527,1.0273,0.1221,4.6387,-2.5024
-0.0477,-0.0542,1.0216,0.0610,4.5776,-2.3193
-0.0415,-0.0393,1.0264,-2.1973,5.2490,-2.9907
-0.0518,-0.0505,1.0187,0.3052,3.7231,-2.3804
-0.0543,-0.0553,1.0305,5.3101,2.9297,-1.0376
-0.0441,-0.0430,1.0176,9.8267,1.7700,1.2207
-0.0394,-0.0455,1.0232,4.8828,2.5635,-1.2207
-0.0504,-0.0397,1.0302,6.4087,1.4038,-0.8545
-0.0510,-0.0470,1.0365,1.4648,3.5400,-2.5024
-0.0378,-0.0403,1.0020,2.5635,4.8218,-1.8921
-0.0428,-0.0503,1.0245,3.4790,1.0986,-2.3193
-0.0505,-0.0436,1.0233,11.5356,-0.3662,0.5493
-0.0618,-0.0468,1.0431,8.5449,0.3662,-0.0610
-0.0563,-0.0399,1.0405,4.1504,4.3335,-1.5259
-0.0442,-0.0553,1.0155,4.1504,5.0659,-1.0376
-0.0352,-0.0432,1.0045,8.6670,1.7700,0.9155
-0.0471,-0.0330,1.0367,10.7422,-1.0376,1.5259
-0.0551,-0.0546,1.0358,0.7935,2.8687,-3.1738
-0.0452,-0.0565,1.0122,4.8828,3.7842,-1.0986
-0.0516,-0.0522,1.0364,2.6245,1.2817,-2.3193
-0.0571,-0.0608,1.0446,5.8594,2.5635,-0.3052
-0.0415,-0.0564,0.9969,12.8784,3.1128,2.3804
-0.0404,-0.0278,1.0297,8.6060,-0.4272,0.8545
-0.0520,-0.0492,1.0486,-1.2207,3.9673,-3.0518
-0.0476,-0.0533,1.0089,0.4272,5.3101,-2.5635
-0.0474,-0.0728,1.0066,3.1128,1.5259,-0.6104
-0.0474,-0.0258,1.0450,13.6108,-1.1597,2.2583
-0.0471,-0.0448,1.0376,-1.2207,5.0659,-3.2959
-0.0500,-0.0537,1.0116,-0.3052,4.6387,-3.1738
-0.0403,-0.0475,1.0171,9.3994,0.9766,0.3052
-0.0458,-0.0435,1.0325,11.0474,-1.5869,1.1597
-0.0507,-0.0588,1.0287,3.7842,2.1973,-1.8921
-0.0521,-0.0476,1.0240,1.5869,3.6011,-1.7090
-0.0549,-0.0515,1.0222,6.6528,1.4038,-0.1831
-0.0496,-0.0398,1.0441,5.6763,1.0376,-0.5493
-0.0419,-0.0437,1.0150,3.5400,3.9673,-1.2817
-0.0536,-0.0679,1.0101,3.4790,2.7466,-2.0142
-0.0565,-0.0331,1.0398,13.2446,-1.5869,2.5635
-0.0535,-0.0535,1.0465,3.2959,2.7466,-1.7090
-0.0439,-0.0408,1.0139,0.9766,5.7373,-2.7466
-0.0483,-0.0551,1.0182,9.0332,1.2207,0.6714
-0.0510,-0.0325,1.0475,4.6997,1.2817,-0.6714
-0.0485,-0.0564,1.0208,1.3428,5.5542,-2.2583
-0.0453,-0.0438,1.0123,4.6997,2.6855,-0.7935
-0.0437,-0.0479,1.0226,2.6245,2.1362,-1.9531
-0.0562,-0.0627,1.0187,8.1177,0.8545,-1.0376
-0.0449,-0.0282,1.0446,10.5591,0.3662,1.0376
-0.0535,-0.0530,1.0089,-1.8921,5.1880,-3.6011
-0.0457,-0.0397,1.0237,2.9907,2.1362,-1.7090
-0.0513,-0.0522,1.0217,4.0894,2.5024,-2.2583
-0.0505,-0.0385,1.0375,5.7983,0.9155,-1.0986
-0.0565,-0.0388,1.0299,0.6104,4.5166,-2.5024
-0.0586,-0.0455,1.0206,-1.9531,4.1504,-2.3193
-0.0422,-0.0410,1.0275,1.6479,3.3569,-1.2207
-0.0438,-0.0437,1.0028,13.1226,-0.1221,2.3193
-0.0483,-0.0276,1.0399,10.3149,-0.4272,0.9766
-0.0533,-0.0424,1.0320,2.7466,3.2349,-1.6479
-0.0498,-0.0599,1.0085,6.2866,3.2959,-0.7324
-0.0447,-0.0343,1.0298,10.1929,0.3052,1.2207
-0.0492,-0.0518,1.0250,7.7515,2.1362,-0.3052
-0.0574,-0.0355,1.0216,7.7515,1.4648,0.6104
-0.0532,-0.0581,1.0325,2.2583,2.4414,-1.3428
-0.0535,-0.0502,1.0198,5.0049,2.7466,-0.3052
-0.0471,-0.0354,1.0294,3.7842,3.2349,-0.3662
-0.0500,-0.0496,1.0134,5.7983,2.6855,-0.3052
-0.0470,-0.0336,1.0360,9.3384,0.4883,1.2817
-0.0605,-0.0441,1.0233,2.3193,3.7231,-1.6479
-0.0543,-0.0603,1.0197,0.6104,4.1504,-2.0142
-0.0475,-0.0348,1.0182,9.7656,0.6104,1.2207
-0.0536,-0.0469,1.0371,0.1221,4.3945,-2.3804
-0.0574,-0.0453,1.0122,4.0894,3.7231,-0.6714
-0.0433,-0.0487,1.0239,3.1128,2.7466,-1.2817
-0.0475,-0.0320,1.0200,7.8125,1.8921,0.6714
-0.0548,-0.0481,1.0400,2.8076,2.1362,-1.2207
-0.0485,-0.0280,1.0222,8.0566,3.1128,1.2207
-0.0447,-0.0452,1.0305,0.6714,3.7231,-1.8921
FIN_VENTANA
Progreso: 8/20
INICIO_VENTANA reposo
-0.0542,-0.0483,1.0343,7.2021,2.2583,-0.1831
-0.0514,-0.0439,1.0239,6.1035,2.3193,-0.2441
-0.0505,-0.0603,1.0140,3.6011,3.7842,-1.5259
-0.0448,-0.0300,1.0237,8.7280,0.7935,1.4038
-0.0544,-0.0533,1.0345,3.0518,2.1362,-1.9531
-0.0579,-0.0513,1.0167,9.3994,1.7700,0.4272
-0.0494,-0.0597,1.0299,5.4932,2.3804,-0.8545
-0.0470,-0.0426,1.0247,3.7231,3.9062,-0.5493
-0.0560,-0.0571,1.0195,6.1646,2.7466,0.0610
-0.0481,-0.0375,1.0264,6.5918,1.1597,0.4883
-0.0546,-0.0596,1.0209,5.9204,2.7466,-0.6714
-0.0509,-0.0471,1.0217,8.9722,1.0986,0.9766
-0.0461,-0.0511,1.0332,3.4180,2.8076,-1.5259
-0.0476,-0.0441,1.0110,6.5918,2.6245,0.1831
-0.0571,-0.0646,1.0286,5.4321,1.4648,-1.5259
-0.0544,-0.0475,1.0319,4.5776,2.8687,-1.1597
-0.0500,-0.0448,1.0249,2.3804,3.9673,-1.3428
-0.0471,-0.0541,1.0103,4.5166,3.2959,-0.8545
-0.0480,-0.0529,1.0289,7.9346,0.7324,-0.1221
-0.0529,-0.0524,1.0245,7.2632,1.8921,0.0610
-0.0533,-0.0604,1.0166,5.6763,2.5635,-0.7324
-0.0696,-0.0540,1.0433,4.3335,1.6479,-1.2207
-0.0524,-0.0637,1.0092,1.0376,6.9580,-1.8311
-0.0431,-0.0472,1.0153,6.7749,2.0142,0.1221
-0.0468,-0.0388,1.0388,6.8359,1.0376,0.0000
-0.0541,-0.0563,1.0165,6.4697,2.8076,-0.5493
-0.0529,-0.0483,1.0406,2.3193,3.3569,-1.8921
-0.0503,-0.0511,1.0273,1.0986,5.1880,-1.8311
-0.0403,-0.0494,1.0038,2.1973,4.8218,-1.3428
-0.0479,-0.0488,1.0210,5.2490,1.6479,-1.2207
-0.0532,-0.0529,1.0256,9.7046,0.4883,0.6104
-0.0485,-0.0474,1.0361,6.5308,1.9531,-0.3052
-0.0436,-0.0442,1.0244,0.6714,5.3101,-1.8921
-0.0430,-0.0566,1.0088,2.8687,3.3569,-1.7090
-0.0460,-0.0481,1.0186,7.8735,0.7935,0.0610
-0.0500,-0.0358,1.0454,4.9438,0.6714,-0.7324
-0.0544,-0.0510,1.0236,0.6104,4.4556,-2.0752
-0.0448,-0.0355,1.0223,-0.7935,4.8828,-2.1362
-0.0403,-0.0555,1.0039,4.2725,3.6621,-1.5259
-0.0521,-0.0376,1.0298,11.9019,-1.5259,1.3428
-0.0510,-0.0393,1.0381,5.5542,1.8311,-0.7324
-0.0496,-0.0594,1.0173,3.8452,4.0283,-1.8311
-0.0453,-0.0349,1.0291,4.5776,2.3193,-0.9766
-0.0464,-0.0441,1.0170,4.3945,3.4790,-0.4883
-0.0472,-0.0367,1.0294,5.0049,1.8311,-0.3662
-0.0477,-0.0541,1.0021,11.9629,1.5869,1.1597
-0.0453,-0.0378,1.0422,7.6904,-0.3052,0.0610
-0.0475,-0.0481,1.0289,4.8218,3.4790,-0.7935
-0.0531,-0.0444,1.0155,2.2583,3.7231,-1.8311
-0.0458,-0.0410,1.0360,4.4556,2.1362,-0.9766
-0.0453,-0.0464,1.0198,3.0518,3.9062,-1.2207
-0.0493,-0.0447,1.0231,3.6621,3.3569,-1.0376
-0.0514,-0.0461,1.0269,4.9438,2.8687,-1.0376
-0.0469,-0.0504,1.0205,4.9438,2.8687,-0.9155
-0.0393,-0.0388,1.0125,8.1787,1.7090,0.6104
-0.0500,-0.0425,1.0371,4.3945,1.7090,-1.4648
-0.0504,-0.0437,1.0222,3.8452,3.7231,-1.5869
-0.0443,-0.0424,1.0200,7.0190,1.5869,0.1221
-0.0496,-0.0519,1.0322,2.4414,3.1738,-1.8311
-0.0449,-0.0364,1.0087,9.5215,2.4414,1.2817
-0.0417,-0.0250,1.0488,3.7842,0.8545,-1.0376
-0.0499,-0.0538,1.0170,3.6621,4.5166,-1.8921
-0.0409,-0.0455,1.0149,3.9062,2.6245,-0.8545
-0.0438,-0.0360,1.0199,7.8125,1.3428,0.1831
-0.0457,-0.0453,1.0348,4.2114,1.2207,-0.9155
-0.0469,-0.0444,1.0081,5.6152,2.9907,-1.0376
-0.0522,-0.0363,1.0327,5.0049,0.7935,-0.9155
-0.0490,-0.0404,1.0370,5.2490,2.2583,-0.3662
-0.0432,-0.0469,1.0078,3.4790,4.2114,-1.7700
-0.0465,-0.0453,1.0194,6.5918,1.0376,-0.6714
-0.0468,-0.0419,1.0386,5.5542,1.9531,-1.0376
-0.0452,-0.0364,1.0176,3.9062,2.0752,-1.6479
-0.0532,-0.0530,1.0261,7.1411,1.4038,-0.3662
-0.0459,-0.0312,1.0260,7.8735,2.0142,0.3662
-0.0426,-0.0386,1.0355,1.5869,4.0894,-2.3193
-0.0446,-0.0342,1.0248,-0.6104,4.6997,-2.8687
-0.0488,-0.0481,1.0212,-1.3428,4.5776,-3.5400
-0.0511,-0.0643,0.9999,4.7607,3.7231,-1.5259
-0.0466,-0.0321,1.0408,9.8267,-0.9766,0.8545
-0.0427,-0.0358,1.0253,7.6904,3.8452,1.1597
-0.0370,-0.0254,1.0206,3.7842,3.0518,0.0610
-0.0457,-0.0472,1.0061,3.9062,3.2349,-1.2207
-0.0474,-0.0428,1.0247,6.1035,0.2441,-0.6714
-0.0494,-0.0347,1.0264,10.0708,0.7935,0.9155
-0.0410,-0.0305,1.0219,3.9673,1.8921,-1.8311
-0.0494,-0.0354,1.0299,-1.7090,3.1128,-4.2114
-0.0529,-0.0436,1.0309,-1.8311,3.3569,-4.2725
-0.0479,-0.0300,1.0194,10.5591,1.0376,2.0752
-0.0420,-0.0234,1.0436,5.1880,1.5259,-0.3662
-0.0481,-0.0446,1.0104,1.6479,4.8828,-2.1362
-0.0463,-0.0289,1.0193,11.5356,-0.6714,1.8311
-0.0476,-0.0222,1.0468,4.6997,1.6479,-1.2817
-0.0485,-0.0465,1.0187,-1.8921,5.6763,-2.6855
-0.0493,-0.0398,1.0051,10.9863,0.3052,1.2207
-0.0485,-0.0150,1.0510,9.4604,-0.9155,1.1597
-0.0446,-0.0206,1.0360,1.8311,4.8218,-1.9531
-0.0464,-0.0472,1.0071,-0.9766,5.1270,-3.6621
-0.0507,-0.0474,1.0129,9.4604,0.6714,0.6104
-0.0496,-0.0286,1.0360,7.5073,1.3428,0.1831
-0.0454,-0.0342,1.0165,7.6904,2.9297,0.3662
FIN_VENTANA
Progreso: 9/20
INICIO_VENTANA reposo
-0.0482,-0.0361,1.0155,6.7749,2.8687,-0.1831
-0.0544,-0.0442,1.0355,2.1973,2.0752,-1.7090
-0.0541,-0.0371,1.0182,7.0190,3.1738,0.0610
-0.0515,-0.0347,1.0367,4.1504,2.1362,-1.2207
-0.0516,-0.0469,1.0178,2.9297,4.4556,-1.8311
-0.0492,-0.0537,1.0156,7.9956,1.8921,0.0610
-0.0475,-0.0311,1.0313,8.7891,0.9766,0.9155
-0.0543,-0.0448,1.0270,3.8452,3.1738,-1.3428
-0.0519,-0.0439,1.0247,2.5024,3.4790,-1.3428
-0.0450,-0.0386,1.0208,5.7983,2.4414,0.0000
-0.0507,-0.0458,1.0166,7.1411,1.5869,0.0000
-0.0513,-0.0308,1.0336,3.0518,2.3193,-1.7090
-0.0555,-0.0447,1.0223,2.6245,2.4414,-1.7090
-0.0553,-0.0425,1.0294,3.6621,2.2583,-1.0986
-0.0465,-0.0338,1.0243,4.9438,2.7466,0.0610
-0.0499,-0.0355,1.0204,5.0659,2.0142,-0.2441
-0.0538,-0.0377,1.0253,6.4087,1.4038,0.2441
-0.0565,-0.0391,1.0284,5.6763,1.8921,-0.0610
-0.0559,-0.0442,1.0270,7.4463,1.8921,0.4883
-0.0507,-0.0415,1.0217,5.4321,2.3804,-0.1831
-0.0605,-0.0498,1.0164,3.7231,3.1738,-1.0986
-0.0551,-0.0380,1.0339,4.1504,1.6479,-0.7324
-0.0488,-0.0371,1.0178,6.5308,3.1738,0.4272
-0.0514,-0.0411,1.0240,8.2397,0.7935,0.0000
-0.0507,-0.0364,1.0424,3.1128,4.5776,-2.0142
-0.0492,-0.0347,1.0083,6.7139,1.4648,0.3662
-0.0583,-0.0369,1.0411,6.8359,0.2441,0.1221
-0.0602,-0.0361,1.0344,4.3335,2.8687,-0.7324
-0.0581,-0.0371,1.0367,-2.0142,4.2114,-2.5635
-0.0470,-0.0443,1.0077,2.9297,5.0049,-1.0986
-0.0486,-0.0414,1.0103,8.6060,0.7935,0.4272
-0.0585,-0.0383,1.0481,9.2773,-0.3052,0.9766
-0.0535,-0.0372,1.0171,2.6245,4.7607,-1.0376
-0.0490,-0.0410,1.0112,3.6011,3.2959,-1.0376
-0.0499,-0.0367,1.0360,3.9673,2.1973,-1.3428
-0.0526,-0.0476,1.0074,9.0942,2.3804,0.6104
-0.0510,-0.0305,1.0349,9.3994,-0.6104,1.0986
-0.0579,-0.0403,1.0365,1.4038,3.7842,-1.7090
-0.0558,-0.0428,1.0210,3.7842,2.6855,-0.8545
-0.0513,-0.0411,1.0116,6.8970,2.2583,-0.1831
-0.0536,-0.0349,1.0330,5.7983,0.3052,-0.2441
-0.0590,-0.0500,1.0229,6.8359,2.3193,-0.4883
-0.0563,-0.0300,1.0314,6.9580,1.4038,0.2441
-0.0488,-0.0397,1.0302,-0.3052,4.9438,-2.2583
-0.0527,-0.0415,1.0104,3.9673,3.0518,-1.2207
-0.0546,-0.0461,1.0220,11.9629,-0.3052,1.4038
-0.0555,-0.0352,1.0369,1.7700,2.6245,-2.3193
-0.0541,-0.0366,1.0310,2.3804,4.7607,-1.4648
-0.0543,-0.0520,1.0090,2.9297,4.0894,-1.1597
-0.0543,-0.0350,1.0249,10.6201,0.9155,1.8921
-0.0541,-0.0369,1.0300,7.3242,2.1973,0.1831
-0.0492,-0.0454,1.0123,8.9111,2.1973,0.4883
-0.0476,-0.0388,1.0398,1.5259,2.8687,-2.2583
-0.0511,-0.0342,1.0144,4.4556,3.0518,-0.6104
-0.0593,-0.0620,1.0238,4.6387,1.2817,-1.4648
-0.0564,-0.0302,1.0338,9.5825,1.2817,1.1597
-0.0502,-0.0369,1.0284,0.4883,4.1504,-2.1362
-0.0535,-0.0404,1.0161,-0.7324,5.2490,-2.8687
-0.0542,-0.0449,1.0253,-0.2441,3.0518,-2.6245
-0.0546,-0.0355,1.0208,3.4790,2.7466,-0.8545
-0.0586,-0.0460,1.0222,7.1411,2.1973,0.3662
-0.0616,-0.0261,1.0326,6.8359,1.2817,0.0610
-0.0465,-0.0370,1.0168,1.5869,5.6763,-1.4038
-0.0430,-0.0338,1.0264,4.2114,2.2583,-0.9766
-0.0492,-0.0273,1.0162,9.3994,0.7324,1.0376
-0.0592,-0.0356,1.0392,4.5776,0.8545,-1.2207
-0.0648,-0.0345,1.0240,4.8828,4.3335,-0.4883
-0.0469,-0.0338,1.0210,1.2817,4.1504,-2.0752
-0.0457,-0.0276,1.0175,5.1880,2.0752,-0.7935
-0.0515,-0.0282,1.0327,7.2021,0.6714,0.0000
-0.0571,-0.0488,1.0146,6.2866,2.3804,-0.8545
-0.0565,-0.0153,1.0430,6.8359,0.8545,0.5493
-0.0538,-0.0432,1.0243,1.0376,5.3101,-1.9531
-0.0421,-0.0249,1.0089,6.4697,2.3804,0.1221
-0.0477,-0.0311,1.0327,4.2725,1.4038,-1.1597
-0.0544,-0.0314,1.0240,5.4321,2.0142,-0.1221
-0.0524,-0.0270,1.0305,3.1738,2.8687,-1.2207
-0.0497,-0.0322,1.0211,2.2583,3.8452,-1.5259
-0.0503,-0.0239,1.0200,4.8218,2.5635,-1.2207
-0.0547,-0.0394,1.0123,6.1035,1.7090,-1.0376
-0.0531,-0.0280,1.0378,6.4697,0.8545,-0.5493
-0.0560,-0.0415,1.0311,5.9204,3.8452,-0.6104
-0.0441,-0.0289,1.0170,4.0283,3.0518,-0.7324
-0.0510,-0.0359,1.0172,5.7983,2.1973,-0.4883
-0.0515,-0.0184,1.0310,7.7515,0.7324,0.7324
-0.0537,-0.0366,1.0297,3.2959,3.0518,-1.1597
-0.0500,-0.0314,1.0205,5.8594,2.6245,-0.4272
-0.0458,-0.0142,1.0267,5.4932,2.1362,-0.3052
-0.0560,-0.0497,1.0383,-1.4648,3.9673,-0.2441
-0.0427,-0.0171,1.0317,7.3853,1.7090,0.9155
-0.0441,-0.0323,1.0129,3.9062,4.1504,-0.6104
-0.0452,-0.0173,1.0226,3.9673,2.1362,-0.7935
-0.0531,-0.0447,1.0103,0.3052,4.7607,-2.8687
-0.0453,0.0015,1.0339,3.8452,0.7324,-0.3052
-0.0485,-0.0348,1.0175,-1.3428,4.2114,-4.2114
-0.0442,-0.0250,1.0020,4.6997,-1.0376,-1.2817
-0.0537,-0.0171,1.0283,-0.1221,1.4648,-4.3335
-0.0576,-0.0220,1.0328,-1.4648,1.8921,-4.2114
-0.0527,-0.0238,1.0088,3.4180,1.8311,-2.1362
-0.0532,-0.0131,1.0166,6.8359,-1.1597,-0.8545
FIN_VENTANA
Progreso: 10/20
INICIO_VENTANA reposo
-0.0621,-0.0251,1.0260,4.0894,2.5024,-1.2817
-0.0591,-0.0244,1.0256,5.2490,2.6855,-0.4883
-0.0499,-0.0159,1.0145,9.5215,1.4648,0.9766
-0.0563,-0.0206,1.0332,2.6855,2.3193,-1.7090
-0.0623,-0.0305,1.0215,3.9062,3.5400,-1.2207
-0.0562,-0.0209,1.0145,5.8594,2.3193,-0.1221
-0.0554,-0.0225,1.0320,5.3101,2.0752,-0.8545
-0.0525,-0.0250,1.0157,6.3477,2.9907,-0.4272
-0.0562,-0.0205,1.0181,7.1411,1.6479,0.1221
-0.0597,-0.0240,1.0304,4.5166,1.7090,-1.0376
-0.0568,-0.0215,1.0205,6.9580,2.6245,0.0610
-0.0558,-0.0270,1.0199,3.9062,2.3193,-1.4038
-0.0610,-0.0199,1.0291,6.2866,1.7700,-0.1831
-0.0580,-0.0288,1.0205,6.4697,2.2583,-0.4883
-0.0563,-0.0188,1.0344,6.8970,1.5259,0.0000
-0.0570,-0.0282,1.0208,5.8594,2.9907,-0.4272
-0.0592,-0.0316,1.0226,2.0752,3.4790,-1.6479
-0.0563,-0.0168,1.0209,6.2256,2.5635,0.1831
-0.0522,-0.0167,1.0276,4.3335,2.3804,-0.6104
-0.0575,-0.0388,1.0134,6.4697,2.6855,-0.6714
-0.0548,-0.0110,1.0300,7.5684,0.9155,0.5493
-0.0593,-0.0269,1.0211,4.5166,2.9907,-0.9766
-0.0558,-0.0234,1.0363,3.1128,2.4414,-1.6479
-0.0549,-0.0317,1.0015,9.0942,2.5635,0.6104
-0.0573,-0.0208,1.0435,5.4321,0.9766,-0.6714
-0.0552,-0.0256,1.0200,1.7090,4.8218,-1.7090
-0.0598,-0.0295,1.0195,1.8921,3.1128,-1.7090
-0.0586,-0.0219,1.0265,7.1411,2.0142,0.2441
-0.0555,-0.0354,1.0173,6.3477,2.5635,-0.8545
-0.0540,-0.0149,1.0259,6.5308,1.7700,0.3052
-0.0563,-0.0304,1.0299,2.3193,3.4180,-1.0376
-0.0547,-0.0192,1.0256,5.6152,1.7700,-0.2441
-0.0582,-0.0203,1.0255,4.9438,2.6855,-0.4883
-0.0575,-0.0300,1.0204,3.1738,3.5400,-1.5869
-0.0542,-0.0220,1.0206,7.6294,2.1362,0.6104
-0.0544,-0.0236,1.0314,3.4790,2.3804,-1.4648
-0.0586,-0.0264,1.0198,6.5918,2.9297,0.4883
-0.0519,-0.0186,1.0332,4.2725,1.7700,-0.7935
-0.0543,-0.0199,1.0125,3.7842,3.9673,-1.1597
-0.0559,-0.0328,1.0184,7.9956,0.7935,0.1221
-0.0569,-0.0167,1.0365,8.8501,0.7324,0.7324
-0.0566,-0.0299,1.0245,0.7324,4.3335,-2.3193
-0.0546,-0.0206,1.0231,2.7466,3.5400,-1.5259
-0.0520,-0.0267,1.0112,6.8970,2.3804,-0.3052
-0.0568,-0.0228,1.0321,6.5918,1.0376,-0.6714
-0.0588,-0.0293,1.0344,4.9438,4.1504,-0.3662
-0.0504,-0.0237,1.0156,4.3335,2.8076,-0.6104
-0.0532,-0.0195,1.0236,3.9062,2.5024,-0.9766
-0.0559,-0.0189,1.0233,4.3945,2.6245,-0.9155
-0.0535,-0.0266,1.0172,5.3711,2.0142,-1.0376
-0.0558,-0.0287,1.0283,4.8218,1.8921,-1.2817
-0.0566,-0.0281,1.0194,6.5308,1.8311,-0.4883
-0.0563,-0.0181,1.0232,8.0566,0.8545,-0.0610
-0.0625,-0.0343,1.0286,7.2632,2.1362,0.0610
-0.0558,-0.0248,1.0244,4.3945,3.2959,-1.1597
-0.0555,-0.0300,1.0133,6.4087,2.7466,-0.1831
-0.0537,-0.0165,1.0327,5.5542,1.5259,-0.6714
-0.0582,-0.0350,1.0220,3.3569,3.5400,-1.6479
-0.0566,-0.0265,1.0209,5.2490,2.3193,-0.8545
-0.0555,-0.0270,1.0170,7.3242,2.0752,0.0000
-0.0574,-0.0232,1.0388,3.4790,3.1128,-1.2817
-0.0575,-0.0267,1.0175,1.8921,4.5776,-1.7700
-0.0537,-0.0365,1.0093,6.6528,2.0752,-0.1831
-0.0519,-0.0170,1.0264,11.9629,-0.0610,2.0142
-0.0557,-0.0193,1.0448,2.1973,2.5635,-1.7090
-0.0580,-0.0234,1.0156,1.7700,4.6387,-1.8921
-0.0569,-0.0364,1.0293,3.6011,2.6855,-0.3052
-0.0526,-0.0181,1.0179,5.0049,2.5635,-0.7324
-0.0535,-0.0233,1.0247,3.6011,2.6245,-1.2817
-0.0573,-0.0175,1.0320,5.1270,2.1362,-0.7324
-0.0522,-0.0269,1.0236,2.3193,3.7231,-1.7090
-0.0508,-0.0267,1.0117,5.0659,2.3193,-1.0376
-0.0536,-0.0212,1.0283,5.9814,1.2817,-0.5493
-0.0594,-0.0321,1.0315,3.4790,2.4414,-1.8921
-0.0502,-0.0125,1.0140,9.4604,1.8921,0.9155
-0.0508,-0.0160,1.0328,3.3569,1.8921,-1.7700
-0.0564,-0.0293,1.0203,1.4648,3.6621,-2.5024
-0.0613,-0.0176,1.0308,6.1035,1.5259,-0.3052
-0.0575,-0.0288,1.0305,1.4648,5.0049,-1.8921
-0.0527,-0.0195,1.0189,9.9487,1.6479,1.5259
-0.0486,-0.0138,1.0356,5.4321,1.9531,-0.4883
-0.0610,-0.0236,1.0082,7.5684,2.8076,0.3052
-0.0552,-0.0222,1.0403,4.2725,1.6479,-0.5493
-0.0537,-0.0194,1.0200,6.6528,3.7231,0.3662
-0.0446,-0.0186,1.0159,4.7607,1.4038,-0.3662
-0.0592,-0.0287,1.0228,3.1738,2.9907,-1.8921
-0.0602,-0.0192,1.0371,4.0894,2.2583,-1.0376
-0.0504,-0.0237,1.0133,2.7466,5.0049,-1.4038
-0.0498,-0.0206,1.0201,3.3569,3.1128,-1.4038
-0.0482,-0.0225,1.0256,6.1646,2.2583,-0.7324
-0.0551,-0.0291,1.0162,9.7046,0.9155,0.6104
-0.0559,-0.0149,1.0319,8.7280,1.3428,0.9155
-0.0547,-0.0164,1.0287,3.2349,3.9062,-1.6479
-0.0507,-0.0305,1.0173,0.5493,4.9438,-2.6855
-0.0497,-0.0242,1.0062,7.4463,1.7090,0.3662
-0.0568,-0.0181,1.0339,10.4370,-0.7324,1.2817
-0.0558,-0.0183,1.0353,3.4180,3.4180,-1.2207
-0.0529,-0.0242,1.0161,0.8545,4.5166,-2.1362
-0.0460,-0.0178,1.0093,9.6436,1.6479,1.4648
-0.0505,-0.0167,1.0433,3.6621,1.0986,-1.4648
FIN_VENTANA
Progreso: 11/20
INICIO_VENTANA reposo
-0.0509,-0.0146,1.0253,7.1411,0.7324,-0.1831
-0.0542,-0.0099,1.0292,5.1270,2.0142,-1.0986
-0.0581,-0.0248,1.0255,2.1362,2.9907,-2.1362
-0.0509,-0.0168,1.0134,5.5542,2.3193,-1.0376
-0.0513,-0.0181,1.0280,3.8452,1.4648,-1.7700
-0.0586,-0.0181,1.0194,6.5918,1.7090,-0.6104
-0.0619,-0.0201,1.0365,4.2114,1.7700,-1.4648
-0.0560,-0.0167,1.0170,6.2256,3.4790,-0.3052
-0.0508,-0.0189,1.0220,5.6763,1.6479,-0.6104
-0.0565,-0.0144,1.0204,8.0566,1.4648,-0.1221
-0.0583,-0.0155,1.0271,3.0518,2.8687,-2.0142
-0.0564,-0.0142,1.0192,2.6855,3.1738,-1.6479
-0.0548,-0.0244,1.0205,6.4697,1.8921,-0.8545
-0.0568,-0.0146,1.0284,5.6763,1.2817,-1.1597
-0.0592,-0.0178,1.0238,3.2349,3.1128,-1.8311
-0.0597,-0.0205,1.0192,6.1035,1.8921,0.0610
-0.0568,-0.0170,1.0260,5.3711,2.5024,-0.6104
-0.0557,-0.0148,1.0209,3.1128,3.1128,-1.4648
-0.0601,-0.0314,1.0027,8.1177,1.5869,-0.1831
-0.0654,-0.0089,1.0381,10.2539,-1.5259,0.9155
-0.0620,-0.0316,1.0280,2.1973,3.6621,-2.2583
-0.0604,-0.0168,1.0177,5.7373,2.6245,-0.4883
-0.0618,-0.0172,1.0299,4.2114,2.1973,-1.0986
-0.0597,-0.0181,1.0227,5.4321,2.8687,-0.2441
-0.0590,-0.0222,1.0216,7.5073,2.1362,-0.0610
-0.0585,-0.0166,1.0267,6.1035,2.2583,-0.3052
-0.0575,-0.0096,1.0299,2.7466,4.1504,-1.5259
-0.0632,-0.0317,1.0160,1.7090,5.1270,-2.3804
-0.0547,-0.0084,1.0233,7.3853,1.4648,0.4272
-0.0576,-0.0199,1.0212,3.9673,3.3569,-0.6714
-0.0555,-0.0155,1.0258,8.4839,1.2817,0.6104
-0.0582,-0.0175,1.0315,4.6387,2.6245,-0.6104
-0.0586,-0.0157,1.0208,6.3477,2.1973,0.4883
-0.0565,-0.0192,1.0221,7.3242,2.1973,0.5493
-0.0544,-0.0103,1.0295,4.8828,2.5635,-0.6104
-0.0547,-0.0156,1.0219,4.6387,2.7466,-0.7324
-0.0629,-0.0251,1.0215,6.2256,2.0752,-0.3052
-0.0594,-0.0183,1.0212,7.5073,1.5869,0.3662
-0.0594,-0.0243,1.0250,6.0425,2.0752,-0.1221
-0.0568,-0.0137,1.0353,2.9907,2.6855,-0.9155
-0.0601,-0.0226,1.0154,5.0049,2.8076,-0.4883
-0.0618,-0.0255,1.0193,6.7749,1.4648,-0.4272
-0.0615,-0.0081,1.0363,7.8125,1.4648,-0.6714
-0.0583,-0.0321,1.0157,3.4180,4.3945,-1.5869
-0.0577,-0.0206,1.0193,7.8125,1.8311,-0.0610
-0.0593,-0.0281,1.0294,3.4790,3.2959,-1.0376
-0.0565,-0.0144,1.0223,7.7515,2.3193,0.5493
-0.0574,-0.0170,1.0315,2.1362,3.9673,-1.5869
-0.0596,-0.0151,1.0137,9.2163,2.0752,1.3428
-0.0562,-0.0310,1.0256,8.1177,2.3193,0.5493
-0.0558,-0.0195,1.0243,2.7466,3.1128,-1.4038
-0.0562,-0.0231,1.0221,5.3101,2.7466,-0.5493
-0.0553,-0.0156,1.0299,2.9907,2.6855,-1.2817
-0.0592,-0.0302,1.0166,2.3193,4.1504,-1.5869
-0.0576,-0.0107,1.0343,2.8076,2.5024,-0.9766
-0.0544,-0.0089,1.0315,1.3428,4.5166,-1.2817
-0.0587,-0.0463,0.9926,5.6152,3.6621,-1.2207
-0.0581,-0.0103,1.0273,15.0146,-2.2583,2.6245
-0.0627,-0.0112,1.0533,6.2866,1.5869,-0.4883
-0.0591,-0.0336,1.0009,4.0283,5.0049,-1.4648
-0.0485,-0.0144,1.0248,5.3711,1.5259,-0.6104
-0.0571,-0.0135,1.0331,3.3569,3.1738,-1.7700
-0.0568,-0.0156,1.0209,3.2959,3.0518,-1.3428
-0.0582,-0.0446,1.0034,4.2114,2.9297,-2.0142
-0.0624,-0.0106,1.0337,13.0005,-1.8921,2.1362
-0.0596,-0.0161,1.0497,2.7466,3.9062,-1.2817
-0.0529,-0.0222,1.0006,5.1880,5.0659,-0.5493
-0.0509,-0.0093,1.0347,5.3101,0.1831,-0.3052
-0.0612,-0.0150,1.0320,3.2959,3.6621,-1.1597
-0.0579,-0.0184,1.0227,4.6387,2.3193,-0.4272
-0.0581,-0.0197,1.0242,5.0049,3.6011,-0.7935
-0.0500,-0.0099,1.0217,3.6621,2.7466,-0.9155
-0.0519,-0.0199,1.0144,5.3101,2.2583,-1.2207
-0.0620,-0.0303,1.0199,7.0801,1.0376,-0.7324
-0.0552,-0.0010,1.0491,7.3242,0.7324,0.4883
-0.0579,-0.0192,1.0192,1.4648,4.6997,-1.8921
-0.0551,-0.0255,1.0176,4.5166,3.1738,-0.9155
-0.0538,-0.0149,1.0210,7.6904,1.4038,0.6104
-0.0598,-0.0122,1.0325,8.4839,0.7935,0.7935
-0.0594,-0.0171,1.0172,6.6528,2.4414,-0.3052
-0.0569,-0.0217,1.0273,3.3569,2.5024,-1.4038
-0.0522,-0.0217,1.0248,3.4180,3.1128,-1.2817
-0.0554,-0.0111,1.0175,6.0425,1.8311,-0.2441
-0.0597,-0.0155,1.0367,4.2114,2.0752,-0.9766
-0.0559,-0.0222,1.0183,5.4932,3.3569,-0.9155
-0.0560,-0.0173,1.0212,4.8828,2.3804,-0.3052
-0.0569,-0.0133,1.0291,3.6621,2.7466,-1.0376
-0.0566,-0.0232,1.0195,4.3945,2.8076,-1.2207
-0.0574,-0.0154,1.0270,5.3711,1.9531,-0.9766
-0.0563,-0.0210,1.0206,3.6011,4.5776,-0.6104
-0.0499,-0.0013,1.0372,4.1504,1.9531,-1.0376
-0.0531,-0.0159,1.0033,8.6060,2.1973,0.4272
-0.0605,-0.0192,1.0382,2.5024,1.0986,-1.9531
-0.0652,-0.0283,1.0210,7.8125,3.2349,0.0610
-0.0543,-0.0209,1.0205,3.6621,2.7466,-1.0376
-0.0492,-0.0055,1.0226,5.0049,3.1128,-0.5493
-0.0544,-0.0166,1.0276,3.2959,2.0752,-1.7090
-0.0588,-0.0171,1.0221,3.1738,3.1128,-1.7700
-0.0583,-0.0267,1.0135,8.7280,1.8921,0.7935
-0.0508,-0.0023,1.0411,7.3242,0.9155,0.3662
FIN_VENTANA
Progreso: 12/20
INICIO_VENTANA reposo
-0.0571,0.0070,1.0337,10.3149,-0.3662,1.5259
-0.0548,-0.0065,1.0359,3.0518,3.2959,-1.7700
-0.0555,-0.0027,1.0103,4.3335,3.1128,-0.7935
-0.0563,-0.0099,1.0250,9.8877,0.8545,0.9766
-0.0505,0.0072,1.0350,8.3618,0.6714,0.7324
-0.0597,-0.0140,1.0198,3.1128,3.4790,-1.8311
-0.0563,-0.0070,1.0203,4.6997,2.5024,-0.7935
-0.0536,-0.0060,1.0282,6.2866,2.1973,-0.3052
-0.0543,-0.0103,1.0146,7.9346,1.8311,0.3052
-0.0562,-0.0023,1.0316,6.1035,1.0376,-0.7324
-0.0577,-0.0116,1.0199,6.2866,2.8687,-0.4883
-0.0579,-0.0109,1.0344,3.2349,2.5635,-1.5869
-0.0536,-0.0103,1.0107,6.4087,3.4790,-0.3052
-0.0527,-0.0074,1.0272,7.6294,1.2207,0.0000
-0.0560,-0.0121,1.0294,7.2021,2.3804,0.1221
-0.0524,0.0002,1.0308,3.3569,3.4180,-0.7324
-0.0557,-0.0004,1.0277,-1.7700,5.7983,-3.1738
-0.0532,-0.0253,1.0006,3.6621,3.1128,-1.7090
-0.0602,-0.0184,1.0271,9.0332,-0.9766,0.4272
-0.0558,0.0027,1.0328,16.4795,-0.6104,3.7231
-0.0581,-0.0034,1.0404,2.3804,3.2349,-1.8311
-0.0538,-0.0159,1.0127,2.3193,4.6387,-1.7700
-0.0580,-0.0270,1.0133,3.2349,2.6245,-1.4038
-0.0602,-0.0171,1.0258,11.9629,0.5493,1.7700
-0.0536,-0.0308,1.0319,3.2959,3.8452,-1.5869
-0.0513,-0.0063,1.0151,2.9907,4.3335,-1.4648
-0.0537,-0.0210,1.0231,-0.5493,3.9673,-3.1128
-0.0607,-0.0155,1.0062,8.4229,1.5259,0.0610
-0.0541,0.0024,1.0431,11.5356,-0.1221,1.3428
-0.0580,-0.0101,1.0291,2.9297,4.6997,-2.1362
-0.0562,-0.0144,1.0209,1.7700,4.9438,-1.7090
-0.0463,-0.0115,1.0135,6.7139,2.7466,-0.7935
-0.0493,-0.0031,1.0292,7.5073,1.0986,-0.1831
-0.0538,-0.0122,1.0288,2.1362,3.6621,-2.0142
-0.0544,-0.0111,1.0153,6.1035,2.9907,-0.4883
-0.0542,-0.0083,1.0341,5.9204,1.7700,-0.0610
-0.0514,-0.0219,1.0200,3.7231,3.5400,-1.0986
-0.0520,-0.0106,1.0094,9.7046,1.1597,1.3428
-0.0549,0.0021,1.0370,7.9956,0.3662,-0.5493
-0.0518,-0.0166,1.0288,5.3711,2.7466,0.0000
-0.0479,-0.0221,0.9973,8.1787,2.5024,0.3052
-0.0505,-0.0049,1.0372,5.9814,-0.5493,-0.3662
-0.0570,-0.0177,1.0349,3.1738,3.4790,-2.0752
-0.0541,-0.0040,1.0076,4.3335,3.5400,-1.6479
-0.0533,-0.0088,1.0173,5.3101,0.7935,-2.0752
-0.0594,-0.0209,1.0356,5.2490,1.0986,-2.6245
-0.0544,-0.0220,1.0114,6.2866,1.7700,-1.4648
-0.0610,-0.0103,1.0349,4.5776,0.6714,-2.0142
-0.0627,-0.0223,1.0327,4.3945,2.2583,-1.7700
-0.0587,-0.0197,1.0164,5.1880,2.7466,-0.8545
-0.0547,-0.0070,1.0198,8.1177,1.5259,0.4883
-0.0544,-0.0103,1.0344,3.5400,2.0142,-1.4648
-0.0615,-0.0198,1.0049,5.4321,2.5024,-0.5493
-0.0624,-0.0157,1.0405,5.2490,1.4038,-0.9766
-0.0554,-0.0111,1.0145,4.2725,3.7231,-1.3428
-0.0547,-0.0107,1.0162,4.2114,1.7700,-1.5259
-0.0635,-0.0255,1.0214,5.9814,1.2207,-1.0376
-0.0608,-0.0077,1.0410,7.4463,0.5493,-0.3662
-0.0560,-0.0149,1.0165,0.5493,5.0659,-2.2583
-0.0513,-0.0160,1.0004,7.0801,1.5869,-0.3662
-0.0564,-0.0045,1.0420,8.0566,-0.6714,0.1221
-0.0675,-0.0232,1.0140,1.8311,2.6855,-2.6855
-0.0740,-0.0238,1.0259,8.4229,0.1831,-0.2441
-0.0641,-0.0144,1.0282,6.3477,1.8921,-0.1221
-0.0596,-0.0228,1.0233,3.9062,3.0518,-1.5259
-0.0630,-0.0078,1.0205,7.6294,1.9531,0.3662
-0.0710,-0.0308,1.0339,2.8076,2.5635,-1.5869
-0.0581,-0.0045,1.0166,6.3477,2.8076,-0.3052
-0.0592,-0.0164,1.0234,0.1221,4.8218,-2.5024
-0.0670,-0.0276,1.0037,4.3945,2.3804,-1.4038
-0.0649,-0.0166,1.0310,9.6436,0.1831,0.7935
-0.0603,-0.0149,1.0226,5.5542,3.0518,-0.7935
-0.0615,0.0018,1.0305,5.5542,1.9531,-0.1221
-0.0625,-0.0129,1.0310,0.3052,3.8452,-2.1362
-0.0669,-0.0299,1.0063,3.1738,4.0894,-1.8311
-0.0590,0.0272,1.0406,10.8032,0.3052,1.7700
-0.0630,-0.0208,1.0215,2.3193,4.0283,-2.0752
-0.0616,-0.0187,1.0145,7.0190,2.1973,-0.1831
-0.0609,-0.0072,1.0306,3.5400,2.1973,-0.8545
-0.0648,-0.0254,1.0210,3.9062,3.3569,-1.0376
-0.0591,-0.0151,1.0193,6.4087,2.4414,0.0610
-0.0607,-0.0076,1.0247,4.8218,2.3804,-0.9155
-0.0610,-0.0100,1.0304,6.6528,2.1362,0.1831
-0.0624,-0.0237,1.0181,6.1646,2.5635,-0.4883
-0.0630,-0.0079,1.0266,4.7607,2.7466,-0.2441
-0.0621,-0.0242,1.0254,2.6245,3.7842,-1.5869
-0.0530,-0.0049,1.0176,4.8828,3.2349,-0.7324
-0.0620,-0.0222,1.0208,7.5684,2.1973,0.2441
-0.0641,-0.0164,1.0339,7.5684,1.5869,0.1221
-0.0634,-0.0061,1.0254,5.9204,3.6621,0.3052
-0.0649,-0.0341,1.0177,2.2583,4.2114,-1.7700
-0.0502,0.0049,1.0273,7.6904,2.8076,1.0986
-0.0577,-0.0258,1.0157,1.8921,3.7842,-2.0752
-0.0638,-0.0134,1.0242,6.8970,1.4038,-0.2441
-0.0590,-0.0045,1.0396,2.9297,4.8828,-1.5869
-0.0597,-0.0016,1.0056,6.3477,2.2583,0.7324
-0.0557,-0.0066,1.0452,3.3569,2.0752,-1.4038
-0.0602,-0.0236,1.0040,4.4556,3.9062,-1.3428
-0.0573,-0.0153,1.0308,7.3242,0.2441,0.4883
-0.0616,-0.0071,1.0226,7.6294,2.5024,0.6714
FIN_VENTANA
Progreso: 13/20
INICIO_VENTANA reposo
-0.0588,-0.0012,1.0211,8.9722,1.5259,0.7935
-0.0454,0.0001,1.0350,4.4556,4.1504,-1.2207
-0.0443,0.0050,1.0095,7.5073,1.6479,0.0000
-0.0521,0.0018,1.0441,5.4932,0.4272,-0.6104
-0.0637,-0.0164,1.0093,5.5542,2.6855,-0.9155
-0.0581,-0.0059,1.0306,8.4229,0.6714,0.5493
-0.0498,0.0002,1.0247,1.2817,4.0894,-1.8921
-0.0522,-0.0098,1.0120,4.7607,2.3193,-1.2207
-0.0569,-0.0092,1.0304,8.0566,0.6714,0.1221
-0.0549,-0.0015,1.0360,4.2725,2.8076,-0.1221
-0.0529,-0.0110,1.0144,3.2349,4.0894,-0.5493
-0.0532,-0.0004,1.0133,9.3994,1.4038,1.2817
-0.0497,-0.0026,1.0366,7.2021,1.8311,-0.0610
-0.0582,-0.0165,1.0171,4.4556,2.3804,-1.4648
-0.0546,-0.0073,1.0249,6.1035,1.5259,-0.6714
-0.0558,-0.0190,1.0249,4.3945,2.2583,-1.2207
-0.0553,-0.0023,1.0164,11.3525,0.7324,1.4648
-0.0548,-0.0037,1.0438,4.1504,1.0986,-0.9766
-0.0629,-0.0095,1.0239,1.9531,3.9062,-1.9531
-0.0560,-0.0165,1.0201,2.9297,3.4180,-1.2817
-0.0522,-0.0056,1.0220,6.3477,1.7090,-0.1831
-0.0544,-0.0117,1.0311,5.0659,2.2583,-1.4038
-0.0608,-0.0133,1.0205,6.7749,2.3193,-0.7935
-0.0737,-0.0360,1.0247,6.9580,1.4648,-0.9155
-0.0500,0.0026,1.0054,9.3994,3.4180,1.4648
-0.0481,-0.0046,1.0499,3.3569,1.9531,-1.2817
-0.0499,-0.0125,1.0055,4.2114,4.2725,-1.1597
-0.0565,-0.0109,1.0272,2.1973,1.6479,-2.0752
-0.0648,-0.0042,1.0216,7.2021,2.4414,0.3662
-0.0535,-0.0172,1.0305,4.1504,2.5024,-1.0986
-0.0463,0.0015,1.0139,5.2490,2.9907,-0.4883
-0.0564,-0.0062,1.0286,4.3335,1.4038,-1.5259
-0.0638,-0.0255,1.0212,5.5542,2.3804,-1.2207
-0.0643,-0.0081,1.0260,7.1411,1.7090,0.1221
-0.0587,-0.0104,1.0234,4.0894,3.8452,-0.7324
-0.0480,0.0027,1.0214,3.6621,2.6245,-0.9155
-0.0573,-0.0117,1.0208,5.6763,1.9531,-0.6714
-0.0609,-0.0104,1.0240,6.3477,1.5869,-0.7324
-0.0562,-0.0165,1.0242,3.6011,3.1128,-1.7090
-0.0509,-0.0052,1.0160,7.7515,1.9531,0.3052
-0.0557,-0.0006,1.0321,5.7373,1.1597,-0.7935
-0.0668,-0.0117,1.0298,2.6855,4.3335,-1.3428
-0.0533,-0.0103,1.0129,3.9062,3.5400,-0.6714
-0.0514,-0.0104,1.0140,7.2021,2.5024,0.3662
-0.0543,-0.0079,1.0220,8.1177,1.4038,0.5493
-0.0543,-0.0012,1.0292,6.0425,1.7700,-0.3662
-0.0592,-0.0116,1.0178,4.2725,2.1973,-1.3428
-0.0499,-0.0067,1.0289,6.4087,1.7090,-0.2441
-0.0554,-0.0145,1.0166,0.9766,3.2349,-2.5024
-0.0614,0.0049,1.0332,6.7139,0.5493,-0.1221
-0.0647,-0.0123,1.0344,0.0610,3.7842,-2.6245
-0.0613,-0.0112,1.0149,3.0518,4.6997,-1.5259
-0.0515,-0.0040,1.0258,4.5776,3.4790,-0.4272
-0.0503,-0.0043,1.0090,6.1035,4.0894,-0.3052
-0.0485,-0.0068,1.0171,11.2915,0.5493,0.6104
-0.0521,-0.0057,1.0367,5.9204,-0.3662,-1.3428
-0.0590,-0.0173,1.0261,3.9062,2.6245,-2.1973
-0.0566,-0.0125,1.0081,6.7749,2.3804,-0.7935
-0.0555,-0.0013,1.0410,3.9062,0.8545,-1.5869
-0.0571,-0.0056,1.0200,2.8687,3.4180,-2.0142
-0.0571,-0.0170,1.0186,5.3711,1.9531,-1.0376
-0.0549,0.0012,1.0311,7.4463,0.5493,-0.1831
-0.0581,-0.0107,1.0260,1.1597,3.8452,-2.3193
-0.0592,-0.0118,1.0160,4.5166,2.6855,-1.6479
-0.0519,-0.0023,1.0277,2.7466,2.0142,-1.6479
-0.0552,-0.0070,1.0179,3.3569,2.5635,-1.5259
-0.0574,-0.0005,1.0319,5.3101,1.0376,-0.8545
-0.0630,-0.0088,1.0164,4.0283,3.0518,-1.4038
-0.0577,-0.0020,1.0323,4.5166,1.6479,-1.2817
-0.0542,0.0034,1.0178,6.2256,2.8687,-0.6714
-0.0604,-0.0065,1.0249,5.2490,0.9766,-1.2817
-0.0656,-0.0066,1.0243,5.7983,2.4414,-1.2207
-0.0593,-0.0095,1.0205,5.7373,2.1973,-0.5493
-0.0604,0.0044,1.0167,7.5684,0.7935,-0.6714
-0.0695,-0.0016,1.0282,5.6152,2.3193,-1.0986
-0.0618,-0.0167,1.0232,2.8076,3.6621,-1.9531
-0.0519,-0.0034,1.0085,7.5073,1.8311,0.1221
-0.0574,-0.0051,1.0204,7.6294,0.5493,-0.1831
-0.0626,0.0038,1.0369,7.8125,0.8545,-0.0610
-0.0668,-0.0115,1.0250,3.2959,3.1738,-1.5259
-0.0353,-0.0017,1.0238,-0.6104,4.0894,-2.3193
-0.0608,-0.0164,1.0010,5.7373,3.2959,-1.5259
-0.0569,-0.0005,1.0465,4.8828,-1.1597,-1.0376
-0.0614,-0.0090,1.0288,1.4648,4.0283,-2.1362
-0.0630,-0.0013,1.0012,8.7280,1.5869,0.6714
-0.0649,-0.0060,1.0470,5.3101,0.7324,-0.8545
-0.0601,0.0022,1.0194,5.2490,4.1504,-0.1831
-0.0513,0.0070,1.0200,0.4272,4.2114,-2.3804
-0.0613,-0.0134,0.9951,6.1646,3.6621,-2.4414
-0.0712,-0.0170,1.0449,2.5635,0.2441,-2.7466
-0.0675,-0.0063,1.0175,7.7515,3.5400,-0.1831
-0.0552,0.0127,1.0199,4.5776,2.3193,-0.1221
-0.0996,0.0272,1.0652,0.1221,3.9062,2.7466
-0.0691,-0.0157,1.0020,7.2632,2.3193,0.1831
-0.0593,0.0159,1.0369,5.8594,2.6245,-0.4272
-0.0677,-0.0170,1.0128,1.0986,5.9204,-2.0142
-0.0590,0.0017,1.0197,12.2070,1.5869,2.6855
-0.0543,0.0118,1.0251,7.9956,1.3428,1.0376
-0.0579,-0.0104,1.0276,-0.0610,4.0894,-2.8687
-0.0629,-0.0146,1.0010,7.0801,2.6245,-0.0610
FIN_VENTANA
Progreso: 14/20
INICIO_VENTANA reposo
-0.0559,0.0007,1.0288,7.1411,1.2817,0.1221
-0.0596,-0.0087,1.0227,1.4648,3.4790,-2.3193
-0.0629,-0.0129,1.0209,3.7231,2.4414,-1.2817
-0.0573,0.0035,1.0228,9.3384,0.8545,1.5259
-0.0568,-0.0034,1.0332,4.3335,1.7700,-0.9766
-0.0615,0.0020,1.0178,4.9438,2.8076,-0.6104
-0.0653,-0.0114,1.0303,3.3569,1.8311,-1.2817
-0.0616,-0.0117,1.0203,7.3242,2.5635,-0.1221
-0.0598,-0.0035,1.0284,6.7749,2.4414,0.0000
-0.0588,0.0052,1.0204,6.3477,2.0752,0.3662
-0.0570,-0.0079,1.0298,3.2349,2.8687,-1.4648
-0.0662,-0.0066,1.0135,3.8452,2.9907,-1.4038
-0.0657,-0.0226,1.0214,3.3569,2.2583,-1.4648
-0.0664,0.0012,1.0258,8.6670,1.7090,0.5493
-0.0565,0.0042,1.0388,2.4414,3.6621,-1.4038
-0.0573,-0.0038,1.0133,3.1128,4.2725,-1.7700
-0.0653,-0.0104,1.0187,7.2632,1.0986,-0.4883
-0.0641,-0.0142,1.0322,3.8452,2.3193,-1.6479
-0.0607,-0.0066,1.0189,6.6528,3.2959,-0.0610
-0.0566,-0.0049,1.0177,7.3853,2.2583,0.0610
-0.0663,-0.0151,1.0170,7.3242,1.8921,-0.4883
-0.0610,-0.0110,1.0298,3.7842,1.8921,-1.2207
-0.0603,-0.0023,1.0161,9.1553,1.4648,0.4883
-0.0602,-0.0131,1.0354,7.3853,1.4038,-0.1831
-0.0574,-0.0055,1.0209,5.9204,2.9907,-0.3052
-0.0612,-0.0020,1.0261,3.4790,2.5635,-1.2207
-0.0671,-0.0181,1.0120,5.9814,2.0142,-0.3052
-0.0590,-0.0060,1.0358,9.7656,0.0610,1.0376
-0.0594,-0.0040,1.0295,1.9531,4.5166,-2.1973
-0.0671,-0.0071,1.0225,3.3569,2.1362,-1.4038
-0.0641,-0.0159,1.0281,3.9062,2.4414,-1.2207
-0.0570,-0.0002,1.0236,5.8594,2.3804,-0.2441
-0.0642,-0.0217,1.0159,5.7983,2.6245,-1.0986
-0.0637,-0.0021,1.0345,8.0566,1.1597,0.4883
-0.0583,-0.0057,1.0281,4.2725,2.6855,-0.7935
-0.0658,-0.0148,1.0166,4.3945,3.0518,-1.2207
-0.0609,-0.0007,1.0347,3.4790,2.9907,-1.2817
-0.0594,-0.0237,1.0038,4.2725,3.1738,-1.7090
-0.0554,0.0024,1.0330,9.1553,-0.1831,0.5493
-0.0656,-0.0040,1.0369,3.2349,3.0518,-1.8311
-0.0675,-0.0103,1.0215,3.6621,3.3569,-1.0376
-0.0638,-0.0168,1.0283,2.3804,3.2349,-1.3428
-0.0538,0.0034,1.0137,6.5918,1.8311,0.4883
-0.0588,-0.0007,1.0327,1.3428,2.9907,-1.8921
-0.0642,-0.0084,1.0087,7.1411,2.1362,0.0000
-0.0612,-0.0212,1.0314,4.5776,1.7700,-1.4038
-0.0607,0.0048,1.0183,8.7891,1.7090,0.7324
-0.0619,-0.0104,1.0326,3.9673,1.8311,-1.0986
-0.0613,-0.0067,1.0198,5.6152,2.7466,-0.9766
-0.0635,-0.0107,1.0283,4.5776,2.0752,-0.9155
-0.0670,-0.0007,1.0339,4.0894,2.6245,-0.9766
-0.0585,-0.0016,1.0354,0.1831,5.4321,-2.0142
-0.0526,-0.0292,0.9854,7.8125,3.2959,-0.3052
-0.0568,0.0061,1.0367,10.3149,-2.5024,0.8545
-0.0713,-0.0051,1.0457,2.5024,4.1504,-2.0142
-0.0653,-0.0143,1.0156,4.5776,2.6245,-1.2817
-0.0576,0.0000,1.0212,7.3242,1.8311,-0.1831
-0.0571,-0.0067,1.0280,5.1880,1.8921,-1.2817
-0.0562,0.0043,1.0297,3.2349,2.6245,-1.6479
-0.0676,-0.0123,1.0072,1.0376,3.1738,-2.6245
-0.0698,-0.0094,1.0328,9.5825,-0.1831,0.1831
-0.0609,0.0063,1.0287,9.5825,1.8921,0.6714
-0.0637,-0.0209,1.0104,3.4790,2.6245,-1.9531
-0.0667,-0.0168,1.0243,8.4839,0.4883,0.0000
-0.0647,0.0015,1.0371,5.7983,1.5259,-0.4272
-0.0713,-0.0140,1.0208,2.9907,3.7842,-1.8921
-0.0598,-0.0105,1.0194,4.6997,2.3193,-1.1597
-0.0662,-0.0144,1.0192,6.0425,2.0142,-0.9766
-0.0663,-0.0092,1.0275,7.0801,0.9766,-0.2441
-0.0645,-0.0013,1.0298,4.3945,2.3193,-1.2817
-0.0670,-0.0090,1.0164,7.0190,1.8311,-0.4883
-0.0646,-0.0121,1.0305,5.6763,1.4038,-1.7700
-0.0685,-0.0055,1.0197,6.1035,2.2583,-1.0376
-0.0665,-0.0176,1.0345,0.8545,1.9531,-2.6245
-0.0735,-0.0176,1.0208,4.3945,3.6621,-1.4038
-0.0634,-0.0066,1.0284,7.7515,0.7324,0.6104
-0.0625,-0.0010,1.0127,7.6904,2.1973,0.3052
-0.0740,-0.0140,1.0305,6.1035,0.7324,-0.8545
-0.0708,-0.0018,1.0371,5.7983,2.0752,-0.4883
-0.0636,-0.0126,1.0099,2.1362,4.0894,-1.9531
-0.0601,-0.0212,1.0055,4.8828,1.8921,-1.1597
-0.0623,0.0031,1.0375,7.5684,-0.3662,-0.9155
-0.0792,-0.0144,1.0283,4.9438,2.1973,-1.4038
-0.0709,-0.0125,1.0267,4.3945,2.5635,-1.4648
-0.0703,-0.0190,1.0208,2.9907,3.6011,-1.7700
-0.0652,-0.0072,1.0208,5.4932,1.8921,-0.8545
-0.0663,-0.0079,1.0226,7.6294,1.7700,-0.1831
-0.0717,-0.0006,1.0298,4.6997,1.2817,-1.6479
-0.0765,-0.0129,1.0251,0.7324,3.4790,-2.5024
-0.0774,-0.0161,1.0208,5.9814,1.7090,-0.3052
-0.0654,-0.0002,1.0341,4.3945,2.0752,-1.0986
-0.0706,-0.0061,1.0179,2.5635,3.3569,-1.7090
-0.0721,-0.0190,1.0107,7.1411,1.6479,-0.4883
-0.0742,-0.0006,1.0377,7.9956,0.3052,-0.0610
-0.0760,-0.0105,1.0258,2.3804,3.8452,-1.7090
-0.0668,-0.0006,1.0229,-0.4883,3.6011,-2.7466
-0.0703,-0.0187,1.0045,8.0566,1.8311,0.0610
-0.0698,0.0082,1.0425,9.2773,-1.1597,0.7935
-0.0762,-0.0112,1.0240,2.3193,4.1504,-2.0142
-0.0776,-0.0084,1.0227,2.9297,2.8076,-1.2817
FIN_VENTANA
Progreso: 15/20
INICIO_VENTANA reposo
-0.0669,-0.0093,1.0134,2.3804,5.1880,-1.4648
-0.0605,-0.0004,1.0238,3.2959,2.7466,-0.9766
-0.0635,-0.0031,1.0175,5.6763,2.6855,-0.9155
-0.0698,-0.0098,1.0299,2.9907,2.3193,-1.9531
-0.0648,-0.0004,1.0239,7.2632,3.0518,0.0610
-0.0602,-0.0004,1.0297,2.1973,3.6011,-1.5869
-0.0607,-0.0083,1.0077,6.4697,3.3569,-0.0610
-0.0635,-0.0048,1.0280,6.7139,0.9155,-0.1831
-0.0642,0.0022,1.0275,7.6904,2.0752,0.6714
-0.0673,-0.0104,1.0170,5.7983,2.2583,-0.2441
-0.0641,-0.0005,1.0245,6.0425,2.1362,-0.4883
-0.0627,-0.0013,1.0295,4.1504,2.7466,-1.1597
-0.0646,-0.0066,1.0172,3.7842,3.5400,-0.9766
-0.0640,-0.0006,1.0214,4.8828,1.8921,-0.6714
-0.0647,-0.0067,1.0220,7.0801,1.4648,0.0000
-0.0634,-0.0015,1.0278,4.9438,2.3804,-1.0986
-0.0641,-0.0013,1.0233,2.9907,3.3569,-1.5869
-0.0676,-0.0114,1.0217,3.9062,1.5869,-1.3428
-0.0673,-0.0013,1.0144,10.8032,0.9155,1.5259
-0.0669,0.0039,1.0408,6.5918,0.6104,-0.4272
-0.0696,-0.0055,1.0244,2.6855,4.3945,-1.8311
-0.0656,-0.0081,1.0144,4.0894,2.8687,-0.7935
-0.0635,-0.0081,1.0171,3.8452,2.5635,-1.3428
-0.0663,0.0013,1.0306,6.4087,1.3428,-0.0610
-0.0670,-0.0033,1.0265,6.4697,2.5024,-0.1831
-0.0658,-0.0077,1.0217,1.0986,3.3569,-2.3193
-0.0643,-0.0066,1.0216,3.5400,2.9907,-1.1597
-0.0660,0.0021,1.0128,8.7280,1.5869,0.5493
-0.0671,-0.0040,1.0336,6.2866,1.1597,-0.3662
-0.0659,-0.0010,1.0229,4.8218,3.2349,-1.0376
-0.0626,-0.0043,1.0139,4.6997,2.5635,-0.7935
-0.0656,-0.0006,1.0281,6.0425,0.5493,-0.9155
-0.0717,-0.0039,1.0325,1.8311,3.2959,-2.0752
-0.0676,-0.0085,1.0070,3.9062,4.1504,-1.4038
-0.0590,0.0111,1.0327,3.6011,1.5259,-1.1597
-0.0675,-0.0026,1.0223,3.4180,3.1738,-1.5259
-0.0729,-0.0116,1.0245,7.5073,2.0142,-0.2441
-0.0686,0.0031,1.0282,9.9487,1.7700,1.7090
-0.0630,-0.0171,1.0045,4.8828,3.8452,-0.7935
-0.0627,0.0173,1.0317,5.7983,1.0376,-0.3662
-0.0719,-0.0034,1.0229,1.4648,3.5400,-2.1973
-0.0692,-0.0208,1.0168,4.2725,2.5024,-1.2817
-0.0627,0.0010,1.0156,12.0850,1.0376,1.8311
-0.0637,0.0005,1.0377,3.8452,0.9766,-1.5259
-0.0720,-0.0045,1.0237,4.7607,2.6855,-1.1597
-0.0787,-0.0133,1.0262,4.4556,2.8076,-0.8545
-0.0625,0.0123,1.0331,4.5776,3.1128,-0.2441
-0.0614,-0.0116,1.0083,3.1128,4.7607,-1.5259
-0.0652,-0.0010,1.0189,6.5308,1.2817,-0.3662
-0.0751,-0.0149,1.0239,9.7656,1.0986,0.6714
-0.0685,-0.0010,1.0403,4.6387,1.9531,-0.8545
-0.0658,-0.0095,1.0175,2.3804,5.2490,-1.5259
-0.0631,-0.0005,1.0200,3.3569,2.3804,-1.4038
-0.0653,-0.0009,1.0145,8.9111,1.9531,0.6714
-0.0659,-0.0059,1.0292,7.0190,1.3428,-0.1831
-0.0726,0.0045,1.0310,6.7749,2.6245,-1.2207
-0.0590,-0.0264,1.0247,1.4038,7.3242,0.2441
-0.0430,0.0183,1.0322,6.5918,1.9531,1.4038
-0.0516,0.0052,1.0022,7.2021,3.7842,0.4883
-0.0745,-0.0135,1.0311,7.8125,-1.4648,-0.0610
-0.0829,-0.0345,1.0219,8.6670,2.4414,-0.0610
-0.0673,-0.0051,1.0308,3.2349,2.9907,-0.4883
-0.0555,0.0023,1.0187,4.9438,3.9673,-0.1831
-0.0629,-0.0044,1.0181,2.3804,2.0752,-2.2583
-0.0725,-0.0143,1.0239,2.1973,1.8921,-2.2583
-0.0746,-0.0093,1.0292,5.6763,1.9531,-0.7324
-0.0715,-0.0125,1.0217,5.6763,3.1738,-0.1221
-0.0598,-0.0099,1.0212,6.3477,3.4180,-0.0610
-0.0575,-0.0027,1.0159,10.0098,1.0986,1.0986
-0.0697,-0.0118,1.0184,9.7656,0.1221,0.4883
-0.0745,-0.0100,1.0413,5.2490,1.8921,-0.9155
-0.0687,-0.0150,1.0187,3.1128,4.8828,-1.5259
-0.0645,-0.0142,1.0135,2.2583,3.6621,-1.8311
-0.0658,-0.0078,1.0179,10.2539,0.2441,1.2817
-0.0667,-0.0052,1.0333,8.5449,1.1597,0.6104
-0.0703,-0.0094,1.0222,2.8687,3.9062,-1.7700
-0.0687,-0.0079,1.0215,3.8452,3.2959,-0.8545
-0.0657,-0.0182,1.0198,3.9062,3.2349,-1.2207
-0.0631,-0.0070,1.0212,3.9673,2.4414,-1.2207
-0.0676,-0.0126,1.0214,2.0752,3.1738,-2.0752
-0.0725,-0.0094,1.0118,6.1035,2.1362,-0.8545
-0.0721,-0.0094,1.0387,8.8501,0.3662,0.3662
-0.0699,-0.0182,1.0205,2.7466,4.3335,-1.9531
-0.0641,-0.0128,1.0142,6.2256,2.4414,-0.4883
-0.0670,0.0027,1.0216,10.5591,0.3052,1.4038
-0.0721,-0.0106,1.0306,4.8218,2.0142,-1.3428
-0.0724,-0.0175,1.0194,2.9907,3.4790,-2.0142
-0.0641,-0.0106,1.0236,1.9531,3.2959,-1.7090
-0.0671,-0.0011,1.0165,5.1880,2.0752,-0.9155
-0.0717,-0.0096,1.0254,5.2490,1.8921,-1.2207
-0.0680,-0.0065,1.0250,6.3477,1.5259,-0.6714
-0.0688,-0.0088,1.0210,5.5542,2.3804,-0.9155
-0.0688,-0.0062,1.0261,2.8076,2.8076,-1.7700
-0.0703,-0.0149,1.0083,9.5825,1.4038,0.4883
-0.0653,-0.0016,1.0334,5.4932,2.0752,-1.1597
-0.0728,-0.0074,1.0172,0.3052,4.2725,-2.7466
-0.0596,-0.0010,1.0148,2.6855,2.4414,-1.2817
-0.0686,-0.0138,1.0168,5.1880,0.1221,-1.7700
-0.0820,-0.0182,1.0282,4.1504,0.8545,-2.0142
-0.0803,-0.0093,1.0311,3.5400,2.9297,-1.5259
FIN_VENTANA
Progreso: 16/20
INICIO_VENTANA reposo
-0.0778,0.0111,1.0508,7.7515,0.2441,0.4883
-0.0731,-0.0001,1.0094,5.3711,5.1270,-0.0610
-0.0721,0.0103,1.0206,3.7231,2.0752,-0.3662
-0.0771,0.0067,1.0187,7.0801,3.2959,0.6714
-0.0677,0.0131,1.0181,9.5825,1.0376,1.1597
-0.0710,0.0021,1.0221,5.0659,2.6855,-0.8545
-0.0790,-0.0031,1.0240,2.9297,3.1128,-1.7700
-0.0764,0.0201,1.0197,7.8735,1.7700,1.0376
-0.0774,-0.0050,1.0148,5.0659,3.0518,-1.0986
-0.0774,0.0071,1.0283,6.7139,2.0142,-0.0610
-0.0746,-0.0061,1.0155,4.7607,4.0894,-0.8545
-0.0741,0.0148,1.0253,5.9204,2.1362,0.1221
-0.0756,-0.0032,1.0247,0.1831,4.6997,-2.5024
-0.0747,0.0096,1.0068,6.4087,2.6855,0.3662
-0.0740,0.0072,1.0303,7.8735,1.0986,0.6714
-0.0714,0.0078,1.0220,3.8452,3.4180,-1.2207
-0.0736,0.0004,1.0134,3.8452,3.7231,-1.2207
-0.0709,0.0048,1.0215,8.4839,1.2207,0.7324
-0.0731,0.0063,1.0239,7.4463,1.6479,0.0610
-0.0757,-0.0029,1.0197,3.2349,3.0518,-1.9531
-0.0798,-0.0012,1.0267,5.6763,2.4414,-0.1831
-0.0710,0.0078,1.0188,7.6904,2.3804,0.4272
-0.0687,0.0007,1.0121,3.9673,3.2959,-1.4038
-0.0779,0.0050,1.0302,6.2256,1.4038,-0.6714
-0.0765,-0.0099,1.0187,2.6245,3.7231,-1.9531
-0.0715,0.0099,1.0138,6.5918,2.6855,0.0610
-0.0693,-0.0009,1.0288,5.6152,1.7090,-0.9155
-0.0759,0.0048,1.0186,7.4463,2.1973,-0.1221
-0.0804,-0.0022,1.0248,6.7749,1.9531,-0.3662
-0.0757,0.0110,1.0316,4.6997,3.0518,-0.6104
-0.0690,0.0118,1.0245,5.9814,3.3569,0.6104
-0.0758,-0.0129,1.0073,3.3569,4.0283,-1.4038
-0.0735,0.0065,1.0278,8.2397,1.3428,0.6714
-0.0734,-0.0029,1.0234,5.6152,2.6855,-0.3662
-0.0702,-0.0028,1.0159,6.1035,3.1738,-0.0610
-0.0712,0.0012,1.0266,5.8594,2.0752,-0.3662
-0.0695,0.0026,1.0187,8.7891,1.4648,0.4883
-0.0737,-0.0010,1.0275,4.8828,2.2583,-0.9155
-0.0770,-0.0004,1.0238,5.5542,2.3804,-0.6714
-0.0756,-0.0085,1.0273,2.6245,3.2349,-1.7090
-0.0737,0.0021,1.0044,10.4980,1.6479,1.5869
-0.0717,-0.0017,1.0376,1.7090,1.9531,-1.9531
-0.0786,-0.0007,1.0190,3.1128,3.2959,-1.5259
-0.0985,-0.0171,1.0453,0.7935,2.6855,-2.6245
-0.0688,0.0083,0.9958,7.6904,6.2866,1.5869
-0.0568,0.0020,1.0365,3.2959,2.3193,-1.0376
-0.0652,0.0046,1.0007,6.2256,3.1128,-0.1831
-0.0753,0.0013,1.0364,3.7842,0.5493,-1.2817
-0.0779,-0.0011,1.0189,6.1646,3.4790,-0.6714
-0.0667,-0.0023,1.0166,2.7466,2.7466,-1.8311
-0.0663,0.0120,1.0212,6.1035,1.8921,-0.6104
-0.0741,-0.0048,1.0284,4.8218,2.0142,-1.4648
-0.0734,0.0007,1.0138,6.7139,2.1362,-0.5493
-0.0771,-0.0010,1.0278,5.9204,1.8921,-0.4883
-0.0725,-0.0032,1.0215,6.0425,2.8076,-0.3052
-0.0664,0.0133,1.0229,6.1646,2.3193,0.1831
-0.0679,0.0031,1.0142,3.3569,3.0518,-1.5869
-0.0740,0.0039,1.0261,5.1270,1.5259,-0.9155
-0.0779,-0.0149,1.0201,0.4883,4.2114,-3.0518
-0.0735,0.0061,1.0125,8.4839,2.0752,1.0376
-0.0674,0.0032,1.0369,7.4463,1.5259,0.3052
-0.0699,0.0018,1.0082,5.6152,3.4180,-0.3662
-0.0740,0.0070,1.0315,5.7373,1.3428,-0.0610
-0.0729,0.0076,1.0159,4.3335,3.8452,-0.6714
-0.0657,0.0013,1.0200,2.5024,2.7466,-1.4648
-0.0726,-0.0007,1.0197,7.0801,1.2207,-0.6104
-0.0742,0.0067,1.0204,10.3149,0.2441,1.4648
-0.0734,-0.0001,1.0376,4.0894,1.9531,-1.0986
-0.0757,-0.0067,1.0116,6.0425,3.7231,-0.6104
-0.0691,0.0077,1.0275,4.3335,1.9531,-0.9155
-0.0739,-0.0077,1.0208,1.3428,4.3945,-2.1973
-0.0696,0.0028,1.0181,3.9673,3.0518,-1.0376
-0.0693,-0.0122,1.0076,9.0332,2.1362,0.4272
-0.0726,0.0071,1.0378,7.0801,-0.4883,-0.4272
-0.0780,0.0015,1.0334,1.9531,4.8218,-2.1362
-0.0736,-0.0032,1.0009,3.2959,3.7842,-1.2817
-0.0697,-0.0018,1.0278,6.1646,1.3428,-0.4883
-0.0724,0.0054,1.0172,7.9346,2.3804,-15.5029
-0.0746,0.0005,1.0278,4.6387,2.5635,-1.0986
-0.0723,-0.0016,1.0131,4.6387,3.1738,-0.8545
-0.0725,0.0020,1.0201,7.5684,1.1597,0.1221
-0.0720,0.0056,1.0315,5.2490,2.3804,-0.6104
-0.0732,-0.0026,1.0148,3.9062,3.2959,-1.5259
-0.0757,-0.0050,1.0189,5.7373,2.0752,-0.7324
-0.0719,-0.0029,1.0138,12.9395,0.5493,2.6245
-0.0671,0.0067,1.0342,4.8218,1.9531,-0.8545
-0.0774,-0.0017,1.0282,-0.6104,4.5166,-2.6245
-0.0819,-0.0094,1.0087,2.5635,3.5400,-1.4648
-0.0721,0.0116,1.0250,6.7139,1.5259,0.1831
-0.0654,-0.0002,1.0216,3.2959,3.6621,-1.5869
-0.0657,0.0092,1.0155,6.7749,1.6479,-0.3662
-0.0758,0.0016,1.0353,2.1973,1.9531,-2.4414
-0.0819,-0.0133,1.0201,3.1128,4.1504,-1.6479
-0.0717,-0.0009,1.0232,7.5073,3.4790,0.6104
-0.0630,-0.0012,1.0092,4.4556,4.0894,-0.1221
-0.0682,0.0112,1.0178,9.0332,1.0376,0.7935
-0.0717,0.0032,1.0254,6.6528,2.0142,-0.3662
-0.0740,-0.0105,1.0151,5.3101,2.9297,-0.7935
-0.0673,0.0123,1.0227,8.6670,0.9766,1.0376
-0.0715,0.0082,1.0293,-0.0610,3.1738,-2.6245
FIN_VENTANA
Progreso: 17/20
INICIO_VENTANA reposo
-0.0598,0.0184,1.0016,10.9253,0.9766,2.2583
-0.0658,0.0145,1.0372,4.0894,0.7935,-0.9766
-0.0720,0.0077,1.0128,6.0425,3.7231,-0.7324
-0.0695,0.0135,1.0212,6.6528,1.3428,-0.1221
-0.0654,0.0160,1.0195,7.6904,1.6479,-0.1831
-0.0663,0.0142,1.0291,4.9438,1.9531,-1.3428
-0.0687,0.0137,1.0208,2.2583,2.9907,-1.9531
-0.0714,0.0026,1.0112,9.9487,0.9766,0.6714
-0.0674,0.0165,1.0391,7.3242,0.5493,-0.3662
-0.0709,0.0126,1.0288,0.6714,5.4321,-2.2583
-0.0673,-0.0093,0.9973,4.3945,3.8452,-1.4038
-0.0641,0.0132,1.0193,9.9487,0.0610,0.4272
-0.0679,0.0176,1.0323,4.2114,1.7700,-1.2207
-0.0710,0.0193,1.0181,2.2583,3.4180,-1.7700
-0.0715,-0.0071,1.0104,3.3569,2.5024,-1.6479
-0.0674,0.0261,1.0367,9.1553,-0.1221,1.0986
-0.0745,0.0132,1.0206,2.8687,4.4556,-1.6479
-0.0817,-0.0002,1.0137,5.9204,3.1128,-0.9766
-0.0673,0.0029,1.0248,4.9438,3.1128,-0.9155
-0.0599,0.0204,1.0112,8.9722,2.5024,0.6714
-0.0935,0.0123,1.0197,3.0518,2.8076,-2.0752
-0.0745,0.0071,1.0209,3.3569,1.7700,-1.9531
-0.0725,0.0082,1.0134,8.5449,1.1597,-0.1831
-0.0704,0.0129,1.0295,4.3945,1.2207,-1.3428
-0.0712,0.0156,1.0330,2.3193,2.5635,-1.7090
-0.0743,0.0094,1.0096,2.8687,3.1738,-1.6479
-0.0724,0.0258,1.0286,2.6245,2.3804,-1.0986
-0.0664,0.0066,1.0203,3.9673,3.1128,-1.0376
-0.0703,0.0256,1.0127,10.6201,-1.7700,1.1597
-0.0797,0.0187,1.0375,5.6152,1.2817,-0.9766
-0.0789,0.0099,1.0293,2.5635,3.8452,-1.5259
-0.0634,0.0179,1.0046,6.4087,3.6621,-0.0610
-0.0659,0.0192,1.0212,2.3804,1.7090,-1.8311
-0.0720,0.0215,1.0284,7.8735,1.1597,-0.0610
-0.0734,0.0054,1.0164,5.7373,2.1973,-0.3662
-0.0736,0.0227,1.0264,6.2866,1.5259,-0.2441
-0.0719,0.0211,1.0243,6.1035,2.9907,-0.5493
-0.0715,0.0070,1.0018,5.9204,2.3804,-0.9155
-0.0760,0.0037,1.0149,10.0708,-0.4272,0.6714
-0.0753,0.0094,1.0277,11.9019,-1.1597,1.4648
-0.0757,0.0111,1.0321,4.0283,1.6479,-1.0986
-0.0896,0.0011,1.0165,2.0142,3.4180,-1.9531
-0.0776,0.0215,1.0284,2.5024,4.1504,-1.6479
-0.0648,0.0135,1.0007,7.4463,3.4180,0.4272
-0.0729,0.0122,1.0308,4.5166,0.6714,-1.3428
-0.0887,0.0081,1.0289,2.6245,3.5400,-1.8311
-0.0811,0.0129,1.0165,6.0425,3.4790,0.2441
-0.0669,0.0179,1.0272,3.5400,4.4556,-0.9155
-0.0651,0.0165,1.0084,5.3101,2.5635,-0.2441
-0.0770,0.0083,1.0222,4.5776,2.3193,-0.9155
-0.0779,0.0164,1.0266,6.6528,2.5024,0.3662
-0.0712,0.0094,1.0212,6.3477,3.9673,0.0610
-0.0658,0.0189,1.0105,5.2490,2.8076,-0.3052
-0.0743,0.0135,1.0309,3.5400,2.0752,-1.0986
-0.0791,0.0076,1.0137,4.5776,3.2959,-0.8545
-0.0736,0.0187,1.0275,6.0425,2.3193,-0.1831
-0.0671,0.0074,1.0121,6.4697,3.0518,-0.1831
-0.0682,0.0203,1.0348,3.8452,2.0142,-1.3428
-0.0780,0.0006,1.0154,0.6104,4.8828,-2.2583
-0.0739,0.0120,1.0104,7.6294,2.1362,0.6714
-0.0676,0.0186,1.0273,10.2539,0.9766,1.4038
-0.0680,0.0216,1.0311,3.6011,2.7466,-1.3428
-0.0765,0.0140,1.0172,2.3193,3.9062,-2.1362
-0.0735,0.0206,1.0289,7.1411,1.8921,0.4883
-0.0681,0.0127,1.0284,1.6479,4.6997,-1.5869
-0.0696,0.0094,1.0099,4.6997,4.0894,-0.5493
-0.0714,0.0114,1.0149,7.0801,2.0752,0.1221
-0.0681,0.0236,1.0240,9.8267,1.3428,1.7090
-0.0674,0.0226,1.0343,4.3335,2.3804,-0.8545
-0.0736,0.0048,1.0044,5.7373,2.7466,-0.3052
-0.0669,0.0217,1.0376,4.9438,0.9766,-0.4272
-0.0675,0.0077,1.0116,6.7749,3.4790,-0.3052
-0.0697,0.0118,1.0123,11.3525,-0.3052,1.1597
-0.0764,0.0050,1.0341,12.3901,-0.6104,1.2207
-0.0796,0.0077,1.0365,6.5308,2.0142,0.0610
-0.0719,0.0013,1.0182,3.3569,5.0049,-1.0376
-0.0703,0.0013,1.0051,4.2725,1.5869,-0.2441
-0.0748,0.0103,1.0332,10.6201,-0.3662,0.9766
-0.0763,0.0067,1.0343,2.8076,3.6011,-1.4648
-0.0737,-0.0026,1.0055,3.9062,4.6387,-1.0986
-0.0647,0.0151,1.0332,2.9297,2.3804,-1.2207
-0.0713,-0.0084,1.0071,6.2256,3.5400,-0.6104
-0.0725,0.0168,1.0317,7.2632,0.7935,0.0000
-0.0781,-0.0066,1.0260,1.5869,4.8218,-2.3804
-0.0736,0.0082,1.0234,7.9346,1.7090,0.7935
-0.0680,0.0087,1.0331,2.2583,4.4556,-1.7700
-0.0715,-0.0029,1.0006,3.5400,4.5166,-1.0986
-0.0671,0.0078,1.0236,7.9956,1.0986,0.3662
-0.0697,0.0140,1.0288,7.0190,1.7700,-0.0610
-0.0753,0.0096,1.0278,3.7842,2.8687,-1.4038
-0.0714,0.0021,1.0186,1.2207,4.2725,-2.1973
-0.0664,0.0002,1.0050,9.2773,0.7935,0.4883
-0.0702,0.0198,1.0349,6.6528,1.7090,-0.3052
-0.0751,0.0049,1.0247,1.8311,3.7842,-2.1973
-0.0709,0.0078,1.0250,4.4556,3.5400,-0.8545
-0.0704,0.0121,1.0240,1.1597,4.5776,-1.9531
-0.0735,0.0056,1.0232,-1.5869,5.6763,-2.7466
-0.0636,0.0216,1.0087,2.3193,4.5776,-0.7935
-0.0647,0.0176,1.0194,10.5591,1.0376,1.5869
-0.0673,0.0077,1.0242,7.3242,1.9531,-0.0610
FIN_VENTANA
Progreso: 18/20
INICIO_VENTANA reposo
-0.0759,0.0007,1.0149,3.8452,3.2959,-1.4038
-0.0696,-0.0026,1.0182,4.5166,2.5635,-1.1597
-0.0756,-0.0013,1.0195,5.0659,2.8076,-0.7935
-0.0684,0.0031,1.0249,1.2207,2.8076,-1.7700
-0.0693,0.0121,1.0201,2.3804,3.6011,-1.7700
-0.0763,0.0007,1.0231,1.3428,3.5400,-2.0752
-0.0692,-0.0005,1.0125,2.8076,3.7842,-1.6479
-0.0679,0.0100,1.0132,9.8877,0.9155,1.3428
-0.0660,0.0145,1.0325,6.7749,1.3428,-0.4272
-0.0706,0.0192,1.0219,1.0986,3.7231,-2.0142
-0.0714,-0.0040,1.0117,2.1362,3.1738,-1.9531
-0.0713,0.0035,1.0173,6.3477,1.6479,-0.5493
-0.0734,0.0223,1.0336,5.7373,1.7090,-0.0610
-0.0712,0.0082,1.0168,4.0283,3.6011,-1.2817
-0.0695,-0.0013,1.0133,5.5542,2.8076,-0.8545
-0.0697,0.0200,1.0231,7.7515,1.0986,0.6104
-0.0729,0.0035,1.0211,3.7231,2.9297,-1.6479
-0.0698,0.0112,1.0219,6.1646,2.1362,-0.3662
-0.0685,0.0060,1.0161,6.1035,2.1973,-0.2441
-0.0691,0.0103,1.0234,7.0801,1.2817,-0.0610
-0.0726,0.0038,1.0193,4.8828,3.7231,-1.4038
-0.0707,0.0011,1.0176,4.2725,2.8687,-1.2817
-0.0691,0.0005,1.0150,10.9863,1.4038,1.1597
-0.0710,0.0117,1.0284,7.9346,1.0376,-0.0610
-0.0735,0.0029,1.0317,0.4883,4.0283,-2.4414
-0.0691,-0.0002,1.0063,4.3335,4.1504,-0.8545
-0.0637,0.0107,1.0128,10.4370,0.4272,1.0986
-0.0743,0.0005,1.0334,3.7842,2.5024,-1.8921
-0.0734,0.0061,1.0205,2.1973,4.2114,-1.9531
-0.0669,0.0002,1.0232,0.7324,3.9673,-2.0142
-0.0620,0.0067,1.0037,6.4697,2.8076,0.0610
-0.0648,0.0120,1.0356,6.5918,0.7324,-0.2441
-0.0775,0.0118,1.0242,3.3569,3.3569,-1.4648
-0.0763,0.0056,1.0278,-0.3662,4.2725,-2.6855
-0.0667,0.0094,1.0060,4.2114,3.2349,-0.9766
-0.0676,0.0022,1.0236,3.5400,2.9297,-1.6479
-0.0685,0.0100,1.0088,10.7422,1.5869,1.4038
-0.0686,0.0173,1.0377,8.6670,0.4272,0.5493
-0.0691,0.0103,1.0222,5.0049,3.6621,-1.0376
-0.0704,0.0055,1.0204,2.4414,4.2114,-1.8921
-0.0575,0.0142,1.0123,6.1646,2.6245,-0.0610
-0.0630,0.0048,1.0165,6.2866,1.4038,-1.0986
-0.0808,0.0112,1.0249,11.1084,0.3052,1.0986
-0.0718,0.0186,1.0441,3.4790,2.5024,-0.7935
-0.0636,0.0005,1.0067,0.2441,5.6763,-2.3804
-0.0607,0.0062,1.0101,8.3008,1.5259,0.9155
-0.0706,0.0029,1.0219,5.7983,1.2207,-0.9155
-0.0758,0.0092,1.0291,9.5825,0.6714,0.6714
-0.0685,0.0029,1.0245,5.7983,3.1128,-0.4883
-0.0620,0.0100,1.0151,6.4697,1.2817,-0.4272
-0.0701,-0.0004,1.0179,9.9487,0.4883,0.2441
-0.0750,0.0111,1.0396,1.8311,1.8311,-2.0752
-0.0747,0.0024,1.0170,3.1738,3.9062,-1.7090
-0.0635,0.0081,1.0197,3.9062,2.6245,-1.5259
-0.0656,0.0027,1.0134,5.3711,2.3804,-1.2817
-0.0746,0.0104,1.0375,3.1128,1.1597,-1.9531
-0.0784,-0.0018,1.0234,2.9297,4.8828,-1.4648
-0.0656,0.0046,1.0153,1.3428,3.8452,-1.9531
-0.0605,0.0203,1.0142,7.5073,2.1362,0.1221
-0.0681,0.0020,1.0305,5.8594,1.1597,-1.0986
-0.0679,0.0205,1.0070,8.6670,1.7700,0.4272
-0.0782,-0.0033,1.0343,0.6714,2.9907,-3.1128
-0.0730,-0.0011,1.0205,5.3711,3.4180,-0.9766
-0.0579,0.0165,1.0168,7.2021,1.5869,0.6104
-0.0659,0.0311,1.0249,3.4790,2.3804,-0.7935
-0.0764,-0.0029,1.0076,2.3193,4.2114,-2.5024
-0.0780,0.0066,1.0266,5.3101,0.8545,-0.9766
-0.0757,0.0012,1.0280,7.6904,1.7090,0.4272
-0.0593,0.0204,1.0117,5.5542,3.0518,-0.2441
-0.0618,0.0051,1.0157,4.3945,2.5024,-1.7700
-0.0758,0.0126,1.0200,9.4604,-0.3662,0.0610
-0.0830,0.0037,1.0435,3.8452,2.9907,-1.4648
-0.0684,-0.0096,1.0040,2.4414,5.6152,-1.7700
-0.0593,0.0250,1.0190,7.5684,1.5869,0.1831
-0.0685,0.0143,1.0237,4.9438,1.7090,-1.3428
-0.0742,0.0170,1.0310,3.4790,2.7466,-1.7700
-0.0706,-0.0001,1.0161,2.5635,4.2114,-2.4414
-0.0739,0.0037,1.0128,5.4321,2.0142,-1.2207
-0.0680,0.0105,1.0269,6.2866,2.7466,-0.4883
-0.0742,0.0094,1.0248,4.2114,2.7466,-0.9766
-0.0680,0.0176,1.0140,6.1035,2.6855,-0.0610
-0.0690,0.0060,1.0205,4.4556,2.6855,-1.0376
-0.0674,0.0134,1.0259,6.2256,2.5024,-0.1831
-0.0714,0.0000,1.0110,7.3853,2.1973,0.1221
-0.0764,0.0117,1.0278,4.8218,1.9531,-0.6714
-0.0663,0.0112,1.0168,5.2490,3.6621,-0.4883
-0.0681,0.0148,1.0212,4.3335,2.3804,-0.7935
-0.0724,0.0088,1.0116,6.7139,2.0142,-0.2441
-0.0717,-0.0010,1.0258,1.2817,2.9297,-2.0752
-0.0710,0.0138,1.0120,8.6060,2.0752,0.6104
-0.0748,0.0061,1.0331,5.1270,0.9766,-0.6104
-0.0747,-0.0011,1.0118,5.1880,3.7842,-0.5493
-0.0665,0.0150,1.0214,8.4229,1.7700,0.7935
-0.0673,0.0057,1.0283,5.7983,2.6245,0.0000
-0.0717,0.0040,1.0156,4.2114,3.0518,-0.8545
-0.0747,0.0118,1.0153,7.9956,2.1362,0.8545
-0.0704,0.0059,1.0315,5.0659,2.4414,-0.6104
-0.0625,0.0172,1.0060,6.8359,3.1128,0.0610
-0.0729,-0.0103,1.0172,5.0049,1.4038,-1.0986
-0.0742,0.0159,1.0226,14.1602,-0.3662,2.9297
FIN_VENTANA
Progreso: 19/20
INICIO_VENTANA reposo
-0.0746,0.0021,1.0363,5.4932,1.4038,-0.7935
-0.0735,0.0176,1.0249,5.6763,3.2349,-0.4272
-0.0707,-0.0010,1.0188,2.1362,3.9673,-1.8921
-0.0630,0.0156,1.0135,6.0425,2.7466,-0.2441
-0.0667,0.0022,1.0201,7.2021,1.8311,0.1221
-0.0731,0.0227,1.0343,2.6855,1.8311,-1.3428
-0.0743,0.0055,1.0156,3.2959,4.2725,-1.6479
-0.0632,0.0031,1.0079,4.0283,2.8687,-1.4648
-0.0658,0.0155,1.0181,9.0332,0.1831,0.5493
-0.0710,0.0211,1.0397,7.0190,0.4883,-0.1221
-0.0789,0.0040,1.0093,3.7842,3.9673,-1.2817
-0.0718,0.0085,1.0188,7.7515,0.9155,0.1221
-0.0688,0.0166,1.0399,5.4932,2.1362,-0.4272
-0.0709,0.0083,1.0120,3.6011,4.6387,-1.2207
-0.0800,0.0023,1.0237,4.3945,1.8921,-1.4038
-0.0669,0.0146,1.0164,9.8267,1.7700,0.8545
-0.0641,0.0184,1.0363,3.4790,2.9297,-1.2207
-0.0701,0.0073,1.0106,2.0752,4.3945,-1.8921
-0.0702,0.0154,1.0216,3.4790,2.3804,-1.4038
-0.0735,0.0006,1.0155,3.5400,3.2959,-1.8921
-0.0688,0.0244,1.0361,8.3008,0.6714,0.3662
-0.0724,0.0122,1.0294,1.5869,4.4556,-2.1973
-0.0714,0.0021,1.0088,5.4932,3.1738,-0.9766
-0.0671,0.0182,1.0302,7.6904,1.8921,0.2441
-0.0696,0.0050,1.0173,5.1880,3.4180,0.1221
-0.0691,0.0107,1.0186,4.4556,2.3804,-0.6714
-0.0709,0.0088,1.0153,7.2632,1.8921,0.2441
-0.0710,0.0160,1.0344,7.2021,1.0376,0.2441
-0.0681,0.0090,1.0217,4.1504,4.0894,-0.8545
-0.0736,0.0052,1.0092,5.3711,2.5024,-0.3662
-0.0677,0.0225,1.0336,7.8125,1.1597,0.4883
-0.0706,0.0020,1.0123,6.6528,3.0518,-0.3662
-0.0742,0.0087,1.0293,5.0659,1.5259,-0.9766
-0.0709,0.0068,1.0262,6.1646,3.4180,-0.0610
-0.0624,0.0079,1.0095,5.3101,2.3804,-0.4883
-0.0690,0.0112,1.0206,7.8735,1.4648,0.1221
-0.0729,0.0117,1.0284,6.0425,1.0986,-0.9766
-0.0720,0.0110,1.0333,3.6621,3.1128,-1.1597
-0.0648,0.0049,1.0200,1.4648,4.6387,-2.1362
-0.0676,0.0125,1.0070,8.0566,2.3193,0.6714
-0.0707,0.0033,1.0283,5.6763,2.0142,-0.6714
-0.0686,0.0078,1.0209,6.2256,2.6245,-0.6714
-0.0710,0.0067,1.0201,7.0801,2.1362,-0.4272
-0.0709,0.0048,1.0267,4.2725,2.3804,-1.2207
-0.0670,0.0079,1.0172,7.6294,2.3804,0.1831
-0.0664,0.0146,1.0295,3.6011,2.5024,-1.5869
-0.0717,0.0084,1.0195,4.5166,3.1128,-1.0376
-0.0724,-0.0083,1.0172,3.0518,3.5400,-1.9531
-0.0710,0.0146,1.0232,5.9814,1.9531,-0.5493
-0.0704,0.0009,1.0176,5.5542,3.0518,-1.0376
-0.0676,0.0144,1.0239,5.5542,2.2583,-1.5259
-0.0686,0.0024,1.0068,7.8125,2.5635,-0.1831
-0.0709,0.0100,1.0297,5.1880,0.9766,-1.4038
-0.0699,0.0110,1.0243,3.8452,3.4180,-1.6479
-0.0712,0.0032,1.0192,3.4180,2.6245,-2.0142
-0.0687,0.0079,1.0194,7.3853,1.9531,0.2441
-0.0665,0.0162,1.0303,4.6997,2.4414,-0.6104
-0.0715,0.0040,1.0096,2.9297,3.6621,-1.7700
-0.0741,0.0110,1.0260,7.7515,0.6104,0.1831
-0.0674,0.0063,1.0245,7.6294,1.9531,0.1831
-0.0660,0.0088,1.0145,6.4087,2.2583,-0.7935
-0.0693,0.0178,1.0308,7.2021,0.8545,-0.3662
-0.0801,-0.0011,1.0214,2.5635,2.9907,-2.3193
-0.0765,0.0023,1.0249,5.3711,3.1128,-0.5493
-0.0632,0.0094,1.0132,4.7607,2.9297,-1.1597
-0.0695,0.0159,1.0249,5.4321,1.8311,-1.0376
-0.0724,0.0093,1.0311,3.9673,2.7466,-1.8921
-0.0704,0.0028,1.0118,6.6528,3.2349,-0.7324
-0.0692,0.0090,1.0291,3.6621,2.3804,-1.5869
-0.0718,0.0093,1.0160,3.9673,4.0283,-1.4648
-0.0657,0.0186,1.0261,1.4648,2.5024,-2.1362
-0.0704,0.0051,1.0167,3.7842,3.4180,-1.7090
-0.0719,0.0034,1.0129,8.9722,1.3428,0.1831
-0.0707,0.0187,1.0325,7.6294,1.5259,-0.1221
-0.0698,0.0140,1.0200,2.3804,3.6621,-1.7090
-0.0652,0.0093,1.0175,5.0049,2.4414,-1.0376
-0.0780,-0.0035,1.0088,3.4790,2.6855,-2.1973
-0.0704,0.0214,1.0289,8.6670,0.1831,0.6104
-0.0670,0.0089,1.0292,2.5635,3.5400,-2.1362
-0.0667,0.0177,1.0095,4.3945,2.6855,-1.0376
-0.0703,0.0211,1.0286,4.8218,1.7700,-1.2817
-0.0769,0.0082,1.0192,2.7466,3.1738,-2.5024
-0.0726,-0.0004,1.0138,4.5776,2.0142,-0.3662
-0.0668,0.0187,1.0206,6.0425,2.3193,-0.9155
-0.0759,0.0186,1.0231,5.3101,1.5259,-1.2817
-0.0740,0.0126,1.0292,1.2817,3.6011,-2.5024
-0.0696,0.0123,1.0125,1.6479,4.6997,-2.0142
-0.0669,0.0254,1.0317,7.5684,0.9155,0.4272
-0.0710,0.0175,1.0150,7.1411,2.5024,0.0610
-0.0690,0.0216,1.0195,5.2490,1.9531,-0.7324
-0.0734,0.0188,1.0188,5.2490,2.5024,-1.0376
-0.0764,0.0170,1.0173,9.8877,0.3662,0.7935
-0.0691,0.0040,1.0273,4.8828,2.3804,-1.3428
-0.0703,0.0281,1.0221,3.6621,2.0142,-1.5259
-0.0776,0.0013,1.0048,6.5308,2.5024,-0.9766
-0.0752,0.0178,1.0317,7.5684,0.3052,-0.0610
-0.0721,0.0222,1.0358,4.4556,3.4180,-0.8545
-0.0699,0.0162,1.0168,0.0000,4.9438,-2.0142
-0.0718,0.0028,1.0072,3.4180,3.7842,-1.6479
-0.0746,0.0103,1.0142,8.3618,1.2207,0.3662
FIN_VENTANA
Progreso: 20/20
Lote completado: reposo
Listo para nueva etiqueta. Formato: <etiqueta> <numero_de_ventanas>
INICIO_VENTANA arriba
-0.0042,-0.1974,0.9899,3.0518,3.4180,-2.9907
-0.0171,-0.2173,1.0416,4.5166,-0.1831,-3.9062
-0.0259,-0.2234,1.0081,3.0518,4.8828,-0.8545
-0.0217,-0.2017,1.0179,8.8501,1.1597,0.3052
-0.0143,-0.1925,1.0354,6.1035,2.5635,1.1597
-0.0135,-0.1918,0.9745,9.1553,4.2114,0.3662
-0.0090,-0.2220,1.0138,4.2114,0.9766,-1.3428
-0.0079,-0.2246,1.0273,7.8735,1.7700,-0.6714
-0.0056,-0.2028,1.0121,3.0518,5.7983,0.9766
-0.0164,-0.1906,0.9800,4.7607,5.7373,-1.0986
-0.0276,-0.2133,1.0006,4.0283,0.6714,-1.5259
-0.0172,-0.2244,1.0225,0.7324,1.2207,0.1221
-0.0026,-0.2013,1.0184,7.1411,2.0142,1.8311
0.0082,-0.1976,1.0132,4.9438,3.9062,0.3662
0.0044,-0.1967,1.0035,3.5400,3.5400,-0.7935
0.0009,-0.1969,1.0070,3.7842,1.8921,-1.2207
-0.0048,-0.1873,1.0154,3.0518,2.0142,-0.4883
-0.0005,-0.2029,1.0387,4.9438,0.9766,-2.2583
-0.0078,-0.2119,1.0132,4.7607,5.7373,-0.6714
-0.0103,-0.1941,0.9702,6.9580,3.7842,-0.3052
-0.0128,-0.2067,1.0139,2.6855,0.1221,-1.7700
-0.0114,-0.1974,1.0242,7.0801,1.5259,-0.1221
-0.0129,-0.2042,1.0138,6.0425,2.7466,0.2441
-0.0085,-0.1810,1.0125,3.0518,2.9907,0.7935
-0.0074,-0.1833,1.0233,8.6060,1.0376,-0.1221
-0.0114,-0.2173,1.0066,6.1646,4.6387,-1.2817
-0.0100,-0.2041,0.9899,8.2397,2.3193,-0.0610
-0.0120,-0.2239,1.0006,2.6855,2.0142,0.6714
-0.0044,-0.2084,1.0266,3.6621,-0.1831,-0.7324
-0.0005,-0.1837,1.0325,5.1880,0.6714,0.9155
-0.0061,-0.1910,1.0236,4.6997,3.0518,-0.7935
-0.0065,-0.1940,0.9962,6.5308,4.0894,-0.7935
-0.0083,-0.2151,1.0262,3.4790,3.2349,-2.3804
-0.0092,-0.1935,1.0089,5.3101,4.0894,0.7324
-0.0117,-0.2010,1.0023,5.0659,3.2349,-0.0610
0.0026,-0.1914,1.0137,-14.7095,6.4087,-5.1880
-0.0022,-0.1658,1.0311,7.5684,-1.5259,1.4648
-0.0100,-0.2272,1.0142,5.3711,3.9062,-2.5024
-0.0066,-0.1842,1.0006,7.1411,2.2583,0.4272
-0.0032,-0.2047,1.0081,6.2256,0.3662,-0.5493
-0.0028,-0.2014,1.0057,3.7842,1.2207,-0.7935
-0.0035,-0.2023,1.0287,-2.7466,2.4414,0.3052
0.0012,-0.1669,1.0009,3.6011,1.7700,0.1221
-0.0072,-0.1896,0.9758,3.9062,0.6104,-2.3193
-0.0140,-0.1843,1.0060,6.4697,-3.4790,-2.3193
-0.0206,-0.2058,1.0603,5.4321,-2.3193,-2.8687
-0.0260,-0.2094,1.0380,2.5024,4.8218,0.3662
-0.0222,-0.1823,0.9812,6.1646,5.1270,2.6245
-0.0083,-0.1520,0.9866,8.8501,-1.2207,1.8921
-0.0103,-0.1713,1.0477,2.2583,0.9766,-2.3193
-0.0225,-0.2080,1.0536,2.1973,2.7466,-2.5024
-0.0187,-0.1877,0.9967,7.1411,5.5542,1.4648
-0.0081,-0.1876,1.0029,7.0801,1.8311,-0.0610
-0.0065,-0.1824,1.0110,6.4087,2.3804,-0.0610
-0.0099,-0.1766,1.0093,4.9438,2.5635,-1.2207
-0.0222,-0.2130,1.0310,2.0752,3.4180,-2.3193
-0.0168,-0.1901,1.0165,8.1787,2.6245,0.4883
-0.0057,-0.1666,1.0005,6.6528,2.0142,0.6714
-0.0115,-0.1838,1.0011,7.3242,1.4648,-1.3428
-0.0223,-0.2111,1.0334,3.7842,1.4038,-2.1973
-0.0212,-0.1945,1.0125,4.3335,3.9673,-0.1221
-0.0171,-0.1964,1.0140,7.2632,2.1362,0.3662
-0.0054,-0.1720,1.0125,6.4697,2.3193,0.6714
-0.0044,-0.1671,1.0006,5.1880,3.2349,-1.5869
-0.0165,-0.2020,1.0104,4.2725,4.6997,-2.8687
-0.0222,-0.1975,1.0005,6.5308,3.1128,-0.6714
-0.0131,-0.2017,1.0164,6.2866,0.4883,-0.1221
-0.0040,-0.1857,1.0321,7.0190,1.0986,0.1221
-0.0126,-0.1881,0.9838,2.6245,6.0425,-0.4883
-0.0118,-0.1985,1.0199,3.6011,0.3662,-2.2583
-0.0176,-0.1969,0.9983,4.3335,2.5024,1.3428
-0.0089,-0.1838,1.0427,4.8828,-0.4883,-2.5635
-0.0226,-0.1919,1.0084,5.2490,4.3945,-1.5869
-0.0168,-0.2103,1.0317,8.1787,1.4648,-1.5869
-0.0137,-0.1860,0.9844,3.7842,5.7373,1.8311
-0.0089,-0.1752,0.9977,6.8359,-1.0986,-0.7324
-0.0129,-0.2017,1.0265,3.9062,0.1831,-1.8921
-0.0209,-0.2015,1.0162,6.4087,2.0752,0.0000
-0.0151,-0.1887,1.0127,5.5542,2.7466,0.9766
-0.0096,-0.1816,1.0094,2.1973,2.8076,0.0000
-0.0077,-0.1808,1.0347,7.9346,0.7324,-1.2207
-0.0239,-0.2078,1.0035,2.4414,5.2490,-1.2817
-0.0190,-0.1897,0.9983,6.1646,1.4038,-0.1831
-0.0181,-0.1957,1.0122,6.3477,0.4883,-0.0610
-0.0157,-0.1870,1.0250,4.5776,1.8921,-1.2207
-0.0195,-0.1918,0.9965,6.4087,2.3193,-0.4272
-0.0195,-0.1982,1.0281,2.3804,2.1362,-1.2817
-0.0127,-0.1816,1.0198,4.3335,2.3193,0.2441
-0.0084,-0.1798,1.0151,4.6997,2.1362,-0.4272
-0.0165,-0.1881,1.0007,3.9673,3.5400,-1.6479
-0.0251,-0.2097,1.0093,4.0894,2.9297,-1.5259
-0.0173,-0.1770,1.0103,5.1270,1.7700,0.2441
-0.0126,-0.1738,1.0288,6.3477,1.0376,-1.1597
-0.0253,-0.2006,1.0133,3.5400,4.0283,-1.5869
-0.0245,-0.2028,0.9994,4.5776,3.4790,-0.5493
-0.0128,-0.1833,1.0199,4.8218,0.7935,-0.1221
-0.0098,-0.1880,1.0054,6.3477,3.2349,-1.2817
-0.0194,-0.1825,1.0021,4.6387,2.1973,-1.3428
-0.0250,-0.1980,1.0353,2.6855,1.4038,-1.7700
-0.0248,-0.1942,1.0221,6.2866,3.2959,-0.0610
FIN_VENTANA
Progreso: 1/20
INICIO_VENTANA arriba
-0.0295,-0.1975,1.0007,2.0752,2.8687,-0.6104
-0.0221,-0.1903,1.0112,4.4556,0.5493,0.3052
-0.0132,-0.1827,1.0383,6.1646,0.7324,0.7324
-0.0162,-0.1641,0.9888,4.3945,2.9907,0.1831
-0.0206,-0.1880,1.0381,4.4556,0.3052,-1.1597
-0.0272,-0.2050,1.0232,6.2866,3.6621,-0.1221
-0.0270,-0.1808,0.9697,8.6670,3.7231,2.3193
-0.0176,-0.1749,1.0146,3.3569,-0.6104,0.9155
-0.0082,-0.1597,1.0428,5.2490,0.7324,-0.3662
-0.0179,-0.1764,1.0049,4.0894,4.9438,-2.0752
-0.0208,-0.2009,0.9921,8.6670,3.2959,-0.5493
-0.0087,-0.1837,1.0074,4.8218,1.6479,0.0610
-0.0073,-0.1625,1.0201,4.0894,1.6479,-1.4038
-0.0148,-0.1844,1.0129,2.5635,2.7466,-3.1128
-0.0347,-0.2062,1.0179,2.8687,3.2349,-3.2349
-0.0330,-0.1931,1.0048,5.6152,1.7700,0.2441
-0.0209,-0.1755,1.0215,4.7607,2.3804,0.3662
-0.0198,-0.1664,1.0305,3.2349,2.0142,-1.5869
-0.0288,-0.1888,1.0090,5.6152,3.1128,-0.9155
-0.0205,-0.1852,1.0176,5.6763,1.8921,-0.3662
-0.0143,-0.1680,1.0228,3.6011,3.7231,-0.0610
-0.0165,-0.1740,1.0005,6.4087,3.6621,-1.1597
-0.0236,-0.1942,1.0206,5.1270,2.5635,-2.1973
-0.0265,-0.1879,1.0197,3.8452,3.9673,0.1221
-0.0161,-0.1666,1.0131,3.3569,2.9297,-0.7935
-0.0210,-0.1774,1.0028,1.4648,4.9438,-1.5259
-0.0208,-0.1851,1.0126,9.7656,-0.3662,-1.4648
-0.0184,-0.2019,1.0200,7.8125,1.6479,-0.5493
-0.0127,-0.1625,0.9935,4.3335,2.1973,0.8545
-0.0115,-0.1744,1.0281,1.9531,1.2817,-2.0142
-0.0220,-0.1821,1.0629,-0.1831,4.6997,-2.1973
-0.0356,-0.1874,0.9851,-5.2490,10.8032,0.0610
-0.0159,-0.1644,0.9901,2.9297,1.9531,-0.1221
-0.0121,-0.1697,1.0272,5.8594,-0.4883,0.0000
-0.0193,-0.1471,0.9819,4.5166,1.8921,0.3662
-0.0203,-0.1757,1.0492,3.1128,-2.4414,-2.3193
-0.0139,-0.1678,1.0602,8.3008,3.7842,0.9766
-0.0128,-0.1539,0.9836,9.8267,4.8828,0.6714
-0.0167,-0.1761,0.9900,3.6621,2.9297,-1.5869
-0.0194,-0.1891,1.0289,7.9956,-0.9155,-1.7700
-0.0182,-0.1799,1.0055,4.8218,3.2959,0.5493
-0.0094,-0.1406,1.0090,7.5073,-0.4883,-0.9155
-0.0234,-0.1814,1.0007,3.1128,3.4790,-1.5869
-0.0331,-0.1830,1.0245,5.9204,0.8545,-1.6479
-0.0317,-0.1620,1.0332,4.5776,2.0752,0.3662
-0.0261,-0.1548,1.0271,5.4321,2.0752,-0.3052
-0.0200,-0.2006,1.0480,4.0283,4.0894,-2.3193
-0.0182,-0.1727,0.9625,5.9814,7.5073,1.7700
-0.0092,-0.1644,0.9886,5.4932,-0.7324,0.4272
0.0039,-0.1571,1.0408,7.9956,-2.1362,-0.9766
-0.0182,-0.1697,1.0299,6.7139,4.7607,-1.6479
-0.0310,-0.1683,0.9854,2.5635,4.1504,-1.4038
-0.0281,-0.1874,1.0154,6.2256,-0.0610,-2.1362
-0.0204,-0.1687,1.0446,8.6060,0.0610,-0.5493
-0.0271,-0.1781,1.0176,5.6152,3.7842,-0.9766
-0.0306,-0.1798,1.0098,3.4180,3.8452,-0.9155
-0.0272,-0.1792,1.0206,5.2490,3.1738,0.4883
-0.0121,-0.1552,1.0077,8.3008,0.9155,0.0610
-0.0199,-0.1907,1.0499,-0.2441,4.0894,-2.3193
-0.0223,-0.1674,0.9980,8.1177,3.4180,0.6714
-0.0189,-0.1830,1.0222,7.9346,1.7700,-1.0986
-0.0138,-0.1544,1.0098,4.5166,3.1738,-0.0610
-0.0223,-0.1893,1.0239,9.3384,2.0752,-2.3193
-0.0236,-0.1947,1.0164,3.1128,3.4180,0.1221
-0.0177,-0.1707,1.0153,4.2725,4.9438,0.9155
-0.0193,-0.1532,1.0016,7.6294,1.0376,-0.7935
-0.0331,-0.1906,1.0115,4.2114,2.2583,-2.0752
-0.0205,-0.1674,1.0521,4.4556,-0.0610,-0.4883
-0.0138,-0.1759,1.0548,-0.3052,7.4463,-1.0986
-0.0167,-0.1500,1.0023,-2.6855,11.9629,-1.7090
-0.0310,-0.1924,0.9703,5.7373,6.4697,-2.7466
-0.0162,-0.2095,1.0098,12.0239,-0.9766,1.0376
0.0012,-0.1613,1.0521,11.4136,0.1831,2.5635
-0.0035,-0.1613,1.0006,4.6997,6.1035,1.0376
-0.0096,-0.1741,0.9990,2.9907,2.9907,-1.7090
-0.0107,-0.1880,1.0212,6.7139,0.3052,-0.7935
-0.0028,-0.1652,1.0403,1.6479,3.3569,0.4883
-0.0077,-0.1661,1.0377,0.9155,6.9580,-0.9155
-0.0155,-0.1761,0.9896,9.3384,7.4463,-0.1831
-0.0153,-0.1769,0.9921,16.2354,1.1597,-0.3052
-0.0038,-0.1847,1.0023,16.6016,2.1973,2.2583
0.0052,-0.1838,1.0563,3.9062,2.8687,0.0610
0.0027,-0.1877,1.0137,-2.3804,6.7749,5.0049
0.0012,-0.1592,1.0009,1.3428,1.5259,-1.5869
-0.0037,-0.2048,1.0360,1.2817,1.0986,-1.0376
0.0015,-0.1853,1.0311,1.7090,5.0049,0.4272
0.0060,-0.1428,0.9983,0.8545,6.1035,0.0610
-0.0022,-0.1617,1.0001,11.0474,0.0000,-3.2959
-0.0199,-0.2211,1.0204,2.3804,1.4038,-3.4180
-0.0110,-0.1786,1.0371,7.2021,1.2817,0.5493
-0.0073,-0.1877,1.0118,4.7607,4.4556,0.9155
-0.0001,-0.1576,0.9838,7.1411,2.2583,1.0376
0.0011,-0.1766,1.0396,2.3804,-0.0610,-1.7090
0.0006,-0.1713,1.0326,5.0049,3.7231,-1.5869
-0.0098,-0.1898,0.9866,7.9346,5.3101,0.1221
-0.0010,-0.1798,1.0037,8.6060,0.8545,-0.7935
0.0038,-0.1759,1.0258,8.7280,0.3052,0.2441
0.0007,-0.1704,1.0007,5.3711,3.1738,-1.2817
-0.0161,-0.1986,1.0078,3.2349,3.2959,-2.6245
-0.0077,-0.1914,1.0306,7.9346,-0.3052,-1.0376
FIN_VENTANA
Progreso: 2/20
INICIO_VENTANA arriba
-0.0255,-0.1656,0.9777,7.6294,1.5259,-0.6714
-0.0269,-0.2009,1.0227,5.6152,0.3052,-0.4272
-0.0142,-0.1866,1.0128,6.9580,2.1362,0.9766
-0.0118,-0.1481,1.0071,4.2725,2.9297,0.0610
-0.0305,-0.1875,1.0189,1.2207,3.4180,-2.5024
-0.0281,-0.2090,1.0375,1.2207,3.5400,-0.2441
-0.0094,-0.1580,1.0006,11.2305,2.4414,4.2114
0.0070,-0.1714,1.0096,6.6528,2.3193,-1.0376
0.0073,-0.2070,1.0186,3.9673,4.1504,-2.3804
0.0031,-0.1892,0.9797,6.1646,5.0049,-0.3052
0.0013,-0.1680,0.9956,5.9814,-0.4272,-1.6479
-0.0054,-0.1885,1.0487,6.4697,-1.5259,-2.4414
-0.0170,-0.1720,1.0122,8.3008,3.9673,-1.5259
-0.0286,-0.1703,1.0087,5.5542,1.8921,-2.3804
-0.0350,-0.2140,1.0262,4.8218,2.4414,-2.5024
-0.0287,-0.1833,0.9994,5.6152,4.1504,-0.1831
-0.0260,-0.2087,1.0277,3.8452,2.4414,-2.6855
-0.0225,-0.2137,0.9807,7.2021,4.8828,1.2207
0.0013,-0.1534,0.9918,4.4556,-1.7090,1.9531
0.0092,-0.1592,1.0500,1.2817,-2.3193,-0.6104
-0.0032,-0.1766,1.0649,6.9580,0.6104,-1.8311
-0.0254,-0.1924,0.9821,4.9438,7.8735,-0.4272
-0.0198,-0.1670,0.9921,7.2021,-3.3569,-1.7090
-0.0190,-0.1921,1.0533,6.8359,1.9531,-1.5869
-0.0293,-0.1852,1.0117,5.2490,6.2866,-1.0376
-0.0374,-0.1990,0.9872,-0.4272,4.9438,-1.1597
-0.0293,-0.1876,0.9879,6.7749,0.0610,1.2817
-0.0090,-0.1875,1.0513,4.3945,-0.6104,-0.1221
-0.0056,-0.1754,1.0355,4.6387,6.8359,0.5493
-0.0139,-0.1714,0.9653,7.5684,1.9531,-0.2441
-0.0059,-0.1847,1.0232,4.2725,-1.5869,-1.0986
-0.0032,-0.1708,1.0677,2.6855,0.9155,-1.0986
-0.0232,-0.1776,0.9982,5.5542,5.9814,-0.2441
-0.0258,-0.1854,1.0043,4.3945,1.9531,-1.5869
-0.0298,-0.2174,1.0013,7.2021,3.0518,-1.5869
-0.0323,-0.2186,1.0198,4.5166,2.1362,-1.2207
-0.0229,-0.1770,0.9893,4.7607,3.3569,2.5635
-0.0226,-0.1863,1.0002,7.5073,0.9766,-0.2441
-0.0135,-0.1771,1.0332,6.9580,-1.0376,0.3052
-0.0057,-0.1674,1.0385,3.6011,2.3804,0.2441
-0.0107,-0.1705,1.0176,1.7090,6.4087,-1.0986
-0.0122,-0.1704,1.0001,9.5825,-0.2441,-1.8311
-0.0171,-0.2137,1.0548,6.9580,2.0752,-2.9297
-0.0302,-0.1774,0.9875,5.4321,7.0801,0.1221
-0.0287,-0.1896,1.0181,7.4463,0.3662,-1.0376
-0.0247,-0.2019,1.0354,6.1035,3.7231,-0.9766
-0.0208,-0.1702,1.0118,6.6528,3.9673,1.7700
-0.0190,-0.1820,1.0166,10.4980,0.4272,0.3052
-0.0188,-0.2122,1.0380,3.2349,4.2725,-1.8921
-0.0254,-0.1898,0.9904,5.7373,6.5918,0.9155
-0.0171,-0.1852,0.9937,9.0332,2.3804,0.7324
-0.0035,-0.1808,1.0231,7.1411,2.2583,1.2207
0.0023,-0.1758,1.0173,7.1411,3.0518,-0.7935
-0.0055,-0.1902,1.0127,5.6152,3.9673,-1.6479
-0.0088,-0.1877,0.9854,7.9346,3.2349,-1.0986
-0.0068,-0.1990,1.0347,0.2441,1.3428,-2.5635
-0.0128,-0.1766,1.0253,0.4272,5.3711,-1.2817
-0.0233,-0.2091,1.0048,4.0283,3.9673,-2.3804
-0.0082,-0.1991,1.0010,10.3149,0.2441,2.5635
-0.0040,-0.1851,1.0391,7.2021,2.9907,-0.1831
-0.0115,-0.2124,0.9669,6.2866,6.2256,-1.4038
0.0006,-0.2006,0.9928,4.0894,-0.3662,-0.3052
0.0059,-0.1715,1.0112,0.1221,0.7935,0.2441
-0.0160,-0.1470,1.0198,-4.3335,1.8311,-2.3193
-0.0521,-0.1826,1.0048,-5.0049,2.6245,-3.9062
-0.0553,-0.2539,1.0640,-6.1646,-0.7324,13.3667
-0.0140,-0.1243,1.0454,8.4229,5.4321,9.9487
-0.0262,-0.0999,0.9843,3.7231,7.3242,2.6245
-0.0107,-0.1754,1.0007,4.3945,3.8452,-4.9438
-0.0027,-0.1698,1.0637,10.6201,2.1362,-1.0986
-0.0009,-0.1892,1.0098,9.5215,7.3242,0.2441
0.0074,-0.1830,1.0099,6.2256,5.6152,0.7324
0.0194,-0.1688,0.9949,9.7656,4.1504,-0.3052
-0.0029,-0.1752,0.9695,5.3711,3.7842,-1.2207
-0.0062,-0.2034,1.0565,0.3052,-0.4883,-3.6011
-0.0052,-0.1865,1.0522,-1.3428,7.3853,0.7935
-0.0038,-0.1647,0.9663,7.1411,7.8125,1.8921
0.0127,-0.1378,1.0123,9.1553,-2.1362,0.9766
0.0070,-0.1499,1.0245,4.6387,0.7935,-2.1973
-0.0044,-0.1750,1.0204,6.0425,0.7935,-3.3569
-0.0094,-0.1815,1.0476,7.0190,0.5493,-1.4648
-0.0150,-0.1572,1.0020,8.2397,4.3945,0.4272
-0.0156,-0.1963,1.0344,5.6152,1.6479,-2.6245
-0.0125,-0.1805,0.9921,10.8032,3.5400,1.0376
-0.0084,-0.1864,1.0038,5.1270,0.7935,-0.9155
-0.0106,-0.1956,1.0072,3.6011,3.2959,0.1831
-0.0068,-0.1743,1.0317,3.2959,2.4414,-0.6104
-0.0032,-0.1658,1.0066,7.9346,2.8076,1.7090
0.0142,-0.1492,1.0284,9.5825,0.1221,-0.2441
0.0081,-0.1764,1.0264,7.5073,2.6855,-1.8311
-0.0028,-0.1941,1.0020,5.5542,5.3101,-2.5635
-0.0083,-0.1840,1.0045,4.2725,2.8076,-1.7090
-0.0098,-0.1799,0.9852,9.9487,-0.3662,0.2441
-0.0057,-0.1947,1.0442,6.6528,-1.8311,-2.7466
-0.0114,-0.1819,1.0219,6.5308,3.3569,-0.1221
-0.0195,-0.1927,1.0233,-0.0610,4.8218,-1.4648
-0.0178,-0.1864,0.9891,2.8076,4.4556,1.4648
-0.0045,-0.1791,1.0087,7.5684,0.2441,0.0610
0.0305,-0.1899,1.0219,7.5684,2.7466,-0.6714
-0.0061,-0.1747,1.0005,2.6245,5.0049,-0.2441
FIN_VENTANA
Progreso: 3/20
INICIO_VENTANA arriba
-0.0010,-0.2004,1.0050,-3.7842,7.8735,-0.7935
0.0029,-0.1757,1.0322,-7.6904,8.7891,-1.7090
-0.0054,-0.1835,0.9260,4.5776,8.3008,-0.4883
-0.0001,-0.1909,1.0244,7.4463,-2.8076,-3.1128
0.0004,-0.1794,1.0222,8.6060,1.1597,0.6104
0.0017,-0.1622,0.9968,6.7749,1.8311,-0.2441
-0.0037,-0.1906,1.0282,6.1646,-0.1221,-2.2583
0.0012,-0.1853,1.0245,9.1553,1.0986,0.7935
0.0039,-0.1617,0.9984,7.5684,3.2959,-0.6714
-0.0049,-0.1792,1.0160,3.7842,3.2959,-2.3804
-0.0067,-0.1906,1.0278,1.3428,3.1738,-2.2583
-0.0072,-0.1752,0.9628,9.7046,2.9297,0.3052
-0.0037,-0.1824,1.0387,8.6670,-3.1738,-1.4038
-0.0027,-0.1876,1.0234,9.5215,1.0376,0.2441
-0.0045,-0.1830,1.0010,6.8970,3.6621,-1.2207
-0.0094,-0.1968,1.0095,5.9814,2.5024,-1.5259
-0.0033,-0.1927,0.9810,11.4746,1.2817,0.6714
0.0096,-0.1893,1.0541,4.4556,0.4272,-1.8311
-0.0027,-0.1826,0.9902,1.9531,8.1177,-0.1831
-0.0079,-0.1893,0.9905,4.1504,1.4648,-1.3428
-0.0012,-0.1810,1.0330,1.5869,2.0142,-0.4883
-0.0055,-0.1799,1.0063,5.4321,2.8076,0.4272
-0.0034,-0.1851,1.0088,8.9722,0.7935,-1.0376
-0.0110,-0.1914,1.0082,2.4414,2.3804,-0.7324
-0.0106,-0.1914,1.0229,8.1787,-0.6104,-1.3428
-0.0133,-0.1797,1.0044,4.8218,2.8687,-0.0610
-0.0081,-0.1769,1.0115,3.9673,1.8921,-1.5259
-0.0134,-0.1991,1.0496,7.6904,1.2817,-2.3193
-0.0167,-0.2012,0.9983,3.7842,6.2256,0.7935
-0.0049,-0.1713,0.9960,4.2114,2.5635,0.6714
0.0045,-0.1804,1.0225,8.3008,-0.3052,-0.9766
-0.0027,-0.1996,1.0173,2.4414,5.1880,-1.8921
-0.0010,-0.1556,1.0002,5.0049,-1.3428,-2.7466
-0.0018,-0.1895,1.0349,4.0894,3.1738,-0.7324
-0.0068,-0.2045,1.0160,4.6387,5.7373,-2.1362
-0.0016,-0.1721,0.9841,5.2490,5.2490,-0.4883
-0.0032,-0.1798,0.9949,4.6997,1.5869,-2.2583
-0.0070,-0.2068,1.0195,3.2959,1.8311,-2.6855
-0.0098,-0.1864,1.0212,6.2866,2.3804,-1.7090
-0.0105,-0.1962,1.0078,3.7231,4.0894,-1.4038
-0.0109,-0.1771,0.9813,3.4180,3.8452,0.1221
-0.0044,-0.1844,1.0313,5.0659,-1.1597,-1.8921
-0.0046,-0.1919,1.0195,3.7842,3.5400,-0.5493
-0.0016,-0.1881,1.0027,6.4697,2.8076,-0.5493
0.0017,-0.1718,1.0170,5.0049,1.4038,0.2441
-0.0004,-0.1782,1.0012,3.6011,3.0518,-0.6104
-0.0090,-0.2014,1.0454,4.3335,2.8687,-1.7090
-0.0157,-0.1558,0.9757,7.0801,3.9062,1.3428
-0.0093,-0.1851,1.0187,8.0566,-3.0518,-1.5259
-0.0051,-0.2039,1.0677,5.4321,1.6479,-1.1597
-0.0084,-0.1797,0.9856,8.1787,7.4463,1.1597
-0.0123,-0.1942,0.9705,7.9346,2.0752,-0.8545
0.0020,-0.2007,1.0345,0.0000,-0.1831,0.0610
0.0032,-0.1742,0.9906,10.1929,5.7373,0.4883
-0.0061,-0.1783,1.0007,6.3477,1.2207,-2.0142
-0.0054,-0.1840,1.0127,5.4321,0.5493,-0.7935
-0.0045,-0.1841,1.0392,7.5684,0.5493,-1.8311
-0.0106,-0.1909,1.0182,5.0659,4.2114,-1.5259
-0.0098,-0.2020,1.0110,8.1177,3.4790,-1.4648
-0.0137,-0.1914,0.9879,4.0894,3.1738,-0.3052
-0.0129,-0.1991,1.0144,4.3335,1.0986,-1.0986
-0.0071,-0.1973,1.0343,5.4321,0.7935,-0.3662
-0.0082,-0.1823,1.0111,3.4180,4.1504,0.4883
-0.0070,-0.1862,0.9884,8.9722,1.6479,-0.7935
-0.0002,-0.2010,1.0426,5.1880,1.1597,-1.5259
-0.0002,-0.1732,1.0007,1.7700,5.2490,0.0610
-0.0095,-0.1901,1.0004,3.5400,2.0752,-1.0376
-0.0084,-0.1885,1.0386,7.8125,1.3428,-1.5259
-0.0142,-0.2111,1.0127,8.1177,3.7842,-1.3428
-0.0126,-0.2063,0.9928,9.2163,3.2959,0.3662
-0.0055,-0.1694,0.9889,0.9155,2.1973,0.9766
-0.0035,-0.1802,1.0316,-0.6104,0.6714,-2.5024
-0.0111,-0.2241,1.0591,4.7607,3.1738,-2.6245
-0.0114,-0.1757,0.9773,7.9956,6.2256,2.0752
-0.0055,-0.1823,0.9836,4.2114,-0.3052,-1.1597
-0.0037,-0.2119,1.0320,4.3335,0.7935,-0.8545
0.0037,-0.1702,1.0044,4.5166,2.6855,0.8545
0.0001,-0.1687,0.9962,5.3101,1.2817,-1.3428
-0.0071,-0.1906,1.0540,2.3193,1.2207,-2.9297
-0.0132,-0.1841,1.0166,6.5918,4.5776,-0.7935
-0.0176,-0.1913,0.9969,7.0801,2.9297,-0.3052
-0.0156,-0.2001,1.0006,4.9438,1.3428,-0.7324
0.0000,-0.1755,1.0406,3.8452,0.8545,0.3662
-0.0028,-0.1797,1.0182,6.1035,3.4790,-1.0986
-0.0161,-0.2041,0.9941,3.9062,4.1504,-1.5259
-0.0089,-0.1854,1.0229,3.2959,1.6479,-0.3662
-0.0072,-0.1659,1.0197,4.4556,2.3193,0.1221
-0.0079,-0.1921,1.0155,4.8218,3.2349,-1.7090
-0.0043,-0.1890,1.0188,5.0659,3.6011,-1.0986
-0.0031,-0.1790,1.0031,4.3945,3.7842,-0.3052
-0.0049,-0.1833,1.0039,5.6763,2.8076,-1.3428
0.0001,-0.1796,1.0118,5.8594,1.4038,-1.2817
-0.0039,-0.1925,1.0135,5.5542,3.4790,-1.8311
-0.0103,-0.1818,1.0164,3.1738,2.4414,-1.2207
-0.0145,-0.1921,1.0188,2.7466,4.3945,-1.1597
-0.0114,-0.1808,1.0104,5.8594,3.3569,0.0000
-0.0056,-0.1880,1.0023,3.1738,3.1128,0.1831
0.0010,-0.1791,1.0023,2.4414,3.1738,-0.3662
0.0085,-0.1561,1.0232,3.4790,0.6104,-0.3052
-0.0015,-0.1917,1.0267,3.1128,3.4180,-2.3804
FIN_VENTANA
Progreso: 4/20
INICIO_VENTANA arriba
-0.0076,-0.1868,1.0283,0.6714,4.5776,-0.7935
-0.0016,-0.1722,1.0076,4.5776,4.3945,-0.6714
-0.0062,-0.1904,1.0038,0.4883,5.4932,-1.2817
0.0000,-0.1780,1.0072,2.0752,3.8452,-0.3052
0.0005,-0.1700,1.0183,1.7700,4.2725,-0.1831
0.0001,-0.1486,0.9972,3.8452,4.3945,-1.4038
0.0009,-0.1525,1.0333,4.3335,2.1362,-4.2114
-0.0134,-0.2100,1.0364,6.1646,6.2866,-2.8076
-0.0066,-0.1838,0.9753,12.8174,4.6387,1.8311
0.0090,-0.1777,0.9962,8.4229,0.6714,0.1831
0.0096,-0.1644,1.0100,3.6621,1.7700,-1.0376
-0.0129,-0.1945,1.0009,5.4932,1.5869,-1.6479
-0.0129,-0.1953,1.0393,5.7373,1.1597,0.3052
0.0039,-0.1559,1.0206,7.0801,3.7842,1.8311
0.0096,-0.1493,0.9956,10.0098,2.3193,-0.6714
-0.0013,-0.2019,1.0011,8.1787,1.9531,-2.9297
-0.0027,-0.2069,1.0317,5.1270,1.5259,-0.9155
0.0015,-0.1823,1.0106,1.0376,4.4556,1.7090
-0.0007,-0.1744,0.9735,4.5776,3.6621,0.6104
0.0004,-0.1779,1.0254,6.1646,0.0610,-1.8311
0.0072,-0.1702,1.0323,3.2959,1.4038,-0.6714
0.0007,-0.1793,0.9999,4.3335,4.1504,-1.4648
-0.0042,-0.1786,1.0060,6.6528,0.5493,-1.1597
0.0026,-0.1837,1.0334,3.5400,0.9766,-0.6714
0.0011,-0.1680,1.0255,3.3569,3.9062,-0.7935
-0.0060,-0.1552,0.9946,7.9346,2.3804,-0.7935
-0.0106,-0.1892,1.0114,8.1177,-0.5493,-2.3193
-0.0096,-0.1956,1.0327,5.2490,3.6011,-0.8545
-0.0021,-0.1740,0.9976,7.3242,4.8218,0.1221
0.0070,-0.1616,0.9999,6.3477,1.5259,-0.8545
0.0056,-0.1854,1.0452,3.1738,2.5635,-2.3193
-0.0017,-0.1842,1.0131,6.8359,5.0659,-1.7090
-0.0081,-0.1871,1.0005,8.3618,3.9062,-0.9155
-0.0175,-0.2019,1.0006,5.5542,2.8687,-1.4648
-0.0083,-0.1846,1.0142,3.7231,2.0142,0.4883
-0.0073,-0.1764,1.0162,4.2114,3.2959,0.0610
-0.0110,-0.1787,0.9865,5.6152,1.5869,0.3662
0.0068,-0.1823,1.0621,4.9438,-1.4038,-0.0610
0.0084,-0.1700,1.0192,6.8359,5.7983,0.9766
-0.0043,-0.1868,0.9877,5.3711,5.3101,-1.2207
0.0045,-0.1754,0.9989,8.2397,-0.6104,0.0000
0.0111,-0.1743,1.0260,7.7515,0.8545,-1.6479
-0.0105,-0.1884,1.0118,4.0283,2.2583,-4.3945
-0.0232,-0.2083,1.0168,7.2021,0.1221,-2.1362
-0.0142,-0.2133,1.0471,6.4087,0.8545,0.8545
0.0001,-0.1598,1.0005,7.8735,4.8218,2.9297
-0.0020,-0.1835,0.9946,4.7607,3.4790,-1.7700
-0.0101,-0.2052,1.0016,6.3477,1.5259,-1.2817
-0.0018,-0.1963,1.0151,7.2632,0.3052,0.6714
0.0077,-0.1775,1.0409,3.1128,2.9297,0.0610
0.0022,-0.1639,0.9977,2.9297,5.9204,-0.4883
-0.0115,-0.1971,0.9941,5.2490,3.1128,-2.7466
-0.0135,-0.2042,1.0094,5.7983,0.1221,-1.2817
-0.0021,-0.1932,1.0625,7.7515,0.6104,-0.6714
-0.0094,-0.1804,1.0043,3.7231,6.7749,0.0000
-0.0111,-0.1808,0.9940,5.3101,-0.1831,-0.2441
0.0057,-0.1910,1.0490,4.8828,0.1831,-0.7935
0.0062,-0.1814,1.0222,5.4932,5.4932,-0.7324
-0.0001,-0.1805,0.9822,2.5024,6.1646,-0.4883
0.0022,-0.1764,1.0033,11.2305,-2.4414,-1.0376
0.0048,-0.1952,1.0487,1.8311,2.1973,-1.4038
0.0024,-0.1520,1.0114,5.6152,3.1738,-3.9673
0.0070,-0.1978,1.0447,9.3994,1.4038,-4.4556
-0.0048,-0.2140,1.0011,6.8970,6.7139,-2.9907
-0.0194,-0.1957,0.9589,9.5215,2.6855,-0.3052
-0.0247,-0.2172,0.9890,3.7231,-0.7935,-1.5869
-0.0212,-0.1844,1.0516,3.9673,-3.7842,0.6714
-0.0168,-0.2043,1.0511,4.2114,2.3804,1.2207
-0.0062,-0.1814,0.9717,4.9438,5.6152,2.5635
0.0072,-0.1667,1.0072,5.0049,-0.1831,0.3052
0.0062,-0.1808,1.0383,1.9531,2.6855,-1.2207
-0.0076,-0.1976,1.0088,12.8784,2.5024,-1.0986
-0.0083,-0.2001,1.0005,7.5073,2.9297,0.1831
-0.0017,-0.1807,0.9958,7.0190,1.8921,0.0000
-0.0013,-0.1881,1.0366,6.7139,2.3804,-1.6479
-0.0142,-0.2198,1.0220,5.7373,3.8452,-2.0752
-0.0076,-0.2047,0.9980,3.0518,4.5776,0.6104
-0.0015,-0.1859,1.0007,1.1597,3.9673,-0.5493
-0.0140,-0.1833,1.0033,2.3193,2.9297,-0.7324
-0.0131,-0.1925,1.0358,7.3242,-0.0610,-0.9766
-0.0092,-0.1930,1.0499,8.6060,3.7842,-0.0610
-0.0116,-0.1896,0.9658,8.1787,4.0894,0.9766
0.0016,-0.1830,1.0051,7.3242,-1.9531,-0.0610
0.0099,-0.2111,1.0629,0.3662,1.0986,-1.6479
0.0012,-0.1901,0.9954,3.1738,7.0190,1.2817
0.0026,-0.1746,0.9766,4.3945,2.9907,-0.1831
0.0110,-0.1725,1.0378,7.9956,-2.2583,-2.1973
-0.0012,-0.2059,1.0436,8.6060,3.7231,-1.8311
-0.0178,-0.1995,0.9795,5.1880,5.5542,-1.0986
-0.0153,-0.2009,0.9983,2.2583,1.8921,-1.4038
-0.0100,-0.2003,1.0206,7.0190,0.5493,-1.7090
-0.0149,-0.2013,1.0219,7.1411,2.1362,-0.4272
-0.0157,-0.1825,0.9872,4.5166,3.2349,0.0610
-0.0046,-0.1980,1.0526,3.3569,-0.3662,-0.9155
0.0027,-0.1703,1.0077,7.7515,4.5166,1.2817
0.0116,-0.1761,0.9642,7.8125,3.6621,0.1221
0.0055,-0.1753,1.0227,5.4321,-0.7324,-2.6855
-0.0070,-0.1975,1.0267,2.5024,2.9907,-2.7466
-0.0160,-0.2174,1.0535,5.6152,5.0049,-4.0894
-0.0210,-0.1953,0.9811,8.5449,6.7749,0.2441
FIN_VENTANA
Progreso: 5/20
INICIO_VENTANA arriba
-0.0220,-0.2028,0.9973,2.0752,1.8921,-0.8545
-0.0189,-0.2085,1.0294,-0.0610,0.4272,0.8545
-0.0010,-0.1521,1.0117,5.4321,1.5259,4.3945
0.0060,-0.1355,1.0444,6.0425,0.7324,-0.9766
-0.0112,-0.1738,1.0226,9.7046,4.0283,-2.8076
-0.0251,-0.2054,1.0066,5.8594,3.6011,-2.8687
-0.0138,-0.1965,1.0096,6.1035,2.9907,0.3052
-0.0043,-0.1775,1.0016,6.2256,2.8687,-0.9155
-0.0103,-0.1813,1.0129,5.1270,1.4038,-1.3428
-0.0153,-0.1985,1.0101,0.7935,4.6387,-1.7090
-0.0129,-0.1721,1.0024,7.0801,0.9766,-0.1831
-0.0106,-0.1840,1.0455,3.7842,1.9531,-1.0376
-0.0065,-0.1514,1.0176,6.7139,3.6011,0.4883
-0.0081,-0.1882,1.0154,4.5166,4.1504,-2.3193
-0.0042,-0.1830,1.0094,8.3618,2.6245,-2.0142
-0.0020,-0.1823,1.0026,7.8125,2.3193,-0.5493
-0.0115,-0.1870,1.0120,-0.3662,5.0049,-2.2583
-0.0208,-0.1870,1.0131,7.8735,0.9155,-1.4648
-0.0208,-0.1959,1.0231,6.8359,2.7466,-0.5493
-0.0160,-0.1653,1.0129,2.6245,3.8452,0.3662
-0.0131,-0.1903,1.0078,8.1787,2.3193,-1.9531
-0.0071,-0.1971,1.0338,5.4932,3.6621,-1.4038
-0.0076,-0.1732,0.9993,3.5400,2.8687,-0.5493
-0.0024,-0.1910,1.0178,7.5073,0.3052,-0.7324
0.0063,-0.1871,1.0544,3.9673,2.7466,-1.5259
-0.0088,-0.1738,0.9847,4.0894,6.8970,0.2441
-0.0171,-0.1810,0.9796,6.7749,0.1831,-1.7700
-0.0171,-0.2037,1.0518,4.1504,0.3662,-2.1362
-0.0223,-0.1906,1.0192,8.2397,3.9673,0.4272
-0.0190,-0.1799,0.9856,7.3242,4.1504,-0.3662
-0.0183,-0.1681,1.0211,8.3008,0.4883,-0.8545
-0.0211,-0.2023,1.0712,4.4556,3.5400,-2.0142
-0.0177,-0.1991,1.0026,5.4932,10.4370,1.1597
0.0037,-0.2043,0.9835,5.8594,6.5308,1.5259
0.0226,-0.2061,0.9924,1.9531,5.7373,1.8311
0.0299,-0.1537,0.9480,3.6621,1.2817,0.0000
0.0250,-0.1764,1.0586,3.7231,-3.7842,-1.7090
0.0105,-0.1649,1.0682,1.2817,1.8311,-0.3662
-0.0034,-0.1606,1.0126,7.1411,6.5308,0.0000
-0.0077,-0.1720,1.0109,9.2163,4.0283,-2.1973
-0.0165,-0.1908,0.9994,5.3101,4.6997,-1.3428
-0.0266,-0.2324,0.9968,9.3384,2.1973,-2.1362
-0.0200,-0.2030,1.0098,6.7749,1.6479,1.7090
-0.0093,-0.1700,0.9813,5.2490,-1.7700,1.7090
0.0015,-0.1755,1.0430,3.8452,-0.4883,0.3052
0.0078,-0.1765,1.0520,5.8594,1.7090,-0.1831
0.0044,-0.1670,0.9828,9.0942,3.9673,1.0376
0.0096,-0.1749,1.0345,4.5776,0.5493,-2.0752
-0.0042,-0.1849,1.0205,3.2349,5.8594,-2.5635
-0.0214,-0.1989,0.9862,7.7515,2.6245,-2.2583
-0.0221,-0.2052,1.0161,7.5073,0.0610,0.5493
-0.0044,-0.1823,1.0106,7.6904,1.4648,1.2817
0.0021,-0.1626,1.0006,7.3853,0.3052,-0.1831
-0.0023,-0.1820,1.0198,5.1270,0.4883,-2.8687
-0.0070,-0.1989,1.0536,7.9956,1.5869,-2.4414
-0.0090,-0.1993,1.0215,5.1270,7.0801,-0.9766
-0.0155,-0.1920,0.9769,7.5073,6.7139,-0.7324
-0.0133,-0.1807,0.9830,1.7090,-0.0610,-1.7700
-0.0187,-0.2085,1.0475,2.5024,1.1597,-1.5869
-0.0189,-0.1979,1.0245,7.3242,2.8687,0.7935
-0.0032,-0.1769,0.9897,3.4180,5.0659,1.7700
0.0109,-0.1666,1.0137,5.1880,-0.4883,-0.0610
0.0116,-0.1859,1.0273,8.0566,2.6245,-0.5493
0.0146,-0.1819,1.0111,3.6621,4.8828,-0.3052
0.0295,-0.1554,1.0372,5.1270,2.5024,-1.5259
0.0088,-0.1960,1.0521,8.3618,7.4463,-3.7842
-0.0221,-0.2196,0.9905,11.2305,9.5825,-3.9062
-0.0367,-0.2455,0.9585,9.3994,6.6528,-2.0142
-0.0317,-0.2039,0.9657,6.4697,0.4883,0.5493
-0.0175,-0.1920,1.0181,5.6152,-4.2725,0.5493
-0.0093,-0.1938,1.0571,4.2725,-0.9155,0.3662
-0.0159,-0.1910,1.0229,4.5776,3.7842,1.0376
0.0033,-0.1722,1.0205,7.6904,0.6104,1.9531
0.0186,-0.1938,1.0464,3.8452,3.2959,0.6714
0.0168,-0.1729,0.9795,9.5825,5.7373,0.3662
0.0056,-0.2161,0.9763,4.3335,1.6479,-2.3804
0.0059,-0.2043,1.0226,7.8125,-1.9531,-1.4648
0.0020,-0.1879,1.0326,6.2866,0.3662,-2.0142
-0.0148,-0.2003,1.0182,-2.6855,5.5542,-2.9297
-0.0326,-0.2010,0.9657,-0.0610,3.9062,-1.4038
-0.0164,-0.1896,1.0269,5.8594,-3.3569,-1.8311
-0.0074,-0.2000,1.0670,1.4648,1.2207,-1.0376
-0.0120,-0.1826,0.9863,3.2959,4.3945,-0.2441
-0.0043,-0.2157,1.0183,9.5215,1.2817,-0.9766
0.0046,-0.1697,1.0043,3.9062,2.0142,1.4648
0.0187,-0.1779,0.9913,14.0991,2.1973,-2.4414
-0.0099,-0.2106,1.0476,2.9907,4.5776,-3.4180
-0.0157,-0.1989,0.9865,6.0425,6.7139,0.2441
-0.0078,-0.1975,0.9950,8.1787,2.1362,0.6714
0.0010,-0.1691,1.0054,5.0049,0.7324,-1.6479
-0.0094,-0.1991,1.0359,7.2021,1.2207,-2.4414
-0.0125,-0.2271,1.0325,3.7842,3.3569,-1.4648
-0.0020,-0.1932,0.9895,4.5776,5.3101,2.3804
0.0101,-0.1722,1.0100,6.4697,1.5869,0.2441
0.0010,-0.1891,1.0079,4.1504,2.9297,-2.0752
-0.0125,-0.1948,0.9967,4.6387,3.5400,-1.6479
-0.0028,-0.2013,1.0643,7.4463,0.1831,-2.1362
-0.0049,-0.1840,0.9941,8.5449,6.1646,0.7324
-0.0089,-0.1986,0.9833,6.7749,2.8076,-1.8311
-0.0134,-0.2083,0.9974,6.8970,0.1221,-0.9766
FIN_VENTANA
Progreso: 6/20
INICIO_VENTANA arriba
0.0048,-0.1757,1.0273,5.2490,-0.7324,-0.4883
0.0054,-0.1787,1.0355,6.3477,0.6104,-1.4648
-0.0059,-0.2042,1.0220,3.8452,5.0659,-0.9766
-0.0049,-0.1946,1.0022,2.8687,5.1880,-0.7324
0.0001,-0.1890,0.9951,9.0942,2.6855,-0.7935
-0.0035,-0.2036,1.0123,4.3335,2.4414,-1.9531
-0.0056,-0.2201,1.0133,-1.8311,4.2114,-0.7324
0.0056,-0.1650,0.9824,3.7231,2.1362,1.8921
0.0092,-0.1553,1.0259,5.7983,0.0610,-1.0986
-0.0098,-0.1997,1.0360,3.7842,3.4180,-3.8452
-0.0161,-0.2043,1.0208,7.1411,4.6387,-1.4648
-0.0060,-0.1871,0.9868,6.5918,3.4180,0.9155
0.0002,-0.1794,1.0002,4.2725,1.5259,-0.7324
-0.0054,-0.1958,1.0277,5.4321,1.3428,-1.8921
-0.0101,-0.1985,1.0172,4.9438,3.2349,-0.3052
-0.0010,-0.1735,0.9968,4.8218,2.7466,0.7324
0.0099,-0.1791,1.0452,3.6011,0.7935,-1.5259
0.0002,-0.1742,1.0101,7.6904,3.7231,-1.1597
-0.0039,-0.2032,1.0050,1.8921,4.4556,-2.1362
0.0051,-0.1710,1.0198,0.3052,4.3335,-0.4883
0.0107,-0.1815,1.0297,2.1973,4.7607,-2.0142
-0.0011,-0.2035,0.9651,8.2397,5.3711,0.1221
0.0005,-0.1758,0.9952,11.5356,-5.0049,-1.3428
-0.0032,-0.1783,1.0874,7.3242,-3.6011,-1.5259
-0.0167,-0.2047,1.0510,6.9580,5.3101,-1.7090
-0.0221,-0.1965,0.9586,2.2583,8.7280,0.6714
-0.0066,-0.1708,0.9749,7.5073,-1.4038,0.0610
0.0001,-0.2183,1.0470,3.4180,2.3193,-0.2441
-0.0020,-0.1842,1.0028,0.0610,3.8452,2.5024
0.0035,-0.1434,1.0189,0.6714,1.8311,1.7090
-0.0020,-0.1635,1.0203,4.5776,3.1738,-1.8311
-0.0104,-0.1864,1.0284,6.6528,3.1738,-2.3193
-0.0070,-0.1882,1.0256,5.9814,4.5776,-0.6104
-0.0039,-0.1866,0.9792,6.1035,5.9204,0.2441
0.0016,-0.1912,0.9976,3.1128,1.9531,-0.1221
0.0066,-0.1649,1.0073,3.4790,1.5869,-0.0610
-0.0012,-0.1688,1.0181,4.1504,2.0752,-1.2207
-0.0034,-0.1760,1.0623,5.3711,1.8921,-1.4648
-0.0011,-0.1740,1.0132,4.0283,7.3242,0.4272
0.0039,-0.1636,0.9893,6.9580,4.2725,-0.6714
0.0043,-0.1837,1.0057,3.6621,3.6621,-1.8311
0.0012,-0.1942,1.0029,8.6670,2.6855,-2.2583
-0.0035,-0.2034,1.0046,6.5308,3.2349,-0.4883
-0.0013,-0.1832,1.0121,0.5493,3.7231,0.4272
-0.0002,-0.1482,0.9948,5.8594,2.1973,1.4648
0.0018,-0.1660,1.0403,8.7280,-0.6104,-2.0142
0.0022,-0.1749,1.0363,6.2866,3.2349,-0.6104
0.0040,-0.1877,1.0277,2.0752,6.7749,0.3662
0.0072,-0.1547,0.9904,5.5542,3.6621,0.0000
0.0020,-0.1992,1.0304,4.8828,1.7090,-2.3193
0.0031,-0.1910,1.0081,7.8735,3.9062,1.0376
0.0122,-0.1638,0.9922,9.7046,2.5024,1.3428
0.0166,-0.1542,1.0330,5.1880,1.0986,-0.6714
0.0063,-0.2090,1.0194,2.6245,5.4321,-1.8311
-0.0020,-0.1805,0.9825,8.5449,3.6621,0.1221
0.0059,-0.1760,1.0195,5.2490,1.7090,-0.6714
0.0078,-0.1725,1.0066,6.2866,3.3569,-0.7324
0.0056,-0.1868,1.0287,5.7373,3.2959,-2.0142
0.0010,-0.1803,1.0002,2.6245,5.4321,-1.0986
-0.0016,-0.2052,1.0010,2.8076,3.7231,-0.6104
0.0077,-0.1614,1.0001,6.8359,1.2817,2.1362
0.0211,-0.1603,1.0400,3.9062,0.4272,-0.5493
0.0178,-0.1803,1.0237,2.3804,4.6997,-1.0986
0.0160,-0.1605,1.0094,4.6387,4.2114,-0.7324
0.0131,-0.1693,1.0001,5.5542,4.6387,-1.2817
0.0098,-0.1742,1.0197,3.7842,3.2349,-2.5635
0.0107,-0.1747,1.0146,8.3618,2.0752,-0.5493
0.0059,-0.1716,0.9979,13.0615,0.7935,-0.8545
0.0072,-0.1896,1.0154,11.2305,0.1831,-1.4648
0.0038,-0.1821,1.0011,20.7520,-2.0752,0.3662
0.0007,-0.2003,1.0193,14.8926,-0.5493,-0.7935
0.0006,-0.2134,1.0233,7.5073,3.1128,-0.4272
0.0051,-0.1962,0.9918,10.1929,-0.1831,1.0986
0.0101,-0.1897,0.9979,1.3428,5.0049,0.4883
0.0101,-0.1927,1.0358,6.0425,1.3428,-1.5869
0.0082,-0.2040,1.0583,6.4087,4.3945,-1.2207
0.0049,-0.2162,1.0441,10.0708,8.0566,0.8545
-0.0078,-0.2247,0.9827,6.5918,15.9302,4.5776
0.0172,-0.1715,0.9557,16.4185,1.8921,4.5166
0.0381,-0.1978,0.9823,13.9771,0.9155,2.1362
0.0347,-0.1678,1.0262,5.1880,0.6104,-2.9297
0.0016,-0.2352,1.0092,2.7466,1.5259,-2.8687
0.0006,-0.2222,1.0327,8.7891,-0.0610,-0.9155
0.0093,-0.1903,1.0272,6.4087,2.5635,0.8545
0.0093,-0.1934,0.9902,3.8452,4.2114,-0.7324
0.0061,-0.2275,1.0167,5.3101,1.5259,-2.8687
0.0057,-0.2229,0.9939,6.6528,3.2349,-0.5493
0.0127,-0.2157,1.0096,8.4229,-1.1597,-1.0376
0.0210,-0.2156,1.0343,1.8311,2.5635,-0.1831
0.0171,-0.2133,1.0133,-1.1597,7.2021,-0.1221
0.0093,-0.1968,0.9656,3.0518,5.3101,0.2441
0.0198,-0.1943,1.0100,8.8501,-1.7090,-1.0376
0.0135,-0.2073,1.0265,7.1411,2.0142,-2.1362
0.0098,-0.2367,1.0051,6.8359,3.2349,-2.3804
0.0161,-0.2080,0.9952,2.3804,4.1504,0.0610
0.0120,-0.1964,0.9874,1.2817,3.9062,-0.6104
0.0175,-0.2134,1.0256,6.5918,-2.1362,-2.0752
0.0295,-0.2220,1.0358,4.4556,2.2583,-0.2441
0.0326,-0.1877,0.9861,4.7607,4.9438,-0.0610
0.0272,-0.2078,0.9469,4.0283,-14.0381,-1.9531
FIN_VENTANA
Progreso: 7/20
INICIO_VENTANA arriba
0.0065,-0.2267,0.9918,1.8311,4.8218,-3.5400
0.0039,-0.2200,1.0251,10.3760,-0.9155,-2.4414
0.0039,-0.2458,1.0126,5.3101,5.2490,-1.2207
0.0063,-0.2101,0.9746,4.8828,4.4556,-0.7324
0.0056,-0.2140,1.0059,7.6904,-1.5259,-1.9531
0.0048,-0.2552,1.0292,1.9531,2.9907,-1.1597
0.0153,-0.2201,0.9978,6.2866,3.4180,1.7700
0.0239,-0.1962,0.9985,0.7935,3.2349,1.2817
0.0251,-0.2020,1.0316,4.2725,2.3804,-2.1973
0.0093,-0.2289,0.9941,6.5308,6.9580,-1.8921
0.0012,-0.2235,0.9662,8.1787,3.2349,-0.1831
0.0072,-0.2186,1.0063,4.6997,-0.7935,0.7324
0.0170,-0.2166,1.0588,3.2349,1.2817,-0.3052
0.0078,-0.2195,0.9833,7.0190,6.8359,0.1221
0.0082,-0.2250,0.9753,6.5918,2.3804,0.0000
0.0197,-0.2046,1.0037,3.9062,-0.7324,-0.5493
0.0225,-0.2189,1.0505,5.0049,2.2583,-1.1597
0.0144,-0.2106,0.9978,3.6621,7.2632,-0.6104
0.0098,-0.2168,0.9867,7.3853,2.7466,-1.0376
0.0122,-0.2321,1.0002,4.4556,4.2114,-0.1221
0.0249,-0.2068,1.0010,2.0752,1.9531,-0.0610
0.0225,-0.2053,0.9896,1.4038,2.8076,-0.6104
0.0261,-0.2070,1.0326,5.1270,-1.0376,-2.2583
0.0117,-0.2123,0.9886,2.0752,5.9204,0.3052
0.0084,-0.1907,1.0088,11.2305,-2.1362,-0.5493
0.0128,-0.2308,1.0504,4.6997,1.1597,-1.2207
0.0150,-0.2112,0.9977,1.0376,8.6670,-0.0610
0.0192,-0.1821,0.9586,9.0332,1.2207,-0.3052
0.0168,-0.2405,1.0337,3.6011,0.9155,-2.4414
0.0186,-0.2162,1.0283,0.6104,4.2114,-0.3052
0.0181,-0.2032,0.9845,5.6152,4.2114,1.0986
0.0264,-0.1925,1.0120,3.2349,-0.8545,-2.1362
0.0100,-0.2197,1.0299,4.6387,1.2207,-2.5024
0.0029,-0.2262,1.0181,4.6387,3.3569,-0.4272
0.0177,-0.1781,0.9972,1.2817,3.5400,0.3662
0.0156,-0.2080,1.0203,2.3804,3.9673,-1.9531
0.0133,-0.2124,1.0061,8.1177,2.5024,-1.2207
0.0212,-0.1866,0.9718,6.6528,2.8687,0.2441
0.0208,-0.2109,1.0272,2.4414,-0.2441,-2.6245
0.0166,-0.2081,1.0367,2.3193,3.0518,-1.1597
0.0096,-0.2030,0.9883,3.9673,6.3477,-0.3052
0.0131,-0.2178,1.0026,6.1035,0.7935,-1.3428
0.0188,-0.2073,0.9803,4.3945,1.2207,1.2817
0.0359,-0.1827,1.0370,7.9956,-0.4883,-0.9155
0.0122,-0.2144,1.0155,-2.6245,6.4697,-2.1973
0.0082,-0.1910,0.9999,3.8452,2.6855,-0.1831
0.0192,-0.1882,1.0167,7.9346,0.3662,0.2441
0.0182,-0.1917,1.0151,1.7700,3.6011,-2.2583
0.0027,-0.2206,0.9937,2.8687,3.9062,-1.8921
0.0082,-0.2228,1.0106,9.2163,0.5493,-0.7935
0.0183,-0.1882,0.9994,5.4932,2.8076,0.9766
0.0178,-0.2065,1.0126,2.6245,2.0752,-1.3428
0.0197,-0.1942,1.0255,12.2681,-1.7090,0.4883
0.0162,-0.2026,1.0099,5.4932,4.3335,-0.3052
0.0139,-0.1790,0.9974,3.5400,2.7466,-0.9766
0.0074,-0.2151,1.0267,6.8970,1.5259,-2.2583
0.0077,-0.2091,1.0005,5.9814,4.6997,-0.0610
0.0164,-0.1970,1.0018,3.7231,2.7466,-0.7324
0.0219,-0.2004,1.0215,4.1504,2.8076,-0.3662
0.0234,-0.1825,1.0066,7.0801,4.0894,0.0000
0.0117,-0.1984,0.9844,4.3945,3.9062,-1.4648
0.0059,-0.2164,1.0171,3.0518,2.1973,-1.6479
0.0056,-0.2046,1.0052,2.7466,5.4932,-0.6714
0.0138,-0.1832,1.0042,6.1035,2.0752,-0.2441
0.0100,-0.2117,1.0161,3.4180,3.5400,-0.5493
0.0194,-0.2057,1.0129,5.5542,2.9297,0.3662
0.0298,-0.1932,0.9879,6.0425,2.7466,0.8545
0.0222,-0.2002,0.9896,3.6011,3.1738,-1.0376
0.0260,-0.1943,1.0212,4.7607,-0.8545,-1.0986
0.0282,-0.1919,1.0262,6.1646,2.5635,-0.2441
0.0200,-0.1788,1.0109,5.7373,3.7842,-1.9531
0.0055,-0.2076,1.0000,5.1270,3.4790,-2.0142
0.0039,-0.2250,1.0076,4.8218,1.9531,0.2441
0.0168,-0.1993,1.0015,5.3711,4.0894,1.0376
0.0199,-0.1747,0.9918,8.8501,1.0376,0.4272
0.0189,-0.2140,1.0199,3.7842,1.7700,-1.6479
0.0181,-0.2091,1.0121,5.0049,3.7231,0.4883
0.0265,-0.1825,1.0045,6.8359,2.0142,0.9766
0.0284,-0.1815,1.0157,7.6294,2.2583,-0.6714
0.0232,-0.1996,1.0281,4.0283,3.7842,-1.8311
0.0175,-0.1958,0.9987,3.4790,5.4932,-1.7090
0.0153,-0.2072,1.0123,7.8125,0.0610,-1.4038
0.0256,-0.2118,1.0123,5.6763,2.6245,0.6104
0.0321,-0.1753,0.9894,7.5684,2.8076,-0.4883
0.0201,-0.1829,0.9845,8.7280,-1.2207,-2.0142
0.0085,-0.2412,1.0659,7.2021,-0.9766,-2.5635
0.0062,-0.1989,1.0037,3.5400,6.4087,0.3052
0.0083,-0.2020,0.9829,10.4370,3.5400,-0.3662
0.0157,-0.2089,1.0013,9.6436,1.7090,-0.9155
0.0179,-0.2157,1.0051,5.2490,2.9297,-0.1831
0.0245,-0.2018,1.0104,8.3008,0.6714,0.0610
0.0277,-0.2125,1.0341,4.4556,3.4790,-0.3052
0.0208,-0.1997,0.9846,4.0894,5.8594,-0.3662
0.0266,-0.2168,1.0111,7.6294,1.6479,-1.7700
0.0188,-0.1937,0.9806,4.1504,4.3945,0.4272
0.0121,-0.2225,1.0306,3.0518,1.5869,-2.5635
0.0178,-0.2087,1.0061,4.0894,5.0049,0.1831
0.0248,-0.1886,0.9955,8.6670,1.5259,-0.1831
0.0294,-0.1853,1.0092,7.6294,0.5493,-2.1362
0.0123,-0.2397,1.0282,2.3804,2.8076,-3.2349
FIN_VENTANA
Progreso: 8/20
INICIO_VENTANA arriba
0.0222,-0.2063,1.0385,7.9346,-1.8921,-0.7935
0.0186,-0.2133,1.0146,8.7280,3.4790,1.1597
0.0311,-0.1809,0.9896,5.7373,0.8545,-0.7935
0.0273,-0.1974,1.0305,2.1362,0.6714,-2.3804
0.0111,-0.2297,1.0189,1.8921,4.9438,-2.0142
0.0044,-0.1790,0.9590,5.6152,1.8311,1.7700
0.0177,-0.1926,1.0525,13.0005,-4.8218,-0.6104
0.0166,-0.2018,1.0525,4.6387,3.9062,-0.9155
0.0144,-0.1943,0.9639,8.7891,5.3101,0.3662
0.0168,-0.2036,1.0032,4.2114,-1.4648,-1.5869
0.0258,-0.2238,1.0546,2.0752,0.6714,-0.8545
0.0299,-0.1921,1.0144,8.6670,4.9438,0.9766
0.0173,-0.1669,0.9327,8.6060,2.1973,-0.1831
0.0084,-0.2103,1.0439,6.8359,-4.8828,-5.3101
-0.0038,-0.2345,1.0607,3.4790,4.8828,-2.1362
-0.0072,-0.2118,0.9572,9.0942,7.6294,0.9766
-0.0010,-0.2081,0.9478,4.6997,3.1738,-0.1831
0.0117,-0.2031,1.0607,1.0986,-3.6011,-2.1973
0.0071,-0.2008,1.0288,2.3193,4.7607,-0.2441
-0.0131,-0.2289,0.9977,3.1128,6.5308,-1.5259
0.0070,-0.1981,0.9950,1.8921,-0.6714,1.2207
0.0352,-0.1787,1.0431,-4.2114,7.3242,2.7466
0.0277,-0.1843,1.0085,-8.9722,11.1084,-0.6104
0.0321,-0.1729,0.9779,1.9531,5.2490,-0.4883
0.0400,-0.1851,1.0161,4.3335,-1.0376,-2.3193
0.0247,-0.1661,1.0281,4.0283,-2.0752,-1.3428
0.0090,-0.2200,1.0786,-0.7324,2.0142,-3.4790
0.0015,-0.2029,1.0015,8.2397,7.9956,1.5259
0.0249,-0.1493,0.9479,5.9814,-0.5493,1.6479
0.0238,-0.1990,1.0454,0.4883,-1.6479,-3.7231
0.0132,-0.2217,1.0613,2.5635,3.2349,-1.6479
0.0159,-0.2010,0.9933,0.9155,9.6436,1.5259
0.0277,-0.1692,0.9672,2.1362,3.1128,1.8921
0.0303,-0.1514,0.9567,8.9111,-2.6855,0.9155
0.0276,-0.1849,1.0562,0.9766,-4.0894,-3.9673
0.0294,-0.1608,1.0447,8.2397,0.3662,-0.9766
0.0194,-0.1577,1.0010,9.2773,3.5400,-0.6714
0.0050,-0.1775,1.0049,7.4463,2.1973,-2.9907
-0.0013,-0.2056,1.0131,9.6436,1.2207,-1.8311
0.0055,-0.1825,1.0170,10.6812,0.4272,0.6104
0.0156,-0.1815,1.0303,0.2441,4.6997,-2.1362
0.0043,-0.1930,0.9928,2.9297,5.4932,-2.9297
0.0179,-0.2000,1.0123,5.4932,0.0000,-0.9155
0.0316,-0.1702,1.0009,3.7231,2.8076,0.4272
0.0325,-0.1589,1.0361,4.8218,-0.1831,-2.3193
0.0270,-0.1663,1.0132,5.5542,3.7842,-2.9907
0.0103,-0.1853,1.0006,2.9907,4.0283,-3.8452
0.0071,-0.1874,1.0129,4.3945,1.9531,-2.8076
0.0065,-0.1799,1.0100,8.2397,1.7090,-1.2817
0.0043,-0.1700,1.0447,7.9956,0.7935,-2.0142
-0.0010,-0.1868,1.0074,1.4038,5.7373,-2.0142
0.0057,-0.1921,1.0065,10.7422,1.9531,-2.3193
0.0060,-0.2323,1.0171,7.0801,4.1504,-0.9155
0.0232,-0.1718,0.9639,4.0283,3.2959,2.4414
0.0405,-0.1617,0.9972,4.8218,-2.1362,-0.3052
0.0377,-0.1694,1.0334,3.4790,-0.3052,-3.9062
0.0044,-0.1968,1.0220,3.1738,1.9531,-2.8076
-0.0038,-0.1917,1.0121,6.8359,2.6855,-0.1831
0.0043,-0.1569,1.0177,8.4229,1.0986,0.6714
0.0063,-0.1785,1.0366,8.1177,2.5024,-1.7700
-0.0011,-0.2052,0.9873,8.6060,4.4556,-0.9155
0.0050,-0.2104,0.9816,7.7515,2.8076,0.0000
0.0160,-0.1896,1.0137,4.2114,1.0986,0.5493
0.0226,-0.1794,1.0273,5.6152,1.1597,-0.0610
0.0168,-0.1333,0.9952,3.1738,2.9907,-0.8545
0.0061,-0.1992,1.0431,3.7842,0.9155,-3.2959
0.0000,-0.2034,1.0004,8.4229,4.0894,1.3428
0.0115,-0.1688,0.9868,10.2539,1.5869,0.7324
0.0154,-0.1639,1.0374,2.1973,0.4883,-1.4648
0.0022,-0.1848,1.0157,3.9062,4.3945,-2.9907
-0.0135,-0.2042,1.0139,8.6060,3.8452,-2.8687
-0.0223,-0.2136,1.0005,6.2866,3.7842,-0.8545
-0.0023,-0.2065,1.0220,3.6011,3.9062,1.7090
0.0116,-0.1647,0.9811,2.7466,5.6152,2.5024
0.0220,-0.1788,0.9886,5.1880,0.4883,-1.0986
0.0338,-0.2061,1.0538,2.5635,-0.4883,-0.2441
0.0398,-0.1650,1.0090,5.7983,3.3569,2.7466
0.0385,-0.1544,1.0076,5.3101,1.1597,0.2441
0.0227,-0.1639,1.0189,4.6387,-15.1367,-2.0142
0.0081,-0.1842,1.0450,10.9863,0.3052,-2.5024
-0.0043,-0.2009,1.0436,0.1221,6.2866,-2.7466
-0.0103,-0.1909,0.9833,8.6670,5.7373,-0.1221
0.0001,-0.1909,1.0004,8.4229,1.7700,-0.7324
0.0059,-0.1998,1.0237,4.8218,2.0752,-1.0376
0.0159,-0.2032,1.0375,6.6528,2.5024,0.0610
0.0244,-0.1820,1.0059,5.3711,5.6152,0.6104
0.0133,-0.1993,0.9871,3.6011,5.3101,-0.9155
0.0199,-0.1970,1.0027,7.8125,1.2817,-1.0986
0.0303,-0.1552,1.0359,3.2959,0.4883,-1.0986
0.0168,-0.1853,1.0480,2.0142,5.4932,-3.2959
0.0034,-0.2029,1.0054,4.8828,7.8735,-2.2583
0.0079,-0.1942,0.9753,10.8643,4.3335,-0.9155
0.0234,-0.1848,1.0049,8.8501,0.8545,0.0000
0.0298,-0.2009,1.0492,7.4463,4.6387,-1.2207
0.0264,-0.1736,0.9708,4.0283,5.3101,0.1221
0.0239,-0.1952,1.0231,8.6670,-0.7324,-2.6245
0.0177,-0.2028,1.0203,5.7373,2.8076,-1.9531
0.0071,-0.2040,0.9976,5.0049,3.8452,-1.7090
0.0089,-0.1998,1.0150,7.0190,0.0000,-1.1597
0.0151,-0.2094,1.0269,4.4556,2.1973,-0.6104
FIN_VENTANA
Progreso: 9/20
INICIO_VENTANA arriba
0.0156,-0.1978,1.0094,6.4697,-0.9155,-1.0376
0.0077,-0.2253,1.0269,4.9438,4.4556,-1.4038
0.0049,-0.2067,0.9806,2.9907,5.3711,0.1221
0.0145,-0.1785,0.9955,3.6621,0.7935,-0.3052
0.0092,-0.2125,1.0469,2.8687,0.9766,-2.2583
0.0013,-0.2186,1.0217,5.3101,3.8452,-0.6714
0.0099,-0.1884,0.9813,6.8970,4.5166,1.0376
0.0211,-0.1853,1.0199,6.1646,0.4883,-2.8076
0.0021,-0.2206,1.0135,2.6855,4.3945,-0.9766
0.0110,-0.2164,1.0057,3.1128,4.0894,0.1221
0.0248,-0.1837,1.0013,8.7891,1.9531,0.5493
0.0175,-0.2153,1.0034,0.6104,5.0049,-1.3428
0.0184,-0.1852,0.9879,3.6011,2.0752,-0.5493
0.0212,-0.2013,1.0336,7.4463,-0.6714,-1.6479
0.0160,-0.2075,0.9949,3.6621,6.6528,-1.0986
0.0135,-0.2001,1.0081,4.8828,3.0518,-2.0142
0.0145,-0.1941,0.9955,4.5166,1.6479,-0.4883
0.0209,-0.2148,1.0381,5.1880,1.3428,-1.9531
0.0126,-0.1915,0.9788,6.4697,4.4556,0.1221
0.0040,-0.2249,1.0002,8.6670,0.4883,-2.5024
0.0106,-0.2159,1.0151,7.9346,0.2441,0.3662
0.0219,-0.1853,0.9899,2.5635,3.8452,1.7090
0.0184,-0.1847,1.0093,3.4180,0.6104,-1.7700
0.0073,-0.2028,1.0323,3.4180,1.0376,-2.3804
0.0042,-0.1974,1.0345,6.4087,3.2959,-1.8921
-0.0083,-0.2053,0.9828,8.3008,4.1504,-1.4038
-0.0076,-0.2500,0.9983,5.9814,1.7700,-0.6104
0.0167,-0.2054,0.9943,5.9814,0.0000,3.9673
0.0292,-0.1844,1.0132,4.8218,0.4272,0.6104
0.0062,-0.2006,1.0531,1.7090,3.6011,-1.0986
0.0078,-0.1948,1.0227,4.2725,7.6294,0.8545
0.0123,-0.1858,1.0000,6.5918,8.5449,-0.1221
0.0074,-0.2217,0.9719,10.6201,4.8218,-2.3804
0.0092,-0.2542,0.9774,3.6011,3.5400,-1.3428
0.0284,-0.2024,0.9801,2.7466,-0.7324,0.2441
0.0287,-0.1826,1.0277,0.4272,0.4272,-1.4038
0.0149,-0.1904,1.0283,4.2725,0.9155,-1.7700
0.0209,-0.1759,1.0054,4.3945,2.3804,-0.7935
0.0337,-0.1573,1.0500,6.1035,-0.0610,-3.1128
0.0006,-0.2273,1.0099,7.8735,5.1270,-4.5776
0.0105,-0.2882,1.0291,11.0474,2.9907,-2.3193
0.0448,-0.1979,0.9208,10.0708,5.7983,7.2632
0.0574,-0.1212,0.9603,2.3804,-6.7139,-3.2349
0.0034,-0.2319,1.0834,3.9062,-7.6294,-9.0332
-0.0192,-0.2943,1.1147,3.3569,1.8921,-3.7842
0.0115,-0.1670,0.9606,12.1460,5.7983,7.0801
0.0369,-0.1201,0.9602,9.0942,-1.4648,0.1221
0.0132,-0.2219,1.0664,6.5918,-2.6855,-8.7891
-0.0410,-0.2976,0.9777,4.5166,6.0425,-3.6011
-0.0289,-0.2242,0.9517,7.8735,-1.7090,3.4790
-0.0065,-0.1324,0.9902,4.6387,-8.3008,-1.4038
-0.0265,-0.2319,1.1499,3.1128,-5.6152,-7.0801
-0.0607,-0.2395,1.0122,1.2817,10.9253,-1.5869
-0.0430,-0.2290,0.9968,7.0801,2.3193,0.6714
0.0015,-0.1747,0.9890,7.5684,2.9297,4.6997
0.0201,-0.2209,1.0544,3.9673,2.0142,-4.0283
0.0081,-0.2378,0.9252,3.1128,8.2397,1.7700
0.0415,-0.1519,1.0255,0.6714,-2.6855,0.5493
0.0350,-0.1147,1.0366,4.8828,0.9155,-4.8828
-0.0188,-0.2177,1.0042,-0.3662,5.3711,-11.1084
-0.0376,-0.2369,0.9955,3.6011,2.8076,-6.7139
-0.0353,-0.2291,1.0472,3.2349,2.5635,-5.3101
-0.0414,-0.2186,1.0076,6.1646,5.1270,-2.0752
-0.0365,-0.2168,1.0096,5.0659,3.6621,-1.4648
-0.0300,-0.1937,0.9642,-1.4038,8.6670,0.4883
-0.0464,-0.2067,1.0067,2.7466,-2.2583,-1.0376
-0.0176,-0.2081,1.0446,2.6855,-1.8921,3.2959
0.0247,-0.1876,1.0730,9.8267,0.0610,6.4087
0.0675,-0.1251,1.0123,9.6436,5.4932,6.3477
0.0706,-0.1428,0.9921,7.8125,6.4697,-1.5869
0.0278,-0.2098,0.9634,1.7090,3.9673,-6.4697
-0.0249,-0.2449,0.9921,2.6855,-1.4038,-5.9204
-0.0300,-0.2126,1.0348,8.9722,-4.1504,-1.8311
-0.0471,-0.2046,1.0446,4.5776,1.5869,-2.0752
-0.0620,-0.2128,1.0154,4.5776,3.0518,-1.2207
-0.0421,-0.1993,1.0249,8.7891,0.7324,1.5259
-0.0171,-0.1873,1.0437,7.1411,3.6011,2.3804
0.0002,-0.1812,0.9806,8.4229,4.0283,1.5259
0.0427,-0.2087,1.0377,8.9111,0.5493,0.6714
0.0583,-0.1847,1.0039,9.8267,4.5776,0.6104
0.0348,-0.1859,0.9731,6.8359,5.1880,-3.6621
-0.0079,-0.2122,0.9778,0.1831,3.1128,-5.5542
-0.0387,-0.2200,1.0010,1.4038,1.7700,-4.8218
-0.0403,-0.1979,1.0729,6.2866,1.8921,-3.5400
-0.0616,-0.2061,0.9711,6.5308,6.9580,0.4883
-0.0402,-0.2417,1.0049,6.2256,2.0142,0.1831
0.0005,-0.2029,1.0327,11.9629,0.9766,3.7231
0.0187,-0.1904,0.9967,5.3101,6.4697,2.9297
0.0175,-0.1969,0.9841,5.3711,3.7231,-0.0610
0.0171,-0.1869,0.9949,4.7607,1.8311,-0.7935
0.0161,-0.2045,1.0635,2.4414,4.9438,-2.2583
0.0026,-0.1851,1.0223,11.2915,3.6621,-0.1831
0.0012,-0.2134,0.9666,5.4321,7.4463,-0.9155
0.0022,-0.2300,0.9954,7.3242,1.3428,-3.9673
0.0000,-0.2316,0.9978,5.9814,3.6621,-1.4648
-0.0110,-0.2133,0.9779,3.4790,2.0752,-1.5869
-0.0100,-0.1917,1.0155,3.8452,-0.0610,-0.1831
-0.0039,-0.1819,1.0715,4.5776,0.2441,-1.8311
-0.0262,-0.1987,0.9928,7.0190,7.1411,-0.9155
-0.0240,-0.2299,1.0029,7.1411,3.1128,-0.6714
FIN_VENTANA
Progreso: 10/20
INICIO_VENTANA arriba
0.0004,-0.2040,0.9724,6.1035,2.1973,-0.2441
0.0017,-0.2117,1.0044,8.6670,-2.0752,-1.8921
-0.0029,-0.2272,1.0406,5.2490,0.8545,-2.1973
-0.0120,-0.2026,1.0066,1.4038,4.8828,-2.6245
-0.0197,-0.2285,0.9989,6.2256,3.5400,-1.9531
-0.0139,-0.2212,1.0032,4.7607,2.6245,-0.7935
-0.0139,-0.2250,0.9958,10.6812,2.0142,0.0610
-0.0127,-0.2452,1.0006,5.9814,1.6479,0.4883
0.0051,-0.2357,1.0145,8.3008,1.0376,1.7090
0.0172,-0.2045,1.0013,8.0566,3.2959,1.4648
0.0033,-0.2015,0.9757,-1.0986,3.6011,-2.3193
-0.0149,-0.2290,1.0120,1.3428,-1.6479,-1.5259
0.0004,-0.2026,1.0699,6.1035,-1.5869,0.1221
-0.0016,-0.1973,1.0487,4.7607,6.8970,-1.2817
-0.0192,-0.2333,0.9471,6.8970,8.3618,-2.0752
-0.0168,-0.2290,0.9646,2.9297,1.7090,-1.0376
-0.0134,-0.2222,1.0270,5.3101,15.0757,-1.4648
-0.0160,-0.2136,1.0382,6.1035,1.5259,-1.5869
-0.0188,-0.2133,1.0273,3.2349,6.4697,-1.6479
-0.0332,-0.2443,0.9635,3.3569,8.2397,-0.4272
-0.0051,-0.2469,1.0023,9.8877,0.3662,2.3193
0.0334,-0.1849,1.0099,10.9863,1.3428,4.1504
0.0239,-0.2142,0.9990,8.1177,4.6387,-1.6479
-0.0007,-0.2087,0.9381,0.8545,1.8311,-2.0142
-0.0125,-0.2208,1.0555,5.5542,-4.2725,-2.6245
-0.0173,-0.2206,1.0842,1.0986,3.9673,-1.0376
-0.0142,-0.2123,0.9995,6.7139,9.3384,0.0000
-0.0048,-0.2125,0.9644,8.1177,6.3477,-0.6104
0.0009,-0.2227,0.9840,7.9956,2.9297,-2.0142
0.0012,-0.2480,1.0214,5.7983,1.9531,-2.0142
0.0000,-0.2419,0.9905,5.7373,4.8218,0.8545
0.0137,-0.1959,0.9958,2.5024,2.9907,0.1221
0.0198,-0.1820,1.0460,4.9438,-0.7324,-2.8687
0.0005,-0.2245,1.0317,0.4272,5.9814,-2.8076
-0.0035,-0.2269,0.9926,5.6763,5.7373,-1.2207
0.0076,-0.2230,1.0135,9.7656,3.1128,0.0610
0.0081,-0.2130,0.9735,10.0708,3.2959,-0.7324
0.0002,-0.2242,0.9829,3.3569,1.4038,-1.2817
-0.0051,-0.2278,1.0242,3.7842,-0.2441,-1.8311
-0.0033,-0.2201,1.0255,5.1880,2.0752,-1.0376
-0.0076,-0.2362,1.0000,1.0376,5.7373,-0.1221
0.0081,-0.2009,0.9761,8.1177,1.3428,1.2817
0.0139,-0.2178,1.0027,7.8125,0.3052,-1.7090
0.0002,-0.2394,1.0001,5.0659,2.5635,-1.0376
-0.0044,-0.2252,1.0006,1.8921,1.5259,0.6104
0.0039,-0.1803,1.0162,0.9766,0.7935,1.7700
0.0082,-0.1975,1.0558,5.7373,1.5869,-1.6479
0.0000,-0.2211,1.0094,7.6904,6.3477,-1.4648
-0.0017,-0.2278,0.9602,6.8359,5.6152,-1.3428
0.0009,-0.2479,1.0005,5.6763,2.2583,-0.6714
0.0056,-0.2109,0.9926,6.5308,0.6104,0.7324
0.0081,-0.2157,0.9983,6.2256,0.0000,-1.0376
0.0052,-0.2061,1.0133,5.5542,0.7324,-1.5869
-0.0061,-0.2095,1.0261,0.1221,1.9531,-2.3804
-0.0164,-0.2257,1.0250,-1.7090,4.3945,-1.6479
-0.0156,-0.2196,1.0009,3.7842,4.6997,0.6104
-0.0026,-0.2001,1.0071,7.8735,2.2583,0.0610
0.0018,-0.2084,1.0161,1.8921,4.0283,-1.0986
-0.0076,-0.2291,0.9911,4.1504,4.6997,-0.4272
0.0049,-0.2146,0.9957,4.2725,1.1597,1.0986
0.0199,-0.1991,1.0293,3.8452,0.7324,1.7090
0.0254,-0.1711,1.0151,5.4932,2.5635,0.3052
0.0078,-0.2179,1.0083,4.0894,4.6387,-2.5635
0.0040,-0.2107,1.0038,1.5869,2.6245,-1.8921
0.0078,-0.2019,1.0056,7.8125,0.9766,-0.5493
-0.0023,-0.2081,1.0043,2.3193,1.6479,-1.8921
-0.0144,-0.2174,1.0088,3.4180,1.3428,-1.5869
-0.0117,-0.2279,1.0277,5.3711,1.2817,-0.4272
0.0001,-0.1918,1.0175,6.1646,3.9062,0.2441
-0.0040,-0.2086,0.9973,2.0752,5.3101,-0.9155
-0.0021,-0.2251,0.9961,7.1411,2.0142,0.1221
0.0118,-0.2006,1.0129,6.8359,1.7090,1.4038
0.0143,-0.1865,1.0188,4.3335,2.6245,0.0610
0.0056,-0.1853,0.9954,5.7373,3.7842,-1.0376
-0.0005,-0.2089,1.0338,6.0425,0.7324,-2.4414
-0.0068,-0.2235,1.0347,4.1504,5.0049,-0.9155
-0.0024,-0.2032,0.9824,2.1973,6.8359,0.4883
0.0055,-0.1896,0.9983,3.8452,2.3193,-1.2817
0.0049,-0.2194,1.0201,8.1787,1.7700,-0.7935
0.0105,-0.1947,1.0011,8.1177,1.6479,0.9155
0.0145,-0.2000,1.0236,1.5259,3.6011,-1.2207
0.0073,-0.2079,1.0034,6.1646,4.3335,-1.4038
0.0077,-0.2089,0.9945,9.3994,2.1362,-0.6104
0.0120,-0.2134,1.0029,3.9673,2.3193,-0.3052
0.0133,-0.2014,1.0107,8.3618,1.1597,-1.2207
0.0055,-0.2035,1.0010,4.5166,2.8076,-0.6104
-0.0039,-0.2047,1.0073,7.8125,0.5493,-1.2817
0.0001,-0.2114,1.0282,6.8970,0.9155,-0.2441
0.0040,-0.2113,1.0055,7.0801,3.7231,-0.2441
0.0011,-0.2059,0.9800,9.9487,3.2959,0.3662
0.0004,-0.2245,0.9949,5.0659,2.0142,-0.9766
0.0094,-0.2064,1.0222,8.4229,1.0986,-0.4272
0.0074,-0.2014,1.0085,5.1880,3.5400,-0.8545
0.0026,-0.2074,0.9984,5.0049,3.3569,-0.8545
0.0034,-0.2146,1.0232,6.7139,1.2207,-1.0376
0.0016,-0.2168,0.9966,5.4321,4.1504,-0.7935
0.0009,-0.2185,1.0105,6.2256,3.0518,-1.5259
0.0000,-0.2181,0.9962,5.6763,3.7231,-0.7324
-0.0001,-0.2152,0.9985,1.9531,2.3804,-0.4272
0.0050,-0.1970,1.0381,4.5166,0.4272,0.6104
FIN_VENTANA
Progreso: 11/20
INICIO_VENTANA arriba
0.0085,-0.2140,1.0250,5.3711,2.3804,-1.8921
0.0040,-0.2186,1.0201,7.0190,3.8452,-0.9766
0.0055,-0.2015,0.9821,7.2632,3.5400,1.0986
0.0133,-0.1949,1.0121,3.3569,0.2441,-1.0376
0.0018,-0.2161,1.0317,6.1646,2.0752,-2.2583
-0.0082,-0.2272,0.9980,4.5166,5.4321,-1.5259
-0.0042,-0.2147,0.9868,8.1787,0.5493,0.0000
0.0117,-0.2084,1.0349,7.0190,0.3052,0.2441
0.0046,-0.2063,0.9961,2.9297,6.7139,-0.1221
-0.0013,-0.1993,0.9663,3.9062,2.1973,-1.1597
0.0004,-0.2219,1.0348,5.1270,-1.4038,-2.1973
0.0004,-0.2117,1.0367,6.3477,2.5635,0.4883
0.0026,-0.2053,1.0017,2.9907,6.0425,0.0000
0.0040,-0.2187,0.9990,4.8218,2.7466,-2.1362
0.0067,-0.2108,1.0182,3.3569,0.4883,-0.2441
0.0112,-0.1992,1.0283,1.4648,3.9062,0.4272
0.0094,-0.1903,1.0085,4.7607,4.0894,-0.6714
0.0048,-0.2108,1.0009,7.5684,3.4790,-1.3428
0.0054,-0.2023,1.0017,5.4932,2.3804,0.0000
0.0093,-0.1841,1.0121,7.3242,0.1221,-0.7324
-0.0015,-0.2365,1.0286,7.8125,3.0518,-0.9155
0.0017,-0.2319,1.0063,7.8125,4.2725,-0.5493
0.0114,-0.2159,0.9801,1.9531,5.6763,0.2441
0.0179,-0.2180,0.9888,3.4790,1.4038,0.1221
0.0325,-0.1904,1.0116,7.3242,-1.3428,-0.0610
0.0320,-0.2036,1.0419,3.3569,2.3804,-2.3804
0.0059,-0.2247,0.9551,0.4883,9.0942,-2.5635
-0.0122,-0.2371,1.0076,2.6855,-4.9438,-2.8687
-0.0018,-0.1852,1.0366,3.4180,-2.4414,1.6479
0.0022,-0.1785,1.0599,-3.1128,0.3052,-1.0986
-0.0062,-0.1836,1.0264,4.2114,3.4790,-0.9155
-0.0059,-0.1971,0.9966,7.5684,2.4414,0.1221
0.0121,-0.1903,1.0366,9.3994,-0.9155,-0.1221
0.0190,-0.1844,1.0171,8.8501,3.0518,-0.2441
0.0099,-0.2004,0.9971,7.0190,4.4556,-3.0518
-0.0092,-0.2308,0.9939,4.2725,1.5259,-2.2583
-0.0009,-0.2107,1.0046,7.5073,-0.4883,0.2441
0.0022,-0.1786,1.0154,9.0942,-1.5259,0.0000
-0.0195,-0.2094,1.0028,2.8076,1.8921,-2.7466
-0.0270,-0.2224,0.9995,0.7324,-1.5259,-2.1973
-0.0068,-0.2084,1.0624,5.0659,-3.6011,2.1973
-0.0016,-0.1726,0.9987,6.8359,6.7749,1.8921
-0.0056,-0.1996,1.0114,4.2114,2.7466,-1.2207
-0.0032,-0.2081,1.0460,9.0942,2.7466,-0.8545
-0.0093,-0.2280,1.0010,12.0239,7.6294,-0.4883
-0.0039,-0.2333,0.9486,6.0425,5.3101,0.6104
0.0093,-0.2360,0.9727,8.8501,-1.5869,1.5869
0.0306,-0.1849,1.0533,7.5073,-2.4414,0.5493
0.0122,-0.2001,1.0089,4.7607,3.2959,-2.0142
-0.0046,-0.2230,1.0048,-0.7324,3.1738,-2.8687
-0.0093,-0.1992,1.0214,5.1270,0.7935,-1.4038
-0.0090,-0.2015,1.0120,10.2539,1.5259,-1.5259
-0.0175,-0.2090,1.0005,4.3945,2.4414,-3.1738
-0.0298,-0.2460,1.0123,6.5918,1.7090,-1.8311
-0.0216,-0.2073,1.0200,6.2866,2.3804,0.1831
-0.0164,-0.1769,1.0182,4.3945,3.1128,-2.0752
-0.0326,-0.2229,1.0472,0.9155,5.7983,-4.1504
-0.0317,-0.2535,1.0210,7.5073,7.5684,-1.4038
-0.0040,-0.2478,0.9578,7.8125,8.0566,2.1973
0.0330,-0.2308,0.9561,8.4839,0.6714,2.8076
0.0526,-0.1873,0.9601,4.0283,-0.6104,2.0752
0.0470,-0.1731,1.0424,0.9155,-4.3335,-4.5776
0.0149,-0.1859,1.0173,2.7466,2.1973,-1.5259
0.0087,-0.1857,1.0354,8.1177,-1.9531,-4.5776
-0.0070,-0.2142,1.0450,10.3149,0.8545,-5.3101
-0.0377,-0.2511,0.9968,6.2256,7.2632,-5.7983
-0.0511,-0.2631,0.9514,7.8735,2.8687,-4.4556
-0.0470,-0.2507,0.9971,4.0283,1.0986,-0.1221
-0.0273,-0.2211,0.9974,0.8545,1.2207,0.2441
-0.0286,-0.1936,1.0087,2.2583,-0.3662,0.5493
-0.0276,-0.1826,1.0211,-0.6104,0.3662,-0.4883
-0.0214,-0.2018,1.0704,-0.1831,1.9531,-1.7700
-0.0040,-0.2015,1.0551,11.4136,4.0283,0.9155
0.0027,-0.2047,0.9644,6.7749,7.7515,0.5493
-0.0006,-0.2345,0.9904,2.6245,2.1362,-4.0283
-0.0083,-0.2316,1.0237,3.2349,-0.1221,-1.7090
-0.0129,-0.2144,0.9994,0.3052,3.8452,-0.8545
-0.0042,-0.1979,1.0265,0.3662,0.5493,-1.5869
-0.0012,-0.2124,1.0206,1.8311,2.9297,-1.6479
-0.0032,-0.1874,1.0065,4.3945,2.8687,-0.9766
-0.0189,-0.1692,1.0287,5.5542,0.4272,-2.5635
-0.0380,-0.2187,1.0475,10.4370,1.8311,-2.8687
-0.0355,-0.2365,1.0181,7.8735,6.4697,-1.4648
-0.0161,-0.2257,0.9783,12.6343,4.3335,0.3662
-0.0054,-0.2404,0.9766,9.0942,1.8311,1.0986
0.0035,-0.2205,0.9880,11.5967,-0.6714,1.7090
-0.0031,-0.1842,0.9902,3.7842,0.7324,-0.3052
-0.0299,-0.2007,1.0295,4.5166,-0.7935,-3.5400
-0.0355,-0.2311,1.0836,5.9814,0.6104,-1.8311
-0.0238,-0.2256,1.0271,3.1738,8.4229,0.8545
-0.0099,-0.1886,0.9606,12.8784,4.8828,0.9766
-0.0104,-0.2175,0.9962,3.5400,3.4180,-2.3804
-0.0088,-0.2352,1.0653,5.0049,6.2256,-1.8921
-0.0157,-0.1952,0.9872,8.9111,9.5215,-1.2207
-0.0261,-0.2482,0.9745,6.5308,5.4321,-2.8076
-0.0153,-0.2723,1.0040,9.7656,2.8687,-0.1831
0.0024,-0.2228,0.9738,7.0190,3.9673,3.0518
0.0157,-0.2267,1.0195,1.7090,0.4883,-0.4883
0.0165,-0.2209,1.0117,2.8687,3.7231,0.6714
0.0052,-0.1995,0.9771,5.0049,2.8687,-0.3052
FIN_VENTANA
Progreso: 12/20
INICIO_VENTANA arriba
0.0024,-0.2524,0.9697,6.0425,3.5400,-0.7935
-0.0001,-0.2349,0.9962,3.3569,0.6104,-1.1597
-0.0123,-0.2224,1.0028,3.9062,1.0986,-0.3052
-0.0187,-0.2098,1.0238,1.7700,0.9766,-1.2207
-0.0201,-0.2180,1.0350,3.9673,1.6479,-1.2207
-0.0125,-0.2482,1.0139,8.6060,5.0049,-0.2441
0.0020,-0.2373,0.9724,8.4229,4.2114,1.2817
0.0120,-0.2482,0.9731,6.4087,1.0376,-0.7935
0.0222,-0.2598,1.0079,7.4463,-1.4648,-0.2441
0.0211,-0.2026,0.9865,2.8076,0.4272,1.4648
0.0049,-0.1962,1.0048,3.6011,-2.8076,-2.5635
-0.0190,-0.2268,1.0658,3.5400,0.3052,-4.2725
-0.0369,-0.2363,1.0358,7.2021,4.0283,-1.6479
-0.0372,-0.2168,0.9783,7.1411,5.6152,-0.0610
-0.0187,-0.2482,1.0089,6.1035,3.5400,-1.0986
-0.0131,-0.2627,0.9995,4.7607,4.6997,-0.6104
-0.0082,-0.2578,0.9666,5.3711,4.2114,1.8311
0.0125,-0.2313,1.0117,3.7231,-0.6714,1.9531
0.0216,-0.2081,1.0153,-0.3662,3.9673,1.7090
0.0162,-0.2163,1.0197,5.6763,1.7700,-1.2817
0.0084,-0.2233,1.0002,5.0659,0.6714,0.4272
0.0198,-0.2036,1.0154,8.4229,0.7324,0.7935
0.0168,-0.2168,1.0297,7.8735,3.2959,-2.5635
-0.0007,-0.2190,0.9886,5.3101,6.3477,-2.8076
-0.0173,-0.2520,1.0120,0.6104,5.9814,-4.4556
-0.0306,-0.2504,0.9705,7.0801,5.9814,-3.2349
-0.0184,-0.2316,1.0186,7.3242,3.2959,-3.4180
-0.0234,-0.2120,0.9702,1.4038,6.0425,-2.1362
-0.0280,-0.2627,1.0275,1.7700,4.4556,-4.0894
-0.0157,-0.2501,1.0341,8.6670,3.7231,-2.0142
-0.0006,-0.2567,0.9888,6.1646,8.0566,1.4648
0.0223,-0.2152,0.9598,4.6387,4.6387,2.1362
0.0424,-0.2106,1.0165,1.6479,1.3428,-0.2441
0.0352,-0.2109,1.0338,2.3193,3.4790,-2.6245
0.0171,-0.2137,1.0015,3.0518,5.4932,-2.3193
0.0037,-0.2496,0.9971,5.9204,3.2349,-3.2349
0.0076,-0.2495,1.0013,4.9438,3.8452,-1.3428
0.0059,-0.2312,0.9716,2.8687,4.2725,-0.0610
0.0044,-0.2285,0.9951,3.7231,-0.1221,-1.4038
0.0005,-0.2255,1.0189,3.9673,0.2441,-0.6714
0.0002,-0.2166,1.0156,3.4180,1.8921,-1.0376
-0.0001,-0.1919,0.9912,8.7280,0.9766,-0.1831
-0.0002,-0.2230,1.0574,5.1880,1.5259,-2.0752
-0.0029,-0.2161,1.0070,6.7139,5.0659,-0.5493
-0.0007,-0.2167,1.0095,11.5967,3.7231,0.5493
-0.0071,-0.2131,0.9955,4.2114,6.1646,-1.2817
-0.0115,-0.2572,1.0332,2.0142,4.3335,-3.1128
0.0026,-0.2775,1.0172,5.0049,7.2632,0.3052
0.0275,-0.2573,0.9489,1.8921,9.8877,4.0894
0.0588,-0.1990,0.9313,2.4414,1.5259,4.3945
0.0664,-0.1730,1.0342,1.5869,-3.1128,0.0610
0.0330,-0.1862,1.0612,6.8359,1.8311,-1.9531
-0.0026,-0.1884,0.9996,6.6528,6.7139,-1.8311
-0.0072,-0.2247,1.0228,7.7515,3.2349,-3.4790
0.0000,-0.2531,1.0052,9.9487,5.0659,-1.4648
0.0149,-0.2626,0.9989,9.8267,4.5166,-0.1221
0.0243,-0.2402,0.9503,2.8076,6.9580,1.6479
0.0365,-0.2126,0.9935,3.0518,-0.1831,-15.5029
0.0208,-0.1954,1.0166,2.5635,1.6479,-1.5259
0.0093,-0.2083,1.0267,4.3335,0.1221,-2.3193
0.0076,-0.2155,1.0172,4.6387,2.3193,-1.2207
0.0062,-0.2183,1.0216,6.6528,3.3569,-1.8311
0.0011,-0.2280,1.0103,4.9438,4.3945,-0.6104
0.0077,-0.2172,0.9890,8.4229,2.9907,0.3052
0.0197,-0.2323,1.0131,4.9438,2.5635,-1.0376
0.0239,-0.2499,0.9972,5.1270,4.9438,-0.4883
0.0314,-0.2299,0.9729,6.1646,2.0142,0.7935
0.0356,-0.2195,0.9973,5.0049,-1.0376,0.0000
0.0287,-0.2047,1.0232,0.0000,0.1221,-0.3052
0.0156,-0.1958,1.0176,1.0376,0.7935,-2.1973
-0.0035,-0.2241,1.0199,2.9907,2.8687,-1.5869
0.0056,-0.2133,1.0233,6.4087,1.8311,-0.0610
0.0074,-0.2114,1.0018,9.4604,4.4556,0.5493
0.0099,-0.2290,1.0072,5.7373,4.0283,-1.2207
0.0134,-0.2286,0.9855,6.2866,4.3945,-0.2441
0.0107,-0.2396,0.9973,5.6152,2.0752,0.3662
0.0238,-0.2247,1.0262,7.5073,0.9155,1.5869
0.0364,-0.2030,1.0004,4.1504,6.9580,2.3193
0.0400,-0.1852,0.9806,11.5967,1.8311,0.2441
0.0352,-0.2106,1.0341,8.4839,1.0986,-1.7090
0.0221,-0.2333,1.0146,4.5776,5.0659,-1.9531
0.0201,-0.2449,0.9976,5.9204,5.6763,-1.5259
0.0217,-0.2153,0.9768,10.7422,1.4038,0.0610
0.0203,-0.2372,1.0012,4.6387,-0.3662,-1.3428
0.0140,-0.2356,1.0122,8.6060,1.0376,-0.5493
0.0134,-0.2247,1.0005,5.3101,2.8076,0.1831
0.0149,-0.2281,1.0198,5.8594,1.2817,-0.6104
0.0195,-0.2310,1.0006,6.5308,2.1973,0.9155
0.0260,-0.2319,0.9961,5.5542,1.2817,0.0610
0.0276,-0.2255,1.0004,3.1128,1.4038,-1.7090
0.0162,-0.2542,1.0400,3.0518,3.2959,-2.0142
0.0092,-0.2144,0.9664,2.5024,6.0425,1.4648
0.0103,-0.2045,1.0000,4.2114,-1.1597,-1.1597
0.0074,-0.2294,1.0459,3.5400,-0.3052,-1.5259
0.0126,-0.2512,1.0262,2.6855,3.9673,0.6104
0.0260,-0.2263,0.9836,5.7983,5.0659,2.6245
0.0365,-0.2039,0.9475,5.6152,1.5869,1.8311
0.0425,-0.2064,1.0063,7.8125,-3.9062,-2.5635
0.0090,-0.2451,1.0496,1.8921,5.6763,-3.8452
-0.0052,-0.2269,0.9985,3.8452,6.0425,-0.7935
FIN_VENTANA
Progreso: 13/20
INICIO_VENTANA arriba
0.0208,-0.2189,1.0293,7.2632,1.3428,-2.4414
0.0043,-0.2217,1.0010,5.2490,4.0283,-1.8311
0.0023,-0.2245,0.9968,6.8359,2.3804,-1.0986
0.0098,-0.2187,1.0216,2.4414,4.2114,0.3662
0.0144,-0.2139,0.9956,5.9814,4.0894,-0.7935
0.0167,-0.2134,0.9834,9.5215,1.7700,-0.1831
0.0193,-0.2179,1.0194,5.4932,1.3428,-1.6479
0.0186,-0.2084,1.0217,2.3804,2.1362,-1.8311
0.0081,-0.2327,1.0011,5.7983,4.5166,-1.0986
0.0156,-0.2101,1.0017,7.3242,2.7466,-0.2441
0.0217,-0.2048,1.0093,4.1504,2.1362,-1.8921
0.0153,-0.2234,0.9918,8.9722,5.6763,-2.2583
0.0115,-0.2307,1.0004,6.2256,3.6621,-2.2583
0.0081,-0.2330,1.0004,5.0049,1.6479,-0.9155
0.0155,-0.2294,1.0084,7.4463,0.4883,0.9155
0.0254,-0.2114,1.0159,7.4463,0.8545,0.5493
0.0231,-0.2198,0.9948,4.3945,3.2959,-0.6714
0.0168,-0.2179,0.9971,7.5684,0.7935,-1.3428
0.0205,-0.2131,1.0432,3.3569,0.3052,-1.1597
0.0139,-0.2236,1.0017,4.6997,5.9814,-0.4272
0.0160,-0.2133,0.9852,6.4087,2.6855,-0.9766
0.0193,-0.2113,1.0145,8.7280,-0.2441,-1.0376
0.0085,-0.2433,1.0332,2.6855,2.8687,-1.8311
0.0074,-0.2223,0.9805,7.3242,3.7842,0.4883
0.0170,-0.2231,1.0031,5.6152,1.4038,-0.7324
0.0145,-0.2427,1.0138,2.5024,3.7842,-0.7324
0.0195,-0.2028,0.9828,8.4229,2.3193,1.8311
0.0288,-0.2104,1.0269,5.1270,0.7935,-1.7700
0.0164,-0.2217,1.0254,2.0142,4.2114,-1.7090
0.0038,-0.2389,0.9803,5.6152,4.3945,-1.0986
0.0156,-0.2156,1.0088,7.9346,-0.6714,-0.7935
0.0184,-0.2379,1.0251,4.3945,3.8452,-0.3662
0.0082,-0.2126,0.9442,6.6528,4.6997,1.0986
0.0129,-0.2206,1.0223,3.2959,-1.8921,-1.1597
0.0189,-0.2274,1.0544,2.1362,1.5259,-0.8545
0.0197,-0.2139,1.0049,10.3760,4.8218,0.7324
0.0311,-0.2078,0.9928,5.0049,3.9062,-0.2441
0.0292,-0.2180,0.9911,1.4648,4.4556,-2.1362
0.0146,-0.2231,1.0059,5.7983,2.4414,-3.0518
-0.0023,-0.2445,0.9938,6.7139,4.8828,-1.4038
0.0067,-0.2151,1.0009,5.1880,0.3052,1.1597
0.0216,-0.2075,1.0165,4.3335,1.5259,0.2441
0.0121,-0.2241,1.0214,5.7983,3.2349,-1.5259
0.0107,-0.2280,0.9932,6.8359,2.4414,0.3052
0.0258,-0.2185,1.0006,6.1646,1.5869,0.4272
0.0305,-0.2084,1.0302,6.4087,0.9155,-1.4038
0.0170,-0.2308,0.9976,3.9062,5.9204,-0.9155
0.0201,-0.2252,0.9777,5.3101,3.6011,-0.4272
0.0272,-0.2020,0.9963,9.7046,-1.4648,-0.2441
0.0200,-0.2264,1.0437,4.0894,1.4038,-1.8311
0.0043,-0.2306,1.0028,6.1646,5.0659,-1.5259
0.0057,-0.2242,0.9717,10.3760,2.3193,0.6104
0.0228,-0.2252,1.0304,5.6152,0.0000,-0.8545
0.0198,-0.2141,0.9738,4.6387,5.0049,-1.7090
0.0114,-0.2450,0.9890,7.5073,1.8311,-1.0986
0.0277,-0.2112,1.0251,5.9204,0.7935,-0.0610
0.0206,-0.2120,0.9962,4.0283,4.4556,-1.8311
0.0001,-0.2540,0.9840,4.7607,3.8452,-2.9297
0.0051,-0.2454,1.0310,7.0801,-1.3428,-0.1221
0.0219,-0.1985,1.0132,3.9673,4.3945,1.6479
0.0176,-0.2045,0.9847,4.1504,4.6387,-0.4272
0.0144,-0.2454,1.0261,6.4697,0.6104,-2.6245
0.0148,-0.2251,1.0012,2.8687,4.6997,1.0986
0.0216,-0.2042,1.0011,2.9297,2.2583,0.4883
0.0250,-0.2128,1.0298,4.2114,1.7700,-1.3428
0.0153,-0.2245,1.0017,6.0425,4.2114,-1.2207
0.0107,-0.2343,0.9867,6.9580,3.2959,-0.9766
0.0189,-0.2240,1.0229,6.0425,1.0376,-0.6714
0.0198,-0.2214,1.0085,3.2349,4.2725,0.2441
0.0182,-0.2203,0.9794,7.2632,2.5635,-0.5493
0.0200,-0.2355,1.0150,6.1646,1.1597,-1.6479
0.0247,-0.2056,1.0055,3.0518,2.9297,0.7324
0.0237,-0.2067,1.0171,1.4038,3.7231,-0.8545
0.0204,-0.2225,1.0298,5.3101,2.3193,-2.8687
0.0143,-0.2242,1.0015,7.1411,4.0894,-1.0376
0.0138,-0.2300,0.9840,4.9438,3.7231,-0.4272
0.0206,-0.2220,1.0032,3.0518,0.6714,0.3662
0.0294,-0.2009,1.0087,2.3804,1.5869,-0.1831
0.0222,-0.2068,1.0139,3.1128,2.6245,-1.9531
0.0100,-0.2333,1.0096,5.0659,1.6479,-2.1362
0.0159,-0.2216,1.0011,6.8970,1.6479,0.7935
0.0217,-0.2052,1.0089,5.8594,2.6245,-0.6104
0.0144,-0.2120,1.0006,3.5400,3.1128,-1.7090
0.0148,-0.2185,1.0098,6.4697,2.1973,-1.7090
0.0092,-0.2363,1.0109,6.1035,2.0752,-0.4272
0.0288,-0.2118,1.0233,3.4180,2.4414,1.0986
0.0315,-0.1995,0.9805,3.6011,5.1880,0.0000
0.0198,-0.2084,0.9945,7.5073,-0.6104,-2.6245
0.0201,-0.2159,1.0437,4.0283,0.9155,-1.4648
0.0156,-0.2100,1.0079,7.3853,3.9673,-0.8545
0.0095,-0.2262,1.0129,4.8218,3.4790,-2.0752
0.0110,-0.2317,1.0020,5.0659,3.9673,-0.6104
0.0121,-0.2169,0.9764,3.6621,2.5024,0.9155
0.0237,-0.1993,1.0096,4.3945,-0.4883,-0.2441
0.0190,-0.2059,1.0372,3.4180,1.7700,-1.0376
0.0129,-0.2168,1.0245,4.3945,3.4180,-1.5259
0.0236,-0.2054,1.0004,5.3711,5.2490,0.9766
0.0302,-0.2048,0.9995,1.0986,4.2725,-1.0986
0.0210,-0.2159,0.9983,3.5400,3.2959,-1.8921
0.0093,-0.2213,1.0083,7.6294,1.0986,-1.2817
FIN_VENTANA
Progreso: 14/20
INICIO_VENTANA arriba
0.0055,-0.2371,0.9939,7.8125,3.9673,-1.5869
0.0094,-0.2263,0.9841,7.0801,2.0752,0.5493
0.0239,-0.1968,1.0028,8.7280,-1.7090,-0.5493
0.0188,-0.2217,1.0176,3.5400,5.0659,-0.7324
0.0172,-0.2234,0.9955,2.6855,3.9673,-0.2441
0.0299,-0.2029,1.0074,6.5308,1.7090,1.2817
0.0326,-0.2097,1.0029,8.1787,2.6855,-0.9155
0.0225,-0.2235,1.0006,3.5400,3.6621,-1.9531
0.0088,-0.2234,1.0074,3.7231,2.6855,-1.5259
0.0111,-0.1924,1.0072,7.6294,0.6714,0.3662
0.0228,-0.2069,1.0153,5.1880,2.5024,-0.1221
0.0199,-0.2050,1.0071,5.0659,4.0894,-1.9531
0.0038,-0.2405,0.9960,3.5400,4.3335,-2.0142
0.0131,-0.2284,1.0050,7.3853,1.0986,0.8545
0.0319,-0.2035,1.0171,7.5684,1.9531,1.1597
0.0262,-0.2131,0.9987,3.9673,4.3335,-1.8311
0.0127,-0.2273,0.9845,5.1270,0.6104,-0.3662
0.0236,-0.2155,1.0276,4.2114,1.9531,-0.1221
0.0204,-0.2053,1.0010,7.2632,3.7842,-0.8545
0.0132,-0.2334,0.9985,5.9814,3.5400,-1.7700
0.0162,-0.2233,0.9926,5.9814,2.4414,-0.2441
0.0165,-0.2225,1.0049,1.6479,2.0142,0.1221
0.0260,-0.2008,1.0283,4.7607,1.9531,-0.3662
0.0168,-0.2120,1.0057,8.3008,3.7842,-1.5259
0.0161,-0.2267,1.0004,6.9580,2.7466,-1.2207
0.0238,-0.2194,1.0095,4.6387,2.3193,-0.3662
0.0245,-0.2137,1.0062,7.1411,1.9531,-0.4883
0.0206,-0.2228,1.0081,4.9438,2.9297,-0.9766
0.0157,-0.2246,0.9998,4.4556,3.1128,-1.0986
0.0206,-0.2063,1.0131,5.1270,1.2207,-1.5259
0.0138,-0.2358,1.0090,7.1411,2.9907,-0.9766
0.0220,-0.2274,0.9940,10.0098,1.8921,0.1221
0.0280,-0.2194,0.9980,3.6011,3.1738,-0.3662
0.0247,-0.2135,1.0011,1.1597,2.9297,-1.4038
0.0208,-0.2078,1.0132,4.5776,1.2207,-1.5259
0.0182,-0.2166,1.0356,5.9204,1.6479,-1.7090
0.0170,-0.2195,1.0137,3.2959,5.4932,-1.4648
0.0125,-0.2332,0.9871,9.7046,1.8311,-0.5493
0.0215,-0.2272,0.9952,4.3945,2.3804,0.1221
0.0219,-0.2195,1.0023,4.5166,2.2583,-0.9155
0.0190,-0.2280,1.0040,5.9814,0.5493,-0.9766
0.0249,-0.2135,1.0217,2.5635,2.1973,0.1831
0.0266,-0.2090,1.0195,4.1504,3.4790,-1.0986
0.0220,-0.2161,1.0055,6.5918,3.3569,-1.1597
0.0160,-0.2292,0.9958,6.8359,1.2817,-0.3052
0.0168,-0.2301,1.0021,6.6528,1.4648,-1.5259
0.0160,-0.2256,1.0006,3.1738,2.7466,-0.3662
0.0228,-0.2094,1.0292,2.2583,2.0752,-1.1597
0.0095,-0.2170,0.9991,4.0894,4.6387,-1.4038
0.0100,-0.2396,1.0082,6.7139,1.5259,-0.9766
0.0243,-0.2157,0.9865,8.3008,0.7324,2.0142
0.0350,-0.2031,1.0052,6.8359,0.3052,-0.5493
0.0220,-0.2206,1.0367,3.1128,3.4790,-2.6855
0.0084,-0.2345,0.9996,5.0659,5.4321,-1.5869
0.0101,-0.2153,0.9838,5.7373,1.4648,0.0610
0.0188,-0.2242,1.0319,3.9673,0.4883,-0.6714
0.0129,-0.2219,1.0109,3.8452,4.0894,-0.2441
0.0118,-0.2272,0.9971,8.1177,2.3804,-0.1221
0.0199,-0.2170,1.0004,5.4932,1.9531,0.1221
0.0264,-0.2181,1.0132,6.6528,1.6479,-1.0376
0.0199,-0.2201,1.0104,3.9062,2.1973,0.2441
0.0238,-0.2115,1.0079,2.1973,3.4180,-0.2441
0.0294,-0.2047,1.0194,6.7139,1.5259,-1.4648
0.0178,-0.2177,1.0114,6.2866,3.7231,-1.8921
0.0039,-0.2290,0.9886,7.5073,2.1362,-1.4038
0.0110,-0.2383,1.0044,7.8735,0.5493,0.0610
0.0228,-0.2256,1.0322,7.9346,4.3945,-0.3662
0.0127,-0.2251,0.9796,2.5635,4.4556,-1.1597
0.0112,-0.2446,0.9941,3.4790,1.4648,-0.3662
0.0237,-0.2262,1.0146,5.7983,-0.6104,1.2207
0.0289,-0.2125,1.0032,7.2632,0.9155,0.3662
0.0272,-0.2142,1.0044,7.7515,1.5259,-1.4038
0.0100,-0.2301,0.9995,3.9673,1.7700,-1.4038
0.0175,-0.2297,1.0333,5.9204,1.1597,-0.6714
0.0197,-0.2128,0.9987,6.7139,4.5166,0.1221
0.0149,-0.2244,0.9856,4.5776,2.9907,-1.8921
0.0131,-0.2400,1.0278,5.9204,0.6104,-1.9531
0.0105,-0.2379,1.0007,1.5869,5.1880,-0.3662
0.0072,-0.2112,0.9661,4.3945,3.6011,0.5493
0.0142,-0.2280,1.0139,6.7749,-1.1597,-1.2817
0.0181,-0.2266,1.0155,6.4697,2.7466,-0.5493
0.0170,-0.2123,1.0096,6.0425,2.9907,-0.3662
0.0131,-0.2139,0.9890,3.7231,2.8076,-0.7324
0.0190,-0.2448,1.0304,6.5918,0.6104,-1.8311
0.0204,-0.2194,0.9977,2.9907,4.8218,0.6714
0.0109,-0.2217,0.9761,5.8594,3.6011,-0.7324
0.0067,-0.2325,1.0281,5.1270,1.0986,-1.6479
0.0111,-0.2264,1.0071,5.4932,3.1128,0.9155
0.0132,-0.2180,0.9875,3.0518,4.0283,0.6104
0.0176,-0.2340,1.0190,6.7749,0.3662,-0.6104
0.0214,-0.2280,1.0005,5.4321,2.5635,0.8545
0.0226,-0.2166,0.9868,5.6763,2.5024,-0.2441
0.0229,-0.2173,1.0210,3.4790,0.3052,-1.2207
0.0156,-0.2275,1.0197,4.7607,2.8687,-0.8545
0.0126,-0.2054,1.0012,5.5542,2.0142,-0.2441
0.0138,-0.2234,1.0199,4.3945,2.8076,-1.5869
0.0082,-0.2317,0.9908,6.2866,4.3945,-1.4648
0.0135,-0.2291,1.0034,7.7515,1.0376,-0.9766
0.0212,-0.2220,1.0231,4.5166,1.7700,-0.7324
0.0154,-0.2257,0.9768,5.4321,4.3945,-1.4038
FIN_VENTANA
Progreso: 15/20
INICIO_VENTANA arriba
0.0079,-0.2059,1.0248,2.9297,1.7700,-1.2207
0.0028,-0.2382,1.0156,2.1973,5.9204,-1.7090
0.0087,-0.2174,0.9780,2.3804,4.8828,0.7935
0.0177,-0.2087,1.0052,7.0801,0.8545,-0.2441
0.0219,-0.2029,1.0178,9.8267,-0.7324,-0.6714
0.0111,-0.2247,1.0133,4.0894,2.3804,-2.0752
0.0082,-0.2242,1.0145,2.1362,2.8076,-0.6104
0.0128,-0.2150,1.0109,2.4414,4.1504,0.0610
0.0134,-0.1996,0.9801,6.8970,2.6245,-1.6479
-0.0015,-0.2316,1.0121,1.4038,0.7935,-2.9297
-0.0098,-0.2402,1.0166,3.9062,2.2583,-0.6714
0.0093,-0.2080,1.0198,5.4321,0.2441,1.8921
0.0193,-0.1932,1.0139,1.7090,3.5400,1.1597
0.0186,-0.1906,1.0160,0.9155,4.6387,-0.9766
0.0125,-0.1968,0.9954,5.0659,0.9155,-2.1973
0.0145,-0.2181,1.0308,5.5542,2.5024,-0.9766
0.0121,-0.2246,1.0059,3.9673,5.0659,-0.4883
0.0175,-0.1925,0.9767,3.7842,3.8452,0.4883
0.0159,-0.2083,1.0112,3.5400,0.9155,-2.0752
0.0083,-0.2173,1.0260,6.2256,1.6479,-1.7700
0.0046,-0.2222,1.0154,4.8828,5.3101,-0.2441
0.0186,-0.1870,0.9990,6.8970,2.8076,-0.9155
0.0181,-0.1932,1.0106,4.0894,4.2725,-0.9155
0.0128,-0.2117,1.0006,4.4556,3.2959,-1.4648
0.0150,-0.2219,1.0042,7.3853,1.8311,-0.6714
0.0226,-0.2045,1.0073,7.5684,1.8921,0.2441
0.0186,-0.1951,1.0005,4.9438,3.0518,-0.8545
0.0083,-0.2107,1.0023,7.3242,-0.1831,-2.0752
0.0094,-0.2239,1.0161,4.2725,1.8311,-1.2207
0.0183,-0.2034,1.0165,5.9204,1.6479,-1.0376
0.0200,-0.2040,0.9918,4.9438,2.6855,0.0000
0.0170,-0.2147,1.0013,2.2583,2.7466,-1.8921
0.0111,-0.2042,1.0076,3.7842,1.8921,-1.7090
0.0037,-0.2134,1.0173,6.3477,2.0752,-1.2817
0.0134,-0.2074,1.0317,6.2866,1.7700,-0.3662
0.0175,-0.1906,0.9921,5.1880,5.6152,-0.4272
0.0079,-0.2128,1.0070,7.3242,2.8687,-1.7090
0.0059,-0.2144,1.0067,7.3853,3.1128,-0.9155
0.0079,-0.2053,1.0005,7.3242,2.1973,-0.6104
0.0101,-0.2292,1.0292,9.9487,0.4883,-1.2817
0.0131,-0.2308,1.0099,6.6528,5.5542,0.1221
0.0127,-0.2200,0.9657,2.1973,5.7373,0.6104
0.0159,-0.2103,0.9894,3.8452,0.6104,0.3662
0.0264,-0.1964,1.0370,4.2725,-1.5869,-1.3428
0.0095,-0.2272,1.0183,-0.1221,6.1646,-0.4883
0.0111,-0.2013,0.9536,8.5449,2.8687,1.4038
0.0229,-0.2050,1.0172,5.5542,-1.4648,-0.7935
0.0197,-0.2081,1.0360,5.1880,0.0610,-1.4038
0.0132,-0.2170,1.0060,6.4087,4.7607,-1.4648
0.0193,-0.2015,1.0116,4.4556,4.0894,-1.4038
0.0156,-0.2023,0.9983,4.6387,2.3193,-2.0752
0.0109,-0.2357,0.9921,7.9346,2.9297,-0.8545
0.0142,-0.2080,0.9873,4.8218,1.2817,-0.2441
0.0133,-0.2053,1.0305,0.3662,0.3052,-1.4648
0.0070,-0.2100,1.0074,3.9673,3.2959,-0.6714
0.0146,-0.1957,1.0187,7.6294,2.1973,-1.0986
0.0100,-0.2046,1.0018,6.7749,3.5400,-0.6714
0.0083,-0.2500,1.0042,9.0332,0.6714,-1.1597
0.0160,-0.2266,1.0056,8.1787,2.1362,-0.2441
0.0209,-0.2090,1.0061,2.5024,3.4790,0.1221
0.0150,-0.2026,0.9860,0.5493,4.2725,-0.6104
0.0140,-0.2178,1.0105,3.0518,0.3662,-1.5259
0.0120,-0.2053,1.0233,9.0942,0.7935,-0.0610
0.0139,-0.2021,1.0011,4.3945,3.0518,-0.1221
0.0112,-0.2047,1.0157,1.3428,4.2725,-1.7090
0.0065,-0.2069,1.0056,6.5308,2.1973,-0.4883
0.0125,-0.2053,0.9922,8.9111,1.6479,-0.2441
0.0094,-0.2211,1.0127,4.8828,1.9531,-1.2207
0.0103,-0.2054,1.0133,5.9204,1.1597,-0.1831
0.0103,-0.2111,1.0200,7.6904,1.2817,-0.0610
0.0098,-0.2024,1.0029,1.7700,4.4556,0.4272
0.0078,-0.2024,1.0187,6.6528,0.4883,-2.2583
0.0100,-0.2336,1.0292,5.6152,4.0283,-0.3662
0.0157,-0.1958,0.9771,3.9673,5.6152,1.8311
0.0157,-0.1884,0.9939,4.4556,0.9155,0.3662
0.0103,-0.2073,1.0282,5.1270,0.2441,-2.0142
0.0062,-0.2208,1.0276,7.2021,3.2349,-0.6714
0.0083,-0.2283,0.9916,6.9580,4.5776,1.7090
0.0254,-0.1877,0.9918,4.2114,2.0752,0.6714
0.0228,-0.1970,1.0223,6.2256,-0.4883,-1.2817
0.0096,-0.2356,1.0204,5.7373,3.7231,-1.7700
0.0181,-0.2017,1.0029,10.8643,2.4414,0.9155
0.0232,-0.1992,1.0009,3.9673,4.0283,-0.4272
0.0125,-0.2239,1.0062,1.9531,4.5166,-2.1973
0.0093,-0.2213,0.9912,5.7983,3.7231,-1.0376
0.0145,-0.2087,0.9978,3.7231,2.8687,-0.8545
0.0150,-0.2030,1.0090,6.5918,0.7324,-0.9155
0.0074,-0.2231,1.0209,5.7373,2.3804,-0.9766
0.0146,-0.2046,1.0165,6.1035,2.7466,-0.1831
0.0148,-0.2054,1.0042,3.2959,3.7231,-0.1221
0.0153,-0.2196,0.9998,7.6294,2.5024,-0.7935
0.0167,-0.2118,1.0024,7.6294,0.5493,-0.4883
0.0222,-0.2228,1.0242,4.7607,3.1738,-0.3662
0.0129,-0.2052,1.0027,0.9766,4.8218,-0.6104
0.0104,-0.2002,1.0012,3.7231,1.6479,-1.0376
0.0128,-0.2198,1.0148,6.1035,0.7324,-1.0986
0.0159,-0.2180,1.0175,7.5073,2.3193,-0.7935
0.0131,-0.2039,0.9897,8.9111,3.4180,0.1221
0.0118,-0.2197,1.0049,7.0190,1.3428,-0.8545
0.0132,-0.2112,1.0162,3.1128,1.9531,-1.0986
FIN_VENTANA
Progreso: 16/20
INICIO_VENTANA arriba
0.0138,-0.2150,0.9834,7.4463,3.4790,-1.1597
0.0148,-0.2140,1.0087,5.0659,0.4272,-1.3428
0.0149,-0.2141,1.0210,7.6294,0.6714,-0.2441
0.0173,-0.2119,1.0282,2.9907,3.9062,-0.6104
0.0170,-0.2032,0.9907,2.6855,4.6387,0.0000
0.0212,-0.2103,0.9956,7.7515,0.8545,-1.4038
0.0088,-0.2328,1.0035,4.0283,1.8921,-1.5869
0.0078,-0.2253,1.0151,0.6104,3.2959,-0.1221
0.0190,-0.1816,1.0061,3.7231,1.4648,0.9155
0.0128,-0.2025,1.0183,4.2114,2.4414,-1.2817
0.0122,-0.2114,1.0126,4.3945,1.7090,-1.0986
0.0162,-0.2245,1.0161,6.6528,1.8311,-0.5493
0.0204,-0.1912,0.9924,7.9956,1.7090,1.4038
0.0156,-0.2079,1.0173,7.8735,15.1367,-1.2207
0.0068,-0.2101,1.0023,5.2490,3.1128,-0.9766
0.0089,-0.2201,1.0095,9.7046,-0.1221,-1.2207
0.0121,-0.2205,1.0192,0.9155,3.7231,-0.4883
0.0101,-0.2076,1.0042,0.2441,4.3335,-0.4883
0.0133,-0.1884,0.9894,10.4980,0.7935,-0.2441
0.0073,-0.2294,1.0299,5.1880,1.5869,-2.6245
0.0029,-0.2201,1.0133,2.8687,4.6387,0.0000
0.0104,-0.2051,0.9961,6.9580,2.9297,0.3052
0.0115,-0.2150,0.9913,6.2866,2.3804,-1.3428
0.0079,-0.2229,1.0093,7.4463,0.0000,-0.6104
0.0167,-0.2114,1.0179,4.3335,1.3428,0.1831
0.0182,-0.1991,1.0056,6.4697,2.4414,-0.3052
0.0048,-0.2169,1.0093,3.1128,3.3569,-1.5259
0.0090,-0.2111,1.0092,7.2632,1.4038,-1.3428
0.0116,-0.2153,1.0149,3.7231,4.4556,-0.7324
0.0077,-0.2123,0.9810,6.7749,3.2959,-1.0986
0.0073,-0.2198,1.0107,6.4697,1.0376,-1.2817
0.0122,-0.2076,1.0278,4.5776,2.3804,-0.4272
0.0088,-0.2185,1.0172,5.0049,4.7607,-1.1597
0.0082,-0.2168,0.9846,8.4229,4.1504,-0.4883
0.0177,-0.2148,1.0024,5.0049,0.9766,-0.3662
0.0198,-0.2089,1.0057,3.2959,3.9062,-0.9155
0.0082,-0.2155,0.9900,4.2114,2.8076,-1.5869
0.0092,-0.2133,1.0078,4.6997,0.9155,-1.0376
0.0165,-0.2069,1.0261,5.9814,2.1362,-0.8545
0.0109,-0.1874,0.9985,6.5308,4.1504,-1.6479
0.0009,-0.2341,1.0201,5.4932,3.4180,-2.8076
0.0018,-0.2419,1.0006,9.8877,2.5024,-0.6714
0.0061,-0.2211,0.9817,6.5918,2.4414,2.0142
0.0090,-0.2052,1.0020,4.2725,-0.5493,1.5259
0.0089,-0.2061,1.0310,3.0518,0.6714,0.1831
0.0100,-0.2184,1.0306,5.3711,2.5024,-0.4883
0.0195,-0.2094,0.9899,4.8218,3.8452,1.2817
0.0255,-0.2114,0.9944,2.1362,2.7466,0.0000
0.0201,-0.2125,1.0112,3.3569,1.4038,-0.9766
0.0105,-0.2180,1.0227,5.1270,2.6855,-0.4883
0.0117,-0.2052,1.0016,8.3008,3.8452,-0.1831
0.0121,-0.2019,0.9749,7.9956,3.0518,-1.1597
0.0083,-0.2311,1.0366,6.1646,0.3662,-2.8076
0.0038,-0.2168,1.0134,4.3945,5.1880,0.8545
0.0051,-0.2125,0.9888,6.7139,3.1738,-0.0610
0.0157,-0.2117,1.0269,8.9722,1.0986,-0.6104
0.0098,-0.2303,0.9861,0.8545,7.3242,0.3662
0.0170,-0.2039,0.9531,5.6152,1.8311,0.9766
0.0297,-0.2000,1.0370,7.3853,-4.6387,-0.6714
0.0111,-0.2213,1.0291,5.3711,3.1738,-1.5259
0.0055,-0.2136,1.0099,5.6763,2.3193,-1.0376
0.0034,-0.2119,0.9922,4.8828,1.8921,0.1221
0.0035,-0.2180,1.0225,5.5542,0.9155,-1.6479
0.0077,-0.2007,1.0088,6.0425,2.1973,-1.6479
0.0062,-0.2372,1.0349,4.5776,2.9297,-2.5024
0.0040,-0.2288,0.9689,6.7749,5.5542,0.7935
0.0142,-0.2144,0.9999,5.9814,0.1831,-0.3662
0.0101,-0.2007,1.0142,0.7324,2.0142,-0.4883
0.0077,-0.2046,1.0249,6.4087,0.6104,-1.7700
0.0037,-0.2045,1.0276,5.7373,4.7607,-1.8311
-0.0088,-0.2358,1.0006,4.0283,6.2256,-1.4648
0.0032,-0.2344,0.9973,6.2866,3.3569,0.6104
0.0193,-0.2133,0.9833,8.1787,3.3569,1.5259
0.0182,-0.2124,1.0005,2.1973,1.7090,-0.7935
0.0114,-0.2261,1.0121,3.7231,2.1973,-1.4648
0.0166,-0.2279,1.0104,7.6904,1.8311,0.1831
0.0278,-0.1870,1.0006,3.9673,2.3193,0.0610
0.0248,-0.1984,1.0194,3.0518,2.1362,-2.5024
0.0133,-0.2183,1.0265,8.7891,0.5493,-2.6245
-0.0010,-0.2389,1.0043,5.6763,4.0894,-1.4648
0.0046,-0.2141,1.0038,8.7280,1.1597,-0.3052
0.0063,-0.2113,0.9938,6.1646,2.4414,-0.9155
0.0010,-0.2255,1.0125,2.5635,2.1973,-2.0752
-0.0004,-0.2220,1.0028,3.8452,0.9766,-0.4883
0.0082,-0.2163,1.0051,6.5308,1.4038,1.4648
0.0101,-0.2084,1.0005,6.8359,1.3428,0.9766
0.0067,-0.2081,1.0171,7.2632,-0.1221,0.3052
0.0128,-0.2096,1.0258,4.6387,3.0518,-0.2441
0.0131,-0.2000,1.0148,8.6670,1.4648,-0.8545
0.0071,-0.2399,1.0182,5.0049,4.5776,-1.7090
0.0040,-0.2251,0.9681,5.0049,4.2114,0.3662
0.0157,-0.2104,1.0128,7.6904,-1.3428,-1.0986
0.0018,-0.2358,1.0220,1.9531,3.4790,-1.3428
0.0042,-0.2151,1.0004,4.2114,4.3335,-0.1221
0.0116,-0.1929,1.0005,7.5684,1.5259,-0.2441
0.0082,-0.2195,1.0289,4.3335,2.5635,-1.5869
0.0060,-0.2267,0.9951,6.0425,5.5542,0.0610
0.0237,-0.2050,0.9862,8.8501,1.0376,0.2441
0.0249,-0.2081,1.0049,4.9438,1.0376,-1.5869
0.0002,-0.2411,1.0402,2.4414,2.8687,-3.6011
FIN_VENTANA
Progreso: 17/20
INICIO_VENTANA arriba
0.0037,-0.2227,1.0199,3.9062,1.3428,-1.8921
0.0067,-0.2106,1.0061,5.7983,2.5024,0.5493
0.0127,-0.1974,1.0192,2.0142,3.7231,-1.0986
0.0028,-0.2301,0.9832,3.7231,3.8452,-1.4038
0.0150,-0.2009,1.0010,5.3101,-0.1831,0.6714
0.0219,-0.1904,1.0292,5.2490,0.1831,-1.0376
0.0048,-0.2092,1.0084,4.1504,3.1128,-2.1362
0.0062,-0.2190,1.0306,4.1504,2.8076,-1.9531
0.0099,-0.2010,0.9935,6.4087,4.0283,-0.1221
0.0010,-0.2170,0.9921,6.0425,0.9155,-1.8921
0.0032,-0.2166,1.0322,3.7842,-0.0610,-1.4648
0.0055,-0.2091,1.0303,6.4087,2.3193,-0.2441
0.0076,-0.2008,0.9795,3.2959,5.1880,0.1221
0.0078,-0.2052,1.0057,9.1553,0.1221,-1.8311
0.0011,-0.2186,1.0125,5.6763,1.8311,-0.9766
0.0085,-0.2072,1.0216,5.2490,1.8921,-0.5493
0.0109,-0.2041,1.0051,5.1880,3.2959,-0.4883
0.0050,-0.2175,1.0011,3.1128,3.6621,-1.3428
0.0067,-0.1995,1.0070,2.7466,2.9907,-0.2441
0.0073,-0.2039,1.0061,5.9204,2.0752,-1.0986
0.0121,-0.2062,1.0116,7.1411,1.8921,-1.1597
0.0043,-0.2102,1.0112,5.1880,2.8687,-1.1597
0.0068,-0.2073,1.0095,5.4932,2.0142,-1.7700
0.0024,-0.2080,0.9971,7.2632,2.7466,-0.4272
0.0010,-0.2177,1.0063,5.1880,1.6479,-1.2817
0.0021,-0.2148,1.0216,4.6387,1.9531,-0.4272
0.0043,-0.2075,1.0005,3.0518,4.2114,-0.4272
0.0109,-0.1973,1.0250,8.0566,-0.3052,-0.7935
0.0103,-0.2117,1.0131,4.2114,4.8218,-0.7935
-0.0057,-0.2124,0.9794,3.3569,3.9673,-1.2817
-0.0017,-0.2122,1.0105,9.5215,-1.8311,-0.9155
0.0111,-0.2222,1.0625,6.7139,0.9155,-0.0610
0.0070,-0.2030,0.9838,2.9297,7.8125,1.2207
0.0078,-0.2031,0.9786,2.6855,2.0752,-0.7324
0.0122,-0.2064,1.0255,6.8970,-0.8545,-0.7935
0.0043,-0.2180,1.0079,4.8828,5.3711,-1.2817
-0.0001,-0.2069,0.9849,8.4229,3.1128,-1.1597
-0.0002,-0.2156,1.0068,4.4556,-0.2441,-0.9155
0.0034,-0.2118,1.0381,5.2490,0.9766,-0.4883
0.0016,-0.1974,1.0028,8.1787,3.2349,0.4883
0.0042,-0.2175,1.0092,3.5400,3.1738,-1.2207
0.0109,-0.2048,1.0184,2.3193,3.4180,-0.3662
0.0112,-0.1996,1.0160,10.4370,1.1597,-0.2441
0.0085,-0.2211,0.9968,5.6763,4.0283,-0.7324
0.0121,-0.1925,0.9958,5.1270,2.3804,-1.6479
0.0037,-0.2026,1.0234,5.4932,2.3804,-2.8076
-0.0067,-0.2341,1.0328,3.9673,5.1880,-3.2959
-0.0052,-0.2211,0.9929,8.3008,3.9062,-0.0610
0.0062,-0.2124,0.9817,8.4839,0.3052,2.1973
0.0209,-0.2010,1.0367,8.1787,-0.4883,-0.5493
0.0089,-0.2161,1.0126,4.4556,4.2114,-1.2207
0.0050,-0.2286,1.0132,4.3335,4.2114,-0.3662
0.0142,-0.2141,0.9938,7.5073,4.3335,1.2817
0.0178,-0.2107,0.9938,6.0425,2.1973,-0.1221
0.0179,-0.2051,1.0116,4.6387,0.0000,-1.5259
0.0062,-0.2240,1.0347,3.2349,2.2583,-1.2207
-0.0046,-0.2187,1.0115,4.0283,4.1504,-0.8545
0.0038,-0.2102,1.0129,6.8970,2.0142,0.6104
0.0096,-0.2112,0.9901,7.4463,2.6245,-0.3662
0.0081,-0.2295,1.0150,3.8452,1.8921,-1.4038
0.0062,-0.2120,0.9999,8.9111,1.3428,0.6104
0.0070,-0.2140,1.0071,7.2632,0.1221,-0.9155
0.0092,-0.2151,1.0321,4.0283,1.6479,-0.9766
0.0015,-0.2180,1.0116,8.7891,5.1270,-0.1831
0.0016,-0.2250,0.9919,9.1553,2.1973,-0.9766
0.0115,-0.2181,1.0231,5.9204,0.3052,-0.7935
0.0079,-0.2336,1.0054,5.6763,4.1504,-1.0986
0.0083,-0.2186,0.9908,7.8735,2.9297,-0.5493
0.0103,-0.2211,1.0082,3.7842,1.2817,-0.8545
0.0072,-0.2194,1.0024,6.9580,2.0142,-0.6714
0.0098,-0.2153,1.0325,6.5918,-0.1221,-0.8545
0.0081,-0.2133,0.9958,4.3335,4.5776,-0.7324
0.0020,-0.2349,1.0206,4.3945,2.6245,-2.7466
0.0011,-0.2150,1.0044,7.1411,3.8452,-0.4272
0.0000,-0.2258,0.9989,2.9297,3.1128,-0.4883
0.0048,-0.2175,1.0181,-2.5024,3.7842,-0.0610
0.0065,-0.2140,1.0054,2.9297,4.5776,-0.3662
0.0046,-0.2209,0.9955,8.0566,2.6245,0.0610
0.0135,-0.2137,1.0018,6.7139,1.2207,-0.9766
0.0143,-0.2224,1.0210,3.9062,2.6245,-1.2207
0.0078,-0.2239,0.9893,6.8970,2.8076,-0.3052
0.0111,-0.2133,0.9976,6.5308,0.5493,-0.3662
0.0188,-0.2019,1.0294,2.7466,0.3662,-1.2207
0.0132,-0.2045,1.0476,-2.4414,6.6528,-2.1362
-0.0068,-0.2095,0.9674,-11.9019,11.4746,-2.3804
-0.0001,-0.1982,0.9884,8.2397,-0.3052,-1.3428
0.0112,-0.2419,1.0548,13.1226,-1.4038,-0.8545
0.0005,-0.2113,0.9509,14.0991,5.0659,2.3804
0.0002,-0.2045,0.9734,6.8970,-2.0142,-0.3662
0.0050,-0.2072,1.0537,8.1787,-4.4556,-0.4272
0.0068,-0.2214,1.0724,13.2446,3.1738,0.6714
0.0065,-0.1849,0.9579,10.0098,3.1128,2.1973
0.0187,-0.2079,1.0216,11.2305,-3.7231,-1.5869
0.0120,-0.2456,1.0569,4.2725,2.8076,-2.7466
-0.0100,-0.2444,0.9691,7.2021,6.7749,-0.1831
-0.0056,-0.2163,0.9498,5.1880,0.4883,0.8545
0.0066,-0.2235,1.0588,7.2632,-3.1128,-1.2207
-0.0002,-0.2224,1.0320,8.9722,4.9438,-0.9766
-0.0088,-0.2416,0.9729,6.0425,4.3945,0.1221
0.0051,-0.2118,0.9771,10.1929,-0.1221,0.6104
FIN_VENTANA
Progreso: 18/20
INICIO_VENTANA arriba
0.0010,-0.2365,1.0007,7.5073,1.2207,-1.2207
0.0096,-0.2262,1.0010,6.9580,1.0376,-0.4883
0.0120,-0.2187,1.0138,5.4932,1.5259,-1.6479
-0.0018,-0.2225,0.9850,5.8594,2.3804,-1.6479
-0.0063,-0.2330,1.0239,5.1880,0.6104,-1.5259
-0.0012,-0.2100,1.0282,5.5542,3.0518,-0.3662
-0.0117,-0.2155,0.9741,4.9438,6.6528,-0.8545
-0.0155,-0.2406,1.0009,2.1973,1.9531,-1.5869
-0.0092,-0.2380,1.0093,5.0659,1.1597,-0.0610
-0.0007,-0.2325,1.0138,6.8359,2.0752,0.1221
0.0115,-0.2162,0.9945,3.8452,2.6855,1.0376
0.0140,-0.2266,1.0028,1.7090,1.8921,-0.6104
0.0164,-0.2185,1.0002,5.9204,1.5869,-0.6714
0.0155,-0.2043,1.0012,5.0659,1.0376,-1.0986
0.0048,-0.2118,1.0385,2.6855,0.9155,-2.0752
-0.0071,-0.2129,0.9944,7.4463,3.6621,-1.3428
-0.0076,-0.2296,1.0153,4.3945,2.3804,-2.3804
-0.0104,-0.2256,1.0074,4.4556,2.5635,-0.9766
-0.0056,-0.2169,1.0000,6.7749,2.0142,0.0000
0.0002,-0.2126,1.0245,3.7842,2.1362,-1.5259
-0.0002,-0.2194,1.0007,3.3569,4.2114,-1.0376
0.0016,-0.2235,1.0065,6.1035,1.8921,-1.1597
0.0016,-0.2173,0.9930,5.3101,2.8076,-0.7324
-0.0015,-0.2222,1.0002,5.6763,0.8545,-1.3428
-0.0013,-0.2211,1.0284,6.9580,-1.4648,-0.6104
0.0004,-0.2059,1.0215,6.1646,2.2583,0.0610
-0.0034,-0.2086,1.0144,3.0518,3.2959,-1.4038
-0.0082,-0.2194,0.9967,6.8970,2.1973,-1.5259
0.0002,-0.2242,1.0270,4.5776,2.4414,-1.3428
-0.0051,-0.2209,0.9982,3.6011,4.5166,-0.9766
-0.0089,-0.2235,0.9764,8.1177,1.2817,-0.6104
0.0000,-0.2218,1.0302,4.4556,-0.2441,-0.6714
0.0015,-0.2021,1.0210,3.8452,2.9297,-0.8545
-0.0100,-0.2258,0.9994,6.4697,2.2583,-1.1597
-0.0013,-0.2195,1.0071,3.9673,1.9531,-0.1221
0.0070,-0.2026,1.0067,5.1270,1.4038,-0.6104
-0.0043,-0.2269,1.0070,6.1646,2.6245,-2.2583
-0.0052,-0.2283,1.0063,5.0659,2.6245,-1.4038
-0.0021,-0.2007,1.0024,4.5776,1.7700,0.0000
-0.0070,-0.2085,1.0067,7.9956,0.8545,-1.5259
-0.0192,-0.2296,1.0110,4.8828,1.7700,-1.1597
-0.0123,-0.2137,1.0211,4.0283,3.1738,-0.4883
-0.0061,-0.2063,1.0044,8.6060,2.7466,-0.4883
-0.0049,-0.2350,1.0018,7.0801,2.6245,-1.3428
-0.0016,-0.2285,1.0060,3.0518,3.6011,-0.0610
-0.0002,-0.2125,0.9922,6.5308,2.3804,-0.2441
-0.0010,-0.2126,1.0038,7.5073,0.2441,-0.8545
-0.0043,-0.2246,1.0315,4.4556,2.1362,-1.2817
-0.0051,-0.2148,1.0177,3.4180,3.8452,-0.6104
-0.0068,-0.2137,0.9939,5.7983,3.6621,-0.6104
-0.0074,-0.2185,0.9965,6.7749,1.7090,-0.9155
-0.0052,-0.2134,1.0178,5.0049,1.0986,-1.8311
-0.0129,-0.2268,1.0275,4.5166,3.1738,-1.7700
-0.0173,-0.2310,0.9984,5.8594,4.4556,-0.2441
-0.0078,-0.2179,0.9807,6.9580,3.6621,0.7935
-0.0013,-0.2112,1.0099,4.4556,1.1597,-1.1597
-0.0039,-0.2285,1.0197,2.3804,2.8076,-0.7935
0.0034,-0.2086,1.0183,3.9062,3.4790,0.4272
0.0123,-0.1903,1.0167,5.8594,3.7842,-0.9766
0.0023,-0.2246,1.0127,4.7607,5.9204,-3.0518
-0.0054,-0.2323,0.9919,9.5825,3.3569,-1.4038
-0.0044,-0.1995,0.9904,7.1411,1.6479,0.7324
-0.0072,-0.2274,1.0015,4.2114,1.0986,-1.4038
-0.0115,-0.2163,1.0170,4.9438,0.8545,-0.8545
-0.0114,-0.2179,1.0315,6.0425,1.6479,-1.1597
-0.0116,-0.2249,1.0181,5.1880,4.1504,-0.0610
0.0005,-0.2168,0.9983,6.3477,4.2725,0.1831
0.0167,-0.2097,1.0079,4.4556,3.9673,-0.5493
0.0045,-0.2224,0.9934,3.3569,4.8828,-2.3804
-0.0084,-0.2477,0.9827,7.0801,1.3428,-1.5869
0.0038,-0.2279,1.0243,8.3618,-2.1362,0.8545
0.0079,-0.2062,1.0156,3.9673,2.8076,0.7935
-0.0089,-0.2142,0.9950,2.4414,3.8452,-2.5635
-0.0194,-0.2325,1.0045,7.6904,-0.3052,-1.3428
-0.0100,-0.2262,1.0249,6.7139,1.2817,0.6714
-0.0044,-0.2087,1.0012,4.7607,3.2349,0.6104
-0.0007,-0.2194,1.0161,6.7139,0.4272,-0.5493
-0.0015,-0.2333,1.0110,5.6152,3.0518,-0.2441
0.0006,-0.2231,0.9943,4.3335,4.1504,0.4272
0.0049,-0.2184,1.0018,7.2632,0.0000,-0.8545
0.0015,-0.2278,1.0166,3.9673,2.6855,-0.1221
-0.0020,-0.2135,1.0138,3.3569,3.3569,-1.2817
-0.0095,-0.2200,1.0154,0.7935,5.3101,-1.8921
-0.0148,-0.2300,1.0000,5.5542,4.3335,-1.0376
-0.0039,-0.2250,1.0054,6.1646,2.3804,0.1831
-0.0009,-0.2167,1.0007,6.7139,2.3193,0.3052
-0.0022,-0.2213,1.0114,4.5166,1.7090,-1.1597
-0.0135,-0.2322,1.0051,5.0659,3.1128,-1.0986
-0.0084,-0.2279,1.0222,7.5073,1.5869,0.3662
0.0038,-0.2076,0.9832,8.5449,4.3945,1.8311
0.0103,-0.2074,1.0004,5.9814,1.6479,-1.2817
0.0024,-0.2222,1.0139,6.0425,1.7090,-0.8545
-0.0035,-0.2341,0.9919,5.8594,2.7466,-0.3052
0.0059,-0.2136,1.0203,8.1787,-0.3662,-0.6104
-0.0046,-0.2196,1.0090,5.5542,3.6621,-0.9766
-0.0120,-0.2322,1.0061,4.5166,3.6621,-0.7935
-0.0054,-0.2184,1.0244,7.6294,1.5869,-0.1221
-0.0050,-0.2302,0.9850,6.2256,4.9438,0.0610
-0.0061,-0.2347,0.9758,6.4697,2.9907,-0.9155
-0.0013,-0.2292,1.0209,4.8218,0.1221,-0.6714
FIN_VENTANA
Progreso: 19/20
INICIO_VENTANA arriba
-0.0074,-0.2277,1.0383,4.2114,0.2441,-2.6855
-0.0178,-0.2401,1.0342,4.3335,6.0425,-0.3052
-0.0110,-0.2136,0.9656,5.3711,5.4321,0.9155
0.0000,-0.2090,1.0056,7.0801,-1.4648,-0.6714
0.0013,-0.2321,1.0327,3.6621,1.1597,-1.6479
-0.0056,-0.2427,1.0123,2.2583,5.2490,-0.9766
-0.0038,-0.2031,0.9652,1.7700,3.4790,1.5259
0.0017,-0.2152,1.0211,4.5166,-0.3662,-1.5259
-0.0042,-0.2050,1.0332,6.5918,1.8311,-1.8311
-0.0156,-0.2258,0.9990,6.9580,5.4932,-0.5493
-0.0122,-0.2261,0.9908,7.5684,2.0752,-0.7324
-0.0001,-0.2200,1.0092,5.1880,1.7090,0.3052
0.0002,-0.2239,1.0084,6.1646,2.3804,-0.7935
-0.0013,-0.2174,0.9979,5.7373,1.8921,-0.6104
-0.0032,-0.2220,1.0137,4.6387,1.1597,-0.8545
-0.0011,-0.2152,1.0132,6.2866,2.4414,-0.6714
0.0000,-0.2291,1.0074,4.1504,3.6621,-1.2817
-0.0021,-0.2177,0.9871,7.1411,2.4414,-0.3052
-0.0109,-0.2365,0.9938,5.3101,1.4648,-0.7935
-0.0117,-0.2319,1.0088,7.9956,0.2441,-0.3662
-0.0070,-0.2006,1.0200,4.5166,1.3428,-0.8545
-0.0122,-0.2258,1.0313,4.8828,2.6245,-1.8311
-0.0092,-0.2252,0.9930,2.8687,6.4697,-0.0610
-0.0018,-0.2296,0.9889,6.5918,1.8921,-0.4272
0.0061,-0.2247,1.0192,5.9204,-0.0610,-0.3052
0.0037,-0.2196,1.0072,3.4790,3.1738,-0.7324
-0.0062,-0.2115,0.9777,7.0801,3.3569,-1.6479
-0.0151,-0.2277,1.0187,2.7466,0.1831,-2.1973
-0.0125,-0.2257,1.0441,4.8218,1.9531,0.0610
-0.0127,-0.1936,0.9916,7.5684,4.3945,1.2207
-0.0192,-0.2355,1.0006,7.5073,1.8311,-1.8311
-0.0149,-0.2367,1.0139,5.1880,2.6855,-1.0986
-0.0121,-0.2217,0.9944,3.7842,3.9673,0.4272
-0.0114,-0.2261,1.0092,5.3711,0.9766,-0.5493
-0.0018,-0.2250,1.0343,4.5776,2.2583,-0.4272
-0.0005,-0.2130,0.9889,5.1270,4.7607,0.6104
0.0033,-0.2051,1.0001,4.6387,1.0986,-1.0376
-0.0015,-0.2184,1.0254,6.9580,1.0376,-1.4648
-0.0051,-0.2355,1.0278,4.8218,4.5776,-1.9531
-0.0031,-0.2163,0.9874,4.2114,4.9438,-0.2441
-0.0070,-0.2222,0.9742,7.7515,0.4883,-1.2817
-0.0082,-0.2351,1.0220,7.0190,-0.1831,-2.0752
-0.0088,-0.2135,1.0170,5.4321,1.4038,-0.9155
-0.0126,-0.2244,1.0133,3.4790,2.9297,-0.8545
-0.0139,-0.2197,1.0118,3.4180,3.4180,-0.2441
-0.0111,-0.2202,1.0007,6.4697,1.7700,-0.0610
-0.0057,-0.2148,0.9982,5.7983,1.3428,-0.5493
-0.0073,-0.2310,1.0286,7.0190,0.5493,-1.8311
-0.0132,-0.2212,1.0000,5.9204,3.6011,-0.0610
-0.0012,-0.2200,1.0103,1.4038,3.7842,0.3052
-0.0046,-0.2089,0.9988,10.2539,3.4180,-0.4883
-0.0133,-0.2385,0.9967,10.1929,2.3193,-2.4414
-0.0184,-0.2402,0.9979,6.0425,1.0376,-1.0376
-0.0088,-0.2142,1.0129,7.3853,-0.6714,0.1221
-0.0035,-0.2109,1.0533,5.0049,3.2349,-2.2583
-0.0242,-0.2407,0.9795,4.2725,6.4697,-0.0610
-0.0084,-0.2279,0.9954,6.5918,1.0986,0.3052
-0.0007,-0.2145,1.0077,4.8828,2.0752,-0.1221
-0.0187,-0.2327,1.0089,4.2114,2.7466,-1.8921
-0.0222,-0.2410,1.0109,6.4697,2.6245,-0.0610
-0.0074,-0.2233,0.9998,7.3242,3.6621,1.2817
0.0002,-0.2028,1.0087,6.8970,2.0142,-1.7090
-0.0101,-0.2354,1.0096,3.6011,3.6011,-0.9155
-0.0101,-0.2402,1.0081,3.4790,4.4556,0.0000
-0.0023,-0.2107,0.9875,6.2866,3.8452,0.0610
0.0000,-0.2111,1.0061,5.6152,0.7935,-1.6479
-0.0105,-0.2490,1.0065,6.2866,2.6855,-1.9531
-0.0099,-0.2323,1.0078,5.8594,2.3193,-0.6104
-0.0078,-0.2184,1.0126,5.1270,1.9531,-1.5259
-0.0116,-0.2252,0.9973,6.3477,2.7466,0.0610
-0.0148,-0.2368,0.9952,5.1270,2.0752,-0.6104
-0.0094,-0.2252,1.0159,3.8452,0.7935,-0.4883
-0.0107,-0.2258,1.0164,5.4321,1.4648,-0.1221
-0.0082,-0.2294,1.0055,5.7983,3.2959,-0.2441
-0.0044,-0.2151,1.0049,2.6855,3.0518,-0.2441
-0.0056,-0.2172,0.9952,4.3335,2.5635,-1.2207
-0.0061,-0.2346,1.0273,7.5684,1.0986,-1.4648
-0.0103,-0.2246,1.0020,4.2725,4.2725,-0.3662
-0.0106,-0.2246,1.0010,5.4932,2.3804,-0.8545
-0.0127,-0.2411,1.0001,6.2866,2.8687,-1.4038
-0.0194,-0.2302,0.9928,5.8594,3.2349,-1.2207
-0.0175,-0.2187,1.0123,5.3711,0.0000,-0.5493
-0.0106,-0.2389,1.0304,7.5684,2.1362,-0.1221
-0.0100,-0.2201,0.9667,5.9814,5.4321,0.9155
-0.0043,-0.2186,1.0023,3.2959,0.4272,-1.6479
-0.0085,-0.2219,1.0297,4.6387,0.9766,-1.3428
-0.0162,-0.2344,1.0184,5.9814,3.5400,-1.4038
-0.0175,-0.2271,1.0004,3.6011,4.7607,-0.1221
-0.0100,-0.2275,1.0107,4.0894,2.9907,-0.3052
-0.0083,-0.2161,0.9827,6.2866,2.6855,-0.6104
-0.0134,-0.2341,1.0236,4.7607,1.1597,-1.5259
-0.0133,-0.2233,1.0143,3.3569,3.4180,0.0000
-0.0126,-0.2147,0.9882,7.8125,3.2349,-0.2441
-0.0065,-0.2222,1.0087,4.8218,2.1973,-1.0376
-0.0046,-0.2316,1.0217,5.4321,3.1738,-1.0376
-0.0055,-0.2164,0.9874,5.6763,2.9297,-0.8545
-0.0071,-0.2292,1.0133,3.1738,1.5259,-2.0142
-0.0156,-0.2233,1.0093,5.2490,3.2349,-1.4648
-0.0243,-0.2421,0.9999,6.9580,2.6855,-0.4272
-0.0087,-0.2158,1.0055,5.7373,1.4648,-0.0610
FIN_VENTANA
Progreso: 20/20
Lote completado: arriba
Listo para nueva etiqueta. Formato: <etiqueta> <numero_de_ventanas>
INICIO_VENTANA abajo
-0.0570,-0.3627,0.9894,5.3711,3.5400,1.2817
-0.0411,-0.3412,0.9930,-2.9297,5.9204,2.4414
-0.0427,-0.3270,0.9692,-6.9580,7.9956,1.7090
-0.0394,-0.3276,0.9896,3.1128,2.3193,0.2441
-0.0438,-0.3296,0.9766,9.3994,3.9062,0.7324
-0.0468,-0.3397,0.9714,6.2866,4.2725,-0.1831
-0.0533,-0.3452,0.9940,4.1504,2.8076,-1.0986
-0.0610,-0.3470,0.9922,3.7231,2.5024,-1.2207
-0.0607,-0.3500,0.9849,6.6528,2.4414,-0.3662
-0.0507,-0.3311,0.9740,0.0610,4.6997,0.6104
-0.0447,-0.3190,0.9667,2.7466,2.8076,0.1831
-0.0432,-0.3271,0.9789,9.3384,1.5259,-0.9155
-0.0536,-0.3428,0.9769,9.7656,2.6855,-0.7324
-0.0508,-0.3406,0.9847,8.8501,2.5635,0.6104
-0.0453,-0.3297,0.9615,4.1504,4.3945,0.8545
-0.0394,-0.3357,0.9803,4.8218,2.5024,-0.1831
-0.0552,-0.3563,0.9912,6.5308,2.3804,-0.6104
-0.0405,-0.3403,0.9772,7.2632,3.5400,0.4272
-0.0411,-0.3322,0.9731,8.6670,3.0518,-0.1221
-0.0402,-0.3406,0.9933,6.9580,1.0376,-1.2817
-0.0422,-0.3372,0.9833,4.0894,3.1128,-1.0986
-0.0518,-0.3451,0.9727,3.2959,3.0518,-1.5259
-0.0557,-0.3448,0.9644,7.0801,1.6479,-0.4883
-0.0432,-0.3337,0.9735,6.4697,1.1597,-1.0376
-0.0487,-0.3428,0.9822,5.4321,2.3804,-1.7700
-0.0498,-0.3475,0.9908,-1.5869,2.3804,-2.0142
-0.0502,-0.3345,0.9698,7.9346,2.8687,-0.6714
-0.0526,-0.3374,0.9778,8.9111,1.2817,-0.4883
-0.0470,-0.3365,0.9808,4.8828,2.3804,-0.1831
-0.0360,-0.3273,0.9857,5.4932,1.9531,-1.2207
-0.0554,-0.3527,0.9923,-0.3662,3.2959,-1.7090
-0.0583,-0.3506,0.9818,2.6855,2.7466,-1.0376
-0.0590,-0.3458,0.9666,9.3384,2.7466,0.0610
-0.0474,-0.3402,0.9774,11.9629,1.7700,0.7324
-0.0367,-0.3342,0.9877,5.4321,2.7466,0.3662
-0.0382,-0.3353,0.9896,2.1362,2.5635,-1.0986
-0.0526,-0.3516,0.9840,5.7373,2.7466,-1.4648
-0.0524,-0.3468,0.9800,7.5684,1.7700,-0.9155
-0.0486,-0.3375,0.9774,2.0142,2.2583,-0.7935
-0.0466,-0.3318,0.9644,-0.6104,4.8828,-1.0986
-0.0619,-0.3446,0.9613,4.3335,1.7700,-1.9531
-0.0571,-0.3503,0.9865,6.4087,0.3052,-0.8545
-0.0514,-0.3419,0.9738,6.9580,2.8687,-0.0610
-0.0447,-0.3387,0.9963,1.5259,1.8921,-0.5493
-0.0521,-0.3422,0.9753,3.9673,2.5635,-0.7935
-0.0487,-0.3431,0.9888,7.1411,0.9155,-0.4272
-0.0345,-0.3241,0.9933,8.4839,1.7090,-0.2441
-0.0452,-0.3331,0.9902,9.5215,3.2959,-0.9155
-0.0569,-0.3491,0.9741,5.1880,4.0283,-1.2817
-0.0510,-0.3375,0.9677,-0.3662,4.0894,-0.4883
-0.0472,-0.3282,0.9651,-3.3569,3.9062,-0.9766
-0.0532,-0.3407,0.9915,5.7373,1.2207,-1.0376
-0.0450,-0.3402,1.0001,6.2866,2.1362,-0.5493
-0.0485,-0.3391,0.9780,5.6763,4.0894,-0.2441
-0.0457,-0.3401,0.9680,5.3711,3.2349,-0.3662
-0.0397,-0.3381,0.9954,7.3242,0.7324,-0.6104
-0.0396,-0.3351,0.9874,7.9346,1.7090,-0.8545
-0.0370,-0.3308,0.9719,8.3008,2.8687,-0.3662
-0.0419,-0.3344,0.9774,2.8076,2.9297,-1.3428
-0.0475,-0.3374,0.9868,-0.4883,3.4180,-1.7090
-0.0583,-0.3363,0.9760,4.3945,3.1738,-1.6479
-0.0637,-0.3407,0.9653,8.9722,2.7466,-1.1597
-0.0634,-0.3447,0.9834,4.0894,2.4414,-0.3052
-0.0477,-0.3252,0.9805,3.5400,4.0283,0.5493
-0.0469,-0.3358,0.9818,4.8828,3.8452,0.2441
-0.0483,-0.3406,0.9796,9.0942,2.0752,0.1221
-0.0405,-0.3329,0.9894,8.6060,1.9531,0.0610
-0.0361,-0.3239,0.9766,6.1035,3.1128,-0.3052
-0.0518,-0.3446,0.9934,2.6855,2.4414,-1.4648
-0.0391,-0.3259,0.9885,-3.4180,4.0894,-0.3662
-0.0424,-0.3248,0.9917,-9.0942,5.1880,-1.4038
-0.0692,-0.3573,0.9850,-3.9062,3.0518,0.0610
-0.0370,-0.2896,0.9662,12.9395,2.2583,3.2349
-0.0776,-0.2917,1.0068,4.8218,2.7466,0.4272
-0.0237,-0.2981,0.9935,-0.6104,2.2583,-0.3662
-0.0464,-0.3142,0.9568,3.6621,5.2490,-1.8311
-0.0623,-0.3430,1.0011,10.6812,-1.2817,-2.2583
-0.0537,-0.3341,0.9984,11.2915,1.1597,0.3662
-0.0387,-0.3126,0.9807,1.0986,4.9438,0.9155
-0.0376,-0.3134,0.9883,5.1880,2.1362,-1.2207
-0.0455,-0.3269,0.9927,7.6904,1.2207,-1.4648
-0.0435,-0.3176,0.9634,12.6953,2.3193,-1.4038
-0.0599,-0.3406,0.9829,11.1694,-0.5493,-2.4414
-0.0566,-0.3367,1.0029,2.6855,0.1831,-1.9531
-0.0472,-0.3198,0.9851,2.8687,3.0518,-1.2207
-0.0490,-0.3265,0.9810,4.3945,1.8311,-1.3428
-0.0411,-0.3223,0.9869,6.4697,0.5493,-1.8311
-0.0405,-0.3163,0.9906,3.4790,0.9155,-2.2583
-0.0496,-0.3258,0.9702,3.0518,2.8687,-2.3193
-0.0598,-0.3304,0.9751,4.9438,1.8921,-2.2583
-0.0576,-0.3273,0.9753,15.8691,0.0000,-1.2817
-0.0638,-0.3381,0.9806,12.0850,2.6855,0.0610
-0.0574,-0.3271,0.9708,-0.4883,5.1270,-0.3052
-0.0563,-0.3251,0.9897,0.4883,3.6011,0.0000
-0.0554,-0.3286,0.9854,0.6714,4.5776,0.1221
-0.0481,-0.3262,1.0023,9.1553,1.3428,0.0610
-0.0449,-0.3179,0.9880,7.8125,3.8452,0.0610
-0.0541,-0.3193,0.9683,4.2725,4.2114,-1.0376
-0.0558,-0.3314,0.9745,2.0752,1.7700,-1.2207
-0.0515,-0.3309,0.9757,6.3477,2.0752,-0.7935
FIN_VENTANA
Progreso: 1/20
INICIO_VENTANA abajo
-0.0475,-0.3209,0.9854,4.9438,1.5259,-0.9155
-0.0510,-0.3278,0.9928,5.9204,3.1128,-0.4272
-0.0543,-0.3340,0.9819,7.3242,3.4180,-0.6714
-0.0577,-0.3328,0.9745,3.4790,2.7466,-0.2441
-0.0454,-0.3126,0.9731,7.6904,1.8921,0.5493
-0.0344,-0.3164,0.9991,7.5684,1.2207,-0.1221
-0.0276,-0.3093,1.0002,5.7373,3.7231,0.4883
-0.0302,-0.3162,0.9924,-0.9155,4.4556,-0.9155
-0.0378,-0.3190,0.9874,3.9673,3.1128,-1.0986
-0.0444,-0.3254,0.9771,0.3662,3.9062,-1.5259
-0.0493,-0.3230,0.9714,7.5073,2.8076,-1.0986
-0.0470,-0.3228,0.9888,7.4463,1.5259,-1.3428
-0.0544,-0.3289,0.9895,5.5542,2.6855,-1.0986
-0.0405,-0.3140,0.9846,5.6152,2.0142,-0.5493
-0.0352,-0.3064,0.9780,5.7983,3.0518,-0.9766
-0.0436,-0.3181,0.9835,4.5166,2.0142,-2.0142
-0.0565,-0.3340,0.9989,2.6245,1.6479,-2.2583
-0.0570,-0.3258,0.9922,7.2021,0.8545,-1.4038
-0.0580,-0.3251,0.9811,3.2959,3.2349,0.1831
-0.0430,-0.3014,0.9772,5.0049,1.5869,-0.3662
-0.0432,-0.3081,0.9806,7.4463,1.5869,-1.0986
-0.0542,-0.3274,1.0037,5.7373,1.0376,-1.4038
-0.0453,-0.3110,0.9943,2.0142,2.6245,-0.7935
-0.0499,-0.3115,0.9852,-0.3662,3.8452,-1.4038
-0.0540,-0.3086,0.9680,11.3525,1.4038,-0.4272
-0.0410,-0.3097,1.0006,5.2490,-0.3052,-1.3428
-0.0577,-0.3159,0.9857,0.7324,4.2114,-1.6479
-0.0630,-0.3180,0.9871,4.8828,1.2817,-1.4648
-0.0601,-0.3188,0.9738,9.5825,1.4648,-0.2441
-0.0471,-0.3064,0.9742,12.9395,1.2207,0.1221
-0.0522,-0.3246,1.0094,4.0283,0.7935,-1.2207
-0.0466,-0.3145,1.0026,-1.5869,3.1128,-0.9766
-0.0525,-0.3182,0.9886,-0.0610,3.9673,-0.6714
-0.0508,-0.3114,0.9816,11.1084,0.9155,-0.3052
-0.0398,-0.2947,0.9692,10.0098,2.0752,-0.4883
-0.0566,-0.3207,0.9980,0.2441,2.3804,-2.1362
-0.0573,-0.3220,0.9969,8.7280,2.4414,-0.5493
-0.0503,-0.3162,0.9739,10.8643,4.5166,0.4883
-0.0504,-0.3208,0.9821,8.4229,2.8687,-0.7324
-0.0582,-0.3324,0.9902,10.1318,1.1597,-0.7324
-0.0493,-0.3169,0.9740,6.7139,4.4556,-1.2207
-0.0674,-0.3422,0.9838,11.1084,0.6104,-2.4414
-0.0675,-0.3535,1.0112,17.7002,-2.7466,-1.4038
-0.0509,-0.3246,0.9697,20.6299,1.4648,1.1597
-0.0513,-0.3269,0.9750,10.1929,1.4038,-0.7935
-0.0647,-0.3457,0.9907,-5.2490,2.9297,-1.8311
-0.0629,-0.3326,0.9575,-3.4790,5.2490,0.4883
-0.0529,-0.3345,0.9624,9.7046,1.0376,0.3052
-0.0476,-0.3342,0.9764,13.7329,0.4272,-0.1831
-0.0497,-0.3470,1.0005,11.9629,-0.3052,-0.9155
-0.0518,-0.3501,1.0060,1.0376,2.8076,-1.2817
-0.0554,-0.3452,0.9800,-9.9487,6.7749,-0.7935
-0.0439,-0.3246,0.9762,0.1831,2.8687,-0.2441
-0.0505,-0.3237,0.9939,0.2441,2.1362,-1.3428
-0.0614,-0.3274,0.9673,2.5635,4.0894,-1.5259
-0.0630,-0.3562,1.0536,15.5640,3.1128,0.4883
-0.0562,-0.3369,0.9235,5.5542,5.1880,-0.0610
-0.0460,-0.3279,1.0000,11.7798,0.9155,-0.7935
-0.0583,-0.3248,0.9524,15.0757,1.8311,-0.1221
-0.0437,-0.3363,1.0005,11.7187,0.7935,-1.0986
-0.0581,-0.3397,0.9628,5.6152,3.2349,-1.6479
-0.0613,-0.3367,0.9567,7.8125,0.7935,-1.7090
-0.0605,-0.3552,0.9810,9.2773,-0.1831,-0.9155
-0.0540,-0.3323,0.9720,15.2588,5.4321,1.7700
-0.0482,-0.3485,0.9750,12.4512,2.7466,0.6714
-0.0513,-0.3657,0.9918,9.2163,3.2959,0.1221
-0.0515,-0.3629,0.9902,7.2021,3.7231,-0.0610
-0.0548,-0.3678,0.9796,6.0425,3.4790,-0.7324
-0.0541,-0.3617,0.9746,3.7231,3.1128,-1.0986
-0.0895,-0.3684,0.9744,-1.8311,2.8076,-2.1362
-0.0670,-0.3573,0.9606,2.2583,2.1362,-0.3662
-0.0514,-0.3365,0.9625,2.8687,2.7466,0.6714
-0.0444,-0.3282,0.9706,5.7373,3.3569,0.3052
-0.0583,-0.3585,0.9899,4.9438,3.0518,-0.9766
-0.0531,-0.3442,0.9780,5.2490,3.1128,0.1221
-0.0510,-0.3434,0.9735,5.4321,4.3335,-0.2441
-0.0565,-0.3529,0.9644,13.7329,1.7090,-0.2441
-0.0582,-0.3739,1.0002,7.7515,0.7324,-1.0986
-0.0527,-0.3540,0.9681,-1.8921,5.6763,0.1221
-0.0448,-0.3441,0.9619,1.2207,5.2490,0.4272
-0.0466,-0.3475,0.9587,5.9204,2.6245,-0.5493
-0.0482,-0.3588,1.0005,1.2207,1.3428,-1.4038
-0.0499,-0.3514,0.9729,2.5635,2.8076,-0.5493
-0.0491,-0.3540,0.9976,4.8218,1.6479,-0.6104
-0.0439,-0.3397,0.9756,-8.6670,5.0659,-0.5493
-0.0366,-0.3269,0.9758,4.5776,1.8921,-0.8545
-0.0485,-0.3409,0.9796,11.2915,3.1128,-0.9766
-0.0554,-0.3408,0.9879,2.0752,4.0283,-0.4272
-0.0480,-0.3334,0.9490,7.6294,3.9673,-0.1221
-0.0485,-0.3474,0.9753,13.0615,2.9907,-0.3662
-0.0554,-0.3590,0.9872,15.7471,1.2817,-0.6104
-0.0569,-0.3706,0.9982,5.4321,2.6245,-0.2441
-0.0455,-0.3486,0.9666,1.5259,5.3711,0.1221
-0.0406,-0.3486,0.9675,1.7700,3.8452,-1.0986
-0.0555,-0.3580,0.9667,1.5259,2.8076,-1.8311
-0.0615,-0.3636,0.9852,7.7515,-0.9766,-1.7700
-0.0537,-0.3568,0.9825,3.0518,2.0752,-0.1221
-0.0402,-0.3285,0.9515,3.4180,3.2959,1.0986
-0.0316,-0.3304,0.9729,9.5825,0.1831,-0.5493
-0.0471,-0.3521,0.9998,6.1035,1.9531,-1.7090
FIN_VENTANA
Progreso: 2/20
INICIO_VENTANA abajo
-0.0446,-0.3459,0.9741,0.6714,1.5259,-1.0986
-0.0474,-0.3542,0.9775,1.5259,4.9438,-1.1597
-0.0597,-0.3627,0.9592,5.3711,3.4790,-0.7324
-0.0509,-0.3558,0.9783,4.8218,1.5259,-0.8545
-0.0399,-0.3408,0.9822,-0.1831,2.8076,0.0000
-0.0483,-0.3435,0.9780,-3.6011,4.2114,-0.7324
-0.0443,-0.3347,0.9609,6.1035,1.8921,-0.3662
-0.0441,-0.3447,0.9774,5.8594,1.5259,-1.0376
-0.0377,-0.3336,0.9630,6.2256,2.5024,-0.9155
-0.0369,-0.3407,0.9872,7.1411,0.3662,-1.7090
-0.0405,-0.3485,0.9994,4.2725,0.1831,-2.0142
-0.0508,-0.3707,0.9973,4.8828,1.5259,-1.4648
-0.0371,-0.3385,0.9755,7.0190,1.7700,-0.6104
-0.0343,-0.3357,0.9707,5.7983,1.8921,-1.3428
-0.0431,-0.3346,0.9788,1.0376,2.2583,-1.8311
-0.0377,-0.3269,0.9739,4.8828,1.2817,-1.8311
-0.0425,-0.3373,0.9689,5.9814,2.9297,-1.7700
-0.0515,-0.3468,0.9877,3.6621,2.6855,-1.9531
-0.0470,-0.3346,0.9762,-0.0610,4.8828,-0.7935
-0.0405,-0.3204,0.9651,2.0142,7.1411,-0.1831
-0.0570,-0.3120,0.9471,4.3335,4.3945,-2.1362
-0.0675,-0.3477,1.0605,15.9302,-7.5073,-1.7700
-0.0747,-0.3545,0.9497,19.3481,3.7842,0.1831
-0.0571,-0.3611,0.9880,9.2163,0.6714,0.1221
-0.0392,-0.3357,0.9552,-0.0610,2.3804,-0.1221
-0.0465,-0.3447,0.9614,16.4795,-2.8687,-1.2817
-0.0431,-0.3533,1.0072,5.0659,-0.3052,-1.5259
-0.0455,-0.3423,0.9735,3.6621,1.7090,-1.2817
-0.0475,-0.3522,1.0060,1.0986,1.0986,-1.6479
-0.0463,-0.3312,0.9430,7.8735,2.4414,-0.9766
-0.0519,-0.3534,0.9731,16.9067,-1.4648,-2.2583
-0.0588,-0.3540,0.9669,15.0146,-0.1221,-2.1973
-0.0756,-0.3744,0.9882,7.3853,0.3662,-2.9907
-0.0789,-0.3679,0.9735,-9.7656,4.9438,-0.9766
-0.0537,-0.3330,0.9463,2.0142,4.3335,1.2817
-0.0371,-0.3248,0.9541,11.8408,-0.7324,-1.0376
-0.0476,-0.3464,0.9615,16.1133,0.8545,-2.4414
-0.0636,-0.3734,0.9857,12.5732,0.7935,-2.6855
-0.0764,-0.3925,0.9923,5.3711,2.7466,-1.2207
-0.0547,-0.3684,0.9746,6.9580,1.3428,0.6714
-0.0476,-0.3586,0.9762,3.1128,3.2349,-0.0610
-0.0557,-0.3658,0.9813,5.7373,1.0986,-1.2817
-0.0596,-0.3693,0.9811,9.2773,0.9155,-1.1597
-0.0641,-0.3691,0.9644,1.0986,3.3569,-0.4883
-0.0562,-0.3519,0.9677,6.8970,2.3193,-0.1831
-0.0593,-0.3505,0.9680,4.8218,4.5166,-0.5493
-0.0570,-0.3550,0.9630,11.5356,3.1738,-0.7324
-0.0687,-0.3781,0.9585,11.7187,3.4180,-0.9766
-0.0708,-0.3816,0.9701,12.2681,2.3804,-1.0986
-0.0790,-0.3956,0.9663,10.8643,3.3569,-0.3662
-0.0685,-0.3948,0.9668,12.8174,4.0283,0.0610
-0.0687,-0.3911,0.9502,6.6528,4.2114,0.0610
-0.0609,-0.3752,0.9617,1.0376,3.7231,0.1221
-0.0558,-0.3766,0.9681,1.3428,2.7466,-0.8545
-0.0576,-0.3774,0.9779,7.4463,0.7324,-1.2817
-0.0621,-0.3752,0.9742,-0.5493,3.3569,-1.4648
-0.0693,-0.3735,0.9537,3.1128,1.9531,-0.9766
-0.0601,-0.3683,0.9623,10.8643,0.5493,-0.4272
-0.0592,-0.3741,0.9777,8.8501,0.6714,-0.5493
-0.0486,-0.3727,0.9847,7.3242,1.5869,-0.5493
-0.0625,-0.3871,0.9741,2.5635,3.3569,-1.4038
-0.0629,-0.3782,0.9623,2.8076,2.3193,-0.9155
-0.0604,-0.3672,0.9623,1.7700,2.9907,-0.4272
-0.0646,-0.3701,0.9537,6.1646,2.3804,-0.6104
-0.0624,-0.3722,0.9641,4.6997,2.9907,-0.6714
-0.0613,-0.3785,0.9722,10.8032,1.5869,-1.0376
-0.0752,-0.3925,0.9785,7.4463,3.2349,0.0000
-0.0937,-0.4081,0.9420,1.3428,6.0425,1.7700
-0.0488,-0.3578,0.9517,6.7749,3.1738,4.2114
-0.0332,-0.3508,0.9659,10.7422,3.3569,2.3804
-0.0376,-0.3926,1.0001,14.7095,0.9155,-1.6479
-0.0586,-0.4012,0.9806,3.4180,4.5776,-1.0376
-0.0594,-0.3923,0.9503,0.3662,5.8594,0.2441
-0.0410,-0.3773,0.9651,4.8828,1.8921,-0.1831
-0.0378,-0.3704,0.9659,10.3149,2.0142,-0.7324
-0.0446,-0.3878,0.9889,7.7515,0.9766,-2.3193
-0.0601,-0.3938,0.9738,-4.5166,4.0283,-2.6245
-0.0654,-0.3928,0.9630,1.5869,0.7324,-2.6855
-0.0566,-0.3778,0.9746,5.9204,0.1831,-1.3428
-0.0569,-0.3679,0.9592,4.9438,2.3193,-0.7935
-0.0577,-0.3688,0.9652,0.9766,2.5024,-1.5869
-0.0602,-0.3673,0.9686,-2.8687,4.1504,-1.2817
-0.0537,-0.3628,0.9281,4.5776,5.0049,-0.4272
-0.0519,-0.3657,0.9518,21.1792,1.2207,-0.9155
-0.0632,-0.3976,0.9706,12.3291,3.0518,-0.3052
-0.0620,-0.3966,0.9888,2.4414,4.0894,0.1221
-0.0500,-0.3811,0.9636,8.7891,3.6621,0.6714
-0.0448,-0.3766,0.9540,15.9302,2.5635,0.4272
-0.0532,-0.3945,0.9612,12.9395,1.5869,-1.1597
-0.0685,-0.4117,0.9812,3.9062,2.1362,-1.7700
-0.0682,-0.4022,0.9689,0.6714,4.8218,-0.1831
-0.0736,-0.3964,0.9218,4.4556,5.9814,0.8545
-0.0686,-0.4077,0.9607,6.7139,-1.2817,0.7935
-0.0481,-0.3861,0.9706,-0.7324,2.3193,1.7090
-0.0468,-0.3777,0.9502,-1.1597,3.8452,1.0376
-0.0396,-0.3740,0.9645,-0.5493,2.1362,-0.6104
-0.0479,-0.3851,0.9779,1.2207,1.0376,-1.1597
-0.0438,-0.3829,0.9783,1.7090,1.9531,-1.2207
-0.0417,-0.3707,0.9583,0.9155,3.1738,-0.4272
-0.0444,-0.3719,0.9792,4.1504,1.5869,-1.0986
FIN_VENTANA
Progreso: 3/20
INICIO_VENTANA abajo
-0.0522,-0.4026,0.9753,7.1411,2.2583,-1.6479
-0.0613,-0.4000,0.9473,0.6104,4.0894,-0.6714
-0.0438,-0.3799,0.9441,5.6152,2.0142,-0.0610
-0.0415,-0.3799,0.9668,12.2070,0.8545,-0.1831
-0.0411,-0.3860,0.9822,8.2397,2.5024,-0.7935
-0.0564,-0.3953,0.9591,0.7935,5.7983,-0.9766
-0.0492,-0.3862,0.9535,9.8267,2.6245,-0.4272
-0.0555,-0.4026,0.9702,10.8032,2.6855,-0.7324
-0.0591,-0.4052,0.9751,6.7749,3.6011,0.0610
-0.0488,-0.3929,0.9410,11.4746,2.8076,-0.1221
-0.0583,-0.4115,0.9535,6.1646,2.1973,-1.5259
-0.0575,-0.4125,0.9644,1.7700,1.9531,-1.2207
-0.0502,-0.4050,0.9668,2.8076,1.8311,-0.3052
-0.0370,-0.3785,0.9541,1.5869,3.4180,-0.0610
-0.0433,-0.3823,0.9523,5.3711,2.2583,-1.5259
-0.0488,-0.3977,0.9772,1.6479,1.6479,-2.0142
-0.0610,-0.4016,0.9603,0.5493,2.3804,-1.8311
-0.0621,-0.3922,0.9523,8.1787,1.3428,-0.4883
-0.0507,-0.3790,0.9587,3.6621,2.1973,0.2441
-0.0404,-0.3680,0.9539,5.7373,3.3569,0.4883
-0.0405,-0.3784,0.9668,4.4556,3.8452,-0.6714
-0.0515,-0.3983,0.9691,4.8828,3.2349,-1.0986
-0.0538,-0.3999,0.9791,-0.4272,4.6387,-0.4883
-0.0522,-0.3928,0.9579,11.4136,1.7700,0.4272
-0.0476,-0.3937,0.9670,7.0801,2.1362,-0.7935
-0.0510,-0.4025,0.9711,4.4556,1.2817,-1.0986
-0.0503,-0.3925,0.9630,-0.6104,4.0283,-0.8545
-0.0497,-0.3866,0.9487,1.8311,2.6245,-0.7935
-0.0380,-0.3783,0.9674,4.2114,1.0986,-0.9766
-0.0380,-0.3722,0.9624,5.1880,2.0142,-1.6479
-0.0508,-0.3868,0.9656,12.6343,-0.4272,-2.1362
-0.0574,-0.3927,0.9709,4.2114,2.6855,-1.2207
-0.0513,-0.3810,0.9568,3.0518,3.8452,-0.2441
-0.0463,-0.3771,0.9541,1.3428,4.2725,-0.7324
-0.0491,-0.3821,0.9694,5.4932,1.8311,-1.4648
-0.0530,-0.3921,0.9672,6.7139,2.6855,-1.5259
-0.0571,-0.3943,0.9646,5.9814,2.5024,-1.7700
-0.0632,-0.3998,0.9736,2.6855,1.8921,-1.5869
-0.0538,-0.3794,0.9521,2.5024,1.0986,-1.4038
-0.0551,-0.3840,0.9916,5.1880,-1.1597,-2.3804
-0.0586,-0.3856,0.9891,3.7842,2.3804,-1.8311
-0.0509,-0.3671,0.9330,6.1646,6.2866,0.1221
-0.0392,-0.3468,0.9670,-6.5918,2.5635,-3.1738
-0.0553,-0.3804,1.0052,-19.9585,-6.6528,-4.8218
-0.0664,-0.3748,0.9244,-0.0610,7.0190,-2.1973
-0.0579,-0.3638,0.9703,14.5874,-1.5869,-2.0752
-0.0536,-0.3497,0.9517,15.3198,1.0376,-1.7700
-0.0687,-0.3804,0.9701,7.7515,0.3662,-3.2349
-0.0861,-0.3905,0.9606,11.6577,1.4038,-1.8311
-0.0895,-0.4080,1.0005,3.4180,1.9531,-0.7935
-0.0707,-0.3685,0.9518,-0.7324,7.2021,2.1362
-0.0490,-0.3524,0.9186,15.5640,1.9531,0.3052
-0.0625,-0.3873,0.9994,13.9160,-3.0518,-2.6855
-0.0731,-0.3971,0.9888,5.4932,2.5635,-0.9766
-0.0547,-0.3683,0.9747,-4.6997,5.3711,0.2441
-0.0538,-0.3474,0.9385,0.1831,5.1880,0.1221
-0.0557,-0.3617,0.9655,6.7139,1.1597,-0.9766
-0.0544,-0.3649,0.9613,9.7046,1.4648,-1.6479
-0.0730,-0.3909,0.9877,4.3945,2.9907,-1.2817
-0.0707,-0.3776,0.9617,1.8311,4.6387,-0.2441
-0.0643,-0.3716,0.9730,3.3569,2.8076,-0.0610
-0.0571,-0.3629,0.9633,4.8828,2.7466,-0.3052
-0.0592,-0.3639,0.9601,12.7563,0.9155,-0.6104
-0.0565,-0.3669,0.9806,12.8174,1.2817,-0.2441
-0.0574,-0.3639,0.9747,-2.0752,3.4790,-0.9155
-0.0698,-0.3665,0.9419,6.4697,3.0518,-0.3662
-0.0640,-0.3706,0.9958,4.5776,1.2817,-1.0986
-0.0677,-0.3649,0.9557,-2.6245,5.9814,-0.0610
-0.0676,-0.3732,0.9742,9.8267,1.4038,-0.4883
-0.0635,-0.3728,0.9708,14.4043,1.4648,-0.2441
-0.0587,-0.3650,0.9749,12.5122,1.4648,0.0000
-0.0654,-0.3851,0.9808,6.5308,3.5400,0.5493
-0.0543,-0.3629,0.9691,2.3804,4.3945,0.5493
-0.0593,-0.3529,0.9392,2.5024,3.0518,-0.4272
-0.0641,-0.3812,0.9818,10.2539,0.9155,-0.7324
-0.0637,-0.3759,0.9624,9.4604,2.0752,-1.2207
-0.0720,-0.3894,0.9821,-0.4883,2.8076,-1.5869
-0.0771,-0.3864,0.9624,-4.2114,5.0659,-0.5493
-0.0653,-0.3611,0.9480,9.4604,2.5024,1.2207
-0.0635,-0.3704,0.9683,12.7563,2.3193,0.7324
-0.0513,-0.3676,0.9747,10.1929,1.2817,0.5493
-0.0463,-0.3641,0.9683,1.4038,4.2114,0.0000
-0.0538,-0.3690,0.9713,5.2490,1.5869,-0.9155
-0.0658,-0.3892,0.9690,5.1880,3.1128,-0.6104
-0.0569,-0.3760,0.9724,8.0566,1.6479,-0.1831
-0.0590,-0.3823,0.9733,6.7139,2.9297,-0.1831
-0.0538,-0.3751,0.9636,3.1738,4.7607,0.0610
-0.0649,-0.3871,0.9698,0.7324,2.4414,-1.4038
-0.0737,-0.3961,0.9730,8.0566,2.7466,0.2441
-0.0577,-0.3719,0.9534,11.1694,4.1504,2.4414
-0.0378,-0.3512,0.9685,-1.0986,4.2725,0.9766
-0.0463,-0.3606,0.9624,0.7935,3.5400,-1.0986
-0.0551,-0.3746,0.9736,12.6953,0.7324,-1.3428
-0.0677,-0.3860,0.9747,6.9580,2.9297,-0.4883
-0.0642,-0.3834,0.9742,7.0801,2.9907,0.4272
-0.0537,-0.3599,0.9548,2.3193,4.6387,0.6714
-0.0493,-0.3602,0.9558,2.2583,2.8687,-0.7324
-0.0643,-0.3834,0.9589,8.5449,2.2583,-1.2817
-0.0629,-0.3873,0.9720,18.4937,-0.2441,0.0610
-0.0558,-0.3860,0.9786,7.1411,2.6245,0.4883
FIN_VENTANA
Progreso: 4/20
INICIO_VENTANA abajo
-0.0599,-0.4041,0.9474,8.8501,1.7700,0.4272
-0.0499,-0.4081,0.9772,5.7983,2.4414,0.3052
-0.0402,-0.3804,0.9546,-0.9155,5.0049,0.6714
-0.0449,-0.3817,0.9468,4.6997,3.2349,-0.4272
-0.0459,-0.3998,0.9805,5.4932,1.7700,-1.4038
-0.0533,-0.3984,0.9579,8.4229,2.6245,-0.9155
-0.0593,-0.4086,0.9777,2.3804,3.2349,-0.8545
-0.0594,-0.3989,0.9591,0.6104,4.3335,0.5493
-0.0476,-0.3945,0.9604,6.8970,3.5400,0.5493
-0.0477,-0.3818,0.9502,5.8594,3.7842,1.0986
-0.0431,-0.3693,0.9304,9.0942,2.2583,0.2441
-0.0496,-0.3997,0.9797,8.4839,0.3662,-2.0142
-0.0679,-0.4165,0.9767,1.2207,3.6621,-1.3428
-0.0662,-0.4094,0.9556,2.0142,3.2959,-0.0610
-0.0468,-0.3905,0.9630,5.0049,3.2349,1.0986
-0.0353,-0.3749,0.9519,2.3193,2.5635,-1.1597
-0.0570,-0.4093,0.9546,9.2773,1.1597,-1.4038
-0.0582,-0.4059,0.9758,6.4697,2.1973,-0.1831
-0.0690,-0.4172,0.9712,0.1831,5.2490,1.4038
-0.0446,-0.3844,0.9344,0.3052,5.9814,3.2349
-0.0220,-0.3538,0.9329,13.1836,0.0610,2.0142
-0.0289,-0.3884,0.9941,7.0190,-0.8545,-3.1738
-0.0612,-0.4282,0.9729,4.5166,1.7090,-2.1973
-0.0568,-0.4216,0.9680,6.5308,3.3569,0.0000
-0.0438,-0.3916,0.9398,10.1929,2.9907,0.9766
-0.0374,-0.3802,0.9561,3.5400,1.7090,-1.2207
-0.0673,-0.4214,0.9425,4.4556,3.1738,-1.9531
-0.0635,-0.4084,0.9728,6.2256,2.3804,0.4883
-0.0468,-0.3881,0.9561,6.0425,2.1362,0.1831
-0.0547,-0.3989,0.9404,2.2583,4.0283,-0.6104
-0.0569,-0.4032,0.9534,9.5215,-0.3052,-1.2817
-0.0587,-0.4163,0.9886,10.9253,0.6714,-0.7324
-0.0507,-0.3999,0.9587,0.6104,4.0894,0.1221
-0.0479,-0.3838,0.9292,-3.7842,4.8218,-0.1221
-0.0426,-0.3805,0.9452,7.5684,0.3662,-0.9155
-0.0490,-0.3953,0.9635,9.5215,1.4038,-1.2207
-0.0558,-0.4043,0.9712,7.7515,1.0986,-1.4038
-0.0618,-0.4133,0.9708,4.3335,2.5024,-1.4648
-0.0555,-0.3929,0.9440,-1.1597,4.9438,-0.3052
-0.0643,-0.4000,0.9354,5.0049,1.6479,-1.1597
-0.0642,-0.4124,0.9672,6.7749,0.3662,-0.3662
-0.0391,-0.3888,0.9598,5.7373,1.7090,0.7935
-0.0272,-0.3854,0.9977,7.0190,0.3662,-1.5869
-0.0479,-0.3988,0.9690,3.6621,3.9062,-2.1362
-0.0568,-0.4048,0.9491,6.5308,2.6855,-1.7090
-0.0551,-0.3961,0.9529,13.4888,1.2817,-0.9155
-0.0581,-0.4098,0.9698,6.1035,1.1597,-1.7090
-0.0623,-0.4020,0.9470,10.9253,2.5024,-0.9155
-0.0660,-0.4097,0.9526,2.3804,3.4180,-1.5259
-0.0640,-0.3977,0.9486,3.5400,2.1973,-0.7324
-0.0548,-0.3927,0.9620,2.0142,3.5400,-0.6714
-0.0503,-0.3809,0.9406,5.7983,2.8687,-0.6714
-0.0632,-0.4055,0.9691,6.9580,0.3052,-1.5869
-0.0624,-0.4043,0.9562,4.2114,2.9297,-0.6714
-0.0607,-0.4037,0.9679,1.1597,2.4414,-0.9766
-0.0640,-0.4036,0.9387,9.0332,2.3193,0.0610
-0.0483,-0.3877,0.9609,7.3242,1.4038,-0.3662
-0.0420,-0.3844,0.9609,4.2725,1.7700,-0.9766
-0.0483,-0.3972,0.9719,5.5542,1.6479,-1.9531
-0.0549,-0.4028,0.9720,4.3335,2.1973,-1.8311
-0.0515,-0.3925,0.9604,3.2349,2.6855,-1.8921
-0.0665,-0.4061,0.9645,-0.3052,3.6011,-2.0752
-0.0651,-0.4025,0.9745,-0.9766,2.9297,-1.0376
-0.0599,-0.3961,0.9447,4.3335,3.2349,-0.1221
-0.0496,-0.3900,0.9741,6.6528,1.1597,-0.9766
-0.0583,-0.3938,0.9657,0.2441,4.3945,-1.5259
-0.0627,-0.3960,0.9695,3.8452,2.1973,-1.2207
-0.0607,-0.3832,0.9495,10.1318,3.4180,-0.1221
-0.0660,-0.4001,0.9749,6.6528,1.4038,-0.6104
-0.0579,-0.3762,0.9241,6.7749,3.1128,-0.1221
-0.0598,-0.3932,0.9808,9.6436,0.3662,-1.2817
-0.0537,-0.3810,0.9574,8.5449,2.2583,-0.0610
-0.0631,-0.3907,0.9432,5.3101,4.0894,0.1221
-0.0537,-0.3875,0.9763,6.2866,0.7935,-0.4883
-0.0485,-0.3826,0.9657,5.0659,2.8687,-0.4883
-0.0498,-0.3850,0.9709,-2.5635,4.1504,-1.4038
-0.0703,-0.4078,0.9510,2.0142,2.9297,-1.3428
-0.0344,-0.4062,0.9796,12.2681,1.4038,0.4883
-0.0540,-0.3914,0.9547,3.4790,4.0283,0.3052
-0.0490,-0.3839,0.9648,7.9956,1.5259,-0.6104
-0.0570,-0.3912,0.9591,2.9907,3.3569,-0.5493
-0.0498,-0.3802,0.9628,1.2207,2.6855,-0.4883
-0.0513,-0.3805,0.9548,4.8218,3.9673,-0.4883
-0.0627,-0.4001,0.9673,11.7798,1.8311,-0.4272
-0.0587,-0.3923,0.9425,12.3291,2.5635,0.8545
-0.0542,-0.3896,0.9645,4.4556,2.3804,-0.1221
-0.0536,-0.3909,0.9695,-1.5869,3.6011,0.1831
-0.0543,-0.3823,0.9457,5.1270,3.5400,0.3052
-0.0463,-0.3827,0.9723,2.3804,1.8311,0.0000
-0.0551,-0.4028,0.9825,5.0659,1.7090,-0.1221
-0.0599,-0.3993,0.9514,6.5918,1.5869,-0.3662
-0.0586,-0.4135,0.9904,8.1177,3.1128,0.2441
-0.0667,-0.4120,0.9725,2.5635,3.6011,-0.5493
-0.0693,-0.4042,0.9540,8.5449,2.6855,0.0000
-0.0634,-0.3973,0.9485,10.0098,1.0376,-0.3662
-0.0549,-0.3916,0.9542,9.6436,1.3428,-0.4272
-0.0615,-0.4050,0.9771,4.2114,1.9531,-0.8545
-0.0612,-0.4071,0.9476,3.6011,3.2959,-0.1831
-0.0593,-0.3976,0.9335,12.5122,1.6479,0.8545
-0.0531,-0.4019,0.9376,6.6528,3.3569,0.9155
FIN_VENTANA
Progreso: 5/20
INICIO_VENTANA abajo
-0.0520,-0.3994,0.9679,12.2681,0.7324,1.0376
-0.0348,-0.3763,0.9568,8.6670,1.4648,0.6714
-0.0328,-0.3835,0.9683,8.7891,1.7700,-0.9155
-0.0447,-0.4019,0.9823,9.1553,1.0376,-1.7700
-0.0502,-0.4006,0.9465,12.7563,2.8076,-0.4883
-0.0521,-0.4019,0.9536,10.9863,1.2817,-0.8545
-0.0527,-0.4131,0.9596,6.5308,2.4414,-0.4272
-0.0438,-0.4023,0.9545,2.8687,3.3569,-0.0610
-0.0430,-0.3950,0.9292,8.5449,2.2583,-0.4883
-0.0425,-0.4047,0.9779,5.6152,1.1597,-1.2207
-0.0532,-0.4050,0.9222,4.5776,4.4556,-0.6104
-0.0409,-0.4087,0.9672,5.8594,1.8921,-1.0376
-0.0468,-0.4067,0.9557,8.4229,1.7700,-0.7935
-0.0393,-0.3947,0.9579,1.6479,3.9062,-0.8545
-0.0490,-0.4084,0.9651,0.7324,5.1270,-1.2207
-0.0521,-0.4114,0.9484,10.1318,1.6479,-0.9766
-0.0511,-0.4133,0.9541,8.7891,2.1973,-0.6714
-0.0509,-0.4061,0.9449,6.1646,2.4414,-0.6714
-0.0475,-0.4016,0.9569,6.2866,2.1973,-1.0376
-0.0575,-0.4115,0.9581,3.3569,2.6855,-1.3428
-0.0552,-0.4125,0.9440,3.2959,1.6479,-0.6104
-0.0486,-0.4155,0.9852,3.7842,1.6479,-0.6714
-0.0411,-0.3989,0.9655,2.5635,2.4414,-0.8545
-0.0488,-0.3988,0.9360,3.1128,3.7231,-0.9155
-0.0513,-0.4115,0.9637,5.5542,1.1597,-0.9155
-0.0475,-0.4124,0.9662,5.0659,2.8687,-0.2441
-0.0363,-0.3912,0.9482,5.4321,3.3569,0.3662
-0.0428,-0.4008,0.9620,4.4556,2.5024,-1.2817
-0.0421,-0.3953,0.9485,7.5684,3.0518,-0.8545
-0.0500,-0.4000,0.9445,7.3853,3.6621,-0.9766
-0.0605,-0.4198,0.9591,5.4321,1.1597,-1.4038
-0.0579,-0.4111,0.9572,2.5635,3.6621,0.1831
-0.0405,-0.3883,0.9463,8.6670,1.8921,0.7935
-0.0375,-0.3932,0.9578,7.0801,3.1128,-0.0610
-0.0476,-0.4081,0.9579,3.7842,2.2583,-1.5869
-0.0520,-0.4060,0.9502,6.0425,3.0518,-0.4272
-0.0516,-0.4080,0.9645,3.9062,2.3193,-0.5493
-0.0481,-0.4073,0.9470,3.3569,3.6011,-0.3662
-0.0502,-0.4222,0.9689,9.6436,-0.1831,-1.5869
-0.0520,-0.4255,0.9679,10.4370,1.8311,-0.7935
-0.0500,-0.4135,0.9513,4.3335,4.1504,0.3052
-0.0400,-0.4008,0.9496,3.5400,3.1738,-0.6104
-0.0414,-0.3926,0.9497,7.0190,1.4038,-1.1597
-0.0493,-0.4082,0.9580,2.8687,3.2959,-1.2207
-0.0461,-0.4043,0.9580,0.9155,2.5635,-0.7935
-0.0444,-0.3894,0.9266,7.1411,3.3569,-0.1221
-0.0464,-0.4077,0.9692,6.5918,1.2817,-1.2207
-0.0476,-0.4060,0.9604,3.5400,2.5024,-1.0376
-0.0410,-0.3990,0.9780,5.4321,2.2583,-0.3662
-0.0469,-0.3999,0.9478,-0.4272,4.3335,-1.4648
-0.0488,-0.4005,0.9513,2.6855,2.3804,-1.7700
-0.0536,-0.4102,0.9557,4.5166,1.8921,-1.5259
-0.0547,-0.4193,0.9708,5.3711,1.5869,-1.4038
-0.0521,-0.4167,0.9673,10.6201,1.4038,-0.7935
-0.0552,-0.4191,0.9678,7.5073,2.2583,-0.9155
-0.0525,-0.4147,0.9609,4.6387,2.7466,-0.9766
-0.0472,-0.3986,0.9525,7.8735,1.4038,-0.6714
-0.0468,-0.3978,0.9395,5.9814,2.8076,-1.1597
-0.0505,-0.4092,0.9612,5.8594,1.2207,-1.5259
-0.0466,-0.4050,0.9508,4.5776,2.7466,-1.3428
-0.0472,-0.3938,0.9423,4.6387,2.3193,-0.9155
-0.0515,-0.4089,0.9542,4.3335,1.6479,-1.5869
-0.0469,-0.3925,0.9489,6.7139,0.9766,-1.5869
-0.0562,-0.4065,0.9542,6.0425,2.1973,-0.9155
-0.0475,-0.3899,0.9403,7.3242,2.8076,0.1221
-0.0500,-0.4069,0.9603,5.3101,1.7090,-1.0376
-0.0496,-0.4038,0.9481,5.3711,2.8687,-0.7935
-0.0529,-0.4135,0.9536,6.7139,1.6479,-1.1597
-0.0541,-0.4199,0.9692,10.6812,1.2207,-0.8545
-0.0565,-0.4138,0.9620,4.8218,1.9531,-1.0376
-0.0535,-0.4004,0.9408,-0.7935,4.3335,-0.9766
-0.0551,-0.4094,0.9609,2.1362,1.4648,-1.8921
-0.0580,-0.4067,0.9459,6.2866,2.8076,-1.2817
-0.0583,-0.4125,0.9500,5.4932,1.7090,-1.5869
-0.0579,-0.4150,0.9548,8.3618,1.7090,-0.4272
-0.0500,-0.4072,0.9579,5.6152,2.3804,-0.1221
-0.0535,-0.4065,0.9517,4.8218,1.5869,-1.3428
-0.0564,-0.4144,0.9540,5.7373,2.3193,-0.9766
-0.0519,-0.4108,0.9612,6.0425,1.5259,-1.1597
-0.0591,-0.4166,0.9539,1.8921,3.2349,-1.1597
-0.0549,-0.4077,0.9515,5.2490,3.1738,-0.0610
-0.0562,-0.4117,0.9587,6.5308,2.0752,-0.5493
-0.0549,-0.4081,0.9550,4.2114,2.5635,-0.8545
-0.0531,-0.4059,0.9561,7.7515,2.8687,0.0610
-0.0498,-0.3999,0.9645,5.3711,2.4414,-0.6714
-0.0444,-0.3884,0.9534,6.7749,2.7466,-0.3052
-0.0527,-0.3984,0.9478,6.4087,2.9907,-0.7324
-0.0591,-0.4067,0.9518,1.8311,3.9673,-0.7935
-0.0527,-0.4021,0.9484,7.6294,1.4648,-0.6104
-0.0576,-0.3981,0.9514,3.4180,2.7466,-0.9155
-0.0568,-0.3992,0.9454,5.3101,2.9907,-0.9766
-0.0585,-0.4054,0.9542,4.3335,2.6245,-0.7935
-0.0590,-0.4077,0.9404,0.2441,3.5400,-0.4272
-0.0461,-0.4000,0.9503,4.8828,2.5024,-0.2441
-0.0636,-0.4337,0.9840,9.8267,0.3052,-0.9155
-0.0541,-0.4193,0.9569,7.0190,4.9438,2.0752
-0.0422,-0.4032,0.9490,1.5259,3.3569,0.6714
-0.0479,-0.4147,0.9901,7.2021,1.7700,-0.4272
-0.0564,-0.4165,0.9601,5.2490,4.0894,-0.4883
-0.0543,-0.4124,0.9701,2.6855,4.0283,0.1221
FIN_VENTANA
Progreso: 6/20
INICIO_VENTANA abajo
-0.0466,-0.4149,0.9807,4.2725,2.0752,-0.3052
-0.0393,-0.3885,0.9231,0.1221,4.3945,-0.3662
-0.0494,-0.4072,0.9443,1.6479,1.9531,-1.6479
-0.0486,-0.4152,0.9713,7.8735,1.5259,-0.6714
-0.0380,-0.3983,0.9497,9.1553,3.8452,0.8545
-0.0360,-0.3949,0.9423,5.7373,2.7466,-0.4272
-0.0404,-0.4062,0.9658,9.3384,0.5493,-1.3428
-0.0488,-0.4175,0.9536,6.8970,3.7842,-0.9766
-0.0509,-0.4171,0.9590,2.4414,2.9297,-0.9766
-0.0532,-0.4089,0.9402,7.1411,3.1738,-0.1831
-0.0472,-0.4019,0.9580,7.7515,2.0752,-0.2441
-0.0491,-0.4136,0.9559,4.0283,3.4790,-1.0376
-0.0531,-0.4150,0.9669,6.7749,1.3428,-1.3428
-0.0548,-0.4076,0.9358,7.6904,3.6011,-0.3052
-0.0601,-0.4204,0.9578,2.6855,3.1128,-0.7324
-0.0507,-0.4108,0.9534,2.0142,2.5024,-0.7935
-0.0491,-0.4055,0.9341,6.3477,1.4648,-1.0986
-0.0510,-0.4231,0.9720,5.2490,2.1973,-0.9155
-0.0394,-0.4139,0.9740,5.2490,2.2583,0.1221
-0.0345,-0.3944,0.9414,1.9531,4.5166,-0.1221
-0.0409,-0.4049,0.9496,4.6997,2.6855,-1.5259
-0.0508,-0.4191,0.9651,6.2866,2.1973,-1.4038
-0.0601,-0.4189,0.9386,8.9722,3.1738,-0.3662
-0.0559,-0.4080,0.9473,6.9580,2.9907,0.2441
-0.0487,-0.4001,0.9467,2.8076,3.2349,0.1221
-0.0430,-0.3953,0.9556,10.8643,1.1597,0.0610
-0.0485,-0.4165,0.9590,8.7280,3.6011,0.0000
-0.0510,-0.4260,0.9633,6.2256,2.3193,-0.5493
-0.0463,-0.4175,0.9686,5.7373,1.5869,-1.0986
-0.0583,-0.4220,0.9318,2.8687,4.2725,-0.7324
-0.0525,-0.4207,0.9458,6.7139,1.1597,-0.9766
-0.0460,-0.4196,0.9673,4.8218,2.1973,-0.8545
-0.0487,-0.4102,0.9327,4.2114,4.0894,-0.3662
-0.0514,-0.4142,0.9420,6.4087,2.1362,-0.3662
-0.0414,-0.4069,0.9485,8.1177,1.2207,-0.3662
-0.0398,-0.4117,0.9606,3.7842,2.4414,-1.0376
-0.0493,-0.4215,0.9410,7.2632,2.9297,-1.0376
-0.0504,-0.4250,0.9587,8.7891,0.9155,-1.1597
-0.0508,-0.4126,0.9327,3.0518,3.6621,-0.6714
-0.0548,-0.4279,0.9520,1.2207,3.1128,-1.0376
-0.0436,-0.4158,0.9657,7.2021,1.5869,0.2441
-0.0320,-0.3995,0.9513,3.7231,3.4790,-0.4883
-0.0437,-0.4133,0.9528,2.6245,3.3569,-1.5869
-0.0488,-0.4211,0.9567,7.2021,1.4648,-1.4648
-0.0509,-0.4197,0.9563,4.6387,3.3569,-0.7935
-0.0437,-0.4039,0.9515,-1.4038,4.2114,-0.7935
-0.0292,-0.3820,0.9507,0.1221,2.5024,-1.8311
-0.0350,-0.3839,0.9474,-0.6104,3.3569,-3.4180
-0.0651,-0.4259,1.0006,10.1929,-1.7090,-3.6011
-0.0715,-0.4260,0.9664,9.6436,4.3335,-0.3052
-0.0654,-0.4293,0.9417,8.9111,4.6997,1.7090
-0.0372,-0.3920,0.9233,6.8359,5.4932,2.5635
-0.0387,-0.3969,0.9457,10.4980,0.0610,-1.1597
-0.0607,-0.4392,0.9734,7.7515,0.5493,-2.4414
-0.0621,-0.4365,0.9523,8.1787,3.1738,-0.0610
-0.0498,-0.4238,0.9423,6.4697,2.1973,-0.6714
-0.0366,-0.4097,0.9551,1.3428,1.0986,-1.8311
-0.0388,-0.4127,0.9662,1.4038,-0.9155,-3.9673
-0.0669,-0.4481,0.9972,9.8877,0.0610,-2.5635
-0.0543,-0.4138,0.9415,7.5684,4.8218,0.8545
-0.0430,-0.3927,0.9417,3.9062,4.2725,0.5493
-0.0504,-0.3914,0.9310,5.4321,2.7466,-0.7935
-0.0591,-0.4044,0.9314,7.6904,2.3804,-0.7935
-0.0583,-0.4070,0.9272,7.3242,1.4038,-0.4272
-0.0574,-0.4214,0.9432,9.0332,2.2583,0.1221
-0.0444,-0.4153,0.9657,2.8076,3.2349,0.3662
-0.0469,-0.4175,0.9418,4.5166,3.2349,0.0610
-0.0389,-0.4116,0.9548,6.1646,3.4790,0.9766
-0.0396,-0.4030,0.9449,4.9438,3.6011,0.6104
-0.0333,-0.4037,0.9546,2.0142,3.6011,-0.3052
-0.0399,-0.4117,0.9443,3.2349,3.1738,-0.8545
-0.0514,-0.4205,0.9695,6.2256,2.0142,-1.0986
-0.0692,-0.4548,0.9587,6.8970,4.2114,1.6479
-0.0488,-0.4233,0.9583,7.8735,2.5635,0.9766
-0.0439,-0.4164,0.9585,2.4414,3.2959,0.1221
-0.0502,-0.4237,0.9562,9.5825,2.2583,-0.1221
-0.0477,-0.4175,0.9476,11.6577,2.3193,-0.2441
-0.0472,-0.4170,0.9470,6.8359,1.8311,-1.2207
-0.0560,-0.4208,0.9429,5.9204,2.1362,-1.5869
-0.0626,-0.4396,0.9559,4.8828,3.1738,-1.1597
-0.0449,-0.4110,0.9351,5.5542,1.6479,-0.4883
-0.0369,-0.4048,0.9534,3.6621,1.0986,-1.7700
-0.0499,-0.4272,0.9557,5.9204,0.5493,-2.6855
-0.0574,-0.4399,0.9552,9.3384,1.4038,-1.8311
-0.0476,-0.4246,0.9464,7.6294,2.0752,0.3052
-0.0377,-0.4091,0.9358,5.1270,2.6245,-0.5493
-0.0457,-0.4219,0.9714,3.9673,1.8921,-1.5869
-0.0608,-0.4330,0.9414,6.3477,3.9673,-0.3662
-0.0531,-0.4208,0.9237,5.4321,3.9673,0.7324
-0.0408,-0.4056,0.9390,2.9297,2.1362,-0.3662
-0.0369,-0.4023,0.9536,7.5073,1.4648,-1.0376
-0.0452,-0.4158,0.9565,5.9814,2.0752,-2.3193
-0.0558,-0.4159,0.9275,4.6997,0.5493,-2.8687
-0.0681,-0.4484,0.9570,6.0425,1.7090,-1.8921
-0.0570,-0.4325,0.9535,8.1177,2.2583,0.0000
-0.0457,-0.4192,0.9531,7.2632,1.4038,-0.8545
-0.0513,-0.4290,0.9586,3.8452,1.7090,-1.5259
-0.0525,-0.4230,0.9349,5.9204,2.8687,-1.2207
-0.0504,-0.4198,0.9375,11.7187,-0.2441,-1.8311
-0.0632,-0.4446,0.9551,7.0190,1.0986,-2.0752
FIN_VENTANA
Progreso: 7/20
INICIO_VENTANA abajo
-0.0508,-0.4177,0.9429,4.1504,1.8921,-0.7935
-0.0570,-0.4340,0.9470,3.4180,2.1973,-1.1597
-0.0579,-0.4441,0.9570,8.5449,1.5259,-0.4272
-0.0474,-0.4331,0.9657,9.6436,3.2349,0.9155
-0.0446,-0.4243,0.9396,5.8594,4.1504,0.5493
-0.0486,-0.4240,0.9351,6.7139,3.4180,-0.5493
-0.0531,-0.4188,0.9299,7.8125,2.3193,-1.1597
-0.0612,-0.4370,0.9504,4.3945,2.2583,-1.7090
-0.0682,-0.4479,0.9453,8.3008,2.8687,-0.5493
-0.0607,-0.4388,0.9512,6.3477,2.6855,0.3052
-0.0507,-0.4186,0.9360,2.7466,3.9062,0.0610
-0.0547,-0.4269,0.9441,2.9907,2.6245,-1.2817
-0.0602,-0.4399,0.9363,8.5449,2.5024,-0.4272
-0.0601,-0.4384,0.9380,7.2021,2.2583,-0.3052
-0.0511,-0.4414,0.9492,3.7231,2.6855,-0.6104
-0.0532,-0.4451,0.9514,5.7983,2.5024,-1.1597
-0.0618,-0.4512,0.9500,6.8359,2.3193,-1.1597
-0.0597,-0.4415,0.9406,3.6621,3.7231,0.0000
-0.0560,-0.4333,0.9413,2.8076,3.4180,0.1831
-0.0503,-0.4222,0.9242,8.3008,2.0752,0.3052
-0.0479,-0.4308,0.9465,4.0894,2.2583,-0.3662
-0.0483,-0.4374,0.9528,8.7280,2.2583,-0.2441
-0.0579,-0.4458,0.9523,9.2163,2.4414,-0.0610
-0.0551,-0.4396,0.9330,2.6245,4.0283,-0.0610
-0.0532,-0.4369,0.9291,3.2959,3.1128,-0.5493
-0.0530,-0.4526,0.9663,9.3994,0.4883,-0.8545
-0.0485,-0.4348,0.9331,8.6060,3.4180,0.3052
-0.0464,-0.4343,0.9365,5.6152,2.5635,-1.2207
-0.0491,-0.4395,0.9463,5.0659,2.6245,-0.9155
-0.0573,-0.4427,0.9313,3.2959,3.8452,-0.9766
-0.0608,-0.4447,0.9260,6.2866,3.1128,-0.4883
-0.0564,-0.4414,0.9370,7.8735,2.1362,-0.3662
-0.0503,-0.4391,0.9492,6.3477,2.1973,-0.3052
-0.0511,-0.4395,0.9381,1.1597,4.3945,-0.4272
-0.0490,-0.4387,0.9484,0.2441,2.9907,-1.4038
-0.0558,-0.4432,0.9545,3.3569,1.8921,-1.4648
-0.0520,-0.4333,0.9406,0.2441,3.1738,-0.5493
-0.0477,-0.4182,0.9537,-12.3291,3.8452,-1.8921
-0.0559,-0.4146,0.9333,-20.3247,6.1035,-2.3804
-0.0538,-0.4059,0.9580,-2.3804,1.4038,-1.8311
-0.0657,-0.4381,0.9446,16.2354,2.9907,1.0986
-0.0396,-0.4144,0.9469,14.3433,3.1738,1.9531
-0.0358,-0.4116,0.9467,11.2305,1.4038,0.0000
-0.0393,-0.4186,0.9646,9.2773,1.4038,-0.8545
-0.0505,-0.4415,0.9337,15.1367,3.3569,-0.6104
-0.0481,-0.4426,0.9647,12.3901,0.6104,-0.9155
-0.0530,-0.4353,0.9365,6.2256,3.5400,-0.4272
-0.0546,-0.4379,0.9377,2.8076,3.2959,-1.5259
-0.0581,-0.4316,0.9258,7.3853,1.6479,-1.0986
-0.0586,-0.4385,0.9475,8.0566,1.7700,-0.1221
-0.0427,-0.4177,0.9318,7.8125,3.0518,0.6104
-0.0497,-0.4380,0.9531,10.1929,1.0986,-0.7324
-0.0532,-0.4497,0.9648,3.0518,2.9297,-0.8545
-0.0490,-0.4298,0.9210,6.1035,3.1738,-0.1221
-0.0508,-0.4323,0.9337,5.7983,2.6245,-0.7324
-0.0508,-0.4430,0.9471,5.0049,2.3804,-1.0986
-0.0522,-0.4471,0.9424,4.6387,2.1973,-0.9155
-0.0533,-0.4414,0.9415,5.3711,2.8076,-0.2441
-0.0452,-0.4348,0.9493,4.4556,2.1362,-0.1831
-0.0409,-0.4266,0.9220,2.8687,4.3945,-0.5493
-0.0520,-0.4412,0.9330,8.7891,1.7090,-1.5869
-0.0601,-0.4622,0.9644,7.0190,0.6104,-1.5869
-0.0558,-0.4476,0.9388,5.6763,4.5166,0.5493
-0.0437,-0.4268,0.9219,6.3477,3.6011,-0.4272
-0.0538,-0.4401,0.9437,4.4556,2.4414,-1.1597
-0.0535,-0.4374,0.9399,8.0566,2.2583,-0.6714
-0.0531,-0.4373,0.9449,3.1128,3.6621,-0.5493
-0.0585,-0.4374,0.9264,5.3711,1.8311,-1.0986
-0.0526,-0.4424,0.9509,6.5308,2.0752,-0.4883
-0.0551,-0.4380,0.9430,4.8828,3.4180,-0.1221
-0.0472,-0.4331,0.9503,3.1738,3.7231,-0.3662
-0.0498,-0.4459,0.9427,4.1504,1.8311,-1.2207
-0.0594,-0.4631,0.9507,7.6904,1.9531,-0.7324
-0.0454,-0.4395,0.9316,7.0801,3.9062,0.9155
-0.0374,-0.4293,0.9487,7.4463,1.4648,-0.4272
-0.0490,-0.4484,0.9429,6.8970,2.8076,-1.2207
-0.0487,-0.4435,0.9386,8.1787,2.1973,-1.2207
-0.0635,-0.4473,0.9264,3.2349,4.2114,-0.6104
-0.0618,-0.4459,0.9248,7.6904,2.3193,-0.9766
-0.0524,-0.4431,0.9413,7.3242,1.7700,-0.4883
-0.0477,-0.4391,0.9424,3.2959,2.5024,-0.6714
-0.0526,-0.4514,0.9674,5.3101,1.4648,-1.2207
-0.0566,-0.4471,0.9302,6.7749,4.0283,0.1831
-0.0452,-0.4347,0.9282,3.6011,2.6245,-0.3052
-0.0514,-0.4441,0.9401,4.1504,2.7466,-0.7324
-0.0565,-0.4620,0.9519,0.5493,3.2959,-0.9155
-0.0562,-0.4570,0.9346,0.6714,4.9438,0.3662
-0.0363,-0.4299,0.9352,9.5825,1.3428,0.7324
-0.0277,-0.4154,0.9272,7.0190,3.8452,-0.1221
-0.0376,-0.4276,0.9280,12.2681,0.7935,-1.7700
-0.0620,-0.4727,0.9701,11.2915,1.3428,-1.5869
-0.0511,-0.4521,0.9397,2.1973,4.3335,0.4883
-0.0383,-0.4263,0.9377,9.2773,2.0752,-0.4883
-0.0515,-0.4434,0.9404,6.1646,3.1128,-1.6479
-0.0645,-0.4521,0.9329,2.2583,3.4790,-1.5869
-0.0576,-0.4387,0.9299,8.0566,2.0752,-0.3052
-0.0535,-0.4409,0.9448,5.7983,2.3193,-0.7935
-0.0505,-0.4358,0.9343,3.2959,2.9297,-1.2817
-0.0647,-0.4617,0.9476,7.0190,1.3428,-1.8311
-0.0559,-0.4519,0.9445,6.0425,2.7466,-0.3052
FIN_VENTANA
Progreso: 8/20
INICIO_VENTANA abajo
-0.0415,-0.4349,0.9578,-5.4932,5.3101,-0.7935
-0.0537,-0.4392,0.9302,-1.0986,4.9438,-1.8311
-0.0610,-0.4464,0.9325,6.5918,3.0518,-0.7935
-0.0625,-0.4402,0.9059,9.5825,2.9297,-0.0610
-0.0559,-0.4432,0.9266,11.7187,1.4038,-0.5493
-0.0884,-0.4600,0.9479,5.0049,1.4648,-1.0986
-0.0587,-0.4634,0.9532,4.2725,2.0752,-0.4883
-0.0532,-0.4386,0.9143,7.9956,3.2959,0.3662
-0.0601,-0.4551,0.9277,8.5449,2.5635,-0.8545
-0.0585,-0.4554,0.9425,3.9673,2.1973,-0.3052
-0.0513,-0.4482,0.9313,2.5024,2.9297,0.6104
-0.0437,-0.4323,0.9274,5.4932,3.1738,0.8545
-0.0450,-0.4365,0.9120,8.0566,1.5869,-0.5493
-0.0475,-0.4570,0.9525,6.2256,1.6479,-1.0376
-0.0551,-0.4603,0.9457,6.5918,3.2959,-0.1831
-0.0543,-0.4541,0.9316,7.0190,3.4790,0.0610
-0.0558,-0.4537,0.9197,5.9204,3.6011,-0.1221
-0.0543,-0.4586,0.9354,6.4697,2.2583,-0.0610
-0.0453,-0.4490,0.9445,3.6011,3.3569,-0.7935
-0.0563,-0.4579,0.9355,4.8218,3.5400,-0.6714
-0.0551,-0.4646,0.9393,5.1880,2.8076,-0.3052
-0.0552,-0.4564,0.9312,3.8452,3.5400,-0.2441
-0.0542,-0.4529,0.9325,5.4932,2.8076,-0.3662
-0.0493,-0.4480,0.9298,7.7515,0.6104,-1.2817
-0.0533,-0.4585,0.9426,8.6060,1.4648,-0.7935
-0.0565,-0.4594,0.9424,3.2959,3.5400,0.1221
-0.0482,-0.4360,0.9180,3.2959,4.5166,0.2441
-0.0477,-0.4467,0.9421,7.2632,1.6479,-0.2441
-0.0396,-0.4387,0.9303,10.7422,1.7090,-0.1831
-0.0448,-0.4508,0.9287,7.4463,2.0142,-1.5259
-0.0612,-0.4795,0.9602,5.9814,1.6479,-1.8311
-0.0581,-0.4670,0.9386,4.6997,3.1738,-0.5493
-0.0525,-0.4541,0.9387,4.6997,3.9062,0.2441
-0.0508,-0.4474,0.9271,3.7842,3.6621,-0.0610
-0.0522,-0.4426,0.9216,8.9111,1.8921,-0.6104
-0.0553,-0.4490,0.9302,6.8970,2.2583,-1.0376
-0.0533,-0.4478,0.9165,11.5967,2.3193,-0.3662
-0.0586,-0.4651,0.9476,6.1035,1.7700,-1.2207
-0.0577,-0.4547,0.9240,-1.7700,4.7607,-0.3662
-0.0533,-0.4462,0.9108,4.0894,2.5635,-0.3662
-0.0485,-0.4480,0.9468,5.7373,1.5869,-0.3662
-0.0490,-0.4541,0.9310,6.1035,2.6855,0.0000
-0.0426,-0.4548,0.9426,5.8594,1.9531,-0.6104
-0.0487,-0.4612,0.9385,5.3101,2.9907,-0.7935
-0.0507,-0.4664,0.9581,3.9673,2.5024,-0.6104
-0.0481,-0.4508,0.9126,8.2397,3.0518,-0.1831
-0.0479,-0.4615,0.9448,10.4980,1.5869,-0.6714
-0.0446,-0.4562,0.9449,5.6152,3.3569,-0.5493
-0.0535,-0.4614,0.9318,3.6011,3.4790,-1.0986
-0.0564,-0.4550,0.9044,3.6011,4.5776,-0.6104
-0.0546,-0.4562,0.9274,8.6060,1.4648,-0.6714
-0.0487,-0.4467,0.9221,4.8218,2.6855,-0.1831
-0.0496,-0.4534,0.9257,4.5776,2.2583,-0.9766
-0.0525,-0.4685,0.9469,3.7842,2.1973,-1.2817
-0.0459,-0.4581,0.9358,4.3335,1.6479,-0.9766
-0.0471,-0.4554,0.9326,-0.1221,4.1504,-0.8545
-0.0472,-0.4543,0.9443,4.9438,1.1597,-1.2817
-0.0515,-0.4554,0.9303,9.7046,2.5024,-0.5493
-0.0502,-0.4564,0.9397,2.8687,3.5400,-0.7324
-0.0558,-0.4535,0.9258,5.0049,3.0518,-0.4883
-0.0477,-0.4507,0.9363,8.8501,1.4038,-0.6104
-0.0515,-0.4440,0.9344,2.9297,3.6621,-1.4038
-0.0543,-0.4468,0.9379,4.3335,2.1362,-0.5493
-0.0515,-0.4489,0.9109,8.7891,2.9297,0.1831
-0.0587,-0.4731,0.9351,5.5542,2.0752,-0.2441
-0.0504,-0.4691,0.9410,3.7842,3.6011,1.0986
-0.0482,-0.4519,0.9015,10.5591,2.3193,0.8545
-0.0431,-0.4624,0.9606,8.3618,0.6104,-0.2441
-0.0321,-0.4485,0.9502,3.7842,3.3569,-0.2441
-0.0443,-0.4515,0.9254,7.0801,2.4414,-1.8921
-0.0599,-0.4690,0.9323,9.0942,2.8687,-1.0986
-0.0527,-0.4526,0.9277,7.5073,2.5024,0.3052
-0.0450,-0.4382,0.9127,3.4790,3.9062,0.3662
-0.0392,-0.4410,0.9393,4.2725,2.0142,-1.3428
-0.0492,-0.4584,0.9489,10.2539,1.1597,-1.5869
-0.0573,-0.4636,0.9346,5.9204,3.6011,-1.2207
-0.0620,-0.4683,0.9279,6.8970,2.5635,-0.3052
-0.0496,-0.4573,0.9313,5.2490,2.3193,-0.3052
-0.0549,-0.4695,0.9348,3.1738,2.2583,-1.0986
-0.0508,-0.4612,0.9252,5.6152,2.5024,-0.4883
-0.0470,-0.4633,0.9402,9.2773,1.2207,-0.4883
-0.0448,-0.4553,0.9293,5.5542,3.3569,-0.2441
-0.0482,-0.4539,0.9216,1.0986,3.1128,-1.2207
-0.0459,-0.4568,0.9441,9.0332,0.6714,-1.0376
-0.0511,-0.4657,0.9396,6.1646,2.6855,-1.0376
-0.0498,-0.4670,0.9346,4.5166,3.2959,-0.6714
-0.0486,-0.4587,0.9341,6.1035,2.8687,-0.4883
-0.0521,-0.4602,0.9191,7.3242,2.1973,-1.2817
-0.0564,-0.4701,0.9376,7.3853,2.1362,-0.9155
-0.0511,-0.4626,0.9359,5.4321,2.8076,0.0610
-0.0432,-0.4536,0.9364,2.3804,2.6245,-0.6714
-0.0477,-0.4552,0.9370,5.8594,2.1973,-1.2207
-0.0575,-0.4678,0.9302,3.1128,2.9907,-1.5869
-0.0662,-0.4742,0.9137,4.3945,3.2349,-0.8545
-0.0454,-0.4581,0.9215,8.2397,1.1597,0.0610
-0.0453,-0.4602,0.9352,2.9297,2.1362,-1.4648
-0.0553,-0.4771,0.9449,6.2866,2.1973,-0.7324
-0.0446,-0.4562,0.9203,8.3618,2.3804,-0.1221
-0.0444,-0.4683,0.9478,4.3335,2.3804,-0.7935
-0.0372,-0.4485,0.9340,3.2349,3.0518,-0.2441
FIN_VENTANA
Progreso: 9/20
INICIO_VENTANA abajo
-0.0519,-0.4586,0.9359,5.0049,1.7700,-1.1597
-0.0470,-0.4552,0.9337,2.3804,2.1362,-1.5259
-0.0601,-0.4635,0.9244,4.8218,3.1738,-0.8545
-0.0551,-0.4637,0.9238,7.3853,1.5259,-1.3428
-0.0597,-0.4700,0.9268,7.3242,0.7324,-1.7700
-0.0598,-0.4739,0.9469,7.0190,2.3804,-0.2441
-0.0461,-0.4546,0.9282,1.8921,3.6011,0.2441
-0.0369,-0.4410,0.9288,4.8828,2.8687,-0.4272
-0.0432,-0.4541,0.9374,9.3994,1.2207,-2.0142
-0.0588,-0.4740,0.9425,3.3569,3.1128,-1.8921
-0.0627,-0.4694,0.9431,6.0425,2.7466,-0.7935
-0.0652,-0.4611,0.9200,7.3853,4.1504,-0.5493
-0.0548,-0.4421,0.9341,5.5542,1.8921,-0.7935
-0.0710,-0.4678,0.9449,1.0376,2.1973,-1.8921
-0.0670,-0.4625,0.9105,3.6621,4.0283,-0.6714
-0.0620,-0.4615,0.9152,8.6060,1.0376,-1.0376
-0.0619,-0.4750,0.9501,7.8735,2.1973,-0.4883
-0.0525,-0.4741,0.9276,6.7749,2.9297,0.3052
-0.0476,-0.4828,0.9541,11.7798,0.4883,-0.9766
-0.0470,-0.4635,0.9189,4.7607,4.0894,-0.1831
-0.0542,-0.4622,0.9152,8.2397,2.1362,-1.2207
-0.0562,-0.4727,0.9209,8.3008,2.1362,-0.9766
-0.0614,-0.4733,0.9286,5.9204,1.8311,-1.4038
-0.0603,-0.4764,0.9500,3.0518,4.2114,-0.1221
-0.0562,-0.4568,0.9128,7.4463,2.6245,-0.3662
-0.0536,-0.4518,0.9130,7.3853,2.8076,-0.9766
-0.0657,-0.4670,0.9216,6.4697,1.9531,-1.9531
-0.0720,-0.4822,0.9274,0.9155,2.9907,-1.4038
-0.0594,-0.4673,0.9301,6.4087,1.8921,0.3662
-0.0503,-0.4576,0.9164,4.1504,3.9062,0.3052
-0.0504,-0.4622,0.9376,5.8594,2.3193,-1.2207
-0.0619,-0.4806,0.9370,1.5869,3.1128,-1.4648
-0.0593,-0.4673,0.9236,8.8501,1.5869,-0.8545
-0.0609,-0.4771,0.9376,6.4697,2.3193,-0.8545
-0.0527,-0.4504,0.9163,6.8970,2.9907,-0.5493
-0.0592,-0.4572,0.9139,6.0425,1.5869,-1.8921
-0.0680,-0.4728,0.9082,5.9204,2.1362,-1.7700
-0.0667,-0.4838,0.9382,5.5542,2.2583,-0.7324
-0.0583,-0.4821,0.9374,8.3008,1.7090,0.3052
-0.0481,-0.4702,0.9388,5.3101,2.6245,0.7935
-0.0479,-0.4619,0.9266,4.3335,4.2114,0.4272
-0.0511,-0.4650,0.9265,6.6528,3.6011,-0.4272
-0.0615,-0.4794,0.9243,0.9155,3.9062,-0.9766
-0.0647,-0.4822,0.9219,1.0376,3.4790,-0.1831
-0.0575,-0.4684,0.9296,5.9204,3.2349,0.0610
-0.0520,-0.4595,0.9283,1.5869,3.2349,-0.3662
-0.0627,-0.4672,0.9153,2.3193,3.7842,-1.0376
-0.0640,-0.4709,0.9320,3.4180,2.8687,-0.3662
-0.0604,-0.4622,0.8995,3.3569,4.8218,0.6104
-0.0573,-0.4707,0.9489,2.3193,1.2207,-0.7935
-0.0560,-0.4652,0.9374,9.1553,2.1973,0.8545
-0.0363,-0.4429,0.9387,6.4697,2.5635,-0.3052
-0.0574,-0.4735,0.9491,2.3193,3.2349,-1.7090
-0.0614,-0.4752,0.9283,7.6904,1.5869,-1.4648
-0.0530,-0.4646,0.9279,5.7373,3.0518,-0.8545
-0.0481,-0.4585,0.9353,5.8594,2.0752,-0.4272
-0.0503,-0.4655,0.9460,1.2817,3.7842,-0.9155
-0.0552,-0.4606,0.9247,6.0425,2.8076,-0.6104
-0.0525,-0.4532,0.9115,4.5776,3.0518,-1.5259
-0.0616,-0.4741,0.9354,4.0283,2.5024,-1.6479
-0.0588,-0.4705,0.9393,10.8643,1.5869,-0.6714
-0.0563,-0.4576,0.9115,6.7139,4.0283,-0.0610
-0.0524,-0.4528,0.9174,5.9814,1.7700,-0.3662
-0.0592,-0.4683,0.9308,7.5073,2.6245,-0.1221
-0.0537,-0.4619,0.9181,10.3760,2.5024,0.4272
-0.0463,-0.4642,0.9404,2.3193,2.6855,-0.1831
-0.0516,-0.4769,0.9391,1.2207,2.9907,-0.9766
-0.0507,-0.4680,0.9240,9.5215,2.5635,-0.6714
-0.0524,-0.4718,0.9338,7.8125,1.6479,-1.2207
-0.0530,-0.4614,0.9260,4.5776,3.7231,-0.5493
-0.0540,-0.4774,0.9592,3.1128,1.4038,-1.0986
-0.0543,-0.4562,0.9100,6.7749,2.7466,-0.3052
-0.0554,-0.4651,0.9149,4.7607,3.6011,-0.7324
-0.0612,-0.4745,0.9186,7.0801,1.5869,-0.7935
-0.0513,-0.4696,0.9459,5.5542,1.7700,-0.1831
-0.0505,-0.4612,0.9033,3.4180,4.2725,0.1831
-0.0433,-0.4609,0.9305,5.6152,2.9907,-0.5493
-0.0486,-0.4725,0.9429,7.6904,1.4038,-1.5259
-0.0581,-0.4795,0.9403,2.5024,3.1128,-1.4038
-0.0554,-0.4696,0.9147,6.4087,3.2959,-0.4883
-0.0505,-0.4659,0.9271,12.2681,2.2583,-0.1221
-0.0551,-0.4745,0.9290,7.3242,3.2959,-0.4272
-0.0546,-0.4822,0.9341,4.3945,2.2583,-0.9766
-0.0581,-0.4752,0.9235,6.5308,2.6245,-0.4883
-0.0535,-0.4730,0.9290,7.3853,2.3804,-0.6714
-0.0586,-0.4778,0.9342,6.4087,2.1973,-0.8545
-0.0540,-0.4608,0.9059,2.7466,4.0894,-0.1221
-0.0514,-0.4595,0.9189,0.9155,2.0752,-1.1597
-0.0631,-0.4799,0.9235,5.2490,1.3428,-1.6479
-0.0542,-0.4834,0.9451,8.4229,0.9766,-1.0376
-0.0530,-0.4772,0.9203,14.1602,1.0376,-0.7935
-0.0641,-0.4951,0.9270,10.1929,1.2207,-1.0986
-0.0593,-0.4913,0.9192,6.3477,2.6245,0.7935
-0.0420,-0.4734,0.9286,2.8687,2.9297,0.9766
-0.0352,-0.4606,0.9229,3.3569,3.6011,-0.1221
-0.0488,-0.4849,0.9407,9.5825,1.5869,-1.0986
-0.0558,-0.4783,0.9125,3.9062,4.2114,-0.6714
-0.0643,-0.4868,0.9305,4.2725,3.7842,-0.6714
-0.0634,-0.4771,0.9034,6.2256,2.5024,-0.4272
-0.0582,-0.4907,0.9381,5.1880,1.8311,-0.6714
FIN_VENTANA
Progreso: 10/20
INICIO_VENTANA abajo
-0.0563,-0.4921,0.9457,4.7607,1.4038,-1.4038
-0.0460,-0.4670,0.9082,4.8218,4.0283,0.1221
-0.0387,-0.4542,0.9158,1.8921,3.4180,-0.7935
-0.0502,-0.4716,0.9166,3.4180,2.2583,-1.7090
-0.0562,-0.4829,0.9194,12.3291,1.3428,-0.1831
-0.0299,-0.4585,0.9248,1.1597,5.0049,0.0000
-0.0459,-0.4846,0.9354,8.1177,0.4272,-1.8921
-0.0427,-0.4766,0.9407,10.9253,2.3193,-0.9155
-0.0507,-0.4780,0.9352,3.0518,3.1128,-2.0752
-0.0679,-0.4863,0.9170,2.7466,4.2114,-1.2207
-0.0613,-0.4777,0.9346,6.4087,1.8311,-0.4883
-0.0614,-0.4628,0.9121,3.4790,4.2725,0.0610
-0.0640,-0.4694,0.9122,4.1504,2.6855,-0.8545
-0.0416,-0.4508,0.9225,8.2397,1.9531,0.1221
-0.0470,-0.4705,0.9270,6.0425,1.2817,-1.1597
-0.0463,-0.4740,0.9159,9.4604,2.1973,-0.7324
-0.0487,-0.4846,0.9297,10.6201,0.7324,-0.9766
-0.0458,-0.4822,0.9347,2.7466,2.8687,-0.0610
-0.0411,-0.4751,0.9205,9.3384,2.8076,-0.3052
-0.0452,-0.4785,0.9269,8.7280,2.8687,-0.6104
-0.0487,-0.4777,0.9207,6.7139,2.7466,-1.2817
-0.0609,-0.4857,0.9147,11.2305,2.2583,-0.6104
-0.0609,-0.4800,0.9144,5.0659,3.6621,0.0000
-0.0793,-0.4962,0.9115,4.6387,2.9297,-0.2441
-0.0518,-0.4736,0.9047,5.4321,3.1128,2.1973
-0.0317,-0.4456,0.9121,9.3384,1.8921,-15.0757
-0.0402,-0.4723,0.9266,0.1221,3.4180,-1.4648
-0.0592,-0.4867,0.9039,7.2632,2.9297,-1.0986
-0.0486,-0.4843,0.9277,11.2305,0.4883,-0.1831
-0.0403,-0.4749,0.9352,0.4272,3.0518,-0.8545
-0.0448,-0.4757,0.9351,-4.3945,3.4790,-1.9531
-0.0570,-0.4982,0.9442,6.2866,1.2817,-1.8921
-0.0581,-0.4988,0.9226,5.9204,3.1738,-0.1831
-0.0455,-0.4697,0.9102,6.8359,1.5869,0.2441
-0.0443,-0.4751,0.9309,6.5918,2.4414,0.1221
-0.0353,-0.4525,0.9125,5.1270,3.6621,0.3052
-0.0399,-0.4637,0.9191,-0.4883,3.1738,-1.3428
-0.0428,-0.4482,0.8894,4.8218,3.3569,-0.9766
-0.0488,-0.4703,0.9277,6.8359,1.4648,-1.7090
-0.0569,-0.4750,0.9301,4.1504,2.1973,-1.2817
-0.0464,-0.4751,0.9283,0.4883,3.9062,0.0000
-0.0453,-0.4756,0.9294,0.6104,3.5400,-0.7324
-0.0483,-0.4884,0.9467,5.4321,1.8311,-1.7090
-0.0504,-0.4902,0.9429,3.5400,3.1128,-0.7324
-0.0566,-0.4813,0.9113,2.4414,4.6387,-0.0610
-0.0510,-0.4742,0.9369,4.1504,2.6245,-0.1831
-0.0388,-0.4552,0.9153,10.3149,2.0142,-0.1221
-0.0416,-0.4656,0.9263,9.0942,3.0518,-0.9155
-0.0441,-0.4674,0.9292,2.9297,2.5024,-1.0376
-0.0387,-0.4589,0.9169,3.6621,2.9907,-1.1597
-0.0459,-0.4786,0.9460,4.7607,0.9155,-2.2583
-0.0521,-0.4792,0.9423,3.2959,2.6245,-1.8921
-0.0621,-0.4698,0.9152,5.4932,2.0142,-1.4648
-0.0674,-0.4796,0.9075,14.0381,2.6855,0.3662
-0.0471,-0.4603,0.9125,14.4653,1.7700,1.7090
-0.0453,-0.4741,0.9280,6.7139,2.5635,0.1831
-0.0503,-0.4788,0.9343,-0.3052,3.7231,-0.6714
-0.0485,-0.4672,0.9147,-2.6245,4.5776,-0.5493
-0.0535,-0.4814,0.9270,6.2256,1.8921,-0.3662
-0.0535,-0.4866,0.9318,8.4229,2.0142,-0.4883
-0.0477,-0.4812,0.9265,8.0566,1.8921,-0.0610
-0.0415,-0.4751,0.9266,6.8359,2.3193,-0.4272
-0.0490,-0.4836,0.9288,3.8452,3.3569,-0.9766
-0.0491,-0.4762,0.9189,4.4556,2.0752,-0.7935
-0.0480,-0.4681,0.9087,0.4272,2.8076,-0.6104
-0.0386,-0.4761,0.9501,3.7842,1.8921,-0.7324
-0.0344,-0.4564,0.9233,3.1738,3.2349,-0.6714
-0.0428,-0.4652,0.9146,6.1646,2.1362,-1.1597
-0.0465,-0.4701,0.9281,5.1270,2.7466,-0.9766
-0.0428,-0.4727,0.9319,2.5635,2.6245,-0.9766
-0.0364,-0.4636,0.9377,2.9907,3.1738,-0.9766
-0.0505,-0.4822,0.9286,10.2539,2.9907,-1.0986
-0.0547,-0.4701,0.9106,6.4697,3.5400,-0.6104
-0.0522,-0.4645,0.9152,5.7373,2.0142,-1.2207
-0.0590,-0.4808,0.9354,9.6436,2.0752,-0.8545
-0.0533,-0.4695,0.9277,3.9062,1.8921,-0.7935
-0.0529,-0.4712,0.9264,2.5024,2.9907,-0.4883
-0.0452,-0.4669,0.9263,6.5918,2.8076,-0.4272
-0.0448,-0.4667,0.9230,7.0801,1.9531,-1.0376
-0.0470,-0.4690,0.9172,5.0659,2.3804,-1.0986
-0.0427,-0.4756,0.9419,10.5591,0.4272,-0.9155
-0.0510,-0.4734,0.9131,5.1880,4.3945,-0.1831
-0.0541,-0.4746,0.9060,2.2583,2.9907,-0.7324
-0.0422,-0.4652,0.9309,7.9956,1.2207,-0.4883
-0.0405,-0.4664,0.9117,3.2349,3.7231,0.0610
-0.0468,-0.4634,0.9126,3.6011,3.3569,-0.7324
-0.0508,-0.4784,0.9374,3.0518,2.0752,-1.1597
-0.0493,-0.4769,0.9347,8.7280,2.0142,-0.3052
-0.0452,-0.4675,0.9254,3.2959,4.2114,-0.2441
-0.0532,-0.4755,0.9200,3.4790,2.7466,-0.1221
-0.0497,-0.4844,0.9363,9.7046,0.9155,-0.3052
-0.0372,-0.4702,0.9314,3.0518,5.1880,1.0376
-0.0453,-0.4752,0.9235,6.1646,2.1973,-0.1831
-0.0471,-0.4760,0.9314,7.3242,3.6011,0.7935
-0.0391,-0.4631,0.9207,6.3477,3.2349,0.9155
-0.0347,-0.4532,0.9095,5.6152,2.6245,0.0610
-0.0359,-0.4681,0.9340,5.0659,1.7700,-1.3428
-0.0424,-0.4814,0.9362,7.0190,2.1973,-1.5259
-0.0505,-0.4828,0.9220,3.8452,4.2114,-0.4883
-0.0519,-0.4669,0.9177,-1.8311,4.2114,-0.6714
FIN_VENTANA
Progreso: 11/20
INICIO_VENTANA abajo
-0.0437,-0.4740,0.9327,9.0332,2.5635,-0.6714
-0.0490,-0.4696,0.9194,8.9722,3.3569,-0.4272
-0.0507,-0.4752,0.9120,13.9160,1.0986,-1.5869
-0.0557,-0.4664,0.9105,-1.1597,5.3711,-1.3428
-0.0599,-0.4740,0.9105,4.0283,0.2441,-1.5259
-0.0378,-0.4557,0.9171,6.7139,2.4414,0.1221
-0.0432,-0.4775,0.9386,9.3994,1.0986,-1.1597
-0.0448,-0.4818,0.9366,6.1035,1.8311,-1.4038
-0.0475,-0.4913,0.9365,5.4321,1.1597,-1.8921
-0.0486,-0.4855,0.9152,7.6904,2.6245,-0.8545
-0.0422,-0.4872,0.9661,4.3945,0.7324,-1.4038
-0.0428,-0.4597,0.8949,7.2632,3.2349,-0.7324
-0.0427,-0.4672,0.9197,8.0566,1.6479,-1.7090
-0.0447,-0.4655,0.9198,8.9722,0.8545,-1.6479
-0.0498,-0.4830,0.9399,0.4272,2.6855,-2.0752
-0.0509,-0.4735,0.9045,7.6294,2.8687,-1.0986
-0.0476,-0.4843,0.9316,8.1787,1.0376,-1.7700
-0.0507,-0.4734,0.9183,5.7983,2.1362,-1.2817
-0.0477,-0.4708,0.9255,10.9863,0.8545,-1.3428
-0.0594,-0.4767,0.9072,1.2817,4.1504,-1.8921
-0.0732,-0.4978,0.9104,2.6245,2.3804,-1.6479
-0.0603,-0.4845,0.9301,7.8125,0.2441,-0.3662
-0.0492,-0.4795,0.9263,3.8452,2.8687,0.6104
-0.0339,-0.4641,0.9225,2.3193,3.1738,0.0000
-0.0372,-0.4729,0.9427,5.7373,0.9766,-1.9531
-0.0525,-0.4922,0.9238,7.2632,2.8687,-1.4038
-0.0469,-0.4713,0.9138,7.3853,2.3804,-0.9766
-0.0526,-0.4744,0.9172,9.0332,0.7935,-1.8921
-0.0551,-0.4790,0.9230,4.6997,2.8687,-2.6855
-0.0648,-0.4933,0.9244,9.8267,0.7324,-2.6855
-0.0713,-0.4998,0.9084,2.8687,3.1738,-0.8545
-0.0546,-0.4687,0.9009,2.0142,3.2349,0.1831
-0.0469,-0.4550,0.9033,5.0659,2.2583,0.1221
-0.0398,-0.4587,0.9122,11.4746,0.0000,-0.3052
-0.0414,-0.4806,0.9382,5.4932,1.1597,-1.9531
-0.0519,-0.4901,0.9243,4.3335,2.0142,-1.8311
-0.0575,-0.4929,0.9189,2.9297,3.7231,-1.0376
-0.0464,-0.4828,0.9359,6.2866,2.3193,-0.3662
-0.0477,-0.4755,0.9248,3.3569,2.4414,-1.3428
-0.0497,-0.4867,0.9440,2.9907,3.0518,-1.2817
-0.0548,-0.4789,0.9200,9.0942,2.2583,-1.4648
-0.0613,-0.4863,0.9260,5.5542,3.4180,-1.1597
-0.0719,-0.4846,0.9054,4.0283,3.8452,-0.8545
-0.0712,-0.4867,0.9048,10.5591,2.6855,0.4272
-0.0580,-0.4740,0.9137,8.3008,2.0142,0.1221
-0.0591,-0.4891,0.9287,1.5259,3.1738,-0.3662
-0.0540,-0.4724,0.9014,0.2441,4.6997,0.3662
-0.0527,-0.4740,0.9073,7.7515,1.2817,-0.5493
-0.0500,-0.4827,0.9232,8.6060,1.8311,-0.4272
-0.0487,-0.4927,0.9344,5.7983,1.6479,-0.6714
-0.0453,-0.4681,0.9120,2.0752,3.2959,-1.3428
-0.0532,-0.4681,0.9122,1.7700,2.6245,-3.0518
-0.0800,-0.4956,0.9141,4.4556,0.4883,-3.5400
-0.0800,-0.5068,0.9313,3.1738,2.2583,-1.1597
-0.0526,-0.4868,0.9427,4.8218,3.1128,1.5869
-0.0369,-0.4639,0.9417,2.3193,3.1738,-0.2441
-0.0447,-0.4724,0.9318,7.7515,1.8921,-0.9155
-0.0591,-0.4796,0.9041,8.9722,3.0518,-1.0376
-0.0663,-0.4954,0.9265,7.0190,2.5635,-0.1221
-0.0479,-0.4677,0.9030,7.2632,2.5635,0.4272
-0.0488,-0.4840,0.9293,8.6670,1.4038,-1.2817
-0.0643,-0.4990,0.9191,8.0566,3.5400,-0.4883
-0.0635,-0.4917,0.9188,7.5684,2.3804,0.4272
-0.0522,-0.4656,0.9070,2.8076,3.4180,0.1831
-0.0610,-0.4755,0.9078,1.3428,3.2959,-0.9155
-0.0665,-0.4763,0.8929,7.9956,1.8311,-0.6104
-0.0620,-0.4858,0.9144,9.7656,0.7324,-0.3052
-0.0471,-0.4707,0.9153,7.3853,1.8921,-0.1831
-0.0519,-0.4869,0.9402,8.8501,1.0376,-1.0986
-0.0581,-0.4822,0.8964,4.6387,3.7842,-0.5493
-0.0566,-0.4873,0.9125,3.5400,1.6479,-1.0376
-0.0577,-0.4945,0.9250,2.3193,3.1738,-0.3052
-0.0532,-0.4832,0.9207,2.0752,3.6011,-0.4883
-0.0652,-0.5017,0.9255,5.3101,2.0752,-1.4038
-0.0560,-0.4966,0.9427,3.2959,2.2583,-0.4272
-0.0532,-0.4885,0.9253,3.4790,3.7842,0.3662
-0.0500,-0.4746,0.9133,7.5073,2.5635,0.0610
-0.0526,-0.4763,0.9236,6.2866,3.6621,-0.0610
-0.0546,-0.4753,0.9086,3.7842,3.0518,-0.4883
-0.0522,-0.4757,0.9137,6.7139,1.6479,-1.1597
-0.0566,-0.4878,0.9324,6.5308,1.6479,-1.4038
-0.0613,-0.4780,0.8978,7.0801,2.1362,-0.9155
-0.0656,-0.4932,0.9205,5.0659,2.9907,-0.3052
-0.0485,-0.4774,0.9296,2.9907,3.0518,0.4883
-0.0470,-0.4738,0.9249,-2.3193,4.3335,-0.1221
-0.0410,-0.4584,0.9170,-3.2349,4.3335,-0.5493
-0.0520,-0.4674,0.9297,-3.4180,3.5400,-2.1362
-0.0626,-0.4786,0.9274,-2.1362,3.6011,-1.7700
-0.0587,-0.4713,0.9196,10.3149,2.1973,0.6714
-0.0499,-0.4611,0.9341,11.5967,1.7700,-0.1221
-0.0525,-0.4672,0.9305,7.2021,2.3804,-0.9766
-0.0684,-0.4788,0.8973,4.3335,4.0283,-1.0376
-0.0623,-0.4835,0.9271,10.6812,0.5493,-0.3662
-0.0564,-0.4771,0.9274,5.3711,2.9907,0.1831
-0.0551,-0.4739,0.9178,2.1362,3.2959,0.5493
-0.0469,-0.4600,0.9043,10.3760,0.5493,0.1831
-0.0427,-0.4762,0.9487,8.7280,2.0752,-0.3662
-0.0425,-0.4683,0.9423,1.8921,3.7231,-0.9766
-0.0565,-0.4663,0.8928,6.2866,4.3945,-0.7935
-0.0533,-0.4730,0.9150,8.8501,1.8921,-1.0376
FIN_VENTANA
Progreso: 12/20
INICIO_VENTANA abajo
-0.0439,-0.4811,0.9576,5.6152,0.9155,-3.0518
-0.0654,-0.4932,0.9204,3.5400,5.2490,-1.6479
-0.0579,-0.4836,0.9336,1.5259,4.0894,-0.2441
-0.0527,-0.4708,0.9254,3.6621,3.9062,-0.1221
-0.0573,-0.4740,0.9287,10.0098,1.7700,-0.6104
-0.0566,-0.4700,0.9159,10.3760,2.7466,-0.3662
-0.0560,-0.4716,0.9335,8.4839,1.3428,-0.5493
-0.0491,-0.4502,0.8975,9.3384,3.2959,0.4272
-0.0515,-0.4664,0.9200,8.2397,2.0142,-0.9766
-0.0502,-0.4745,0.9299,1.8311,2.6855,-1.7700
-0.0503,-0.4751,0.9252,2.0752,3.3569,-1.1597
-0.0518,-0.4746,0.9264,7.3242,1.8311,-0.9155
-0.0474,-0.4673,0.9153,7.5073,1.5869,-0.5493
-0.0466,-0.4745,0.9272,7.0190,2.0142,-0.9155
-0.0497,-0.4779,0.9342,4.6997,3.3569,-0.7324
-0.0608,-0.4818,0.9124,5.4932,2.9297,-1.3428
-0.0621,-0.4823,0.9139,4.0283,2.6245,-0.7324
-0.0532,-0.4739,0.9281,5.1880,2.1973,-0.5493
-0.0439,-0.4652,0.9360,7.4463,2.1362,-0.6714
-0.0527,-0.4690,0.9147,2.2583,2.5635,-1.9531
-0.0579,-0.4734,0.9207,4.3335,2.0142,-1.7090
-0.0560,-0.4767,0.9441,2.8687,2.8687,-1.2817
-0.0603,-0.4755,0.9109,12.1460,1.9531,-0.6714
-0.0588,-0.4869,0.9382,5.3711,2.3804,-0.4883
-0.0499,-0.4678,0.9146,2.8076,3.3569,-0.3052
-0.0544,-0.4745,0.9232,2.5024,2.5635,-1.2817
-0.0603,-0.4767,0.9335,5.7373,1.8921,-0.9766
-0.0593,-0.4712,0.9246,2.5635,3.9673,1.0376
-0.0306,-0.4426,0.9099,4.3335,3.6621,1.8311
-0.0254,-0.4425,0.9227,4.9438,1.1597,-1.8311
-0.0620,-0.4958,0.9270,9.6436,1.7700,-2.5024
-0.0612,-0.5001,0.9415,9.1553,1.6479,-1.0986
-0.0514,-0.4719,0.9198,6.5918,3.2349,0.1831
-0.0450,-0.4663,0.9264,6.0425,2.8687,-0.1831
-0.0452,-0.4678,0.9343,8.2397,2.1362,-1.2207
-0.0609,-0.4795,0.9104,10.4370,2.3804,-1.8921
-0.0654,-0.4917,0.9257,7.8735,2.4414,-1.4648
-0.0698,-0.5024,0.9360,5.5542,0.9766,-1.0986
-0.0554,-0.4772,0.9227,5.0659,3.2959,-0.0610
-0.0511,-0.4821,0.9237,4.2114,1.1597,-1.2817
-0.0509,-0.4803,0.9259,9.2773,1.5259,-0.7324
-0.0509,-0.4830,0.9325,10.4980,1.0986,-1.2207
-0.0580,-0.4821,0.9231,4.8218,3.4790,-0.7324
-0.0564,-0.4753,0.9138,4.4556,2.1973,-1.3428
-0.0490,-0.4639,0.9138,0.5493,2.6245,-1.2817
-0.0638,-0.4739,0.9082,8.7280,1.4648,-1.0986
-0.0553,-0.4687,0.9302,6.8359,1.9531,-0.3662
-0.0574,-0.4705,0.9000,3.4180,4.0894,-0.3052
-0.0576,-0.4823,0.9121,1.2817,2.3193,-0.7935
-0.0515,-0.4785,0.9115,3.2959,2.2583,-0.5493
-0.0492,-0.4941,0.9526,4.8828,1.8921,-1.1597
-0.0559,-0.4971,0.9316,7.9956,2.8076,-0.1831
-0.0471,-0.4861,0.9255,6.7749,3.4790,0.2441
-0.0525,-0.4944,0.9318,5.7983,2.3193,-1.0376
-0.0568,-0.4912,0.9368,6.4697,2.1362,-1.1597
-0.0597,-0.4729,0.9149,2.0752,4.5776,-0.0610
-0.0623,-0.4661,0.8984,-0.9155,4.4556,-0.6104
-0.0610,-0.4615,0.9014,2.6245,2.1973,-1.0376
-0.0597,-0.4694,0.9220,5.3711,1.5259,-1.2207
-0.0565,-0.4897,0.9363,5.0659,1.7090,-0.6104
-0.0588,-0.4904,0.9323,1.7700,3.6621,-0.1831
-0.0516,-0.4827,0.9309,8.7891,2.1362,0.6714
-0.0421,-0.4672,0.9200,10.8032,2.2583,0.2441
-0.0546,-0.4818,0.9186,3.3569,3.7231,-0.8545
-0.0543,-0.4818,0.9335,8.1787,1.4038,-0.9155
-0.0535,-0.4749,0.9110,1.0376,5.1880,-0.1831
-0.0560,-0.4834,0.9253,2.0752,2.9907,-0.9155
-0.0541,-0.4762,0.9202,6.7139,2.4414,-0.8545
-0.0554,-0.4773,0.9250,3.9673,2.3193,-1.1597
-0.0529,-0.4680,0.9204,7.3853,2.1362,-0.3662
-0.0521,-0.4696,0.9224,8.3008,2.6855,-0.3052
-0.0568,-0.4819,0.9202,5.3101,2.4414,-1.0986
-0.0634,-0.4900,0.9080,5.9814,2.7466,0.0000
-0.0511,-0.4727,0.9192,10.6812,1.0376,-0.0610
-0.0513,-0.4769,0.9288,9.8877,2.1973,0.0000
-0.0525,-0.4827,0.9403,2.8076,3.4180,-0.6104
-0.0583,-0.4761,0.8951,5.5542,3.6621,-0.1831
-0.0504,-0.4812,0.9298,8.6060,1.0376,-0.6104
-0.0513,-0.4788,0.9189,5.5542,3.3569,-0.7935
-0.0579,-0.4890,0.9287,4.3335,3.1128,-0.9155
-0.0592,-0.4812,0.9200,5.3101,2.1362,-0.2441
-0.0509,-0.4796,0.9216,3.2959,2.9907,-0.3662
-0.0443,-0.4774,0.9232,4.0283,2.5635,-0.9155
-0.0525,-0.4835,0.9280,7.0190,0.8545,-1.6479
-0.0581,-0.4872,0.9250,5.3101,3.0518,-0.7324
-0.0543,-0.4777,0.9242,2.0142,3.4180,-15.5640
-0.0503,-0.4609,0.9080,8.6670,1.5259,-0.2441
-0.0509,-0.4866,0.9343,7.2632,2.2583,-0.9155
-0.0536,-0.4907,0.9449,2.3193,2.9297,-0.9155
-0.0504,-0.4734,0.9097,2.2583,4.0283,-0.4883
-0.0568,-0.4833,0.9191,4.0283,2.9907,-0.9766
-0.0487,-0.4717,0.9117,6.4087,2.9297,-0.3662
-0.0487,-0.4763,0.9293,7.6294,2.6855,-1.0986
-0.0479,-0.4956,0.9493,8.6670,2.3193,-1.2817
-0.0498,-0.4675,0.8827,9.0332,7.4463,-0.1221
-0.0535,-0.4856,0.9349,7.0801,0.6104,-1.8311
-0.0615,-0.4843,0.8879,8.0566,3.7231,-1.5259
-0.0704,-0.5037,0.9081,4.4556,2.5635,-0.5493
-0.0510,-0.4668,0.9030,4.3335,4.4556,0.7935
-0.0487,-0.4680,0.9204,5.1270,1.9531,-0.6714
FIN_VENTANA
Progreso: 13/20
INICIO_VENTANA abajo
-0.0476,-0.4810,0.9230,6.6528,2.3193,-0.7324
-0.0511,-0.4775,0.9214,6.7749,1.4648,-1.4648
-0.0542,-0.4729,0.9005,4.2114,3.5400,-0.8545
-0.0529,-0.4781,0.9180,2.0142,2.0142,-1.2817
-0.0502,-0.4807,0.9116,2.4414,2.3804,-0.9155
-0.0549,-0.4938,0.9275,3.1738,2.5635,-0.9766
-0.0603,-0.5043,0.9368,5.0049,2.6245,-0.2441
-0.0471,-0.4829,0.9210,5.2490,3.8452,1.2207
-0.0339,-0.4700,0.9348,4.6387,2.8076,0.0610
-0.0490,-0.4904,0.9392,3.3569,3.2959,-1.1597
-0.0592,-0.4910,0.9200,11.4746,2.0752,-1.0376
-0.0652,-0.4999,0.9215,8.6670,2.8687,-0.3052
-0.0559,-0.4746,0.9141,1.4038,4.0894,-0.4272
-0.0560,-0.4744,0.8966,6.3477,3.1738,-0.0610
-0.0532,-0.4725,0.9055,8.4839,1.7090,-0.6104
-0.0558,-0.4811,0.9047,10.3760,1.6479,-0.4883
-0.0525,-0.4879,0.9153,7.6294,1.5259,-0.4272
-0.0448,-0.4865,0.9231,1.6479,3.0518,-15.5029
-0.0321,-0.4901,0.9354,4.3945,1.8311,-0.9155
-0.0437,-0.4962,0.9342,5.2490,1.7700,-1.6479
-0.0493,-0.4969,0.9386,-0.9155,4.4556,-1.0376
-0.0449,-0.4767,0.9240,-5.0049,5.6763,-0.6104
-0.0568,-0.4943,0.9237,-4.0894,4.8828,-1.2817
-0.0511,-0.4707,0.9131,10.0098,1.6479,-0.4272
-0.0526,-0.4767,0.9199,13.6108,1.7700,-0.1831
-0.0513,-0.4777,0.9265,6.9580,2.1973,-0.9766
-0.0608,-0.4814,0.9125,5.1880,3.1738,-0.7324
-0.0542,-0.4811,0.9181,7.3242,1.5259,-0.6714
-0.0479,-0.4767,0.9188,5.7983,1.9531,-0.6714
-0.0510,-0.4878,0.9246,7.2632,1.0986,-0.9155
-0.0465,-0.4862,0.9272,3.2959,3.2349,-0.3052
-0.0398,-0.4736,0.9159,-3.2349,4.4556,-0.7324
-0.0475,-0.4783,0.9102,8.8501,2.1362,-0.3662
-0.0415,-0.4723,0.9233,3.2959,3.3569,-0.1221
-0.0398,-0.4656,0.9155,3.1128,2.9907,-0.7935
-0.0527,-0.4885,0.9459,4.2725,1.8921,-1.4648
-0.0531,-0.4821,0.9216,0.9766,4.2725,-0.6104
-0.0553,-0.4850,0.9381,3.0518,2.3804,-1.2207
-0.0570,-0.4674,0.9088,8.3618,3.4790,-0.3052
-0.0573,-0.4761,0.9281,10.0708,0.4272,-0.4272
-0.0486,-0.4708,0.9058,6.4697,3.7842,0.8545
-0.0452,-0.4827,0.9368,5.9814,0.1221,-1.5869
-0.0504,-0.4825,0.9307,3.6011,3.2349,-0.9766
-0.0510,-0.4760,0.9302,4.5166,2.1362,-1.4038
-0.0610,-0.4801,0.9091,4.6997,3.1738,-0.0610
-0.0446,-0.4652,0.9106,5.8594,2.9297,0.6104
-0.0310,-0.4659,0.9320,9.2773,0.4272,-1.2207
-0.0430,-0.4783,0.9196,0.6104,2.5024,-2.9907
-0.0618,-0.5028,0.9336,4.0283,0.9155,-2.5635
-0.0566,-0.4919,0.9266,6.9580,4.0894,0.0610
-0.0402,-0.4669,0.9208,9.3384,2.5635,0.7935
-0.0408,-0.4615,0.9147,5.3101,2.9907,-1.2207
-0.0524,-0.4761,0.9222,6.7749,2.9907,-1.8311
-0.0636,-0.4835,0.9081,6.4697,3.3569,-1.0986
-0.0625,-0.4845,0.9231,5.8594,2.7466,-0.5493
-0.0560,-0.4850,0.9358,3.9673,3.1128,0.4272
-0.0485,-0.4751,0.9299,5.1270,2.9907,0.3662
-0.0424,-0.4653,0.9238,7.8125,2.4414,0.1221
-0.0476,-0.4696,0.9105,9.0942,1.7700,-1.1597
-0.0527,-0.4833,0.9271,7.3242,1.4038,-1.1597
-0.0562,-0.4935,0.9193,1.9531,2.4414,-1.3428
-0.0508,-0.4878,0.9283,7.5073,1.8921,-0.3052
-0.0439,-0.4772,0.9250,9.3384,1.6479,-0.5493
-0.0494,-0.4873,0.9287,8.9722,2.1973,-1.2207
-0.0514,-0.4902,0.9202,13.7939,1.2817,-1.0376
-0.0519,-0.4897,0.9221,9.3384,1.9531,-0.7935
-0.0547,-0.4847,0.8999,8.8501,1.4648,-0.9766
-0.0569,-0.4858,0.9066,7.0190,2.5635,-1.0986
-0.0585,-0.4917,0.9110,9.2773,0.3052,-1.1597
-0.0526,-0.4834,0.9138,4.0283,2.8687,-0.1831
-0.0546,-0.4882,0.9126,1.3428,3.1738,-0.7935
-0.0525,-0.4963,0.9244,-0.4883,3.3569,-0.8545
-0.0490,-0.4850,0.9037,0.1221,4.2114,-0.3052
-0.0399,-0.4924,0.9340,5.3101,0.6714,-1.3428
-0.0519,-0.5071,0.9415,6.5918,2.0142,-0.7935
-0.0479,-0.4880,0.9187,10.3760,3.2349,0.5493
-0.0465,-0.4830,0.9286,4.2114,3.5400,-0.4883
-0.0543,-0.4865,0.8959,5.2490,3.3569,-1.3428
-0.0483,-0.4775,0.9138,9.0942,1.2817,-1.1597
-0.0596,-0.4847,0.9042,4.0283,3.2349,-1.5259
-0.0675,-0.4962,0.9020,5.8594,2.8687,-1.0376
-0.0546,-0.4871,0.9137,3.9062,2.0752,-0.7935
-0.0876,-0.5509,0.9523,0.7935,1.5869,-1.3428
-0.0531,-0.4875,0.9117,1.4648,5.4932,3.2349
-0.0317,-0.4586,0.9084,6.8359,1.8921,2.3804
-0.0211,-0.4612,0.9232,2.1362,3.3569,-0.1221
-0.0486,-0.4905,0.9331,8.3008,0.8545,-2.1362
-0.0593,-0.5046,0.9230,10.6201,2.9907,-0.2441
-0.0450,-0.4772,0.9142,0.0000,4.3945,0.1831
-0.0449,-0.4698,0.9059,3.6621,2.9907,-1.1597
-0.0632,-0.4954,0.9161,10.3149,1.1597,-2.3804
-0.0779,-0.5161,0.9177,7.2632,2.3804,-0.4883
-0.0576,-0.4937,0.9224,0.8545,3.3569,1.4648
-0.0538,-0.5027,0.9189,5.7373,2.7466,0.6714
-0.0371,-0.4773,0.9288,8.6060,2.6245,1.4648
-0.0320,-0.4701,0.9138,1.2207,3.1128,-0.8545
-0.0472,-0.4915,0.9314,2.5024,1.8311,-1.7090
-0.0524,-0.4960,0.9280,4.8828,3.1738,-1.1597
-0.0562,-0.4950,0.9109,4.2114,3.3569,-0.6714
-0.0570,-0.4862,0.9063,8.3008,1.3428,-0.4883
FIN_VENTANA
Progreso: 14/20
INICIO_VENTANA abajo
-0.0498,-0.4850,0.8904,8.3008,3.3569,0.6714
-0.0447,-0.4878,0.9286,6.0425,1.9531,0.0610
-0.0426,-0.4849,0.9095,5.9204,3.9673,0.3052
-0.0399,-0.4901,0.9250,3.7842,2.3193,-0.9155
-0.0554,-0.5045,0.9218,9.2163,2.0752,-1.5259
-0.0547,-0.5010,0.9229,3.9062,2.8076,-0.1831
-0.0470,-0.4891,0.9099,3.2349,3.7842,0.4272
-0.0457,-0.4949,0.9260,4.2114,2.8687,-0.4272
-0.0524,-0.4941,0.9014,10.8032,3.0518,-0.3052
-0.0569,-0.5005,0.8994,13.0615,1.8311,0.1221
-0.0507,-0.5023,0.9061,5.6152,2.5635,0.1221
-0.0392,-0.4918,0.9265,0.4883,2.5024,-0.4883
-0.0498,-0.5010,0.8947,0.3052,3.9062,-1.2817
-0.0450,-0.5024,0.9258,8.6670,0.4272,-1.2817
-0.0438,-0.4979,0.9164,5.0049,3.0518,-0.6714
-0.0448,-0.4957,0.9167,8.3618,2.5024,-0.4272
-0.0480,-0.4927,0.9091,8.2397,2.3804,-0.3052
-0.0504,-0.5006,0.9082,8.1787,3.2349,-0.2441
-0.0432,-0.4946,0.9219,4.1504,2.1362,-1.3428
-0.0521,-0.4982,0.9119,5.3711,1.8921,-1.2817
-0.0530,-0.4974,0.9039,5.8594,4.0283,-0.0610
-0.0441,-0.4890,0.9115,-0.4272,3.0518,-1.0986
-0.0470,-0.4838,0.8906,5.9204,2.5024,-0.9766
-0.0494,-0.5023,0.9288,7.6294,1.4648,-1.2817
-0.0519,-0.5007,0.9187,4.7607,2.4414,-0.7935
-0.0469,-0.5001,0.9178,4.2114,1.8921,-0.3662
-0.0387,-0.4894,0.9211,2.0142,3.7231,-0.3662
-0.0406,-0.4896,0.9209,2.2583,2.8687,-1.5259
-0.0533,-0.4969,0.8995,4.5166,3.1738,-1.8311
-0.0608,-0.5156,0.9408,4.0283,1.7090,-1.0986
-0.0479,-0.4772,0.8940,5.7373,3.7842,0.4883
-0.0450,-0.4807,0.9089,7.2021,2.4414,-0.0610
-0.0452,-0.4825,0.9122,6.1646,1.3428,-1.1597
-0.0480,-0.4967,0.9330,3.2959,2.0142,-1.4648
-0.0453,-0.4946,0.9268,4.8218,3.4180,-0.0610
-0.0509,-0.4971,0.9078,6.9580,3.1128,-0.6104
-0.0514,-0.4993,0.9182,5.3101,2.1362,-0.8545
-0.0446,-0.4927,0.9292,1.8311,2.5024,-0.3052
-0.0453,-0.4915,0.9187,5.9204,3.2349,-0.1831
-0.0450,-0.4916,0.9135,10.3149,1.9531,-0.7324
-0.0465,-0.4856,0.9006,3.5400,3.1738,-0.6714
-0.0420,-0.4902,0.9270,0.6104,2.6855,-1.0986
-0.0472,-0.4917,0.9137,6.1646,2.5635,-1.4038
-0.0472,-0.4940,0.9259,2.0142,2.2583,-0.7935
-0.0444,-0.4783,0.8958,2.1973,4.1504,-0.3662
-0.0403,-0.4902,0.9419,7.6294,1.0376,-1.3428
-0.0466,-0.4873,0.9154,6.5308,2.9907,-1.3428
-0.0588,-0.4987,0.9208,9.0332,1.4648,-1.4038
-0.0508,-0.4921,0.9203,4.8828,2.8687,-0.0610
-0.0437,-0.4814,0.9114,7.3242,1.9531,-1.0376
-0.0536,-0.4932,0.9205,9.1553,1.3428,-1.5259
-0.0566,-0.4983,0.9149,2.7466,2.4414,-1.2817
-0.0531,-0.4895,0.8992,3.9673,3.4790,-0.5493
-0.0432,-0.4888,0.9335,6.0425,1.2817,-0.5493
-0.0403,-0.4753,0.9240,1.4038,3.6621,-1.2207
-0.0536,-0.4988,0.9263,8.6060,0.3662,-2.0142
-0.0592,-0.5005,0.9127,7.0190,2.6855,-0.8545
-0.0503,-0.4962,0.9053,9.2773,2.3193,-0.0610
-0.0432,-0.4877,0.9274,6.5308,1.4038,-0.4883
-0.0413,-0.4894,0.9333,2.1973,2.7466,-1.4038
-0.0465,-0.4873,0.8938,3.4790,3.6621,-1.3428
-0.0557,-0.5004,0.9220,1.4038,2.4414,-1.9531
-0.0559,-0.5012,0.9229,3.6621,2.0752,-1.4038
-0.0472,-0.4990,0.9385,7.9956,1.3428,-0.8545
-0.0490,-0.4854,0.8994,5.4932,3.9062,-0.3052
-0.0505,-0.4969,0.9220,5.2490,1.8921,-1.4648
-0.0551,-0.5007,0.9115,7.0190,2.2583,-1.2817
-0.0559,-0.5005,0.9318,6.6528,2.2583,-1.1597
-0.0552,-0.4904,0.9044,5.0659,2.9297,-0.5493
-0.0522,-0.5005,0.9229,6.2256,1.2207,-1.1597
-0.0500,-0.4902,0.9077,5.7983,1.8311,-2.0752
-0.0566,-0.4988,0.9064,8.2397,1.3428,-2.0752
-0.0535,-0.4990,0.9174,2.6855,1.7090,-1.6479
-0.0438,-0.4838,0.9193,9.2773,0.4272,-0.7324
-0.0514,-0.5007,0.9308,1.4038,4.0283,-1.1597
-0.0470,-0.4839,0.9009,2.6855,3.0518,-1.2817
-0.0497,-0.4829,0.9115,7.6904,1.0986,-1.7090
-0.0621,-0.4978,0.9155,5.9814,2.0752,-1.8921
-0.0641,-0.5045,0.9321,2.3193,2.8687,-1.0376
-0.0536,-0.4818,0.9010,6.8970,2.9907,0.1221
-0.0529,-0.4867,0.9246,7.5684,1.8311,-0.4883
-0.0519,-0.4811,0.9070,2.8687,3.7231,-1.0986
-0.0624,-0.4966,0.9137,10.1929,1.4038,-0.9155
-0.0571,-0.4889,0.9067,5.9814,3.2959,-0.0610
-0.0591,-0.4932,0.9111,3.4790,2.3193,-1.0376
-0.0608,-0.4915,0.8983,8.1787,2.9297,0.2441
-0.0500,-0.4911,0.9287,4.0894,2.1973,-0.1221
-0.0420,-0.4868,0.9182,0.6714,4.0283,-0.6104
-0.0555,-0.5010,0.9272,8.6670,1.5869,-1.6479
-0.0593,-0.5021,0.9139,6.4697,3.5400,-0.3052
-0.0551,-0.4939,0.9148,5.1880,2.8076,0.0610
-0.0483,-0.4862,0.9331,5.8594,2.3804,0.0000
-0.0488,-0.4747,0.9081,1.8921,4.2725,-0.3662
-0.0570,-0.4902,0.9031,4.5166,3.4790,-0.7935
-0.0571,-0.5022,0.9387,8.6670,0.0610,-1.0376
-0.0552,-0.4958,0.9249,6.0425,3.5400,0.4272
-0.0533,-0.4852,0.9072,9.4604,2.3804,0.1221
-0.0568,-0.4955,0.9131,2.6855,3.1128,-0.7324
-0.0569,-0.4963,0.9113,3.7231,3.2349,-0.6104
-0.0569,-0.5024,0.9253,4.5776,2.4414,-0.6714
FIN_VENTANA
Progreso: 15/20
INICIO_VENTANA abajo
-0.0482,-0.4928,0.9252,6.9580,2.1362,-0.3052
-0.0470,-0.4910,0.9124,4.5776,3.9673,0.1831
-0.0408,-0.4911,0.9252,5.8594,2.0142,-0.7324
-0.0520,-0.4894,0.9055,3.6621,3.4790,-1.2817
-0.0580,-0.4977,0.9137,8.1787,2.0142,-1.0376
-0.0552,-0.4939,0.9209,7.2021,1.8311,-0.4883
-0.0472,-0.4799,0.9114,3.6011,3.2959,-0.2441
-0.0488,-0.4913,0.9243,0.9766,3.2349,-0.9766
-0.0452,-0.4851,0.9152,1.5259,3.9673,-0.4883
-0.0530,-0.4978,0.9218,8.7280,1.4038,-1.2207
-0.0519,-0.5004,0.9249,5.1270,2.7466,-0.4883
-0.0430,-0.4857,0.9204,5.0659,2.9907,-0.4272
-0.0521,-0.4958,0.9208,3.1738,3.0518,-1.5869
-0.0547,-0.4940,0.9003,7.5073,2.8687,-0.7935
-0.0475,-0.4972,0.9238,6.1035,2.2583,-0.7935
-0.0402,-0.4897,0.9309,4.5776,2.2583,-1.2817
-0.0468,-0.4888,0.9186,4.7607,2.8076,-1.0376
-0.0476,-0.4825,0.9092,7.3242,2.1973,-1.2817
-0.0546,-0.4901,0.9194,6.7139,2.3804,-1.3428
-0.0571,-0.4995,0.9211,5.5542,2.8076,-1.1597
-0.0660,-0.4991,0.9114,7.8735,2.1362,-0.6714
-0.0607,-0.4917,0.9204,3.2349,4.0894,1.4038
-0.0398,-0.4661,0.9207,2.8076,2.4414,0.3052
-0.0436,-0.4855,0.9204,8.0566,1.3428,-1.7090
-0.0616,-0.5144,0.9227,6.3477,2.3193,-1.7090
-0.0620,-0.5150,0.9216,5.5542,1.8311,-0.3052
-0.0507,-0.5018,0.9137,2.2583,3.7842,0.4883
-0.0323,-0.4886,0.9366,6.8970,0.4883,-0.4883
-0.0410,-0.4902,0.9133,8.1177,2.3804,-0.6104
-0.0486,-0.4919,0.9004,9.8267,2.9297,-0.3052
-0.0408,-0.4956,0.9238,9.3994,1.8311,-0.1831
-0.0372,-0.4843,0.9049,4.2725,3.3569,-0.6104
-0.0452,-0.4844,0.8977,4.0894,3.1128,-1.5869
-0.0481,-0.4900,0.8987,6.8970,1.7090,-1.4038
-0.0555,-0.5033,0.9163,7.0190,2.0142,-0.9766
-0.0469,-0.5004,0.9205,8.6670,2.0142,-0.1221
-0.0470,-0.5109,0.9241,6.8359,2.1973,-1.2817
-0.0586,-0.5111,0.9122,3.6621,3.7231,-0.7935
-0.0533,-0.5029,0.9154,7.5684,2.1362,-0.4883
-0.0513,-0.4965,0.9199,5.6152,1.9531,-1.0986
-0.0582,-0.5023,0.9117,2.0752,3.2959,-1.5869
-0.0640,-0.5104,0.9159,5.7373,2.0752,-1.7090
-0.0608,-0.5061,0.9166,7.9346,1.9531,-0.6714
-0.0565,-0.4977,0.8925,3.4790,2.6245,-1.0376
-0.0540,-0.5061,0.9160,5.0049,1.2817,-1.4038
-0.0498,-0.5013,0.9147,7.3853,1.7090,-0.4883
-0.0403,-0.4911,0.9070,4.6997,2.5635,-0.1831
-0.0413,-0.4882,0.9008,5.0659,2.6855,-0.7324
-0.0449,-0.4971,0.9121,5.3711,1.4038,-1.8311
-0.0448,-0.4948,0.9059,10.5591,1.2207,-1.5869
-0.0433,-0.5043,0.9242,0.0610,4.5776,-0.6714
-0.0477,-0.4973,0.9011,2.0752,3.5400,-1.4648
-0.0529,-0.5011,0.9180,5.1880,2.5024,-1.7700
-0.0587,-0.5023,0.9136,6.5308,1.5259,-1.8921
-0.0665,-0.5017,0.9091,6.6528,3.4180,-0.9766
-0.0627,-0.4967,0.9130,6.3477,2.2583,-0.2441
-0.0577,-0.4851,0.8842,3.4790,3.4790,-0.3052
-0.0540,-0.4980,0.9208,4.9438,1.0986,-1.4648
-0.0490,-0.4978,0.9266,5.4932,1.9531,-0.9155
-0.0574,-0.5079,0.9266,6.6528,1.7700,-1.2817
-0.0551,-0.5063,0.9097,8.9722,2.1362,-0.1221
-0.0461,-0.4999,0.9116,3.3569,2.5635,-1.0376
-0.0573,-0.5140,0.9069,3.4180,2.6245,-1.5259
-0.0548,-0.5127,0.9257,6.3477,1.8921,0.0000
-0.0415,-0.4874,0.9152,7.3242,1.5869,-0.1221
-0.0527,-0.4951,0.8987,8.1177,3.0518,-0.6104
-0.0442,-0.4928,0.9258,4.6387,2.0752,-1.0376
-0.0469,-0.4829,0.8906,1.7700,4.0894,-1.1597
-0.0601,-0.5002,0.9122,6.8970,2.1973,-1.7700
-0.0638,-0.5046,0.9137,5.2490,3.4180,-0.3662
-0.0491,-0.4841,0.8951,3.6621,3.0518,0.0610
-0.0479,-0.4874,0.9136,3.5400,1.7090,-1.8921
-0.0646,-0.5111,0.9169,6.8359,2.5024,-1.2817
-0.0623,-0.5038,0.9080,6.0425,1.8921,-0.6104
-0.0515,-0.4943,0.9108,2.7466,3.1738,0.1831
-0.0444,-0.4977,0.9302,3.2349,2.1362,-1.3428
-0.0536,-0.5035,0.9240,4.6997,2.5635,-1.4038
-0.0485,-0.4928,0.9054,7.8735,2.2583,-0.5493
-0.0500,-0.4958,0.9207,5.4321,2.4414,-1.0376
-0.0514,-0.4926,0.9225,4.4556,2.9907,-0.8545
-0.0615,-0.4954,0.8960,2.0752,4.3335,-1.1597
-0.0615,-0.4944,0.9037,6.9580,2.1973,-0.4272
-0.0526,-0.4946,0.9126,5.5542,2.6855,-0.2441
-0.0521,-0.4839,0.8995,6.7749,2.3193,-1.4038
-0.0669,-0.5128,0.9148,6.1646,2.2583,-1.4038
-0.0618,-0.5038,0.9064,5.8594,2.4414,-0.4272
-0.0653,-0.5181,0.9210,8.1177,1.7700,-0.5493
-0.0522,-0.5001,0.9100,6.0425,2.8687,0.7935
-0.0405,-0.4940,0.9224,2.2583,2.6855,-0.3052
-0.0514,-0.5101,0.9346,3.6011,2.3193,-1.3428
-0.0530,-0.5049,0.9270,14.0991,1.0986,-0.4272
-0.0490,-0.4934,0.8979,3.4180,3.8452,-0.1221
-0.0511,-0.5002,0.9210,4.4556,1.5869,-1.2207
-0.0529,-0.4878,0.8940,6.4697,4.2725,-0.2441
-0.0588,-0.4980,0.9030,7.4463,1.9531,-1.2207
-0.0564,-0.4863,0.8877,5.3101,2.9907,-0.5493
-0.0511,-0.4900,0.9243,5.1270,2.2583,-0.8545
-0.0535,-0.4924,0.8999,3.2959,3.4180,-0.7324
-0.0615,-0.5009,0.9014,1.6479,3.1738,-1.1597
-0.0555,-0.5021,0.9235,6.2256,1.0986,-0.5493
FIN_VENTANA
Progreso: 16/20
INICIO_VENTANA abajo
-0.0430,-0.4819,0.9042,0.9766,3.4790,-0.8545
-0.0522,-0.4952,0.9105,5.4321,1.8311,-1.7700
-0.0553,-0.5035,0.9290,7.9346,1.5259,-1.2207
-0.0564,-0.5007,0.9187,2.6245,3.8452,-0.2441
-0.0525,-0.4961,0.9244,5.4932,2.2583,-0.0610
-0.0499,-0.4849,0.9130,5.4321,3.0518,-0.4883
-0.0515,-0.4905,0.9098,4.2725,3.1128,-0.6104
-0.0481,-0.4961,0.9258,6.8970,2.1362,-0.1831
-0.0439,-0.4904,0.9192,5.5542,2.9907,-0.5493
-0.0526,-0.4987,0.9220,4.3335,2.9297,-1.0986
-0.0564,-0.4911,0.9034,3.8452,3.6011,-0.7935
-0.0516,-0.4907,0.9198,7.8125,1.2207,-1.1597
-0.0493,-0.4807,0.9053,5.5542,2.7466,-1.2817
-0.0603,-0.5037,0.9301,6.2256,1.6479,-1.4038
-0.0570,-0.4932,0.8949,3.7842,3.9673,0.3052
-0.0426,-0.4937,0.9221,5.3101,1.5259,-0.1831
-0.0366,-0.4873,0.9266,7.2021,1.2817,-0.7324
-0.0488,-0.5051,0.9233,6.2256,2.9907,-1.5259
-0.0514,-0.4994,0.9054,0.9155,4.9438,-0.4883
-0.0557,-0.4996,0.9126,3.9673,1.4648,-1.7090
-0.0575,-0.4919,0.9106,4.7607,2.6245,-0.8545
-0.0580,-0.4974,0.9220,5.1880,2.0752,-0.3662
-0.0477,-0.4878,0.9154,7.5684,2.4414,0.6104
-0.0366,-0.4786,0.9169,8.5449,2.2583,0.3052
-0.0481,-0.5010,0.9325,4.5166,2.7466,-1.5259
-0.0573,-0.5065,0.9287,7.2632,1.7700,-1.7090
-0.0658,-0.5001,0.8872,3.8452,4.3945,-0.4272
-0.0510,-0.4889,0.9121,4.6997,2.0142,-0.0610
-0.0482,-0.4905,0.8969,5.4321,3.1128,-0.6104
-0.0485,-0.4973,0.9270,8.1177,1.0376,-1.3428
-0.0554,-0.5005,0.9197,2.5024,3.2349,-0.8545
-0.0464,-0.4889,0.8751,1.4648,3.6621,-0.2441
-0.0461,-0.4866,0.9061,5.4932,2.2583,-1.0376
-0.0497,-0.4991,0.9354,5.1270,2.0752,-1.1597
-0.0516,-0.5011,0.9172,0.7935,4.0894,-1.0376
-0.0446,-0.4912,0.9243,4.5776,1.5259,-1.5869
-0.0614,-0.5043,0.9191,2.1973,3.1738,-1.5869
-0.0570,-0.5007,0.9364,5.7373,3.1738,0.1831
-0.0404,-0.4703,0.9095,7.0190,3.0518,-0.2441
-0.0491,-0.4865,0.9192,4.1504,2.1362,-2.1973
-0.0615,-0.5020,0.9193,4.5166,2.8076,-1.7090
-0.0573,-0.5033,0.9312,8.4229,2.2583,-0.6104
-0.0505,-0.4960,0.9091,7.6904,3.2349,-0.2441
-0.0474,-0.4806,0.8997,4.8218,4.0894,-0.1221
-0.0444,-0.4746,0.9008,3.6011,1.8311,-1.8921
-0.0637,-0.5006,0.9119,7.4463,1.6479,-0.9155
-0.0491,-0.4912,0.9224,3.4180,3.1128,0.0000
-0.0374,-0.4731,0.9186,5.2490,2.0142,-0.3052
-0.0404,-0.4827,0.9344,3.7231,3.1128,-1.2207
-0.0508,-0.4883,0.9175,0.8545,3.4790,-1.1597
-0.0542,-0.4869,0.8888,4.7607,3.4180,0.0000
-0.0453,-0.4860,0.9310,8.0566,1.2207,-0.6714
-0.0529,-0.4908,0.9326,8.2397,3.1128,0.3052
-0.0477,-0.4664,0.8981,8.4229,3.4180,0.0000
-0.0577,-0.4791,0.8917,6.8970,3.1738,-0.9766
-0.0631,-0.4965,0.9177,3.9673,1.5869,-1.5259
-0.0555,-0.4960,0.9241,8.5449,1.2207,-0.4272
-0.0544,-0.4968,0.9211,5.2490,2.3193,-0.2441
-0.0503,-0.4954,0.9269,1.3428,3.1128,-0.3662
-0.0514,-0.4940,0.9305,3.5400,2.1362,-1.2817
-0.0514,-0.4917,0.9143,9.3384,1.7090,-0.4883
-0.0427,-0.4789,0.9110,6.4087,2.0142,-0.9155
-0.0533,-0.5026,0.9272,8.2397,0.7935,-1.8311
-0.0535,-0.5054,0.9263,7.8735,2.1973,-0.9155
-0.0476,-0.4926,0.9131,2.7466,3.1738,-0.1831
-0.0396,-0.4788,0.9176,4.2725,1.9531,-0.7324
-0.0416,-0.4841,0.9098,7.6294,1.9531,-1.4038
-0.0480,-0.4928,0.9092,9.8877,2.0142,-1.7090
-0.0529,-0.5043,0.9329,6.7749,1.2817,-1.6479
-0.0444,-0.4850,0.9115,-0.0610,4.8218,-0.7324
-0.0500,-0.4905,0.9172,3.2349,2.7466,-1.6479
-0.0618,-0.4916,0.8992,7.3242,3.9673,-0.5493
-0.0555,-0.4827,0.9133,7.4463,2.5024,-0.3662
-0.0598,-0.4839,0.9080,5.9204,2.8076,-0.7324
-0.0543,-0.4894,0.9282,1.7700,2.3804,-1.3428
-0.0618,-0.4882,0.9021,7.3853,2.2583,-1.2207
-0.0632,-0.5037,0.9294,11.5356,1.6479,-0.2441
-0.0518,-0.4916,0.8973,7.5684,3.2349,0.6104
-0.0483,-0.4948,0.9231,6.5918,2.0752,-0.9766
-0.0564,-0.5059,0.9268,5.7373,1.7700,-1.2817
-0.0543,-0.5006,0.9158,6.3477,3.4790,-0.1831
-0.0481,-0.4863,0.9094,7.9956,2.0752,-0.3052
-0.0504,-0.4972,0.9141,4.4556,2.3193,-1.2207
-0.0558,-0.4935,0.9120,-0.1831,3.2959,-1.2207
-0.0536,-0.4833,0.9143,5.2490,2.0752,-0.8545
-0.0580,-0.4822,0.9053,2.5635,3.1738,-0.7935
-0.0598,-0.4968,0.9104,5.0049,2.0752,-0.9155
-0.0543,-0.4912,0.9087,4.6387,3.4180,0.3052
-0.0531,-0.5035,0.9321,2.3193,1.0376,-1.2207
-0.0514,-0.4926,0.9187,5.1880,4.1504,1.4038
-0.0354,-0.4692,0.9198,7.7515,2.9297,1.0376
-0.0466,-0.4844,0.9205,4.7607,2.9907,-1.4648
-0.0583,-0.4951,0.9103,1.7700,3.2959,-1.0986
-0.0502,-0.4896,0.9187,6.7139,2.0142,-0.5493
-0.0509,-0.4956,0.9332,8.1177,2.1362,-0.7935
-0.0553,-0.4987,0.9257,7.0190,3.2349,-0.4272
-0.0530,-0.4962,0.9155,5.9204,3.1128,-0.3052
-0.0488,-0.4856,0.9069,3.2349,3.3569,-0.3052
-0.0480,-0.4882,0.9150,6.8970,2.1973,-0.7324
-0.0529,-0.5059,0.9441,7.7515,1.7090,-0.7935
FIN_VENTANA
Progreso: 17/20
INICIO_VENTANA abajo
-0.0435,-0.4854,0.9210,6.8970,1.4038,0.0000
-0.0311,-0.4742,0.9270,6.4087,1.7700,-0.1221
-0.0312,-0.4741,0.9167,12.1460,1.0986,-1.0376
-0.0439,-0.4933,0.9141,8.1177,2.5024,-1.5259
-0.0530,-0.5037,0.9050,11.2915,1.7700,-0.8545
-0.0557,-0.5194,0.9248,12.2681,1.0986,-1.2207
-0.0664,-0.5294,0.9117,11.6577,2.8687,0.4272
-0.0482,-0.4987,0.8983,14.5874,1.5259,1.4648
-0.0442,-0.4896,0.8888,9.7656,1.9531,-0.3662
-0.0629,-0.5293,0.9115,11.1694,0.6714,-2.0142
-0.0692,-0.5381,0.9114,2.4414,2.6245,-1.0376
-0.0558,-0.5126,0.8744,1.3428,4.5776,0.7324
-0.0421,-0.5123,0.9275,9.3994,0.3052,-0.2441
-0.0430,-0.5184,0.9225,6.5918,2.6245,-0.6714
-0.0527,-0.5228,0.9017,12.3291,0.7935,-1.5869
-0.0592,-0.5148,0.8845,4.2114,4.6387,-0.3052
-0.0598,-0.5244,0.9114,5.7983,2.0752,-0.6714
-0.0454,-0.5016,0.8979,1.6479,4.5776,0.6714
-0.0530,-0.5009,0.8650,3.7842,2.9907,-1.0986
-0.0695,-0.5073,0.9138,4.7607,2.3804,-0.4883
-0.0552,-0.5089,0.9072,6.7749,2.5635,0.4272
-0.0459,-0.4916,0.8832,6.4087,3.9673,0.3052
-0.0454,-0.5168,0.9403,3.8452,0.4883,-1.7090
-0.0599,-0.5175,0.8888,-1.0986,5.3101,-0.9155
-0.0577,-0.5300,0.9008,7.1411,1.5259,-1.3428
-0.0535,-0.5243,0.9016,3.9673,2.2583,-0.9155
-0.0483,-0.5255,0.9182,5.1880,1.8311,-0.4883
-0.0454,-0.5099,0.8965,6.2866,2.6855,-0.2441
-0.0425,-0.5156,0.9254,4.5166,1.2207,-1.3428
-0.0499,-0.5135,0.9020,2.0752,4.5166,-0.6104
-0.0507,-0.5115,0.9163,6.4697,2.0752,-0.4883
-0.0441,-0.4907,0.8988,5.1270,3.6621,-0.4883
-0.0560,-0.4990,0.8872,6.5918,1.8921,-1.6479
-0.0662,-0.5135,0.8948,3.4790,3.2349,-1.2817
-0.0671,-0.5245,0.9094,3.8452,1.9531,-1.0986
-0.0574,-0.5165,0.9067,6.4087,2.5635,0.4272
-0.0383,-0.4888,0.8840,3.9062,3.6621,-0.2441
-0.0549,-0.5312,0.9268,5.7983,0.1221,-2.8076
-0.0645,-0.5438,0.9199,6.1646,2.8076,-0.7324
-0.0438,-0.5164,0.9091,5.3711,3.1738,0.1221
-0.0463,-0.5170,0.9149,6.1035,1.7090,-1.3428
-0.0482,-0.5095,0.9110,8.5449,2.9907,-0.6714
-0.0491,-0.5070,0.9152,5.4321,3.4790,-0.5493
-0.0593,-0.5044,0.8831,4.4556,3.8452,-0.9155
-0.0591,-0.5072,0.9042,6.1646,2.5024,-1.0986
-0.0623,-0.5140,0.8988,1.5259,3.6011,-1.0376
-0.0685,-0.5172,0.8954,4.3945,2.5635,-1.1597
-0.0594,-0.5127,0.9048,4.3945,2.5635,0.1221
-0.0460,-0.5048,0.9106,5.1270,1.9531,0.1221
-0.0435,-0.5131,0.9230,4.5166,2.3193,-0.6714
-0.0465,-0.5155,0.9172,5.2490,2.6245,-1.1597
-0.0502,-0.5132,0.9082,5.0659,2.5635,-1.1597
-0.0564,-0.5087,0.8988,2.5024,3.0518,-0.7324
-0.0465,-0.5016,0.9055,3.3569,2.6245,-0.3052
-0.0474,-0.5048,0.9124,5.4932,1.7700,-1.4648
-0.0582,-0.5143,0.9077,2.8687,3.3569,-1.4038
-0.0553,-0.5093,0.9019,3.1128,2.9907,-0.4272
-0.0472,-0.4933,0.8881,5.6152,3.0518,0.2441
-0.0464,-0.5011,0.9127,3.5400,2.0752,-0.8545
-0.0450,-0.5006,0.9103,3.8452,2.3804,-0.9766
-0.0524,-0.5225,0.9269,8.0566,1.8311,-1.2207
-0.0574,-0.5177,0.9226,3.7231,3.7231,-0.1831
-0.0507,-0.4999,0.9004,1.4038,3.9062,-0.4272
-0.0504,-0.4915,0.9023,5.9814,2.2583,-0.6714
-0.0583,-0.5026,0.9142,9.7046,1.6479,-0.8545
-0.0548,-0.5016,0.8917,7.3853,3.1128,-0.1831
-0.0471,-0.5034,0.9175,5.1880,1.5259,-1.0986
-0.0582,-0.5200,0.9230,5.7373,2.0752,-1.2207
-0.0602,-0.5126,0.8875,4.4556,4.1504,-0.1831
-0.0504,-0.4980,0.9003,7.3242,1.6479,0.1221
-0.0469,-0.4979,0.8984,3.1738,2.5635,-0.9155
-0.0515,-0.5215,0.9191,5.9204,1.5869,-1.2817
-0.0454,-0.5168,0.9240,4.8218,2.3193,-0.6104
-0.0442,-0.4989,0.9067,3.8452,4.2114,-0.1221
-0.0468,-0.5045,0.9146,6.2256,2.1973,-0.6714
-0.0470,-0.5013,0.8977,1.7700,3.4180,-1.3428
-0.0663,-0.5192,0.9032,6.8359,2.5024,-1.5259
-0.0645,-0.5150,0.9176,9.4604,2.1362,-0.3662
-0.0569,-0.5000,0.8873,4.2114,4.2114,0.3052
-0.0443,-0.4971,0.9076,5.2490,1.2207,-0.4883
-0.0458,-0.5090,0.9323,5.5542,1.4038,-1.3428
-0.0536,-0.5193,0.9159,5.6763,3.3569,-0.7935
-0.0522,-0.5122,0.9003,6.3477,1.8921,-0.9155
-0.0508,-0.5046,0.9037,4.8828,3.1738,-0.6104
-0.0483,-0.5122,0.9353,-0.1831,2.6855,-1.0376
-0.0437,-0.4882,0.8837,5.9814,3.6621,-0.2441
-0.0521,-0.5017,0.8982,7.9346,2.1362,-0.8545
-0.0542,-0.5133,0.9192,5.0659,2.2583,-1.0376
-0.0533,-0.5000,0.8879,5.3711,4.4556,0.3662
-0.0475,-0.5068,0.8983,5.7983,3.0518,-0.9155
-0.0470,-0.5114,0.9149,6.9580,1.9531,-0.8545
-0.0511,-0.5162,0.9189,5.6763,2.7466,-0.9155
-0.0492,-0.4999,0.8989,3.6621,3.9673,-0.5493
-0.0549,-0.5057,0.9015,2.9907,3.1128,-1.1597
-0.0530,-0.5028,0.9121,7.4463,0.9766,-1.1597
-0.0551,-0.5005,0.9175,1.8311,3.2349,-1.1597
-0.0614,-0.5002,0.9023,-1.0986,3.9062,-1.3428
-0.0668,-0.5059,0.9037,2.8687,3.1128,-0.3052
-0.0497,-0.4924,0.8970,7.2021,1.8921,0.3052
-0.0354,-0.4924,0.9224,4.9438,0.8545,-0.8545
FIN_VENTANA
Progreso: 18/20
INICIO_VENTANA abajo
-0.0521,-0.5089,0.9026,3.8452,3.4790,-0.9766
-0.0565,-0.5079,0.9143,5.0049,1.4038,-1.5869
-0.0629,-0.5140,0.9008,3.9062,2.8076,-1.5259
-0.0594,-0.5145,0.9084,8.6060,1.6479,-0.8545
-0.0576,-0.5055,0.9086,9.4604,1.1597,-0.6104
-0.0554,-0.5010,0.8954,5.0659,3.5400,-0.2441
-0.0574,-0.5104,0.9091,3.1738,1.8921,-1.1597
-0.0508,-0.5004,0.8961,3.0518,3.6011,0.4883
-0.0410,-0.4948,0.9064,9.6436,0.8545,-0.3052
-0.0497,-0.5095,0.9078,7.6294,3.3569,-0.4883
-0.0553,-0.5192,0.9155,8.4839,1.7700,-1.1597
-0.0587,-0.5227,0.9120,5.8594,2.5635,-0.2441
-0.0582,-0.5073,0.8831,7.2021,3.9062,0.3662
-0.0548,-0.5178,0.9039,7.5684,2.1973,-0.8545
-0.0557,-0.5184,0.8990,2.7466,3.1738,-1.0376
-0.0596,-0.5197,0.9045,5.4932,2.6245,-1.0376
-0.0605,-0.5133,0.9021,9.2773,2.5635,0.1221
-0.0503,-0.5055,0.8966,0.7935,3.5400,-0.3662
-0.0603,-0.5089,0.8865,1.8311,3.2349,-1.2817
-0.0703,-0.5347,0.9141,8.1177,1.3428,-1.2817
-0.0594,-0.5222,0.9124,9.0332,1.8311,0.0000
-0.0496,-0.5131,0.9178,3.2959,2.3804,-0.3662
-0.0485,-0.5028,0.9032,3.6621,3.6011,-0.0610
-0.0552,-0.5143,0.8989,6.9580,2.1362,-0.9155
-0.0579,-0.5208,0.8989,5.2490,2.7466,-0.8545
-0.0575,-0.5255,0.9174,7.8735,1.2817,-0.9155
-0.0525,-0.5132,0.8932,5.1880,3.4790,0.2441
-0.0468,-0.5045,0.9073,2.8687,2.5635,-0.5493
-0.0597,-0.5292,0.9178,0.4272,2.8076,-1.5869
-0.0583,-0.5183,0.9047,3.6621,3.2349,14.9536
-0.0570,-0.5083,0.8917,8.0566,1.6479,-0.7324
-0.0551,-0.5052,0.8987,7.3853,2.1973,-0.7324
-0.0636,-0.5209,0.9196,3.9673,2.0752,-0.9766
-0.0547,-0.5005,0.8839,5.0659,3.9062,0.1831
-0.0510,-0.5060,0.9000,4.0894,2.8076,-0.4272
-0.0470,-0.5084,0.9142,3.9062,2.1362,-0.7324
-0.0518,-0.5103,0.9055,6.5308,2.3193,-0.6104
-0.0564,-0.5126,0.9076,4.2725,2.4414,-0.7935
-0.0536,-0.5115,0.9061,6.8359,2.8076,-0.2441
-0.0477,-0.5176,0.9211,7.8735,1.8921,-0.1221
-0.0459,-0.5049,0.9022,3.7231,3.3569,-0.6714
-0.0587,-0.5225,0.8942,4.8218,3.4180,-1.3428
-0.0627,-0.5221,0.9000,8.3008,1.2207,-0.9155
-0.0569,-0.5106,0.9000,4.5166,2.9297,0.0610
-0.0455,-0.5017,0.9061,1.8311,3.8452,0.0610
-0.0446,-0.5049,0.8967,6.8359,1.2817,-1.2207
-0.0505,-0.5237,0.9103,8.6060,2.3804,-1.2817
-0.0533,-0.5374,0.9359,5.6152,1.7090,-1.6479
-0.0562,-0.5248,0.9059,4.8218,3.5400,-0.4272
-0.0538,-0.5081,0.8859,5.9204,3.4790,-0.3662
-0.0577,-0.5089,0.9014,4.8218,3.1128,-0.4272
-0.0483,-0.4994,0.8967,7.0190,2.4414,-0.6104
-0.0564,-0.5105,0.8973,3.9673,2.3804,-1.6479
-0.0592,-0.5178,0.9111,7.2021,1.8311,-1.4648
-0.0653,-0.5269,0.9058,6.2256,2.5024,-0.8545
-0.0625,-0.5221,0.9006,3.8452,3.4180,-0.1221
-0.0465,-0.5042,0.9058,6.7139,1.1597,-1.1597
-0.0535,-0.5139,0.9000,3.9673,2.6855,-1.7700
-0.0651,-0.5312,0.9137,4.5166,1.8921,-1.4648
-0.0601,-0.5146,0.8906,3.1128,3.6621,-0.3662
-0.0616,-0.5164,0.8931,5.2490,2.0142,-0.4883
-0.0516,-0.5139,0.9084,6.7139,2.1973,0.4272
-0.0331,-0.4977,0.9161,6.0425,2.4414,0.4883
-0.0406,-0.5092,0.9160,4.7607,2.5635,-1.4648
-0.0612,-0.5319,0.9098,5.3101,3.0518,-1.4648
-0.0646,-0.5198,0.8955,5.4932,2.8076,-0.6104
-0.0586,-0.5154,0.8977,5.4932,2.8687,-0.2441
-0.0465,-0.5063,0.9083,7.2632,2.7466,0.2441
-0.0481,-0.5028,0.8872,7.0801,3.0518,-0.5493
-0.0575,-0.5194,0.8887,4.5776,2.8076,-1.3428
-0.0571,-0.5198,0.8994,2.9907,2.0752,-1.0986
-0.0496,-0.5198,0.9200,5.5542,1.8311,-0.6104
-0.0457,-0.5015,0.8851,7.4463,4.5166,0.6104
-0.0491,-0.5161,0.9188,7.3242,1.5259,-1.5259
-0.0658,-0.5332,0.9207,1.9531,3.9062,-1.3428
-0.0594,-0.5106,0.8900,0.7935,4.8828,-0.1221
-0.0540,-0.5006,0.8942,3.1738,3.4790,-0.6104
-0.0664,-0.5211,0.9026,4.2725,1.8311,-1.2207
-0.0527,-0.5089,0.9056,5.9204,2.9297,0.1221
-0.0480,-0.5103,0.9197,7.2632,2.3193,-0.2441
-0.0525,-0.5083,0.8966,4.9438,3.4790,-0.0610
-0.0504,-0.5150,0.8964,4.5776,1.9531,-0.9155
-0.0515,-0.5182,0.8964,7.0190,2.1362,-0.3662
-0.0421,-0.5117,0.9176,6.2866,2.5635,-0.0610
-0.0400,-0.5028,0.9075,3.7842,3.0518,-0.9155
-0.0526,-0.5153,0.8912,1.0376,3.5400,-1.5869
-0.0563,-0.5251,0.9137,6.4087,1.9531,-1.1597
-0.0594,-0.5232,0.9126,6.8970,2.9297,-0.6104
-0.0549,-0.5026,0.8879,6.2866,3.9062,-0.1221
-0.0592,-0.5162,0.9009,8.7891,1.0376,-1.3428
-0.0615,-0.5189,0.8964,6.7749,3.1128,-0.3052
-0.0541,-0.5157,0.9119,2.5024,2.9297,0.0000
-0.0515,-0.4910,0.8901,4.6387,3.4790,0.7324
-0.0632,-0.5474,0.9178,6.9580,2.1973,2.1362
-0.0060,-0.4703,0.8875,6.6528,3.8452,3.6621
-0.0221,-0.5032,0.9497,4.8218,3.2349,-1.7700
-0.0570,-0.5280,0.9102,4.8218,4.5776,-1.4038
-0.0660,-0.5247,0.8702,15.0757,1.7090,-0.6104
-0.0511,-0.5204,0.8936,2.6245,4.6997,0.3662
-0.0541,-0.5363,0.9241,2.6855,2.1362,-1.2817
FIN_VENTANA
Progreso: 19/20
INICIO_VENTANA abajo
-0.0627,-0.5240,0.8967,3.4790,1.7700,-0.9766
-0.0609,-0.5303,0.9030,4.5776,2.0142,-1.1597
-0.0732,-0.5295,0.8711,1.0376,3.2349,-0.3662
-0.0536,-0.5175,0.8878,4.3335,1.6479,-0.1221
-0.0459,-0.5337,0.9189,6.7749,1.6479,-0.4272
-0.0498,-0.5320,0.9131,5.2490,2.9907,-0.3052
-0.0557,-0.5243,0.8966,6.8970,3.7842,0.3662
-0.0486,-0.5159,0.9094,6.6528,3.1738,-0.1221
-0.0774,-0.5380,0.8867,3.8452,4.0283,1.7090
-0.0417,-0.4803,0.8678,3.2959,4.9438,1.7090
-0.0415,-0.5051,0.9065,5.6763,2.9907,-0.9155
-0.0602,-0.5419,0.9147,10.9253,0.8545,-2.8687
-0.0839,-0.5640,0.9106,10.0708,2.0752,-1.9531
-0.0859,-0.5537,0.8843,9.7046,3.4180,0.3052
-0.0670,-0.5254,0.8740,5.2490,3.8452,1.2817
-0.0518,-0.5046,0.8621,5.3711,1.9531,0.1221
-0.0519,-0.5331,0.9065,7.6904,0.3662,-1.4648
-0.0497,-0.5472,0.9065,7.4463,2.8687,-0.7324
-0.0632,-0.5424,0.8618,7.1411,3.7231,-0.5493
-0.0536,-0.5227,0.8707,2.9907,1.5259,-0.6714
-0.0470,-0.5270,0.9017,-0.1221,1.4648,-1.2817
-0.0500,-0.5507,0.9430,3.4180,1.9531,-1.6479
-0.0557,-0.5477,0.9236,5.4932,3.4180,-0.7324
-0.0554,-0.5271,0.8911,3.1738,4.5776,-0.0610
-0.0557,-0.5013,0.8655,10.0708,0.9155,-0.9155
-0.0654,-0.5424,0.9203,7.8125,2.5024,-0.3052
-0.0620,-0.5215,0.8654,8.9111,4.6997,0.6714
-0.0717,-0.5391,0.8739,9.0942,2.0752,-0.5493
-0.0715,-0.5518,0.8817,6.2256,4.0894,1.0376
-0.0557,-0.5243,0.8835,2.3804,5.0049,2.0142
-0.0485,-0.5034,0.8710,-0.0610,5.6152,0.4272
-0.0559,-0.5121,0.8643,6.3477,3.0518,-3.2959
-0.0850,-0.5439,0.8802,3.1738,2.8687,-2.3193
-0.0554,-0.5120,0.8707,2.9907,1.1597,-1.3428
-0.0468,-0.5211,0.8773,7.9956,-1.9531,-2.8687
-0.0525,-0.5859,0.9592,3.2959,-1.8921,-3.2959
-0.0540,-0.5920,0.9567,3.5400,2.0142,0.0000
-0.0482,-0.5588,0.8920,12.5732,5.5542,3.9062
-0.0354,-0.5281,0.8936,10.9253,4.2725,3.3569
-0.0320,-0.4950,0.8983,9.7656,3.0518,1.8311
-0.0361,-0.4973,0.8743,11.7798,3.6011,0.3662
-0.0525,-0.5209,0.9113,7.8125,2.1973,-1.7090
-0.0709,-0.5269,0.8788,2.6855,4.1504,-2.5635
-0.0950,-0.5541,0.8661,3.4180,3.3569,-2.9907
-0.0815,-0.5414,0.8719,5.0659,2.4414,-1.6479
-0.0583,-0.5220,0.8802,10.3760,0.6104,-2.1973
-0.0741,-0.5574,0.8960,11.5967,0.6714,-3.4180
-0.0743,-0.5658,0.8848,4.6997,2.6855,-0.1831
-0.0543,-0.5488,0.9005,7.4463,1.2207,1.2207
-0.0308,-0.5197,0.8972,5.7983,3.3569,1.8311
-0.0372,-0.5293,0.8901,7.9956,2.4414,-0.3052
-0.0586,-0.5619,0.8962,4.2114,3.2349,-1.4648
-0.0676,-0.5684,0.8760,7.1411,3.1128,-0.3052
-0.0569,-0.5354,0.8691,8.2397,3.7231,1.0986
-0.0498,-0.5237,0.8727,0.3662,4.0283,-0.3662
-0.0394,-0.5005,0.8612,-2.4414,4.0283,-2.5635
-0.0675,-0.5431,0.8658,11.2305,-0.5493,-4.0283
-0.0792,-0.5719,0.9037,8.4229,0.1221,-2.5635
-0.0809,-0.5886,0.9290,5.7373,0.6714,-0.7935
-0.0649,-0.5604,0.9130,9.7656,3.0518,1.8311
-0.0522,-0.5397,0.8754,7.3853,2.1973,0.5493
-0.0632,-0.5590,0.8910,6.1035,1.8921,-0.8545
-0.0568,-0.5381,0.8912,7.8735,3.5400,1.5869
-0.0293,-0.5001,0.8615,2.6855,3.9673,1.0376
-0.0435,-0.5063,0.8756,0.1831,3.4790,-1.7090
-0.0629,-0.5417,0.9115,0.5493,2.4414,-2.8076
-0.0746,-0.5471,0.8821,2.8687,5.0049,-2.0142
-0.0822,-0.5712,0.8567,7.6294,2.3804,-0.9766
-0.0674,-0.5558,0.8597,1.7700,2.1362,-0.7324
-0.0508,-0.5480,0.8796,3.8452,0.8545,-0.5493
-0.0355,-0.5406,0.9094,6.6528,1.8311,0.1221
-0.0356,-0.5282,0.9034,3.4180,2.5024,-0.1221
-0.0304,-0.4957,0.8628,4.6997,3.1128,-1.4038
-0.0529,-0.5300,0.9111,-0.2441,2.3193,-2.6855
-0.0626,-0.5566,0.9329,8.4839,1.3428,-1.8311
-0.0731,-0.5461,0.8600,13.0615,5.0049,-0.8545
-0.0886,-0.5562,0.8951,7.3853,4.5166,-0.1221
-0.0880,-0.5447,0.8837,2.0752,2.8076,-0.6104
-0.0764,-0.5320,0.8829,8.6670,1.3428,0.0610
-0.0916,-0.5591,0.8597,7.9346,0.7935,-0.9155
-0.0636,-0.5448,0.8982,7.6294,1.7090,0.6104
-0.0498,-0.5323,0.9017,11.9019,0.5493,0.6104
-0.0367,-0.5212,0.8965,3.3569,3.9673,0.4883
-0.0398,-0.5160,0.8732,2.0752,3.1738,-1.7700
-0.0620,-0.5511,0.8893,8.8501,0.4883,-2.4414
-0.0707,-0.5519,0.8721,5.1270,3.6621,-0.7324
-0.0703,-0.5405,0.8607,10.2539,2.4414,0.5493
-0.0502,-0.5322,0.8802,7.6294,2.9297,1.1597
-0.0507,-0.5553,0.9128,5.8594,1.4038,-1.0986
-0.0643,-0.5670,0.9023,6.2256,1.8311,-1.7090
-0.0714,-0.5597,0.8738,4.7607,3.9062,-0.4272
-0.0612,-0.5541,0.8844,8.3618,1.5869,-0.9155
-0.0566,-0.5466,0.8761,8.4229,3.9673,0.0610
-0.0575,-0.5522,0.8888,7.7515,1.0986,-1.2817
-0.0631,-0.5573,0.8873,1.7700,3.4790,-0.6714
-0.0770,-0.5557,0.8766,4.4556,2.5635,0.5493
-0.0490,-0.5179,0.8590,6.1646,4.8218,2.5635
-0.0476,-0.5216,0.8748,4.0894,1.8311,-0.8545
-0.0592,-0.5389,0.8843,7.3853,1.5869,-1.8311
-0.0688,-0.5603,0.8855,5.9814,1.6479,-1.5869
FIN_VENTANA
Progreso: 20/20
Lote completado: abajo
Listo para nueva etiqueta. Formato: <etiqueta> <numero_de_ventanas>
Listo. Formato de comando: <etiqueta> <numero_de_ventanas>
Ejemplo: reposo 20  |  Para interrumpir: stop
INICIO_VENTANA derecha
-0.0414,0.1002,1.0405,11.9629,-2.2583,1.2817
-0.0449,0.0581,1.0100,5.2490,2.4414,-1.5869
-0.0247,0.0646,1.0065,4.3335,3.0518,0.1831
-0.0385,0.0779,1.0184,7.6294,1.8921,1.5259
-0.0276,0.0699,1.0089,6.4087,2.4414,1.0986
-0.0203,0.0782,1.0094,4.2114,0.4883,0.7935
-0.0293,0.0967,1.0109,4.6997,0.3052,0.0000
-0.0243,0.0881,1.0092,2.9907,0.2441,-2.1362
-0.0273,0.0839,1.0090,5.2490,-1.0986,-1.3428
-0.0587,0.0532,1.0206,6.0425,-1.0376,-0.2441
-0.0457,0.0743,1.0358,6.3477,2.1362,1.1597
-0.0297,0.0754,1.0089,5.8594,2.2583,0.1221
-0.0447,0.0795,1.0298,4.7607,0.8545,0.0610
-0.0565,0.0720,1.0280,6.0425,2.5024,0.3662
-0.0513,0.0625,1.0177,5.0049,4.7607,-0.5493
-0.0265,0.0930,1.0181,7.8125,4.5776,0.8545
-0.0111,0.0813,0.9968,2.8076,3.1128,-1.8311
-0.0435,0.0862,1.0343,3.7231,0.6714,-2.0142
-0.0409,0.0778,1.0054,4.2114,3.2959,-2.0752
-0.0350,0.0873,1.0177,2.1362,2.1973,-1.1597
-0.0435,0.0818,1.0126,4.5776,3.4180,-1.1597
-0.0320,0.0811,1.0148,4.8828,2.6245,-0.7935
-0.0433,0.0884,1.0366,5.4932,1.9531,-1.4648
-0.0430,0.0647,1.0123,6.1035,3.3569,-3.1738
-0.0240,0.0737,1.0065,9.7656,1.8921,0.4883
-0.0452,0.0709,1.0115,5.9204,1.7700,-1.6479
-0.0436,0.0884,1.0216,5.0049,2.8687,-1.2817
-0.0325,0.0768,1.0082,5.1880,2.9297,-2.1362
-0.0426,0.0881,1.0291,4.4556,2.1362,-2.0142
-0.0414,0.0692,1.0132,6.9580,3.1128,0.1831
-0.0317,0.0728,1.0083,7.2021,3.0518,-0.6104
-0.0391,0.0814,1.0155,11.1084,1.6479,1.2817
-0.0322,0.0721,1.0020,7.2632,4.0283,-1.7700
-0.0496,0.0582,1.0254,10.7422,1.2207,0.7324
-0.0281,0.0857,1.0051,7.8735,2.4414,0.5493
-0.0409,0.0543,1.0101,1.4038,3.4180,-1.8921
-0.0538,0.0760,1.0233,3.7231,2.4414,0.0000
-0.0320,0.0839,1.0072,4.0894,3.7842,-1.4648
-0.0295,0.0668,1.0160,6.1646,2.3193,-0.9155
-0.0414,0.0688,1.0281,2.8687,2.9297,-0.6104
-0.0461,0.0829,1.0217,4.7607,3.4790,-0.6714
-0.0411,0.0671,1.0107,4.7607,4.5166,-1.2207
-0.0286,0.0917,1.0159,2.0752,4.0894,-1.3428
-0.0232,0.0677,0.9973,2.4414,3.8452,-2.1362
-0.0450,0.0875,1.0210,7.8125,0.9766,0.7935
-0.0349,0.0918,1.0183,2.5635,3.3569,-1.4038
-0.0400,0.0555,1.0092,4.0894,3.0518,-1.8921
-0.0114,0.0859,0.9670,17.4561,0.7935,1.8921
-0.0394,0.0957,1.0077,8.3008,3.9062,-0.4883
-0.0416,0.0771,1.0239,6.0425,2.4414,-0.1831
-0.0460,0.0588,1.0189,4.9438,4.2725,-1.8921
-0.0217,0.0914,1.0171,4.2725,2.2583,-0.4272
-0.0481,0.0513,1.0205,2.1973,2.7466,-1.7700
-0.0549,0.0588,1.0292,12.3291,5.1270,3.5400
-0.0229,0.0911,0.9907,9.6436,5.4932,3.4790
-0.0260,0.0757,1.0165,0.1831,3.4180,-0.3052
-0.0193,0.0942,1.0051,5.1270,2.1362,0.8545
-0.0438,0.0752,1.0284,3.6621,2.1973,-2.0752
-0.0490,0.0453,1.0149,4.0283,3.2349,-1.1597
-0.0203,0.0988,1.0284,5.2490,1.7700,0.4272
-0.0317,0.0574,1.0056,6.2256,1.2817,-0.1221
-0.0381,0.0781,1.0057,3.9673,3.7231,-1.8921
-0.0137,0.0854,0.9872,7.1411,2.4414,-0.6714
-0.0499,0.0681,1.0287,7.8125,0.9155,-1.0376
-0.0536,0.0616,1.0236,5.4321,2.6245,-1.1597
-0.0288,0.0768,1.0123,2.0142,3.2349,-1.9531
-0.0288,0.0829,1.0167,2.9297,2.6245,-1.9531
-0.0405,0.0723,1.0156,5.7373,1.3428,-0.0610
-0.0334,0.0818,1.0129,4.9438,2.1973,-0.9766
-0.0408,0.0671,1.0226,4.3945,2.5024,-1.2207
-0.0408,0.0852,1.0348,4.9438,2.6855,-0.1831
-0.0250,0.0596,0.9991,6.5918,4.0283,-1.4038
-0.0386,0.0798,1.0273,10.4370,1.0986,-0.0610
-0.0432,0.0710,1.0154,14.6484,2.7466,-0.7324
-0.0201,0.0841,1.0011,6.5308,2.0752,-1.7090
-0.0480,0.0571,1.0326,2.8076,-0.4272,-0.4883
-0.0435,0.0876,1.0314,-0.3662,2.3193,-0.7324
-0.0272,0.0715,1.0007,-0.4883,3.1128,-1.7700
-0.0425,0.0670,1.0087,4.3945,1.2207,-0.7935
-0.0381,0.0940,1.0212,-3.1738,2.2583,-1.7090
-0.0377,0.0868,1.0178,-2.9297,2.5024,-2.7466
-0.0420,0.0714,1.0023,5.8594,3.2349,-0.1221
-0.0375,0.0892,1.0203,3.9673,1.5869,-0.0610
-0.0377,0.0874,1.0155,7.8125,-0.1221,0.9155
-0.0491,0.0840,1.0297,1.6479,2.2583,-2.3804
-0.0369,0.0892,1.0083,4.0283,2.3804,-0.3052
-0.0529,0.0840,1.0330,2.1362,2.6855,-1.6479
-0.0393,0.1018,1.0052,7.8735,3.3569,-0.4883
-0.0244,0.0814,0.9911,6.5308,3.6011,-1.2207
-0.0470,0.1041,1.0325,5.2490,1.4648,-0.2441
-0.0334,0.0913,1.0029,6.1646,3.5400,-1.2207
-0.0254,0.0997,1.0032,4.3335,3.2349,-1.7090
-0.0557,0.0673,1.0150,5.2490,2.2583,-1.2817
-0.0449,0.0955,1.0189,8.0566,3.0518,0.0000
-0.0315,0.0885,1.0125,4.7607,2.5635,-1.4648
-0.0404,0.1027,1.0162,6.6528,1.3428,1.2207
-0.0393,0.0861,1.0007,4.6997,2.9297,-1.2817
-0.0481,0.0767,1.0192,4.1504,2.3804,-2.1362
-0.0364,0.0874,1.0049,4.2725,2.8687,-1.1597
-0.0367,0.0907,1.0172,1.8921,2.5024,-1.8921
FIN_VENTANA
Progreso: 1/20
INICIO_VENTANA derecha
-0.0417,0.0895,1.0172,4.5776,2.2583,-0.9766
-0.0447,0.0780,1.0166,3.9673,2.4414,-0.1831
-0.0330,0.1029,1.0095,1.8921,3.1128,-1.4648
-0.0563,0.0840,1.0190,5.7983,1.7700,-1.8921
-0.0385,0.1006,1.0093,10.3760,2.1362,1.8921
-0.0331,0.1085,1.0116,8.0566,1.1597,0.7935
-0.0502,0.0808,1.0249,0.6104,2.8687,-2.1973
-0.0522,0.0814,1.0193,5.4321,2.7466,-0.6104
-0.0297,0.1083,1.0132,5.0049,3.2959,-1.0376
-0.0442,0.0864,1.0109,4.8828,1.7090,-0.9766
-0.0551,0.1069,1.0350,6.5918,2.9907,0.2441
-0.0289,0.0897,0.9956,4.5166,5.1270,-2.2583
-0.0508,0.0905,1.0208,7.9956,3.2959,-1.0376
-0.0382,0.1003,1.0103,11.5356,3.3569,0.2441
-0.0229,0.0873,0.9950,6.5308,2.5024,-0.1221
-0.0571,0.0756,1.0254,3.3569,1.6479,-0.1221
-0.0511,0.0909,1.0305,2.4414,4.3945,-1.5259
-0.0200,0.0746,0.9869,9.6436,0.9766,2.2583
-0.0446,0.0925,1.0161,6.4697,2.0142,-1.3428
-0.0481,0.0792,1.0266,3.1738,2.7466,-2.0142
-0.0281,0.0963,0.9954,12.4512,1.2817,2.9297
-0.0487,0.0913,1.0231,15.6860,2.1362,1.4038
-0.0419,0.1027,1.0082,14.4043,2.5635,3.1738
-0.0299,0.0820,1.0013,6.1035,4.2725,-2.9297
-0.0641,0.0496,1.0377,-1.9531,3.9673,-2.8687
-0.0400,0.1028,1.0234,2.0752,2.6855,1.5869
-0.0217,0.0953,0.9919,4.4556,4.3335,-0.6104
-0.0377,0.0934,1.0123,5.4321,2.0142,-0.6714
-0.0375,0.0579,1.0103,5.0049,1.7700,-0.4272
-0.0560,0.0782,1.0278,8.7891,0.8545,0.9155
-0.0585,0.0873,1.0432,8.9722,3.9673,-0.6714
-0.0233,0.0841,1.0022,5.1880,4.9438,-1.2817
-0.0381,0.0747,1.0135,2.8076,3.9673,-2.3193
-0.0529,0.0645,1.0142,4.7607,3.6011,-1.5259
-0.0355,0.0790,1.0134,5.9204,4.1504,-0.4272
-0.0273,0.0916,1.0076,5.4321,2.7466,1.0376
-0.0425,0.0807,1.0198,3.2959,2.2583,-1.2817
-0.0425,0.0918,1.0208,3.6011,2.8076,-1.4648
-0.0370,0.0747,1.0052,7.4463,2.1973,-0.4883
-0.0413,0.0841,1.0129,3.9673,3.2959,-1.8311
-0.0338,0.0852,1.0114,1.5259,2.8687,-1.8921
-0.0446,0.0625,1.0081,3.9062,2.9297,-1.8921
-0.0417,0.0824,1.0244,7.4463,1.5869,0.1831
-0.0259,0.0908,1.0156,3.1738,1.9531,-1.4038
-0.0477,0.0828,1.0283,3.2349,1.5869,-1.5259
-0.0483,0.0801,1.0188,3.1738,3.5400,-1.5259
-0.0287,0.1022,1.0099,1.4648,3.4180,-2.0142
-0.0404,0.0715,1.0170,4.3945,2.0752,-1.4648
-0.0487,0.0818,1.0214,6.4087,1.9531,-0.3052
-0.0093,0.1292,1.0110,6.7749,1.5869,-0.1221
-0.0377,0.0813,0.9950,4.5776,2.8687,-2.3804
-0.0428,0.1044,1.0125,5.1270,2.6855,-0.6714
-0.0380,0.0800,1.0051,3.2959,4.2725,-2.1973
-0.0355,0.0885,1.0164,7.8125,1.2817,0.9766
-0.0392,0.0958,1.0093,8.8501,2.5635,1.4648
-0.0420,0.0929,1.0176,6.2866,2.8687,-0.7324
-0.0356,0.0854,1.0123,4.8828,3.4180,-0.7935
-0.0317,0.0986,1.0060,6.4697,2.9297,0.0000
-0.0420,0.0839,1.0170,4.6387,2.3193,-0.7324
-0.0408,0.0802,1.0187,6.2866,2.2583,0.5493
-0.0363,0.1023,1.0201,9.2773,1.5259,2.0142
-0.0455,0.0945,1.0215,2.4414,3.1128,0.2441
-0.0267,0.0953,1.0018,0.6104,3.6621,-0.8545
-0.0375,0.0883,1.0164,4.7607,0.8545,0.6104
-0.0470,0.0884,1.0164,5.0659,2.2583,0.2441
-0.0414,0.0872,1.0173,6.6528,1.7700,1.0986
-0.0354,0.1030,1.0166,4.5166,3.4790,-1.2207
-0.0352,0.0746,1.0092,2.8076,3.6011,-2.3804
-0.0404,0.1003,1.0209,2.0752,2.9907,-2.3193
-0.0410,0.0774,1.0142,2.5024,3.1738,-1.4038
-0.0327,0.1219,1.0116,8.7891,2.0142,1.0986
-0.0396,0.0881,1.0035,8.6060,3.0518,-0.6714
-0.0392,0.0946,1.0216,3.9062,2.9907,-1.5869
-0.0374,0.0922,1.0140,3.4180,2.6245,-2.1362
-0.0414,0.0840,1.0126,2.3804,2.9907,-2.3193
-0.0353,0.1034,1.0118,6.4697,2.0752,-0.0610
-0.0422,0.0896,1.0209,3.2959,2.8076,-1.7700
-0.0308,0.1034,1.0159,1.7090,3.1128,-1.4648
-0.0322,0.0770,0.9988,4.2114,2.4414,-0.7324
-0.0548,0.1031,1.0341,9.3994,1.2817,1.0986
-0.0363,0.0896,1.0085,12.1460,3.8452,1.1597
-0.0190,0.1006,0.9957,8.0566,3.0518,0.1831
-0.0463,0.0981,1.0203,5.4932,0.3662,0.8545
-0.0468,0.0808,1.0190,5.3101,3.1128,-0.9766
-0.0372,0.0890,1.0172,-0.7324,2.9297,-3.3569
-0.0458,0.0831,1.0245,4.3945,1.8921,-1.2207
-0.0321,0.0909,1.0026,5.1880,3.0518,-0.0610
-0.0378,0.1019,1.0201,7.6904,1.0986,0.3052
-0.0543,0.0668,1.0066,7.3853,2.9297,-0.5493
-0.0361,0.0956,1.0090,5.7983,2.6245,0.1221
-0.0316,0.0956,1.0087,5.6763,1.5259,0.4272
-0.0581,0.0939,1.0325,10.9863,1.5259,2.3804
-0.0332,0.1046,1.0184,9.8877,3.1738,2.0142
-0.0336,0.0815,1.0094,2.3193,4.3335,-1.9531
-0.0399,0.0823,1.0149,0.9766,3.3569,-1.3428
-0.0255,0.1174,1.0061,1.7700,2.1973,-0.8545
-0.0408,0.0869,1.0083,2.3193,2.0142,-2.8687
-0.0510,0.0782,1.0142,5.2490,1.7700,-1.2207
-0.0298,0.0809,1.0049,3.6621,2.6855,-2.4414
-0.0536,0.0981,1.0354,6.6528,0.0610,-0.1831
FIN_VENTANA
Progreso: 2/20
INICIO_VENTANA derecha
-0.0541,0.0828,1.0234,7.1411,3.6621,0.1831
-0.0493,0.0919,1.0161,8.9722,4.6997,0.9766
-0.0195,0.1355,1.0011,7.5684,3.2349,2.6855
-0.0344,0.0941,1.0077,5.4321,2.4414,-1.5259
-0.0488,0.1135,1.0377,3.7231,1.8311,0.3052
-0.0355,0.0837,1.0005,-0.1221,3.7842,-2.0752
-0.0428,0.0909,1.0071,3.4790,3.1738,-1.5869
-0.0254,0.1306,1.0115,8.2397,2.1973,1.0986
-0.0448,0.0736,1.0054,6.2866,1.8921,-1.8921
-0.0356,0.1134,1.0067,7.8735,1.2207,-0.7324
-0.0354,0.0887,1.0016,4.1504,0.1831,-1.5259
-0.0582,0.0905,1.0288,6.0425,-0.7324,-0.4883
-0.0482,0.1173,1.0283,7.1411,1.4038,-0.4272
-0.0425,0.0804,1.0067,3.3569,3.8452,-3.1738
-0.0436,0.1055,1.0078,4.4556,2.8076,-0.8545
-0.0364,0.0942,1.0006,7.2021,2.8687,-0.4883
-0.0608,0.0950,1.0204,12.2681,1.6479,2.8687
-0.0399,0.1160,1.0067,5.5542,5.0659,0.0610
-0.0179,0.1082,0.9988,0.6714,2.6245,-2.2583
-0.0638,0.0598,1.0186,9.9487,0.3662,1.8311
-0.0411,0.0991,1.0051,6.8359,4.4556,0.3052
-0.0197,0.1179,1.0050,2.6245,2.1973,-0.3052
-0.0355,0.1295,1.0023,3.0518,-0.1831,-1.7700
-0.0612,0.0942,1.0280,2.4414,0.7935,-3.1738
-0.0752,0.0643,1.0334,4.6387,1.8921,-1.4038
-0.0441,0.1128,1.0131,5.1270,4.2114,0.2441
-0.0173,0.1115,0.9872,4.2114,4.3945,-1.7090
-0.0896,0.0948,1.0470,8.3618,0.1221,-0.5493
-0.0437,0.0952,1.0065,4.0894,4.2114,-0.9155
-0.0446,0.1133,1.0186,2.3804,2.9907,-0.4883
-0.0425,0.1091,1.0123,3.6621,3.7842,-2.3804
-0.0424,0.0969,1.0066,4.2114,3.7231,-1.8921
-0.0553,0.0944,1.0262,4.2114,2.8687,-0.9766
-0.0353,0.1183,1.0061,5.4932,4.2725,-0.2441
-0.0372,0.1045,1.0096,5.9204,3.2349,-0.3662
-0.0441,0.1014,1.0023,7.3242,3.0518,-0.5493
-0.0323,0.1143,1.0110,5.1270,2.0142,-0.6714
-0.0438,0.0979,1.0126,4.1504,2.0752,-1.0376
-0.0494,0.1039,1.0151,5.0659,2.2583,-1.0986
-0.0370,0.1086,1.0123,3.9062,2.9907,-1.7090
-0.0405,0.0913,1.0006,7.1411,2.0142,-0.2441
-0.0492,0.1016,1.0105,5.9814,2.3804,-0.4883
-0.0352,0.1304,1.0085,6.7139,0.0000,0.2441
-0.0505,0.0997,1.0156,6.3477,1.6479,-1.2817
-0.0436,0.0936,1.0044,3.7231,2.8076,-0.9155
-0.0449,0.1188,1.0210,4.4556,1.7090,-0.6104
-0.0498,0.1041,1.0126,2.8076,4.0283,-2.0142
-0.0287,0.1274,1.0009,4.2114,4.1504,-1.0376
-0.0432,0.0970,1.0040,5.6763,0.4272,0.1221
-0.0490,0.1033,1.0115,5.5542,3.3569,-0.6104
-0.0303,0.1305,1.0148,6.2866,2.5024,-0.3052
-0.0461,0.0989,1.0028,6.1646,2.9907,-2.0752
-0.0588,0.1040,1.0287,4.2725,3.2349,-0.6714
-0.0251,0.1124,0.9940,2.2583,3.9062,-0.6104
-0.0499,0.1117,1.0197,7.8125,1.6479,-0.3052
-0.0559,0.0947,1.0134,8.4839,5.1270,0.0000
-0.0199,0.1259,1.0004,5.7983,3.2959,-0.1831
-0.0435,0.1104,1.0160,2.5635,2.2583,-1.3428
-0.0461,0.1138,1.0173,2.0142,3.2349,-2.1973
-0.0392,0.0861,1.0040,6.2256,2.4414,-1.3428
-0.0538,0.1125,1.0297,7.8125,1.0986,0.9766
-0.0367,0.1198,1.0072,6.5918,3.8452,-0.2441
-0.0297,0.1189,0.9984,4.9438,3.0518,-1.1597
-0.0538,0.0968,1.0138,2.5635,3.0518,-1.7090
-0.0316,0.1193,1.0029,4.2114,2.7466,0.1831
-0.0354,0.1097,1.0092,7.2632,1.3428,-0.9766
-0.0549,0.1099,1.0234,5.9204,1.9531,-1.6479
-0.0443,0.0859,1.0005,9.3994,3.1738,0.8545
-0.0426,0.1117,1.0154,12.7563,2.3193,0.7324
-0.0435,0.1071,1.0059,1.4648,5.4321,-2.3804
-0.0222,0.1246,1.0029,2.9297,4.3945,-0.9155
-0.0468,0.0833,1.0028,6.9580,2.5024,0.3052
-0.0377,0.1292,1.0090,5.0659,3.3569,-0.8545
-0.0331,0.1086,1.0044,0.4272,2.2583,-2.5024
-0.0468,0.1038,1.0171,3.5400,2.0752,-2.0142
-0.0365,0.1021,1.0044,6.6528,2.3804,-0.4272
-0.0437,0.1182,1.0170,9.0332,2.0142,0.6714
-0.0415,0.1083,1.0159,4.9438,3.2959,-0.7935
-0.0304,0.1113,0.9952,4.5776,3.8452,-1.0376
-0.0461,0.0948,1.0129,6.7139,1.8921,-0.6104
-0.0391,0.1132,1.0192,4.8218,2.1362,-0.6714
-0.0409,0.0972,1.0105,3.2959,2.6855,-1.7090
-0.0306,0.1279,1.0009,5.0049,2.9907,-0.3662
-0.0452,0.1014,1.0054,7.2021,1.7700,-0.5493
-0.0599,0.1025,1.0306,5.0049,3.1738,-1.2817
-0.0309,0.1157,1.0028,4.4556,4.6387,-0.7935
-0.0232,0.1201,0.9928,5.4321,3.4180,-0.4883
-0.0527,0.1040,1.0225,5.1270,2.7466,-0.9766
-0.0312,0.1167,1.0040,3.4790,4.1504,-1.2207
-0.0278,0.1088,1.0059,2.5635,3.1738,-1.9531
-0.0449,0.1096,1.0167,4.6387,1.3428,-0.8545
-0.0361,0.1434,1.0195,5.5542,2.6245,0.0000
-0.0334,0.0953,0.9895,4.9438,3.9062,-1.8311
-0.0475,0.1174,1.0208,7.5073,2.5024,0.1831
-0.0231,0.1351,1.0096,1.5259,4.3335,-2.3193
-0.0442,0.1073,1.0164,4.2725,1.5869,-0.7324
-0.0470,0.1116,1.0100,8.5449,2.5635,0.2441
-0.0176,0.1317,1.0007,3.9673,3.2959,-0.6714
-0.0398,0.1135,1.0111,5.7373,1.3428,-0.3662
-0.0538,0.1078,1.0148,6.8359,2.9297,-0.7324
FIN_VENTANA
Progreso: 3/20
INICIO_VENTANA derecha
-0.0530,0.1107,1.0126,9.3384,1.3428,0.3052
-0.0544,0.1107,1.0101,4.6387,4.4556,-1.0376
-0.0393,0.1354,1.0099,7.0801,3.1128,0.8545
-0.0509,0.1261,1.0128,6.7139,3.9673,0.0610
-0.0409,0.1304,1.0120,5.0659,4.7607,-0.6104
-0.0349,0.1063,0.9896,4.1504,4.6387,-1.9531
-0.0465,0.1298,1.0145,5.9204,2.9297,-0.7935
-0.0441,0.1234,1.0013,8.4839,3.4790,0.0000
-0.0364,0.1292,1.0605,8.4229,-0.8545,2.5024
-0.0485,0.0950,1.0228,3.6621,2.5635,-1.0986
-0.0396,0.1263,1.0216,3.7842,2.9907,-1.0376
-0.0316,0.1178,0.9976,3.4790,2.6245,-1.2207
-0.0476,0.1228,1.0140,7.8125,1.4648,-0.2441
-0.0389,0.1121,1.0001,6.7749,2.6855,-0.2441
-0.0386,0.1133,1.0073,5.2490,2.5024,-1.1597
-0.0554,0.1073,1.0256,5.4321,1.6479,-0.0610
-0.0470,0.1143,1.0142,6.2866,3.7842,0.5493
-0.0349,0.1311,1.0103,3.0518,3.0518,-0.2441
-0.0432,0.1178,1.0187,4.6387,2.6245,-1.7090
-0.0303,0.1147,0.9961,8.0566,2.7466,0.0610
-0.0507,0.1151,1.0253,2.0752,2.1973,-2.0142
-0.0492,0.1205,1.0170,3.2349,4.0283,-1.5869
-0.0292,0.1184,1.0020,7.2021,4.2114,-1.4648
-0.0287,0.1188,1.0055,6.4087,1.2207,-0.4272
-0.0616,0.1199,1.0354,5.4321,1.1597,-0.7935
-0.0414,0.1240,0.9995,5.7373,5.6763,-1.2817
-0.0217,0.1208,0.9976,4.5166,4.4556,-1.7090
-0.0493,0.0968,1.0076,5.4321,2.5635,0.4272
-0.0410,0.1085,1.0006,7.2632,2.5024,0.1831
-0.0402,0.1169,1.0162,7.0801,1.5869,0.4272
-0.0201,0.1366,1.0046,5.9814,1.6479,-0.0610
-0.0333,0.1073,0.9985,8.6060,0.3052,-0.4272
-0.0680,0.1143,1.0366,5.5542,0.4272,-0.4883
-0.0530,0.1022,1.0092,4.6387,4.5776,-0.9766
-0.0160,0.1437,1.0001,5.9814,2.6245,-1.2817
-0.0486,0.1172,1.0236,4.9438,1.1597,-0.9766
-0.0519,0.0977,1.0140,6.0425,2.3193,-1.0986
-0.0396,0.1167,1.0054,7.7515,1.5869,0.8545
-0.0408,0.1249,1.0137,7.3853,2.6245,0.1221
-0.0394,0.1150,1.0051,7.2021,2.5024,-0.1831
-0.0386,0.1068,1.0013,6.5308,2.4414,-0.5493
-0.0475,0.0995,1.0107,6.9580,2.6245,-0.7324
-0.0481,0.1000,1.0194,11.0474,2.5635,-0.1831
-0.0402,0.1173,0.9984,15.2588,0.6714,3.0518
-0.0465,0.1016,1.0148,4.1504,2.6855,-1.7700
-0.0469,0.1218,1.0231,2.3804,2.7466,-0.9766
-0.0472,0.0935,0.9945,3.2959,4.7607,-1.3428
-0.0439,0.1117,1.0065,5.0659,3.2349,-1.0376
-0.0269,0.1112,0.9934,3.7842,2.8076,-1.6479
-0.0577,0.1177,1.0292,4.7607,1.0376,-0.1221
-0.0514,0.0946,1.0084,4.6997,4.6387,-1.7700
-0.0316,0.1353,1.0055,8.4839,3.2349,0.2441
-0.0458,0.0916,1.0031,2.1973,3.2959,-2.3804
-0.0540,0.1069,1.0269,4.4556,2.3193,-0.3662
-0.0352,0.1100,1.0068,5.5542,3.9062,-0.1221
-0.0403,0.1147,1.0050,6.0425,3.5400,-0.9766
-0.0049,0.1188,0.9984,5.0659,2.8076,0.1831
-0.0435,0.1097,1.0143,3.9062,1.8921,-1.0986
-0.0515,0.1107,1.0265,6.1035,1.7090,-0.1831
-0.0389,0.1216,1.0074,5.4321,3.6621,-0.7324
-0.0326,0.1119,1.0052,1.0986,3.7231,-2.6245
-0.0500,0.1110,1.0211,8.4229,0.5493,0.6104
-0.0461,0.1073,1.0111,10.6812,2.2583,0.3052
-0.0518,0.0927,1.0079,7.7515,2.3804,-0.6714
-0.0256,0.1445,1.0056,7.0190,2.3804,0.5493
-0.0359,0.0801,0.9968,1.7700,3.5400,-2.9907
-0.0658,0.0996,1.0352,5.1270,1.5869,0.6714
-0.0370,0.1112,1.0040,3.7231,3.8452,0.3052
-0.0315,0.1241,1.0004,4.6997,2.6855,-0.1831
-0.0530,0.1115,1.0172,4.8218,3.1128,-0.8545
-0.0427,0.1060,1.0068,4.2725,3.6621,-0.6104
-0.0449,0.0909,1.0043,3.7842,2.8076,-0.3662
-0.0382,0.1455,1.0381,5.4932,1.5869,0.6714
-0.0380,0.0854,0.9875,3.8452,3.4180,-1.9531
-0.0480,0.1239,1.0239,2.3193,2.6855,-1.6479
-0.0295,0.1219,1.0062,5.2490,1.8921,0.5493
-0.0461,0.1113,1.0193,8.9722,1.5259,0.1221
-0.0505,0.1132,1.0088,2.0752,3.9062,-1.8311
-0.0248,0.1235,1.0005,4.2725,3.1128,-1.2207
-0.0521,0.1072,1.0247,6.2256,1.0376,-0.4883
-0.0499,0.1145,1.0070,4.5776,4.1504,-1.8311
-0.0256,0.1221,1.0005,5.5542,3.3569,-0.4883
-0.0465,0.0897,1.0117,4.3945,2.6855,-1.8311
-0.0472,0.1260,1.0220,4.8828,2.4414,-0.7935
-0.0375,0.1099,1.0099,4.6387,1.8921,-0.6104
-0.0488,0.1077,1.0106,5.9204,1.9531,-0.5493
-0.0302,0.1344,1.0011,6.4697,2.3804,0.2441
-0.0322,0.1144,0.9991,10.4370,1.6479,-0.1221
-0.0532,0.1042,1.0161,12.3901,0.7324,-0.0610
-0.0475,0.1189,1.0142,14.0991,1.7090,0.9155
-0.0482,0.0917,0.9993,5.1270,2.5024,0.2441
-0.0558,0.1161,1.0198,0.4883,3.7231,-0.5493
-0.0211,0.1151,0.9821,-0.7935,3.6011,-2.6855
-0.0570,0.0996,1.0204,7.7515,0.1831,0.0610
-0.0643,0.1099,1.0214,6.5918,3.6011,-0.5493
-0.0310,0.1166,1.0010,7.0190,4.6387,-0.1831
-0.0331,0.1052,1.0027,11.7187,3.2349,-0.0610
-0.0439,0.1140,1.0083,19.7754,1.3428,3.7231
-0.0573,0.0964,1.0448,7.8125,2.6855,-0.3662
-0.0367,0.0789,1.0002,-3.8452,4.5776,-0.6104
FIN_VENTANA
Progreso: 4/20
INICIO_VENTANA derecha
-0.0532,0.1058,1.0123,9.3384,3.4180,-0.0610
-0.0336,0.1305,1.0042,9.5825,1.0986,2.0142
-0.0503,0.1237,1.0088,6.2256,1.6479,-0.9766
-0.0563,0.1046,1.0105,1.4648,3.4180,-3.2349
-0.0571,0.0846,1.0155,-1.1597,4.0283,-3.4180
-0.0322,0.1360,1.0015,3.5400,3.8452,-1.2207
-0.0431,0.1143,1.0153,7.1411,0.6104,-0.6104
-0.0560,0.1046,1.0238,4.5776,2.3193,-2.6245
-0.0598,0.0953,1.0171,7.3853,2.4414,-1.0376
-0.0486,0.1093,1.0093,7.6294,3.0518,-1.1597
-0.0411,0.1312,1.0151,4.0283,2.1362,-1.3428
-0.0527,0.1090,1.0050,4.1504,3.4180,-2.0142
-0.0520,0.1306,1.0210,2.0142,2.8076,-2.5024
-0.0422,0.0924,1.0007,1.4038,3.1738,-2.0142
-0.0505,0.1212,1.0046,5.0049,1.0986,-0.6104
-0.0680,0.1163,1.0280,4.7607,2.6245,-1.2207
-0.0299,0.1290,1.0006,5.4932,3.5400,-0.2441
-0.0464,0.1249,1.0081,6.7749,2.1362,0.4883
-0.0569,0.0963,1.0081,5.6763,2.9297,-1.0986
-0.0535,0.1307,1.0266,4.7607,3.4180,0.7935
-0.0466,0.1224,1.0059,1.4038,5.7983,-0.7324
-0.0278,0.1362,0.9993,1.4038,3.7231,-0.8545
-0.0514,0.1226,1.0253,3.4790,1.8921,-1.4038
-0.0593,0.1034,1.0078,6.7139,2.7466,-0.6104
-0.0391,0.1375,1.0078,5.3101,3.9673,-0.5493
-0.0319,0.1262,1.0009,5.1880,3.6621,-0.8545
-0.0437,0.1219,1.0068,7.9956,2.3804,0.1831
-0.0471,0.1215,1.0110,5.9204,2.9907,-0.1831
-0.0461,0.1248,1.0127,5.7983,3.2349,-0.9766
-0.0361,0.1321,1.0034,7.6294,2.8076,-0.4883
-0.0365,0.1313,1.0098,5.1880,1.9531,-1.1597
-0.0598,0.1116,1.0209,3.6621,2.6855,-1.9531
-0.0438,0.1195,1.0056,5.1270,4.0283,-1.3428
-0.0305,0.1266,1.0005,6.8359,3.9062,-0.4883
-0.0483,0.1265,1.0126,3.9062,2.4414,-0.3662
-0.0427,0.1167,1.0135,4.2725,3.7842,-0.4272
-0.0424,0.1074,1.0042,4.6387,2.7466,-0.7324
-0.0428,0.1305,1.0243,4.0894,1.3428,-0.3662
-0.0453,0.1107,1.0096,4.9438,2.7466,-1.0986
-0.0475,0.1212,1.0162,5.4932,2.9907,-0.3662
-0.0302,0.1396,0.9996,7.4463,2.3804,0.5493
-0.0461,0.1146,1.0098,4.5776,3.1128,-2.0142
-0.0458,0.1366,1.0100,5.6763,3.4180,-0.7324
-0.0312,0.1306,0.9971,5.3101,3.4180,-0.6104
-0.0527,0.1062,1.0096,6.2866,2.3193,-0.6714
-0.0420,0.1281,1.0083,5.0659,2.6855,-0.3052
-0.0316,0.1335,0.9969,7.9346,1.7700,0.6714
-0.0493,0.1248,1.0134,3.4180,2.6245,-1.8921
-0.0443,0.1177,1.0095,5.6152,2.1973,0.1831
-0.0424,0.0947,0.9960,3.7231,3.6621,-0.7324
-0.0513,0.1451,1.0137,10.1929,-0.4272,4.4556
-0.0215,0.1592,1.0005,8.5449,2.3193,0.4883
-0.0505,0.1118,1.0142,3.2349,1.2817,-2.5024
-0.0637,0.1201,1.0289,3.7842,1.6479,-0.7324
-0.0349,0.1165,0.9927,5.3711,4.5776,-1.0986
-0.0460,0.1254,1.0131,3.0518,2.4414,-1.4038
-0.0427,0.1261,1.0095,3.6011,2.6855,-1.7700
-0.0353,0.1510,1.0077,6.1035,2.5024,-0.6104
-0.0544,0.0811,1.0006,5.8594,2.5024,-0.6714
-0.0397,0.1498,1.0256,4.6997,2.5635,-0.1221
-0.0381,0.1315,1.0187,3.3569,2.8687,-1.2207
-0.0522,0.1184,1.0114,4.4556,4.2114,-2.5024
-0.0345,0.1284,0.9971,10.0098,2.6855,1.2207
-0.0358,0.1198,0.9976,6.1646,2.0142,-0.1831
-0.0547,0.1359,1.0236,5.0659,3.5400,-0.7324
-0.0254,0.1281,0.9917,8.3008,3.4790,-0.0610
-0.0446,0.1237,1.0134,9.5215,1.5259,-0.3662
-0.0585,0.1113,1.0337,3.1128,2.5024,-1.0986
-0.0370,0.1218,1.0073,4.3335,4.1504,-1.2207
-0.0278,0.1251,1.0006,3.6011,3.0518,-1.2817
-0.0426,0.1310,1.0087,5.3711,1.7090,0.5493
-0.0502,0.1157,1.0131,2.5024,2.8076,-0.9155
-0.0347,0.1381,1.0020,3.9062,3.2349,-1.2817
-0.0378,0.1370,1.0100,6.8970,1.4648,0.0610
-0.0479,0.1139,0.9995,6.4087,2.1973,-1.0376
-0.0393,0.1519,1.0050,6.9580,1.7700,0.7324
-0.0576,0.1257,1.0188,7.0190,1.9531,-0.1831
-0.0494,0.1099,1.0043,3.9673,5.0659,-1.9531
-0.0201,0.1526,1.0011,5.6763,2.4414,0.4883
-0.0382,0.1135,1.0015,7.8125,0.9155,-0.1221
-0.0652,0.1194,1.0360,1.7090,4.3335,-2.0142
-0.0259,0.1588,1.0034,-0.0610,5.3101,-2.2583
-0.0359,0.1212,1.0000,5.7373,4.0894,-0.8545
-0.0454,0.1223,1.0144,5.0049,3.9673,-0.4883
-0.0332,0.1337,1.0483,4.0894,3.4790,2.0142
-0.0298,0.1373,1.0399,5.0659,0.7935,0.8545
-0.0593,0.1252,1.0614,5.5542,0.2441,-0.1221
-0.0015,0.1471,1.0099,7.5073,2.1973,0.7324
-0.0314,0.1133,0.9976,8.3008,1.8311,-0.8545
-0.0557,0.1328,1.0315,5.9814,2.3193,-0.9155
-0.0267,0.1333,1.0005,3.1128,3.6621,-1.0376
-0.0331,0.1118,1.0010,3.6011,2.6855,-1.2207
-0.0538,0.1373,1.0408,5.0049,2.5024,-0.4272
-0.0259,0.1671,1.0267,5.7373,2.2583,0.4883
-0.0249,0.1096,0.9973,2.1973,2.5635,-2.1362
-0.0374,0.1219,1.0070,4.7607,2.3193,-0.8545
-0.0349,0.1317,1.0048,3.6621,1.2207,-0.1831
-0.0389,0.1571,1.0087,2.1362,2.6245,-0.9155
-0.0332,0.1154,0.9933,5.3101,3.9673,-1.7700
-0.0267,0.1593,1.0203,4.9438,1.2817,-0.6714
FIN_VENTANA
Progreso: 5/20
INICIO_VENTANA derecha
-0.0541,0.1425,1.0292,4.3945,1.1597,-1.2817
-0.0332,0.1206,0.9933,4.3945,2.7466,0.4272
-0.0289,0.1599,1.0092,4.6387,1.8311,-0.9766
-0.0334,0.1439,1.0006,1.8311,2.4414,-1.8311
-0.0432,0.1367,1.0140,3.2959,2.1362,-1.1597
-0.0386,0.1409,1.0040,5.7373,2.3804,-0.5493
-0.0208,0.1630,0.9979,8.6060,2.1973,-0.4883
-0.0347,0.1371,1.0015,4.8828,0.6714,-1.5869
-0.0571,0.1526,1.0477,4.6387,0.0610,-0.3662
-0.0459,0.1144,1.0035,7.3242,2.3804,-0.3052
-0.0387,0.1475,1.0007,7.2021,2.8076,-0.3662
-0.0424,0.1359,1.0007,5.6763,2.1973,-0.9766
-0.0297,0.1497,1.0044,6.4087,3.1738,-0.7935
-0.0342,0.1451,0.9985,6.8970,1.2817,0.3662
-0.0481,0.1459,1.0109,5.6152,2.9907,-1.2207
-0.0243,0.1375,0.9978,9.5215,2.0142,0.8545
-0.0483,0.1355,1.0132,3.8452,1.7090,-0.4272
-0.0498,0.1473,1.0206,3.1128,2.9297,-0.9766
-0.0243,0.1414,0.9933,2.8687,4.1504,-1.9531
-0.0400,0.1417,1.0083,4.2114,1.7700,-1.3428
-0.0449,0.1337,0.9971,7.3853,2.9297,-0.8545
-0.0403,0.1436,1.0010,6.5918,2.3193,-0.5493
-0.0460,0.1406,1.0040,3.2959,2.8687,-1.9531
-0.0298,0.1465,0.9972,5.2490,2.8687,-0.9766
-0.0461,0.1249,1.0079,3.8452,3.2349,-1.6479
-0.0461,0.1482,1.0149,5.6763,2.8076,0.0000
-0.0210,0.1724,0.9951,9.3994,2.5024,1.8921
-0.0416,0.1437,1.0004,5.2490,2.6855,-1.6479
-0.0498,0.1460,1.0289,1.1597,2.6855,-2.8687
-0.0314,0.1260,0.9929,5.9814,2.7466,0.1221
-0.0454,0.1526,1.0304,5.7373,1.5869,0.3052
-0.0311,0.1610,1.0178,3.9062,2.9297,-0.5493
-0.0306,0.1278,0.9934,6.5918,2.8076,-1.5869
-0.0535,0.1294,1.0206,5.8594,2.5635,-0.7935
-0.0289,0.1462,0.9888,4.0894,4.2114,-0.2441
-0.0189,0.1692,0.9994,5.6152,1.4038,0.7324
-0.0552,0.1144,1.0149,7.3242,1.5259,-1.4648
-0.0463,0.1328,1.0090,4.5166,3.7842,-1.4038
-0.0198,0.1647,0.9984,7.5684,2.2583,-0.5493
-0.0375,0.1235,0.9978,5.7983,2.2583,-1.6479
-0.0469,0.1477,1.0166,8.4229,1.0986,1.4648
-0.0376,0.1580,1.0049,10.1929,2.1973,0.1221
-0.0348,0.1392,0.9943,7.9346,2.6245,-1.7700
-0.0348,0.1528,0.9969,11.3525,-0.4883,-1.5259
-0.0500,0.1201,1.0234,1.5869,1.0986,-2.1973
-0.0613,0.1416,1.0286,5.7983,1.7090,1.0376
-0.0389,0.0844,0.9644,2.3804,5.1880,-1.2207
-0.0223,0.1968,1.0765,7.0190,-1.4648,1.5259
-0.0521,0.0875,1.0178,10.9863,0.1221,-0.1831
-0.0636,0.1205,1.0504,7.8125,1.5869,0.6104
-0.0376,0.1364,1.0135,3.9062,3.9673,0.4272
-0.0255,0.1479,1.0004,1.6479,4.2725,-3.8452
-0.0586,0.1108,1.0222,2.8687,3.1738,-3.1128
-0.0443,0.1392,1.0010,9.3994,3.6011,1.3428
-0.0238,0.1521,1.0000,6.6528,3.4790,0.0000
-0.0457,0.1375,1.0118,7.3242,2.3804,-0.2441
-0.0416,0.1278,1.0005,5.7983,4.0894,-1.1597
-0.0256,0.1604,1.0060,5.0659,3.1738,-1.5259
-0.0538,0.1028,0.9956,6.2256,3.1128,-0.1831
-0.0354,0.1503,1.0009,5.9814,4.1504,0.3662
-0.0135,0.1495,0.9956,5.0049,2.8687,-0.8545
-0.0388,0.1127,1.0000,10.2539,1.4038,-0.5493
-0.0709,0.1337,1.0330,12.3291,0.7935,1.2207
-0.0464,0.1215,0.9902,1.6479,7.8125,-2.3193
-0.0077,0.1177,0.9799,-0.5493,5.1270,-2.9297
-0.0326,0.1730,1.1044,9.9487,-4.8828,1.4648
-0.0549,0.1038,1.0081,8.0566,1.7090,-1.6479
-0.0425,0.1156,1.0093,2.9907,4.3945,-3.5400
-0.0170,0.1295,0.9398,10.8032,1.5259,-0.3052
-0.0322,0.1539,0.9802,3.2349,5.1270,-4.3335
-0.0458,0.1552,1.0214,9.5215,0.4883,-1.1597
-0.0571,0.1272,0.9927,7.2632,5.3711,-3.1128
-0.0317,0.1429,0.9980,1.3428,-0.0610,-3.3569
-0.0492,0.0909,1.0298,21.6675,-4.1504,-0.1221
-0.0580,0.1118,1.0288,18.7378,1.8921,-1.5869
-0.0422,0.1012,1.0361,12.8784,0.4272,-1.8311
-0.0477,0.1227,0.9957,18.0664,2.9907,-3.2349
-0.0353,0.0845,1.1178,-2.5635,7.1411,-5.3711
-0.0273,0.0581,1.0477,-8.6670,0.4883,-5.7983
-0.0426,0.0957,1.0250,-8.6060,5.4932,5.7373
-0.0544,0.1344,0.9934,-2.3193,9.3384,3.2349
-0.0192,0.1853,1.0004,-6.5918,9.0332,0.8545
-0.0216,0.1254,1.0043,-8.0566,6.3477,-2.9297
-0.0184,0.1118,0.9834,-5.6152,4.0283,-1.1597
-0.0350,0.1317,1.0007,4.7607,-0.8545,0.3662
-0.0432,0.1439,1.0122,9.5825,-1.0986,1.5259
-0.0215,0.1648,1.0027,21.3013,-3.1738,3.5400
-0.0425,0.1075,1.0016,2.5024,2.0142,-2.3193
-0.0667,0.1265,1.0452,0.0610,1.8311,0.9766
-0.0319,0.1283,1.0005,-1.7090,6.1035,0.1221
-0.0133,0.1504,0.9878,2.3804,3.4790,-0.4883
-0.0364,0.1707,1.0095,13.0005,-0.6104,0.6104
-0.0541,0.0970,1.0094,3.7842,4.2725,-4.4556
-0.0415,0.0956,1.0280,10.4370,2.0142,6.8359
-0.0437,0.1531,1.0177,25.6348,-0.6714,9.1553
-0.0503,0.1544,1.0344,14.3433,4.0894,2.1362
-0.0393,0.1261,1.0126,-1.5259,7.9956,-4.2114
-0.0125,0.0739,0.9706,-13.1836,10.0098,-6.6528
-0.0320,0.1827,0.9729,-5.0049,5.9204,2.3804
-0.0492,0.1493,1.0645,8.8501,-0.3052,0.7935
FIN_VENTANA
Progreso: 6/20
INICIO_VENTANA derecha
-0.0455,0.1707,0.9984,6.4697,2.2583,-2.4414
-0.0460,0.1698,1.0039,9.7046,-2.0752,-0.3052
-0.0424,0.1722,0.9994,8.1177,0.6714,-1.2817
-0.0524,0.2107,1.0179,-2.1362,2.0752,-4.3335
-0.0399,0.1619,0.9911,0.3052,3.8452,-4.9438
-0.0358,0.1614,0.9589,10.1318,3.5400,0.0610
-0.0579,0.1820,1.0129,7.5684,2.2583,-1.8311
-0.0254,0.1647,0.9897,4.1504,2.3804,-1.7090
-0.0477,0.1642,0.9960,8.5449,-0.1221,-1.8311
-0.0590,0.1807,1.0281,12.6343,-0.1831,-1.4038
-0.0358,0.1360,0.9877,4.6997,3.9673,-3.1738
-0.0472,0.1774,1.0072,6.8359,1.3428,0.5493
-0.0328,0.1718,0.9843,0.0000,6.5308,-3.6621
-0.0472,0.1780,1.0352,2.5635,4.5166,-1.8921
-0.0527,0.1903,1.0077,0.4883,8.0566,-3.8452
-0.0330,0.1935,1.0005,-6.2866,8.3008,-7.8125
-0.0283,0.1285,0.9669,-9.7046,8.3008,-4.4556
-0.0251,0.2280,0.9987,-0.4883,4.0283,-0.4883
-0.0192,0.1819,0.9655,3.7842,4.4556,-1.4038
-0.0325,0.2208,0.9928,9.9487,0.4883,1.7090
-0.0360,0.2347,1.0052,11.1084,0.0000,-0.5493
-0.0280,0.1493,0.9796,-1.2207,4.3945,-3.3569
-0.0439,0.1775,0.9994,1.5259,2.8687,1.2817
-0.0262,0.2019,1.0052,4.3335,4.7607,-0.3052
-0.0380,0.2416,1.0204,3.6011,1.2207,2.2583
-0.0255,0.2037,0.9818,1.0376,4.3335,-3.7842
-0.0287,0.1907,0.9895,-4.5166,1.7090,-2.7466
-0.0284,0.2137,1.0007,1.2207,0.7324,-1.1597
-0.0254,0.1954,0.9766,15.0757,-1.4648,5.8594
-0.0575,0.1793,1.0365,22.3999,-3.8452,5.8594
-0.0348,0.2123,1.0183,12.1460,2.4414,-15.1978
-0.0245,0.1993,1.0112,10.6812,0.5493,-0.8545
-0.0637,0.1655,1.0155,4.2725,4.5776,-2.6855
-0.0294,0.1838,0.9877,7.0801,5.8594,1.2207
-0.0271,0.1941,0.9932,10.3760,3.7231,2.5024
-0.0311,0.2162,1.0024,3.6011,5.3711,-0.9766
-0.0444,0.1586,1.0028,1.6479,5.6152,-2.2583
-0.0251,0.1772,0.9537,0.0610,8.6060,-3.2959
-0.0309,0.1901,0.9768,2.2583,4.9438,0.0610
-0.0287,0.1716,0.9850,-1.2207,8.4229,-0.9766
-0.0361,0.1755,1.0095,2.0142,3.7231,2.8687
-0.0248,0.1863,1.0134,-3.9673,4.3945,2.8687
-0.0302,0.2616,1.0211,4.6387,2.0752,8.3008
-0.0209,0.2137,0.9924,0.9766,3.7842,0.0610
-0.0067,0.2178,0.9620,-1.4038,3.6621,-2.8076
-0.0242,0.1786,0.9906,7.6294,0.7324,-2.0142
-0.0258,0.2383,0.9926,16.6016,-0.2441,2.4414
-0.0361,0.2200,1.0028,9.2163,3.3569,-2.1362
-0.0295,0.2267,1.0022,7.5073,4.7607,-3.8452
-0.0269,0.1453,0.9895,3.2349,6.1035,-5.6763
-0.0295,0.1914,1.0020,5.7373,4.0894,-0.4883
-0.0074,0.1938,0.9583,2.8076,4.5776,-0.0610
-0.0160,0.2261,0.9875,1.1597,4.2114,-2.8076
-0.0288,0.1974,0.9977,4.0283,4.5166,-1.9531
-0.0126,0.1870,0.9701,6.1035,4.1504,0.2441
-0.0234,0.1888,0.9955,6.9580,0.1221,1.3428
-0.0432,0.2361,1.0183,13.1226,0.3052,1.6479
-0.0060,0.2209,1.0024,10.3149,4.5166,-2.4414
-0.0347,0.1517,0.9988,14.3433,1.6479,-0.8545
-0.0421,0.2029,1.0294,13.4277,1.6479,1.4648
-0.0250,0.1879,1.0098,2.3193,6.3477,-1.6479
-0.0070,0.1797,0.9927,1.5869,5.7373,-1.9531
-0.0112,0.2074,0.9934,3.4180,4.3335,2.6245
-0.0187,0.1929,0.9825,2.6855,4.5776,0.3662
-0.0090,0.2043,0.9984,-2.5024,5.7373,-2.7466
-0.0216,0.1801,1.0002,2.8687,3.4180,0.7935
-0.0178,0.1855,0.9935,8.8501,1.7700,1.3428
-0.0276,0.2186,1.0071,17.0288,0.6104,3.1128
-0.0060,0.2263,1.0006,13.5498,2.1973,-0.5493
-0.0082,0.2036,0.9823,3.4790,4.0894,-1.7700
-0.0316,0.1699,1.0116,1.2207,3.5400,-2.0752
-0.0156,0.1840,0.9988,-0.3052,5.1880,-1.3428
0.0017,0.2262,0.9961,3.1128,2.6855,-2.0142
-0.0236,0.2115,0.9994,1.7090,3.6011,-3.6621
-0.0138,0.1682,0.9917,-2.5635,4.9438,-4.3335
-0.0155,0.1799,0.9910,3.1128,3.0518,0.9155
-0.0144,0.2350,1.0027,3.3569,3.2349,0.1831
0.0044,0.2000,0.9777,4.7607,3.0518,-1.5869
-0.0266,0.2070,1.0084,9.8267,0.6104,1.2817
-0.0092,0.2103,0.9830,7.6294,3.1738,-0.5493
-0.0051,0.2002,0.9860,-0.0610,4.0894,-3.2959
-0.0142,0.2150,1.0005,2.3193,3.6621,-2.5635
-0.0017,0.1754,0.9747,3.1738,3.2959,-1.4648
-0.0100,0.2202,0.9991,3.7231,0.8545,1.5869
-0.0186,0.2279,0.9955,4.3335,1.7700,0.6714
-0.0115,0.2136,0.9923,7.0801,2.8076,-1.5259
-0.0087,0.2328,1.0038,3.2959,1.7700,-0.3052
-0.0219,0.2158,1.0006,5.2490,3.6621,-0.3052
-0.0105,0.1882,0.9836,9.0332,3.2349,1.0376
-0.0084,0.2551,0.9893,9.3384,2.9907,0.8545
-0.0087,0.1927,0.9760,8.2397,3.3569,-2.9297
0.0004,0.1859,0.9850,5.7983,2.5024,-1.8311
-0.0189,0.2498,1.0009,7.1411,1.2817,3.4790
-0.0133,0.2102,0.9854,5.1270,3.8452,-1.0986
-0.0095,0.2379,1.0001,6.4697,2.8687,-1.8311
-0.0138,0.1844,1.0010,-1.7090,4.6387,-5.2490
-0.0139,0.2051,0.9949,1.0376,2.9907,-1.2817
-0.0090,0.1841,0.9917,2.1362,3.2349,-0.3662
-0.0131,0.2461,1.0118,6.4697,1.7090,1.7700
0.0023,0.2100,0.9923,4.1504,2.8076,-1.2817
FIN_VENTANA
Progreso: 7/20
INICIO_VENTANA derecha
-0.0135,0.2169,0.9835,5.0659,3.2349,-1.8311
0.0060,0.2334,0.9854,3.1128,3.9673,-1.9531
-0.0150,0.2059,0.9999,1.5259,3.0518,-2.0752
-0.0118,0.2136,0.9958,4.8218,3.2959,-0.5493
0.0178,0.2240,0.9702,4.6387,2.9297,-1.1597
-0.0144,0.2313,1.0037,8.3618,-0.6104,1.4038
-0.0133,0.1765,0.9761,4.3335,4.3335,-3.2349
0.0022,0.2632,1.0132,6.7749,1.0376,1.8311
-0.0084,0.1847,0.9812,5.0659,3.5400,-1.5869
-0.0077,0.2476,1.0002,7.9956,3.2349,0.1831
-0.0028,0.2273,0.9851,4.0283,4.2114,-0.7935
-0.0016,0.2035,0.9757,1.7090,5.6763,-2.5024
0.0079,0.2319,0.9860,6.8970,3.2349,-0.1221
-0.0051,0.2048,0.9764,7.4463,1.8921,-0.5493
-0.0083,0.2135,0.9918,9.3994,1.0376,0.9766
-0.0094,0.2358,1.0013,7.3853,1.3428,-0.4272
-0.0115,0.2101,0.9966,6.2866,3.0518,-1.4648
-0.0052,0.2236,1.0004,4.2114,2.9297,-0.7324
0.0105,0.2065,0.9736,2.8076,3.4790,-1.0376
-0.0204,0.2041,0.9899,4.7607,2.7466,0.1831
-0.0002,0.2269,0.9851,7.0190,1.9531,1.2207
-0.0013,0.2363,0.9933,7.4463,1.7700,1.3428
-0.0055,0.2194,0.9802,4.0283,2.3804,0.6714
-0.0123,0.2361,0.9932,3.8452,3.1128,-0.8545
-0.0067,0.2135,0.9819,4.8218,3.6621,-2.1973
0.0001,0.2140,0.9777,4.8218,3.9062,-1.7700
0.0015,0.2150,0.9751,7.2021,1.0376,-0.1221
-0.0167,0.2124,0.9951,8.3008,0.4883,-0.6714
-0.0065,0.2474,0.9956,7.8125,0.8545,0.0000
-0.0023,0.2289,0.9852,3.2349,4.5166,-2.6245
-0.0089,0.1993,0.9746,3.0518,2.8687,-0.9766
-0.0210,0.2429,1.0106,4.8828,2.9907,-14.6484
0.0095,0.2069,0.9659,3.0518,3.4180,-0.3662
-0.0200,0.2292,1.0092,8.5449,1.0376,0.0000
0.0038,0.2269,0.9874,9.3384,1.8311,0.6104
-0.0060,0.2089,0.9785,5.9204,1.5259,1.8921
-0.0170,0.2112,0.9896,4.2725,2.2583,0.6104
0.0002,0.2594,0.9952,8.5449,0.5493,2.5024
-0.0139,0.2021,1.0010,1.4038,3.6621,-3.7842
-0.0347,0.2336,1.0095,1.0376,3.4790,-0.6714
0.0233,0.2228,0.9558,5.1270,4.3945,-0.5493
0.0015,0.2361,0.9836,6.2256,0.3052,0.3662
-0.0359,0.2247,1.0126,2.0752,2.3804,-2.1362
-0.0098,0.2037,0.9825,4.5776,4.0283,-1.5259
-0.0033,0.2100,0.9729,10.3760,1.5869,2.1362
0.0060,0.2490,0.9819,19.7754,-1.5869,4.8218
-0.0250,0.2014,1.0085,10.2539,0.0610,-0.3662
-0.0348,0.2186,1.0215,1.2817,3.0518,-1.0986
0.0056,0.2155,0.9772,-3.0518,5.2490,-3.6621
-0.0128,0.2139,0.9832,-0.1831,3.5400,-1.9531
-0.0271,0.2119,0.9985,3.1128,4.2114,-1.7090
-0.0016,0.2417,0.9756,5.1270,4.5776,-1.2207
-0.0093,0.2224,0.9922,0.7324,2.9907,-1.8921
-0.0182,0.2115,0.9910,1.7700,3.6011,-1.5869
0.0001,0.2222,0.9816,8.9722,2.0752,-0.7324
0.0020,0.2269,0.9810,11.0474,0.1221,-0.2441
-0.0193,0.2491,1.0052,3.7842,1.4648,-1.7700
-0.0212,0.1942,0.9877,0.7324,4.7607,-1.6479
-0.0028,0.2328,0.9897,-0.9155,3.6621,-0.4883
0.0026,0.2542,0.9982,1.7090,2.5024,-2.1973
-0.0198,0.2065,0.9884,-0.1831,3.5400,-3.8452
-0.0029,0.2584,0.9821,2.9297,3.2959,-2.0142
0.0114,0.2360,0.9430,1.6479,5.4321,-2.7466
-0.0084,0.2366,0.9915,1.7700,1.5869,-0.9155
-0.0168,0.2316,0.9856,6.4697,2.3193,0.7935
-0.0031,0.2540,0.9772,8.0566,2.0752,-0.1221
-0.0111,0.2419,0.9932,4.5776,3.2349,-1.8311
0.0101,0.2460,0.9615,4.8828,4.0283,-1.6479
-0.0057,0.2281,0.9720,7.4463,1.1597,-0.9155
-0.0298,0.2555,1.0234,7.8125,0.7324,-0.0610
0.0114,0.2400,0.9701,3.4180,3.6011,-1.8921
-0.0118,0.2264,0.9919,3.9062,1.7090,-0.9155
-0.0267,0.2501,0.9977,5.3101,3.5400,-0.9155
0.0183,0.2671,0.9756,3.9673,3.7842,-0.6104
-0.0114,0.2153,0.9897,4.0894,2.3804,-1.8311
-0.0121,0.2628,1.0093,5.1270,1.8921,-0.3052
-0.0015,0.2192,0.9729,3.7231,3.1128,-1.5259
-0.0061,0.2805,0.9907,6.7749,2.7466,0.1221
0.0017,0.2562,0.9794,9.7046,2.1362,-0.1221
-0.0146,0.2369,1.0017,4.4556,2.5024,-1.4648
-0.0133,0.2191,0.9893,2.0752,4.6387,-2.0142
0.0145,0.2701,0.9746,5.0659,3.7231,0.6714
-0.0084,0.2444,0.9825,4.8828,2.8076,-1.5869
-0.0177,0.2281,0.9961,4.3945,3.3569,-0.9155
0.0126,0.2203,0.9580,3.1128,4.5776,-2.3804
-0.0127,0.2520,0.9995,5.3711,1.5259,1.9531
0.0032,0.2471,0.9651,6.8359,3.6621,0.7935
0.0153,0.2426,0.9612,9.0332,2.0142,0.0610
-0.0229,0.2438,1.0099,7.9346,0.0610,-0.4883
-0.0166,0.2314,0.9932,4.8218,3.4790,-1.3428
0.0139,0.2474,0.9684,4.3945,3.9062,-2.0142
0.0000,0.2380,0.9862,3.3569,3.1128,-0.7935
-0.0123,0.2384,0.9880,6.7749,3.4180,0.9766
-0.0037,0.2683,0.9896,9.5825,3.9673,0.1831
0.0199,0.2408,0.9562,9.0332,4.0283,-1.0376
0.0005,0.2341,0.9797,2.5635,2.7466,-1.7700
-0.0201,0.2263,0.9952,4.2114,2.8687,-0.0610
-0.0034,0.2395,0.9836,5.6763,4.3335,-0.6104
0.0232,0.2476,0.9658,7.9346,1.9531,-0.4883
-0.0153,0.2408,1.0020,6.4697,0.9155,-1.3428
FIN_VENTANA
Progreso: 8/20
INICIO_VENTANA derecha
0.0433,0.2322,0.9442,4.2114,5.1270,-0.4272
0.0236,0.2544,0.9779,8.6060,0.7324,0.0000
0.0199,0.2322,0.9744,5.9204,-0.9155,-1.4038
-0.0107,0.2222,1.0255,1.8311,-1.0986,-4.2114
0.0187,0.2134,0.9753,3.6621,3.1738,-3.1738
0.0239,0.2474,0.9958,8.8501,-0.5493,-1.5259
0.0066,0.2211,0.9685,9.7046,0.2441,2.6245
-0.0007,0.2502,0.9829,4.8218,0.7324,-0.1831
0.0070,0.2258,0.9883,6.1646,1.2817,-0.7324
0.0103,0.1953,0.9935,6.4087,1.0986,-1.8311
0.0123,0.1812,0.9805,12.2681,-0.1221,1.4038
-0.0103,0.2457,1.0272,11.8408,-1.6479,3.2349
-0.0096,0.2264,0.9969,3.5400,3.1128,-1.5869
0.0293,0.2109,0.9642,6.8970,2.0752,-0.9766
-0.0018,0.2240,1.0120,8.9111,-0.4272,0.4883
-0.0114,0.2185,1.0088,5.7373,2.2583,-1.4648
0.0066,0.2083,0.9955,3.6621,3.7842,-2.4414
0.0106,0.2289,1.0007,5.4321,2.0142,-0.3052
-0.0032,0.2098,0.9991,3.1128,2.9297,-1.6479
0.0128,0.2275,0.9794,5.9204,3.0518,-0.6714
0.0076,0.2141,0.9912,6.4087,2.0752,0.2441
0.0049,0.2340,1.0009,4.0283,2.8687,-1.6479
0.0144,0.2317,0.9844,6.2256,2.3804,-0.6104
0.0000,0.2106,0.9894,6.3477,2.7466,-1.9531
0.0068,0.2242,1.0160,3.0518,2.6855,-2.0752
0.0100,0.2034,0.9862,2.9907,2.3804,-2.0752
-0.0061,0.1967,1.0004,5.0049,2.3193,-0.3662
0.0073,0.2419,0.9913,7.0801,2.1973,1.4648
0.0140,0.2284,0.9750,5.1880,3.7231,-2.1362
0.0059,0.2244,0.9868,5.4321,3.6621,-1.6479
0.0155,0.2155,0.9749,3.4790,3.1738,-1.8311
-0.0002,0.2214,1.0016,4.4556,1.0986,-1.4038
-0.0062,0.2246,1.0005,5.8594,2.6245,-1.1597
0.0228,0.2168,0.9696,4.0283,2.1973,-2.1362
-0.0004,0.2006,0.9993,6.2866,1.0376,-1.1597
-0.0004,0.2308,1.0012,7.6904,1.4038,0.8545
0.0232,0.2303,0.9716,5.3711,2.6855,0.1221
-0.0031,0.2256,1.0070,6.1035,1.0986,-0.7324
-0.0089,0.2059,0.9945,3.9062,3.1738,-1.8311
0.0040,0.2256,1.0073,4.8828,3.9062,-0.8545
0.0215,0.2233,0.9740,4.6387,4.4556,-0.1831
0.0094,0.2408,0.9973,3.1738,3.1738,0.7324
0.0096,0.2219,0.9811,4.0283,3.4790,-1.7700
0.0099,0.2245,1.0057,2.0752,2.0142,-2.5024
0.0093,0.2146,0.9966,4.5776,1.7090,-0.4272
0.0022,0.2219,0.9825,4.7607,2.1362,-0.4272
0.0118,0.2394,0.9875,5.3101,3.2349,-0.6714
0.0078,0.2350,0.9944,6.2866,1.5259,-0.1831
0.0087,0.2292,0.9891,6.0425,2.3804,0.0610
0.0109,0.2322,0.9882,3.7842,3.4790,-1.7090
0.0096,0.2382,0.9866,3.7231,3.2349,-1.0376
0.0200,0.2228,0.9662,4.2114,3.7231,-1.7090
0.0092,0.2369,0.9827,4.2725,1.0986,-0.7935
-0.0035,0.2388,1.0048,3.4790,1.8311,-1.3428
0.0051,0.2250,0.9957,3.7231,3.4790,-1.7090
0.0142,0.2365,1.0006,7.9956,3.7842,-1.1597
0.0007,0.2355,0.9973,8.9722,2.3804,0.4883
0.0115,0.2397,0.9780,4.8218,5.1880,-0.4883
0.0305,0.2242,0.9677,8.6060,3.4790,-1.3428
-0.0007,0.2385,1.0005,10.4370,1.2207,1.2207
0.0022,0.2123,0.9734,2.9297,5.1880,-1.5869
0.0302,0.2433,0.9784,7.2632,3.7842,-1.4648
0.0195,0.2316,0.9772,6.2866,6.2256,-3.6011
0.0237,0.2412,0.9908,4.3945,3.2959,0.9155
0.0065,0.2145,0.9845,-0.4272,3.2959,-0.3052
0.0089,0.2529,0.9818,4.2114,1.9531,-0.2441
0.0325,0.2197,0.9760,3.6011,2.0752,-2.0752
0.0122,0.2308,0.9928,5.1270,-0.2441,-0.0610
-0.0038,0.2350,0.9926,6.2866,0.6104,-1.0376
0.0184,0.2452,0.9686,6.1646,3.1738,-0.9766
0.0273,0.2327,0.9645,7.2021,2.0752,-1.2207
-0.0016,0.2267,0.9879,6.5308,1.4038,-0.7324
0.0116,0.2208,0.9602,4.6387,3.9062,-1.1597
0.0170,0.2483,0.9812,4.3335,2.3193,0.6714
0.0076,0.2200,0.9906,3.5400,2.0752,-1.7090
0.0198,0.2468,0.9869,6.1035,0.4272,-0.4272
0.0026,0.2179,0.9921,5.8594,-0.4272,0.1831
-0.0177,0.2263,1.0133,4.7607,3.6011,-0.5493
0.0409,0.2645,0.9668,5.1270,4.3335,-0.4883
0.0205,0.2306,0.9740,5.1270,1.4038,-1.8311
-0.0203,0.2203,1.0067,3.9062,1.8921,-2.3193
0.0072,0.2507,0.9871,3.6011,4.8828,-1.3428
0.0326,0.2502,0.9646,7.6294,5.7373,0.0610
0.0116,0.2349,0.9835,4.5776,4.4556,-1.5259
0.0319,0.2462,0.9725,2.9297,1.8311,-2.5024
-0.0012,0.2294,1.0016,3.6621,1.7090,-3.7231
0.0015,0.2208,0.9882,2.6855,3.1738,-2.1973
0.0399,0.2345,0.9474,3.9673,3.6621,-0.6714
0.0093,0.2361,0.9945,7.4463,0.1221,0.9766
-0.0103,0.2275,0.9988,6.7749,1.5869,0.2441
0.0280,0.2694,0.9893,6.1646,1.6479,0.5493
0.0154,0.2242,0.9742,6.2256,0.6104,-0.7324
0.0051,0.2438,0.9933,5.9204,1.4648,-0.6104
0.0100,0.2333,0.9772,10.7422,1.7700,-0.9766
-0.0031,0.2021,0.9916,10.5591,2.4414,0.0000
0.0164,0.2699,0.9821,7.0801,3.1128,3.6621
0.0085,0.2159,0.9718,4.3945,4.2114,0.4883
-0.0018,0.2538,1.0007,2.5635,3.6011,-0.6104
0.0254,0.2222,0.9651,4.3945,2.1973,-0.6714
0.0167,0.2336,0.9778,8.1177,-4.0894,3.1738
FIN_VENTANA
Progreso: 9/20
INICIO_VENTANA derecha
0.0010,0.2411,0.9884,6.8359,3.8452,3.1128
0.0159,0.2460,0.9702,6.3477,3.9062,0.7324
0.0114,0.2151,0.9744,8.9722,2.1973,0.3052
0.0072,0.2491,0.9888,9.7046,0.8545,1.6479
0.0006,0.2263,0.9934,7.3242,2.1362,0.3662
-0.0106,0.1812,0.9641,6.5918,1.2817,2.3804
0.0128,0.2418,0.9663,4.0894,5.0659,-0.6714
0.0066,0.2455,0.9934,7.6294,1.7700,0.7935
-0.0024,0.2208,0.9883,4.7607,3.9062,-1.7700
0.0173,0.2361,0.9757,5.1270,3.4790,-0.4883
0.0016,0.2328,0.9884,5.1270,1.1597,-0.3052
-0.0139,0.2230,1.0006,4.3335,3.2349,-1.2817
0.0297,0.2417,0.9603,4.9438,2.0142,-0.3052
-0.0073,0.2307,1.0018,4.0894,0.0000,0.2441
-0.0245,0.2280,1.0061,3.3569,3.1738,-1.7700
0.0238,0.2344,0.9642,4.0283,4.2114,-0.3662
0.0126,0.2419,0.9700,4.4556,2.7466,-0.0610
-0.0045,0.2244,0.9839,4.2725,2.8687,-0.6714
0.0142,0.2480,0.9733,6.5918,1.7700,0.1221
0.0031,0.2379,0.9779,10.9863,0.2441,-0.5493
-0.0090,0.2203,1.0105,8.0566,0.4883,1.2207
-0.0020,0.2218,0.9896,1.5259,3.2349,-0.9766
0.0004,0.2288,0.9822,3.6011,2.5024,0.3662
0.0006,0.2544,0.9856,6.1035,2.7466,0.3052
0.0105,0.2275,0.9630,7.6904,3.0518,-0.9766
-0.0178,0.2196,1.0007,5.6152,2.1362,-0.2441
-0.0033,0.2700,0.9967,3.1128,3.1738,0.6104
0.0090,0.2278,0.9663,4.8218,4.6997,-1.4648
0.0006,0.2234,0.9849,5.9204,2.7466,-0.4272
0.0066,0.2432,0.9850,9.3994,1.4038,1.2207
-0.0043,0.2286,0.9974,8.5449,0.7935,-0.8545
-0.0231,0.2137,1.0052,4.0894,2.3193,-0.3662
0.0176,0.2477,0.9729,4.2114,3.9673,-0.3662
-0.0059,0.2340,1.0004,5.9204,0.4883,0.2441
-0.0337,0.2092,1.0044,4.7607,3.7231,-1.7090
0.0177,0.2538,0.9708,4.6387,4.7607,-0.7935
0.0260,0.2147,0.9561,3.9673,3.2349,-1.5869
-0.0153,0.2402,1.0007,9.2773,0.7935,0.9766
0.0043,0.2351,0.9714,10.3149,3.1128,-0.1831
0.0079,0.2194,0.9680,8.6670,1.3428,-1.0986
-0.0149,0.2428,1.0144,3.3569,0.2441,0.4272
-0.0032,0.2469,0.9966,1.3428,3.0518,-1.4648
0.0194,0.2209,0.9520,4.7607,3.2959,-1.0376
-0.0186,0.2239,1.0000,6.9580,1.4038,0.3052
-0.0220,0.2220,0.9984,3.7231,3.7231,-0.2441
0.0220,0.2523,0.9689,5.3101,3.7842,0.0000
0.0044,0.2301,0.9821,6.3477,1.2207,-0.5493
-0.0160,0.1978,0.9858,4.5776,3.4180,-0.6104
0.0135,0.2579,0.9753,3.2349,3.1128,0.2441
-0.0027,0.2423,0.9883,4.8218,2.0142,-0.7324
-0.0170,0.1956,0.9865,3.5400,3.6621,-2.0142
0.0087,0.2676,0.9868,2.4414,2.9907,0.1221
0.0001,0.2333,0.9808,4.7607,3.3569,-1.3428
-0.0228,0.2234,1.0018,5.1880,2.8687,-1.6479
0.0110,0.2417,0.9751,6.8359,3.1128,-0.9155
-0.0002,0.2518,0.9985,3.4180,3.1128,-0.2441
-0.0032,0.2213,0.9727,5.5542,3.6621,-1.2817
0.0034,0.2335,0.9911,4.5776,2.9297,-0.7324
0.0006,0.2352,0.9847,4.1504,1.5259,-0.2441
-0.0065,0.2438,0.9921,5.5542,2.5635,0.0610
0.0095,0.2299,0.9785,10.3760,2.8687,-1.1597
-0.0145,0.2380,1.0023,4.1504,1.5869,0.0610
-0.0018,0.2450,0.9895,3.5400,3.1738,-1.4648
0.0032,0.2271,0.9734,6.8970,2.8076,-0.8545
-0.0037,0.2393,0.9834,5.1270,3.3569,-0.8545
0.0092,0.2404,0.9663,4.1504,3.6621,-0.6104
-0.0043,0.2418,0.9937,5.3101,2.8687,-1.5259
-0.0060,0.2230,0.9851,6.8970,2.9297,-2.0142
0.0090,0.2313,0.9856,6.1646,2.4414,-2.3193
-0.0094,0.2036,0.9968,5.4932,0.4883,-1.4038
-0.0139,0.2506,1.0035,2.8687,2.2583,0.7935
0.0143,0.2346,0.9644,2.2583,4.0283,-0.9155
-0.0005,0.2490,0.9895,4.7607,2.8687,-0.5493
-0.0005,0.2255,0.9769,7.2021,3.6621,0.5493
0.0020,0.2509,0.9863,4.3945,2.3804,-0.1831
-0.0095,0.2308,0.9941,6.6528,2.5635,-0.8545
-0.0140,0.1836,1.0000,10.3760,3.7842,0.3052
0.0109,0.2662,0.9847,10.9253,3.6011,3.9062
0.0187,0.2312,0.9446,5.9204,4.5166,0.9766
-0.0135,0.2562,0.9951,5.3101,2.0752,1.6479
0.0038,0.2303,0.9626,2.9297,4.0283,-0.5493
0.0060,0.2456,0.9785,0.9766,3.3569,-2.8076
0.0004,0.2267,0.9890,2.1362,1.4648,-2.1973
-0.0031,0.2516,0.9927,6.9580,1.7090,0.0000
0.0137,0.2416,0.9670,7.8125,2.1973,-1.0986
0.0006,0.2239,0.9742,8.5449,0.4883,-0.5493
-0.0055,0.2451,1.0018,7.1411,-2.3193,0.7935
-0.0151,0.2429,1.0070,7.3853,-2.0142,-1.4648
-0.0123,0.2109,0.9891,4.2725,2.0142,-1.7700
0.0146,0.2471,0.9708,1.8921,0.9155,-1.8921
-0.0211,0.2229,1.0006,6.6528,-0.1221,-1.1597
-0.0273,0.2434,1.0172,5.9204,1.0376,0.5493
0.0134,0.2798,1.0209,11.1694,-0.6104,4.7607
-0.0088,0.2231,1.0017,4.3945,1.6479,-1.8311
-0.0078,0.2384,0.9883,7.8735,1.7700,-0.6714
-0.0137,0.2191,0.9948,5.8594,1.6479,-0.4883
-0.0132,0.2280,0.9841,2.1973,3.1128,-1.2817
0.0033,0.2294,0.9681,5.9814,3.8452,-2.0142
-0.0150,0.2339,0.9869,8.1787,2.0142,0.2441
-0.0206,0.2292,0.9974,5.2490,3.7842,-0.9155
FIN_VENTANA
Progreso: 10/20
INICIO_VENTANA derecha
-0.0050,0.2294,0.9835,5.3101,2.9297,0.1831
0.0049,0.2643,0.9742,6.1035,2.0142,0.4883
-0.0200,0.2162,0.9938,3.4790,2.9907,-2.0752
-0.0192,0.2405,1.0007,3.8452,3.6621,0.1221
0.0153,0.2200,0.9489,5.6763,2.7466,-0.3662
-0.0189,0.2419,1.0005,7.4463,-0.1221,0.1831
-0.0184,0.2344,0.9954,4.1504,2.5635,-0.8545
0.0017,0.2340,0.9719,3.7842,3.9062,-1.1597
-0.0023,0.2242,0.9730,5.2490,1.2207,0.5493
-0.0287,0.2498,1.0039,7.6294,1.0376,1.4038
-0.0028,0.2368,0.9738,5.6763,3.7231,-0.8545
-0.0034,0.2229,0.9777,5.4932,3.4790,-1.9531
-0.0265,0.2318,1.0057,5.6763,3.6621,-1.4038
0.0056,0.2258,0.9694,5.8594,5.0659,-0.7935
-0.0011,0.2395,0.9736,5.1270,2.4414,0.0000
-0.0193,0.2261,0.9885,7.0801,2.4414,0.2441
-0.0095,0.2333,1.0007,4.1504,2.6245,-0.2441
-0.0012,0.2369,0.9940,3.7231,3.3569,-1.9531
-0.0056,0.2341,0.9906,7.2021,2.3193,-0.6104
-0.0125,0.2339,0.9821,6.5308,3.0518,-1.4648
-0.0282,0.2371,1.0034,3.2959,4.2114,-2.1973
0.0125,0.2314,0.9700,5.1880,3.4790,-0.3052
0.0132,0.2317,0.9563,5.2490,3.3569,-0.7324
-0.0166,0.2433,0.9962,6.1646,0.1221,1.3428
-0.0258,0.2540,1.0016,3.9062,3.6621,-1.8921
0.0154,0.2228,0.9581,4.2725,3.7231,-1.2817
-0.0209,0.2301,1.0018,5.3101,2.0752,-0.0610
-0.0231,0.2096,0.9908,2.8687,3.9062,-0.2441
0.0125,0.2953,0.9800,2.5635,3.9673,1.2207
0.0150,0.2340,0.9574,8.7280,3.0518,0.0000
-0.0132,0.2158,0.9833,7.3853,0.4883,0.1831
-0.0204,0.2362,0.9910,4.6997,1.9531,0.4883
-0.0154,0.2560,1.0005,3.1128,4.2725,-2.1973
0.0135,0.2144,0.9735,3.8452,3.5400,-1.5259
-0.0057,0.2415,0.9832,4.7607,0.7324,0.1831
-0.0216,0.2250,0.9956,4.7607,1.4038,-0.3662
-0.0104,0.2675,0.9928,5.4321,2.3804,0.3662
0.0088,0.2372,0.9612,7.1411,3.7231,-2.0752
-0.0071,0.2314,0.9894,5.5542,0.8545,-1.2817
-0.0211,0.2238,0.9849,4.7607,1.5869,-0.8545
-0.0530,0.1456,0.9210,7.0190,2.1973,-1.7090
0.0015,0.2458,0.9304,5.6763,5.3711,-2.0142
-0.0092,0.2487,0.9725,6.8970,2.4414,-0.4272
-0.0311,0.2354,1.0039,6.2256,2.9297,-0.6104
-0.0055,0.2211,0.9731,4.7607,4.6387,-0.2441
0.0143,0.2531,0.9618,7.5073,2.0752,1.0986
-0.0255,0.2417,1.0012,7.0801,0.9766,-0.3662
-0.0219,0.2318,0.9690,4.3335,5.3711,-2.3193
0.0020,0.2385,0.9714,5.8594,2.6855,-0.3052
-0.0215,0.2239,0.9912,5.9814,2.5635,-0.4883
-0.0256,0.2368,1.0070,5.4321,3.1128,0.0610
0.0006,0.2356,0.9718,3.9673,5.0659,-2.0142
0.0073,0.2499,0.9624,6.1646,2.9297,-0.0610
-0.0166,0.2300,0.9973,5.7983,2.5635,-1.0376
-0.0122,0.2335,0.9900,5.3711,1.7700,-0.3662
0.0028,0.2388,0.9806,6.8359,2.1362,-0.6104
-0.0214,0.2430,1.0002,6.7749,0.8545,-0.1221
-0.0205,0.2399,0.9906,5.6763,4.4556,-2.1362
0.0115,0.2314,0.9651,6.2866,4.0283,-1.5259
-0.0132,0.2351,0.9928,6.5918,1.2817,-0.8545
-0.0245,0.2129,0.9724,4.9438,4.3945,-0.5493
0.0043,0.2412,0.9663,5.1880,3.6621,-0.9155
-0.0051,0.2538,0.9883,7.1411,1.5259,-0.9155
-0.0070,0.2255,0.9818,10.7422,2.1362,-1.5869
-0.0074,0.2227,0.9839,13.9771,0.8545,-0.9766
-0.0182,0.2192,0.9922,8.3008,0.7935,-0.4272
-0.0054,0.2451,1.0348,5.1880,-0.6714,0.0000
-0.0159,0.2136,1.0018,2.6855,1.8921,-0.9155
-0.0105,0.2213,0.9921,6.1646,2.3804,-0.7324
-0.0026,0.2280,0.9824,3.8452,2.3804,-0.3662
-0.0161,0.2341,0.9927,3.1738,2.1973,-1.0376
-0.0112,0.2249,0.9762,3.6011,3.2349,-1.7090
-0.0081,0.2374,0.9856,4.1504,2.4414,-0.9155
-0.0031,0.2454,0.9825,5.2490,1.5869,-1.7090
-0.0181,0.2158,0.9851,5.8594,1.8311,-0.6104
-0.0206,0.2274,1.0005,4.0894,2.6245,-0.2441
-0.0034,0.2498,0.9850,3.5400,3.6621,-0.6714
-0.0049,0.2247,0.9700,4.5166,3.6011,-1.7090
-0.0221,0.2346,0.9949,5.2490,2.6855,-0.3662
-0.0050,0.2407,0.9855,5.7373,2.3193,0.1221
-0.0117,0.2394,0.9916,3.5400,1.4648,0.0000
-0.0210,0.2253,0.9972,5.9204,1.9531,-0.6714
-0.0137,0.2358,0.9955,7.2632,2.2583,-0.4883
-0.0037,0.2413,0.9772,4.0894,4.4556,-1.2207
-0.0084,0.2335,0.9796,4.1504,2.9907,-1.2817
-0.0173,0.2227,0.9948,7.1411,2.1362,-0.5493
-0.0131,0.2405,0.9957,5.9814,3.4790,-0.9766
0.0001,0.2391,0.9736,4.3945,3.4180,-0.9766
-0.0105,0.2280,0.9885,6.1646,1.9531,-0.8545
-0.0159,0.2334,1.0002,5.7983,1.7700,-0.1831
-0.0071,0.2228,0.9846,7.2021,2.1973,0.3662
-0.0159,0.2443,0.9998,6.2256,1.7090,0.5493
-0.0068,0.2312,0.9764,6.3477,3.2349,-0.9766
-0.0126,0.2173,0.9919,5.2490,2.6855,-2.0142
-0.0057,0.2264,0.9769,7.4463,2.3193,-0.5493
-0.0085,0.2297,0.9972,8.7891,1.2817,0.6714
-0.0175,0.2321,1.0002,7.0801,1.4038,0.7935
-0.0232,0.2302,0.9973,3.4790,3.2959,-1.0376
0.0027,0.2286,0.9734,3.6621,3.3569,-1.4648
-0.0126,0.2239,0.9803,5.9814,1.3428,-0.2441
FIN_VENTANA
Progreso: 11/20
INICIO_VENTANA derecha
-0.0269,0.1954,0.9956,5.5542,1.2817,-1.4038
-0.0315,0.2150,0.9976,3.7842,3.4790,-1.0376
0.0100,0.2563,0.9750,7.0190,4.5776,-0.2441
-0.0023,0.2267,0.9775,4.7607,2.8687,-0.7324
-0.0308,0.2296,1.0046,3.9062,1.6479,-0.3662
-0.0159,0.2410,1.0000,3.4790,3.7231,-1.2817
-0.0035,0.2167,0.9766,4.7607,4.1504,-1.0986
-0.0007,0.2405,0.9779,6.8970,2.3193,-0.1221
-0.0220,0.2269,0.9906,6.3477,2.8076,-0.7324
-0.0178,0.2292,0.9900,4.4556,4.2114,-0.9155
0.0054,0.2435,0.9652,3.8452,3.7231,-0.4883
-0.0134,0.2408,0.9812,5.4321,2.3804,-0.1221
-0.0245,0.2328,0.9919,5.8594,3.7842,-1.3428
0.0056,0.2424,0.9720,4.4556,4.2114,-0.8545
0.0024,0.2277,0.9747,4.0894,1.7700,-0.3662
-0.0343,0.2449,1.0155,5.5542,2.6855,0.4272
0.0024,0.2279,0.9572,5.5542,4.7607,-1.5259
-0.0070,0.2329,0.9846,5.0659,2.9907,-1.2817
-0.0143,0.2256,0.9814,4.3335,2.7466,-0.1221
-0.0079,0.2697,0.9934,5.1880,2.8076,1.2817
-0.0066,0.2152,0.9767,5.3101,3.4180,-2.2583
-0.0040,0.2413,0.9862,3.7842,2.1362,-0.4883
-0.0094,0.2274,0.9807,4.3335,1.0376,0.6104
-0.0260,0.2227,0.9951,4.5166,4.0894,-0.8545
0.0117,0.2490,0.9700,2.4414,3.4790,-0.7324
0.0009,0.2485,0.9735,7.0801,0.3662,0.4272
-0.0308,0.2434,1.0046,7.5073,1.0986,-1.0376
-0.0232,0.2288,0.9956,6.2866,3.6011,-0.5493
-0.0118,0.2499,0.9929,4.5166,5.2490,-2.0752
0.0031,0.2277,0.9702,6.5918,4.8218,-1.0986
-0.0066,0.2389,0.9901,6.0425,3.5400,-0.6104
0.0039,0.2616,0.9696,3.6621,3.1738,0.2441
-0.0068,0.2246,0.9675,5.1880,2.0142,-0.8545
-0.0195,0.2432,1.0004,5.5542,2.0142,-0.7935
0.0042,0.2510,0.9806,3.7231,2.0752,-0.3662
-0.0084,0.2351,0.9800,4.8828,1.2817,-1.4648
-0.0294,0.2272,0.9939,7.1411,2.5635,-0.6104
0.0068,0.2509,0.9639,10.4980,3.5400,-0.1831
-0.0033,0.2343,0.9784,11.6577,0.6714,-0.8545
-0.0272,0.2427,1.0112,8.7891,1.4648,-1.4038
-0.0021,0.2131,0.9839,3.7231,3.1738,-2.8687
-0.0057,0.2217,0.9884,3.9673,1.4648,-0.0610
-0.0251,0.2405,1.0045,4.6997,2.0752,-0.6714
-0.0023,0.2411,0.9788,4.6387,3.4790,-0.9155
-0.0042,0.2277,0.9912,6.8970,2.2583,-0.3662
-0.0277,0.2239,0.9987,7.7515,4.5776,0.2441
-0.0038,0.2271,0.9841,9.7656,5.6152,0.9155
0.0096,0.2411,0.9717,5.3711,3.9673,-0.0610
-0.0127,0.2186,0.9828,3.7231,3.0518,-0.9155
-0.0129,0.2329,0.9862,3.6621,3.3569,-0.7324
0.0004,0.2417,0.9799,3.4180,2.5635,-0.7935
-0.0120,0.2264,0.9852,4.4556,2.9297,-0.7935
-0.0099,0.2375,0.9825,6.1035,3.2959,-0.5493
-0.0061,0.2324,1.0011,3.6011,3.0518,-1.3428
-0.0012,0.2299,0.9817,2.5024,3.4790,-1.8311
-0.0073,0.2360,0.9916,5.3101,2.1362,0.1831
-0.0031,0.2365,0.9790,5.5542,3.1128,-0.7935
-0.0012,0.2378,0.9849,5.9814,1.5259,-0.8545
-0.0157,0.2357,0.9983,6.8970,1.9531,-1.2817
-0.0039,0.2336,0.9772,7.0801,2.6245,-0.5493
-0.0018,0.2303,0.9749,3.9062,4.1504,-0.9766
-0.0092,0.2371,0.9781,5.0049,3.6011,-0.4272
0.0006,0.2388,0.9739,5.3101,3.6621,-0.5493
-0.0306,0.2380,0.9729,4.1504,2.3804,-1.0376
-0.0137,0.2239,0.9890,6.4697,1.3428,-0.4272
-0.0143,0.2426,0.9993,5.3101,1.9531,-0.5493
-0.0051,0.2345,0.9762,1.8921,3.6011,-1.5869
-0.0035,0.2332,0.9817,4.9438,2.9907,-1.6479
-0.0050,0.2252,0.9888,5.0659,0.9155,-0.9155
-0.0137,0.2510,1.0067,2.5024,1.8311,-1.2207
-0.0018,0.2245,0.9771,5.0659,2.0142,-0.7324
-0.0088,0.2347,0.9751,5.4321,2.2583,-0.7935
-0.0033,0.2435,0.9821,7.0190,1.7090,-0.3052
-0.0100,0.2428,0.9877,6.2256,2.0142,-0.6104
-0.0189,0.2384,1.0005,4.8218,2.5024,-1.1597
-0.0046,0.2294,0.9771,5.2490,4.4556,-1.7090
-0.0007,0.2563,0.9791,6.3477,3.1738,-0.2441
-0.0126,0.2306,0.9933,4.2725,2.8076,-1.0376
-0.0026,0.2263,0.9734,2.6855,3.6011,-1.2817
0.0031,0.2446,0.9751,5.6763,1.8311,-0.6714
-0.0114,0.2266,0.9935,6.1035,0.7935,-0.4883
-0.0100,0.2472,0.9967,6.1646,1.0986,-0.4272
-0.0011,0.2278,0.9763,6.1646,2.5635,-0.9155
-0.0146,0.2443,1.0009,6.2866,0.4272,0.6714
-0.0166,0.2341,0.9963,5.0049,3.0518,-0.6714
0.0055,0.2526,0.9717,5.7983,1.8311,-0.4883
-0.0278,0.2399,1.0060,4.3945,1.0376,-1.6479
-0.0143,0.2291,0.9744,5.0659,3.3569,-0.6714
0.0029,0.2638,0.9893,5.6763,2.6855,-0.6104
-0.0129,0.2159,0.9922,2.9907,2.7466,-1.4038
-0.0123,0.2397,0.9895,4.2725,2.9297,0.0610
-0.0071,0.2423,0.9800,6.5918,3.1738,-0.6714
-0.0061,0.2344,0.9752,6.8359,2.7466,-1.0376
0.0016,0.2552,0.9801,4.8828,1.4038,-0.1831
-0.0139,0.2263,0.9838,5.7983,0.9155,-0.4272
-0.0208,0.2477,0.9969,7.0190,1.6479,-0.3662
-0.0089,0.2465,0.9856,4.2725,2.5635,-1.3428
-0.0076,0.2267,0.9741,5.3101,2.5635,-1.6479
-0.0104,0.2399,0.9780,6.1646,2.8076,-1.5869
-0.0568,0.1357,0.9207,9.0942,2.2583,-0.4883
FIN_VENTANA
Progreso: 12/20
INICIO_VENTANA derecha
-0.0074,0.2274,0.9821,8.3618,2.2583,-0.3052
-0.0161,0.2236,0.9800,6.2256,2.2583,-0.9155
-0.0164,0.2369,0.9963,6.1646,2.5635,-0.4883
-0.0116,0.2429,0.9866,4.2114,3.6621,-0.7935
-0.0094,0.2203,0.9781,5.7983,4.0283,-1.6479
-0.0161,0.2284,0.9954,4.4556,3.0518,-0.9766
-0.0034,0.2279,0.9810,5.6763,3.1738,-0.8545
-0.0183,0.2390,0.9962,4.5166,1.7090,-0.6714
-0.0105,0.2198,0.9839,5.8594,3.1738,-0.5493
-0.0044,0.2411,0.9811,7.1411,2.1973,-0.2441
-0.0120,0.2357,0.9888,6.1035,1.8921,-0.4272
-0.0203,0.2274,0.9923,6.1646,2.3804,-1.4038
-0.0146,0.2224,0.9968,4.3945,2.5635,-1.4038
-0.0016,0.2333,0.9818,5.9814,2.5024,-0.5493
-0.0206,0.2371,0.9945,6.3477,2.9297,0.6104
-0.0256,0.2280,0.9879,6.3477,4.9438,-0.4883
0.0115,0.2437,0.9673,6.9580,4.3335,-0.3052
-0.0040,0.2250,0.9785,4.7607,2.2583,-0.9766
-0.0312,0.2185,1.0054,4.0283,2.2583,-0.7324
0.0021,0.2344,0.9762,5.0659,3.1738,-0.7935
-0.0085,0.2292,0.9816,6.1646,1.5869,-0.1221
-0.0244,0.2180,0.9857,6.0425,2.6855,-0.2441
-0.0131,0.2415,0.9937,6.7139,3.1128,-0.1221
-0.0004,0.2313,0.9849,6.2256,2.1973,-0.9155
-0.0186,0.2284,1.0035,5.2490,1.7090,-1.4648
-0.0194,0.2280,0.9907,7.1411,2.5635,-0.3662
-0.0070,0.2302,0.9774,3.4790,3.0518,-1.4648
-0.0173,0.2280,0.9912,5.0049,3.7842,-1.5259
-0.0071,0.2255,0.9805,8.9722,4.2114,-0.7935
0.0034,0.2316,0.9775,9.9487,1.9531,0.6714
-0.0211,0.2301,0.9956,5.8594,2.0142,-0.8545
-0.0099,0.2245,0.9733,4.2114,4.2725,-1.1597
0.0013,0.2195,0.9816,5.7983,2.2583,-0.8545
-0.0261,0.2240,1.0001,4.8218,2.4414,-0.4272
-0.0055,0.2462,0.9871,6.2256,3.9062,-0.4883
0.0029,0.2140,0.9777,4.3945,2.8687,-1.9531
-0.0304,0.2260,1.0137,5.1270,1.1597,-0.3052
0.0012,0.2233,0.9789,3.9673,3.6621,-0.7935
0.0012,0.2449,0.9813,5.0659,0.4272,-0.3052
-0.0288,0.2107,0.9934,3.9062,2.6855,-2.1362
-0.0009,0.2389,0.9717,4.3945,3.7231,-0.7324
-0.0034,0.2345,0.9767,5.3711,2.0752,-0.1221
-0.0233,0.2336,0.9969,4.8218,3.5400,-1.2817
0.0010,0.2332,0.9774,4.0894,4.1504,-1.1597
-0.0049,0.2184,0.9850,7.5073,2.4414,-0.7935
-0.0103,0.2363,0.9806,9.0332,3.2349,0.2441
-0.0073,0.2405,0.9999,8.4229,2.1973,-0.3662
-0.0153,0.2114,0.9971,7.4463,2.5635,-1.4038
-0.0027,0.2225,0.9893,7.8735,2.9297,-0.4883
-0.0055,0.2413,0.9949,6.7139,0.9155,0.5493
-0.0299,0.2076,0.9976,6.2256,4.3335,-1.2817
0.0005,0.2091,0.9686,8.9722,3.7231,1.4038
0.0062,0.2468,0.9762,7.7515,0.9766,-0.3052
-0.0271,0.2157,0.9999,4.7607,2.3804,-1.7700
-0.0050,0.2257,0.9821,0.9155,4.6997,-3.2959
-0.0062,0.2157,0.9746,0.6104,4.5776,-3.4180
-0.0217,0.2092,0.9989,3.4790,3.1738,-1.8311
-0.0063,0.2484,0.9896,3.2349,5.0659,-1.2207
0.0135,0.2292,0.9557,5.7983,3.9062,-1.7700
-0.0093,0.2184,0.9844,5.5542,1.5259,-0.2441
-0.0223,0.2362,0.9753,5.1270,4.0894,-1.1597
0.0042,0.2319,0.9735,5.5542,3.1128,-1.0986
-0.0123,0.2061,0.9817,5.9814,2.2583,-0.5493
-0.0122,0.2334,0.9978,5.1880,2.5635,0.1831
0.0006,0.2303,0.9811,5.3711,2.3193,0.1831
-0.0085,0.2279,1.0006,6.7749,2.1362,-0.8545
-0.0229,0.2023,1.0023,4.9438,2.6855,0.8545
0.0015,0.2241,0.9746,3.8452,4.2725,-1.0376
-0.0031,0.2339,0.9991,5.0659,1.9531,-1.0986
-0.0090,0.2120,0.9829,4.0283,2.6855,-1.6479
-0.0070,0.2358,0.9768,5.9814,2.6245,0.1221
-0.0072,0.2296,0.9897,5.3711,2.6245,-0.6714
-0.0040,0.2413,0.9951,4.4556,3.6011,-1.4038
0.0031,0.2190,0.9738,5.4932,3.2349,-0.8545
-0.0165,0.2187,0.9907,7.7515,2.5024,0.0000
0.0011,0.2223,0.9850,6.4087,1.7700,0.4272
0.0013,0.2209,0.9696,8.5449,0.7324,0.7935
-0.0176,0.2720,1.0088,6.1646,-0.4272,0.8545
-0.0162,0.1980,0.9799,4.3945,3.6011,-3.1738
-0.0205,0.2313,1.0022,5.9204,2.0142,0.4883
0.0037,0.2247,0.9628,4.9438,3.3569,-0.7324
-0.0211,0.2385,1.0068,4.3945,1.8311,-0.4272
-0.0111,0.2202,0.9846,4.3335,3.4790,-1.6479
0.0084,0.2389,0.9785,4.8218,1.8921,0.0000
-0.0171,0.2122,0.9890,3.9062,2.0752,-1.4648
-0.0145,0.2224,0.9885,5.2490,3.1738,-0.3662
0.0018,0.2451,0.9835,6.5308,1.5259,0.4883
-0.0110,0.2242,0.9900,7.1411,1.4038,-1.3428
-0.0316,0.1973,0.9691,9.0942,3.2349,-0.4883
0.0031,0.2360,0.9550,6.5308,5.1880,-0.8545
-0.0109,0.2122,0.9874,6.5918,2.4414,-0.5493
-0.0129,0.2186,0.9930,5.8594,2.6855,-0.1831
-0.0013,0.2267,0.9854,5.5542,1.9531,0.3662
-0.0189,0.2368,0.9993,3.4790,2.0752,-0.9766
-0.0156,0.2205,0.9952,4.7607,3.4790,-1.7090
0.0021,0.2313,0.9906,5.8594,0.3052,0.2441
-0.0258,0.2178,1.0005,7.7515,0.6104,0.7324
-0.0280,0.2457,1.0007,4.8828,2.9297,-1.2207
0.0040,0.2289,0.9736,6.0425,3.7842,-1.3428
-0.0112,0.2068,0.9800,4.8828,2.2583,-1.8311
FIN_VENTANA
Progreso: 13/20
INICIO_VENTANA derecha
-0.0160,0.2153,0.9901,6.1035,2.3193,-0.4272
-0.0165,0.2090,0.9943,6.0425,3.1128,-1.0986
-0.0173,0.2189,0.9913,5.3711,2.5635,-0.1831
-0.0148,0.2212,0.9912,6.0425,1.8311,-0.5493
-0.0189,0.2333,1.0020,7.0190,2.6855,0.0610
-0.0083,0.2177,0.9846,6.3477,3.6011,-0.6714
-0.0193,0.2310,0.9937,7.0190,2.8687,0.3662
-0.0134,0.2003,0.9760,6.1035,3.7842,-0.6104
-0.0072,0.2351,0.9895,6.6528,1.9531,0.3052
-0.0233,0.2017,0.9902,3.4790,3.1738,-1.0986
-0.0111,0.2477,0.9958,5.9204,2.4414,0.4883
-0.0039,0.2144,0.9774,4.2114,3.2349,-1.2207
-0.0300,0.2142,1.0049,3.5400,2.1973,-1.2207
-0.0189,0.2231,0.9960,5.4932,3.9673,-0.8545
0.0027,0.2279,0.9883,6.2866,2.3804,-0.2441
-0.0205,0.1956,0.9907,3.6621,2.1973,-0.9155
-0.0194,0.2535,1.0011,5.3101,3.1128,-0.7324
-0.0005,0.2061,0.9652,5.6152,3.6621,-1.6479
-0.0283,0.2219,0.9982,5.4932,2.0752,-0.6714
-0.0143,0.2299,0.9845,3.4790,4.8218,-1.5869
-0.0055,0.2358,0.9784,5.1270,4.4556,-1.3428
-0.0120,0.2153,0.9960,3.2349,3.4790,-2.0752
-0.0024,0.2183,0.9731,3.1128,2.0752,-0.6104
-0.0188,0.2407,1.0005,6.0425,1.5869,0.3052
-0.0101,0.2251,0.9801,5.9204,2.9297,-0.6714
-0.0088,0.2306,0.9917,6.1646,2.1362,-0.5493
-0.0195,0.2278,0.9911,6.5308,2.5024,-1.1597
-0.0156,0.2142,0.9924,5.7373,3.1738,-1.2817
-0.0131,0.2271,0.9858,6.5918,3.7842,-0.4272
-0.0071,0.2328,0.9828,6.8970,2.4414,0.1221
-0.0054,0.2311,0.9818,6.8359,1.5259,0.1221
-0.0249,0.2152,1.0002,7.6294,2.1973,-0.3052
-0.0145,0.2238,0.9933,4.2725,3.8452,-0.9766
0.0033,0.2253,0.9750,3.9062,3.2349,-0.9766
-0.0192,0.2283,0.9879,5.4321,2.0142,-0.3662
-0.0249,0.2151,0.9944,5.5542,3.4180,-1.2817
-0.0002,0.2321,0.9752,5.0659,2.9907,-0.8545
-0.0121,0.2090,0.9845,5.7373,1.7700,-0.4883
-0.0175,0.2268,0.9960,3.2959,1.5869,0.2441
-0.0098,0.2434,0.9849,4.2114,2.1362,0.1221
-0.0181,0.2345,0.9984,6.5308,2.8687,-1.2207
-0.0078,0.2040,0.9725,6.4087,3.4790,-1.0986
-0.0148,0.2266,0.9919,4.5166,1.6479,0.2441
-0.0170,0.2358,0.9894,6.1035,2.6855,-0.0610
-0.0024,0.2180,0.9775,6.7139,3.2959,-1.4038
-0.0100,0.2195,0.9856,8.1787,0.5493,0.4272
-0.0282,0.2292,1.0001,5.4321,1.9531,-0.7935
-0.0059,0.2317,0.9713,5.4321,3.6011,-1.1597
-0.0129,0.2189,0.9982,6.2866,2.0752,-1.5259
-0.0281,0.2012,1.0010,5.0659,2.3193,-0.4883
0.0012,0.2494,0.9799,3.7842,3.2959,0.1831
-0.0117,0.2240,0.9883,6.0425,1.6479,-0.6714
-0.0176,0.2137,0.9924,6.9580,2.8076,-0.7935
-0.0067,0.2175,0.9756,4.1504,2.4414,-0.2441
-0.0168,0.2477,0.9908,5.7983,1.2207,-0.2441
-0.0068,0.2273,0.9834,7.9346,2.3804,-0.9155
-0.0187,0.1981,0.9922,9.5825,0.9155,-0.9155
-0.0149,0.2100,0.9802,15.0146,-0.5493,1.2207
-0.0127,0.2500,0.9965,0.8545,-1.5259,0.2441
-0.0430,0.1941,1.0123,4.5776,1.8921,-2.3804
-0.0216,0.1982,0.9889,3.7842,4.5166,-0.5493
-0.0059,0.2189,0.9916,4.1504,3.2959,0.2441
-0.0227,0.2202,0.9955,2.5024,4.1504,0.1831
-0.0212,0.2117,0.9817,1.7700,4.8218,-0.2441
-0.0149,0.2256,0.9852,3.1738,4.3335,-1.0986
-0.0165,0.2146,0.9830,-1.8311,4.4556,-2.7466
-0.0100,0.2306,0.9720,2.1973,3.6011,-1.2817
-0.0231,0.2084,0.9973,6.6528,2.0142,-0.6104
-0.0286,0.2081,0.9895,2.5635,3.2349,-0.9155
-0.0004,0.2478,0.9783,3.9673,3.1738,0.2441
-0.0160,0.2299,0.9890,6.1646,2.9297,-1.4648
-0.0328,0.2161,1.0049,5.8594,4.2114,-1.6479
0.0049,0.2217,0.9741,3.2349,3.4180,-1.1597
-0.0035,0.2397,0.9823,6.2866,0.4883,-0.3662
-0.0389,0.2002,1.0004,7.5684,2.0752,-0.7935
-0.0011,0.2419,0.9705,3.9062,3.8452,-1.2817
-0.0057,0.2275,0.9802,4.0894,1.8311,-0.9155
-0.0396,0.2377,1.0090,5.7983,2.3804,-1.0986
-0.0078,0.2177,0.9692,7.3853,5.0659,-1.4648
-0.0042,0.2119,0.9597,5.8594,3.1128,-0.8545
-0.0243,0.2311,0.9929,6.0425,2.1362,-0.4272
-0.0031,0.2369,0.9836,6.6528,2.6245,-0.1831
-0.0217,0.2152,1.0009,5.4321,1.7090,-1.4648
-0.0226,0.2186,0.9935,8.0566,3.2959,-1.2817
0.0006,0.2185,0.9711,9.3384,1.5869,0.0000
-0.0238,0.2367,1.0144,6.1035,0.4883,-0.1221
-0.0310,0.2043,0.9987,3.7231,2.8076,-1.1597
-0.0013,0.2300,0.9774,4.0894,4.2114,-1.7090
-0.0142,0.2386,0.9998,5.6763,1.7700,-0.5493
-0.0245,0.2217,1.0012,6.0425,1.7090,-0.3052
-0.0071,0.2098,0.9800,5.3711,2.8687,-1.1597
-0.0226,0.2440,1.0007,6.4087,2.1973,0.0610
-0.0127,0.2156,0.9788,3.2349,3.9062,-1.0986
-0.0072,0.2278,0.9896,4.8218,2.6855,-0.6714
-0.0076,0.2343,0.9860,5.6152,1.9531,-0.7935
-0.0320,0.2406,1.0042,6.4087,1.6479,-0.0610
-0.0092,0.2170,0.9777,3.9062,5.2490,-1.8921
-0.0018,0.2153,0.9823,5.6152,1.7090,-0.0610
-0.0244,0.2319,0.9999,6.8970,0.7935,-0.1831
-0.0283,0.2355,1.0144,4.4556,4.6387,-1.4648
FIN_VENTANA
Progreso: 14/20
INICIO_VENTANA derecha
-0.0226,0.2251,0.9968,5.3711,2.0142,-1.2207
-0.0165,0.2310,0.9822,3.6011,3.1128,-0.6104
-0.0145,0.2314,0.9812,5.7373,2.0142,-0.6104
-0.0293,0.2307,0.9951,5.3711,2.6245,-1.0986
-0.0061,0.2288,0.9808,5.2490,2.8076,-1.0376
-0.0270,0.2416,1.0040,6.1646,1.2817,0.4883
-0.0291,0.2174,0.9987,4.6387,3.9062,-0.7324
-0.0055,0.2424,0.9773,6.7139,3.3569,0.0610
-0.0249,0.2167,0.9896,7.3242,3.3569,-1.2207
-0.0173,0.2333,0.9845,10.2539,3.5400,-0.0610
-0.0060,0.2186,0.9716,7.1411,2.1973,-0.1831
-0.0302,0.2273,0.9949,5.1270,0.9155,0.8545
-0.0194,0.2356,0.9863,5.1880,2.7466,-0.3662
-0.0123,0.2277,0.9813,5.3101,2.1973,-0.7935
-0.0361,0.2187,1.0006,6.7749,1.4038,0.0000
-0.0200,0.2362,0.9940,7.9956,2.7466,0.1831
-0.0111,0.2181,0.9766,10.3149,2.5635,-0.4272
-0.0275,0.2113,0.9960,13.0615,-0.7324,0.8545
-0.0298,0.2352,1.0077,12.2681,0.6714,0.1831
-0.0159,0.1949,0.9874,3.2349,3.9062,-2.4414
-0.0222,0.2236,1.0074,2.5635,5.2490,-1.7700
-0.0203,0.2172,0.9736,3.2349,3.9062,-0.3662
-0.0177,0.2228,0.9883,3.0518,3.1738,-1.2207
-0.0203,0.2195,0.9918,6.1646,2.3804,-0.6104
-0.0261,0.2258,1.0040,2.9297,4.0894,-2.0752
-0.0226,0.2144,0.9918,4.8828,4.0283,-1.5869
-0.0057,0.2101,0.9738,8.3618,2.2583,-0.3052
-0.0160,0.2384,1.0006,6.7139,1.8921,-1.4038
-0.0352,0.2305,1.0052,5.8594,2.0142,0.1831
-0.0084,0.2256,0.9775,4.9438,4.3335,-1.5259
-0.0226,0.2191,0.9978,5.5542,3.6621,-1.2207
-0.0255,0.2085,0.9860,3.6621,5.6152,-1.8311
0.0009,0.2319,0.9781,3.7842,4.2114,-1.2207
-0.0139,0.2196,0.9912,5.6763,2.9907,-1.5869
-0.0253,0.2114,0.9939,6.5918,3.3569,-0.4883
0.0057,0.2118,0.9602,3.2959,4.6997,-0.7935
-0.0161,0.2429,0.9955,5.4321,0.8545,1.0376
-0.0305,0.2028,0.9954,5.1270,3.7231,-1.7700
-0.0082,0.2260,0.9889,7.5073,3.2349,0.2441
-0.0063,0.2089,0.9844,8.5449,2.0142,0.2441
-0.0188,0.2214,0.9976,12.6953,0.4883,1.4038
-0.0118,0.2257,0.9760,3.1128,2.0142,-0.5493
-0.0060,0.2133,0.9707,2.7466,1.2817,-1.0376
-0.0298,0.2249,1.0010,5.3711,-0.1221,-0.1221
-0.0400,0.2148,1.0045,3.2349,1.6479,-0.6104
-0.0137,0.2247,0.9957,2.8076,3.9062,-0.4883
-0.0162,0.2228,0.9987,4.5166,3.1128,-0.4272
-0.0289,0.2017,0.9991,0.4883,3.7231,-1.2817
-0.0229,0.2345,0.9976,4.5166,4.4556,-0.6104
0.0006,0.2225,0.9769,7.8735,2.3804,-0.3662
-0.0342,0.2295,1.0045,5.5542,0.5493,-0.6714
-0.0193,0.2223,0.9861,2.8687,2.9297,-1.8311
-0.0166,0.2128,0.9895,5.2490,2.3804,-1.5869
-0.0227,0.2225,0.9956,5.9814,2.2583,-0.0610
-0.0197,0.2448,0.9960,5.6763,2.8687,0.7935
-0.0100,0.2076,0.9717,5.1270,3.8452,-1.3428
-0.0206,0.2057,0.9822,5.6152,3.1738,-1.2207
-0.0104,0.2539,0.9888,7.8125,1.7090,0.9155
-0.0223,0.2034,0.9993,6.2256,2.6245,-2.1362
-0.0222,0.2200,1.0001,4.8218,2.3193,-0.7935
0.0005,0.2319,0.9750,5.4932,2.3193,-0.3052
-0.0338,0.2123,1.0049,5.6763,1.1597,-1.0376
-0.0381,0.2118,1.0046,5.3711,4.0283,-0.6714
0.0106,0.2343,0.9653,6.4697,4.1504,-1.0376
-0.0238,0.2098,0.9941,8.4839,0.6104,-1.5259
-0.0376,0.2108,1.0005,11.3525,1.5259,0.0000
-0.0133,0.2107,0.9856,8.7280,1.7090,-0.2441
-0.0173,0.2288,0.9990,3.3569,2.4414,-0.5493
-0.0154,0.2061,0.9761,3.4790,2.9907,-1.3428
-0.0245,0.2250,1.0026,3.7231,1.7700,-0.4883
-0.0406,0.2156,1.0150,0.9766,5.2490,-0.6714
0.0004,0.2207,0.9828,1.7700,5.8594,-1.0376
-0.0037,0.2556,0.9945,1.5869,4.8218,-1.7700
-0.0088,0.1952,0.9629,3.1738,3.1128,-1.3428
-0.0327,0.2242,1.0004,5.1880,1.3428,0.3662
-0.0142,0.2476,1.0005,5.1270,2.6245,0.3662
0.0049,0.2172,0.9694,6.2256,2.1362,-0.2441
-0.0287,0.2219,1.0043,4.5776,1.1597,-0.7935
-0.0280,0.2389,1.0088,5.5542,3.9673,-1.1597
0.0010,0.2168,0.9714,4.5166,3.2959,-1.1597
-0.0197,0.2404,0.9984,4.0894,2.6245,-1.0376
-0.0208,0.2173,0.9851,5.4932,3.7231,-1.2817
0.0006,0.2313,0.9778,7.3853,3.4790,-0.6714
-0.0078,0.2268,0.9886,8.3008,0.7935,0.1831
-0.0327,0.2261,1.0194,10.4370,1.5869,0.4272
-0.0040,0.2327,0.9866,5.5542,3.8452,-1.3428
0.0040,0.2241,0.9744,4.6997,2.1973,-1.5869
-0.0270,0.1981,0.9991,8.4229,0.0610,0.4272
-0.0356,0.2234,1.0129,7.6904,2.1362,0.0000
-0.0056,0.2202,0.9828,4.7607,4.0894,-1.1597
0.0020,0.2371,0.9857,4.5776,2.0752,-0.5493
-0.0242,0.2111,1.0049,4.5776,2.0752,-0.9155
-0.0190,0.2238,0.9902,3.7842,3.3569,-1.3428
-0.0137,0.2201,0.9967,5.6152,3.0518,-0.2441
-0.0142,0.2045,0.9875,3.9062,3.6011,-1.0376
-0.0098,0.2404,0.9918,5.7373,2.3804,0.1221
-0.0083,0.2223,0.9730,5.7373,3.1128,-1.7700
-0.0231,0.2202,0.9929,5.6152,1.3428,-0.6104
-0.0085,0.2305,0.9843,2.8076,3.0518,-2.2583
-0.0197,0.2207,0.9993,5.3101,0.6104,0.1221
FIN_VENTANA
Progreso: 15/20
INICIO_VENTANA derecha
-0.0408,0.2140,1.0093,4.6997,0.4272,-0.0610
-0.0106,0.2269,0.9847,6.2866,2.7466,-0.4883
-0.0317,0.2194,0.9999,6.5918,1.3428,0.2441
-0.0387,0.2032,1.0150,3.8452,3.8452,-1.5869
-0.0120,0.2462,0.9906,3.0518,4.6997,-0.2441
-0.0038,0.2030,0.9746,5.4321,2.8076,0.7324
-0.0347,0.2159,1.0027,4.4556,2.2583,-0.8545
-0.0159,0.2187,0.9875,5.1880,3.6621,-0.7324
-0.0178,0.2416,0.9940,4.3945,3.6621,-0.1831
-0.0155,0.2200,0.9757,2.6855,4.8218,-1.3428
-0.0184,0.2246,1.0004,2.4414,2.3804,-1.0986
-0.0101,0.2418,0.9921,5.6152,1.7090,0.3662
-0.0189,0.2233,0.9912,7.2632,1.4038,0.0000
-0.0234,0.2390,1.0009,7.2632,2.5635,-1.2817
-0.0095,0.2097,0.9813,5.2490,4.1504,-2.2583
-0.0205,0.2139,0.9867,6.4697,1.7700,0.1221
-0.0345,0.2496,1.0082,6.1646,3.2349,-0.6104
0.0040,0.2113,0.9564,4.2725,6.0425,-2.3193
-0.0143,0.1997,0.9819,5.8594,2.3804,-0.6104
-0.0222,0.2377,1.0033,6.4697,1.4648,-0.2441
-0.0160,0.2292,0.9941,5.0659,2.8076,0.0000
-0.0098,0.2311,0.9833,3.6621,3.1128,-0.6714
-0.0057,0.2404,0.9755,5.1270,1.8921,-0.3052
-0.0212,0.2172,0.9838,4.2725,1.4038,-1.4648
-0.0378,0.2145,1.0077,4.0283,1.6479,-1.2817
-0.0133,0.2384,0.9976,6.0425,3.0518,-0.1221
-0.0116,0.2264,0.9893,6.7139,2.7466,-0.6714
-0.0283,0.2148,0.9996,5.6763,3.1128,-0.4272
-0.0188,0.2173,0.9918,5.7373,4.3335,-0.9766
-0.0060,0.2490,0.9796,5.5542,3.8452,0.1831
-0.0026,0.2205,0.9628,4.8218,3.8452,-1.7090
-0.0125,0.2223,0.9893,8.4839,1.4648,-0.6104
-0.0227,0.2220,0.9962,9.5825,0.2441,-0.2441
-0.0355,0.2247,1.0018,4.0894,2.9907,-2.6855
-0.0210,0.2047,0.9883,3.3569,5.5542,-2.2583
0.0065,0.2241,0.9585,5.0049,2.6855,0.4883
-0.0292,0.2356,1.0575,8.1787,-1.8311,2.3804
-0.0205,0.1954,1.0077,7.0190,0.7935,0.4883
-0.0033,0.2479,0.9857,7.4463,1.1597,1.3428
-0.0168,0.2335,0.9928,5.0659,2.0752,-0.1831
-0.0309,0.2285,1.0038,4.1504,2.0142,-0.6714
-0.0049,0.2145,0.9641,5.1270,3.7842,-1.8311
-0.0255,0.2223,1.0016,6.7139,1.6479,0.0610
-0.0194,0.2373,0.9924,5.5542,3.1738,-0.0610
-0.0037,0.2286,0.9731,4.6997,3.4180,-2.2583
-0.0254,0.2205,0.9956,5.6152,1.9531,-2.0142
-0.0176,0.2245,0.9957,7.5684,3.2349,-2.1973
-0.0198,0.2150,0.9911,6.4087,2.8687,-2.2583
-0.0170,0.2174,0.9869,6.5918,3.4180,-2.0142
-0.0148,0.1898,1.0820,7.6294,1.2207,0.9766
-0.0317,0.2230,1.0123,5.6152,0.1221,1.3428
-0.0203,0.2242,1.0006,4.4556,2.9907,-1.3428
0.0015,0.2148,0.9692,7.3853,1.4648,0.0610
-0.0337,0.2207,1.0095,4.3335,0.4883,-0.9155
-0.0237,0.1980,0.9827,2.1362,3.2349,-1.2817
-0.0167,0.2535,0.9884,2.7466,1.1597,1.4648
-0.0247,0.2209,0.9978,5.5542,3.3569,-2.0142
-0.0148,0.2042,0.9996,4.6997,2.3193,0.4883
-0.0243,0.2247,0.9943,5.3101,2.1973,2.6855
-0.0309,0.2344,0.9978,3.6621,4.4556,-0.1831
-0.0054,0.2411,0.9801,4.5776,4.0283,0.3052
-0.0179,0.2104,1.0048,8.0566,1.8311,-1.3428
-0.0366,0.2051,1.0919,12.0239,-0.0610,2.4414
-0.0215,0.1826,1.0297,10.0708,3.6011,1.2817
-0.0236,0.2319,1.0009,6.1035,6.6528,-1.9531
0.0039,0.2306,1.0134,10.7422,10.8032,0.9155
-0.0050,0.1815,0.9921,3.7842,8.9722,-1.4648
-0.0092,0.2181,1.0114,-1.7700,4.6387,-0.6104
0.0211,0.2407,0.9514,-2.1362,4.2114,-1.8921
-0.0038,0.2548,0.9943,3.1738,0.9155,-4.0283
-0.0209,0.1755,0.9873,6.2866,1.7090,-4.6997
0.0115,0.2338,0.9648,7.9346,2.8076,1.5869
-0.0182,0.2284,0.9847,5.1270,1.0376,-0.6714
-0.0232,0.2063,0.9912,4.5166,3.4180,-1.7090
0.0057,0.2322,0.9785,8.2397,2.8076,0.4883
-0.0013,0.1719,0.9792,10.1929,1.1597,1.1597
-0.0327,0.2489,1.0331,14.7095,0.9155,3.6621
0.0099,0.2250,0.9529,6.9580,5.5542,1.8311
0.0109,0.2322,0.9727,5.8594,2.5024,1.1597
0.0134,0.2583,1.0171,4.6387,2.8076,-0.3052
-0.0193,0.2023,0.9922,5.2490,2.5635,-0.6714
0.0015,0.2225,0.9800,1.8921,2.4414,-1.1597
0.0024,0.2362,0.9896,5.0659,0.6104,-1.4648
-0.0122,0.2020,0.9841,6.9580,1.6479,-2.5635
-0.0272,0.2062,0.9999,5.1880,1.0376,-1.2817
-0.0123,0.2103,0.9944,8.9111,3.2959,0.0610
0.0009,0.1965,0.9803,10.6812,1.0376,1.5869
-0.0179,0.2169,0.9841,8.2397,2.9297,-1.0986
-0.0032,0.2321,0.9883,5.5542,3.3569,-0.7935
-0.0039,0.2200,0.9878,6.5918,2.5635,-2.3804
-0.0179,0.1907,0.9904,3.7842,2.6855,-2.8076
-0.0143,0.1814,0.9955,3.8452,2.8687,-1.4038
-0.0068,0.2368,1.0060,6.2256,1.8311,0.8545
-0.0033,0.2164,0.9850,3.8452,2.5024,-1.5259
-0.0291,0.2101,1.0194,3.6621,1.2817,-1.5259
-0.0200,0.2025,0.9952,5.1880,4.2114,-2.5024
0.0101,0.2015,0.9771,3.7231,3.3569,-0.9155
-0.0063,0.2094,0.9980,3.4180,1.5259,-0.7324
-0.0284,0.2170,1.0084,3.7231,1.2817,0.6104
-0.0117,0.2102,0.9968,5.0049,4.3335,-2.1362
FIN_VENTANA
Progreso: 16/20
INICIO_VENTANA derecha
-0.0181,0.1945,0.9915,8.6060,2.7466,-0.0610
-0.0245,0.2064,1.0076,6.9580,5.1270,-0.5493
-0.0010,0.2078,0.9740,9.0942,3.5400,0.0000
-0.0294,0.1921,1.0221,5.1270,1.4038,-0.3662
-0.0220,0.1903,1.0085,4.0283,3.0518,-0.4883
-0.0071,0.1992,0.9894,5.9204,2.5024,1.2207
-0.0203,0.2218,0.9993,2.6855,2.4414,0.4883
-0.0095,0.2111,0.9792,4.3945,4.8828,-1.2207
-0.0066,0.2089,0.9835,6.6528,2.9907,-0.3662
-0.0112,0.2024,0.9861,5.2490,2.0142,-0.9766
-0.0227,0.2115,1.0026,6.3477,1.4648,-0.7324
-0.0225,0.1847,0.9913,8.3618,2.5024,0.0000
-0.0120,0.2074,0.9943,4.9438,2.5635,0.3662
-0.0115,0.2211,0.9973,7.1411,2.3804,-0.2441
-0.0216,0.2024,0.9954,7.7515,2.5024,-0.3052
-0.0245,0.1830,0.9945,3.5400,4.0283,-2.0752
-0.0056,0.2086,0.9834,5.1880,2.8076,-0.2441
-0.0211,0.2128,1.0066,8.8501,1.7090,-0.0610
-0.0206,0.1887,1.0006,6.7139,3.1128,-1.1597
-0.0125,0.1913,0.9945,4.5166,2.5024,0.3662
-0.0145,0.2194,0.9999,6.3477,1.8311,1.0376
-0.0126,0.1938,0.9886,5.8594,3.6621,-1.4038
-0.0190,0.2043,0.9977,5.1270,1.6479,0.0610
-0.0125,0.1945,0.9784,4.3335,2.9297,0.1831
-0.0148,0.2101,0.9957,7.2021,1.7090,-0.3662
-0.0289,0.1875,1.0077,3.6011,2.2583,-1.4648
-0.0214,0.2111,1.0023,4.8218,2.7466,-0.4883
-0.0062,0.1990,0.9801,7.2021,3.6621,-1.1597
-0.0226,0.1985,0.9999,4.5166,2.5024,-1.3428
-0.0151,0.2018,0.9944,4.5166,2.8687,-0.2441
-0.0131,0.2179,1.0027,6.4697,2.2583,-0.6714
-0.0271,0.1831,1.0010,5.7373,0.8545,-0.3662
-0.0201,0.2351,1.0052,6.9580,2.7466,-0.4883
-0.0162,0.1652,0.9786,8.1787,3.3569,-0.4272
-0.0243,0.1943,1.0195,10.3149,1.8311,1.5869
-0.0255,0.1603,0.9502,19.8364,-0.3052,3.4790
-0.0415,0.1863,0.9690,13.6108,4.2114,1.7090
-0.0350,0.1842,1.1084,24.3530,-3.9062,2.5024
-0.0004,0.1519,0.9747,10.4980,4.9438,-2.7466
-0.0193,0.1532,0.9891,9.9487,3.3569,-2.2583
-0.0353,0.2114,0.9481,1.4648,9.0332,-3.9673
-0.0137,0.2190,0.9816,-0.8545,8.5449,-6.9580
-0.0110,0.1381,0.9745,6.2866,3.8452,-6.1646
0.0016,0.2247,0.9622,9.7046,3.1128,-2.8687
-0.0034,0.1998,0.9387,10.4980,2.0142,-3.9062
-0.0337,0.1318,0.9801,7.5684,2.6245,-8.9111
-0.0201,0.1656,1.0178,13.4277,-3.1128,-3.7842
-0.0142,0.1693,1.0197,13.9160,-4.3945,-4.2114
-0.0266,0.1967,1.0264,16.1133,0.1831,-2.3804
-0.0272,0.1222,0.9952,11.3525,6.9580,-6.8359
-0.0115,0.1805,0.9993,16.1133,2.3193,-1.0986
-0.0062,0.1426,0.9934,20.0195,2.8076,-2.1362
-0.0576,0.1132,1.0575,24.9634,-1.2817,-1.5869
-0.0317,0.0757,0.9885,14.6484,3.1738,-3.8452
-0.0032,0.1492,0.9917,7.3853,5.7983,-2.0752
-0.0032,0.1300,0.9893,14.9536,2.4414,-3.0518
-0.0228,0.1062,1.0032,12.3291,2.8687,-2.8687
-0.0298,0.1112,1.0298,4.4556,3.3569,-2.2583
-0.0107,0.1246,0.9977,1.9531,5.6763,-2.5635
0.0068,0.1212,0.9811,9.3994,2.1362,0.0610
-0.0182,0.1073,1.0045,9.7656,-0.4272,0.7935
-0.0422,0.1396,1.0349,7.9956,-0.1221,1.1597
-0.0222,0.0859,1.0074,5.9204,3.7842,-2.5024
0.0066,0.0983,0.9757,8.9722,0.8545,1.2817
-0.0201,0.0951,1.0046,8.8501,-1.9531,3.8452
-0.0449,0.1328,1.0430,6.8359,-0.6714,2.9907
-0.0344,0.1132,1.0317,4.6997,4.5776,-0.9766
0.0007,0.1078,0.9890,10.3149,1.5259,1.5869
-0.0317,0.1073,1.0020,10.7422,0.2441,1.8921
-0.0408,0.0811,1.0027,7.3242,1.6479,1.8311
-0.0341,0.1442,1.0374,9.8267,0.8545,3.6011
-0.0117,0.0609,0.9830,5.7373,5.4321,-1.7090
-0.0245,0.1001,1.0242,6.3477,0.3052,1.2817
-0.0363,0.0898,1.0110,6.2866,0.3052,0.6714
-0.0480,0.1182,1.0380,10.1318,1.1597,2.3193
-0.0144,0.1189,1.0040,6.8970,3.3569,0.6104
-0.0197,0.0775,0.9939,8.8501,3.4180,0.4272
-0.0459,0.0953,1.0162,9.0332,1.2207,2.2583
-0.0323,0.1023,1.0284,8.8501,4.5166,-0.1221
-0.0135,0.0941,0.9990,9.2163,3.2959,0.0610
-0.0287,0.0781,1.0021,5.6152,0.5493,-0.5493
-0.0432,0.0557,1.0244,6.2256,1.3428,-0.6104
-0.0345,0.1110,1.0380,6.8359,2.6855,0.0610
-0.0297,0.0906,1.0300,5.4932,3.6621,-1.2207
-0.0347,0.0732,1.0188,8.8501,4.0283,-1.4038
-0.0221,0.0706,1.0002,3.7842,4.5166,-1.3428
-0.0237,0.0957,1.0193,3.6011,2.1973,0.2441
-0.0200,0.0924,0.9989,6.5918,1.8921,-0.1831
-0.0427,0.0632,1.0171,5.3101,4.6997,-2.5635
-0.0267,0.0718,1.0109,5.6152,4.4556,-1.5869
-0.0304,0.0645,1.0168,6.9580,3.0518,-0.1221
-0.0273,0.0907,1.0242,4.4556,3.2349,0.0000
-0.0131,0.0813,0.9995,4.0894,3.4180,-0.5493
-0.0312,0.0978,1.0308,6.8970,0.8545,1.2207
-0.0292,0.0892,1.0070,5.0659,2.3193,0.7935
-0.0216,0.1122,1.0143,4.7607,1.9531,-0.6714
-0.0265,0.0571,0.9991,5.7373,2.5024,-1.0376
-0.0382,0.0935,1.0251,4.9438,1.9531,0.1831
-0.0165,0.0830,0.9971,6.4697,3.1128,-0.2441
-0.0137,0.0901,0.9946,9.7046,1.4038,1.4038
FIN_VENTANA
Progreso: 17/20
INICIO_VENTANA derecha
-0.0580,0.0776,1.0233,0.6714,2.9297,0.1831
-0.0366,0.0846,0.9795,-1.1597,3.2959,0.3052
-0.0334,0.1107,0.9969,-2.1973,3.1738,2.5635
-0.0547,0.0719,1.0126,-12.0239,7.2632,-0.6714
-0.0331,0.0897,0.9532,-6.7749,8.9722,4.0283
-0.0806,0.1467,0.9885,0.1221,1.9531,4.6387
-0.0571,0.1506,1.0352,19.7754,-5.1270,3.9673
-0.0476,0.0994,1.0282,-4.3335,-2.4414,-4.4556
-0.0785,0.0996,1.0438,-1.8311,-2.8076,-1.2207
-0.0679,0.1217,1.0441,-3.2349,-0.3052,-2.9907
-0.0321,0.1274,0.9736,0.3662,0.7935,-2.0752
-0.0669,0.1017,0.9819,-5.4932,2.8076,-4.6387
-0.0846,0.1743,1.0480,-11.2915,3.3569,1.4648
-0.0531,0.1549,1.0315,-1.5259,-0.2441,1.0986
-0.0502,0.1366,0.9978,0.3052,1.1597,0.0000
-0.0602,0.1149,0.9673,-3.6011,1.4038,0.8545
-0.0602,0.1539,1.0247,-3.9062,-3.2349,3.1738
-0.0725,0.1764,1.0479,-11.0474,-1.3428,0.7324
-0.0560,0.1471,0.9557,-17.3950,3.2349,-0.7935
-0.0587,0.1516,0.9847,-18.3105,-4.2114,4.9438
-0.0751,0.1832,0.9978,-6.4087,-5.1880,8.1177
-0.0952,0.1927,0.9954,-6.4087,-3.6621,10.5591
-0.1058,0.2220,1.0249,1.8311,-2.1973,7.4463
-0.0673,0.1843,0.9762,2.6855,2.8076,1.6479
-0.0953,0.1805,0.9940,14.0991,-1.6479,6.2866
-0.0774,0.1893,0.9878,12.8784,0.7935,3.8452
-0.0825,0.1681,1.0006,18.8599,-1.5259,4.6387
-0.0966,0.1923,1.0083,23.1323,-2.0142,2.1362
-0.1075,0.1573,1.0024,28.0762,-1.5259,1.3428
-0.1039,0.1300,0.9812,22.5220,0.8545,-0.8545
-0.0928,0.1418,1.0066,16.6016,-1.2207,1.4648
-0.1038,0.1646,1.0247,8.3618,0.2441,3.6011
-0.1089,0.1038,0.9982,12.2681,1.4038,-2.3193
-0.1036,0.1378,0.9996,10.4980,1.8921,0.7324
-0.0768,0.1594,0.9551,-0.1831,1.8921,4.0283
-0.1151,0.1982,0.9994,-3.4790,2.8687,2.8687
-0.1204,0.1816,1.0370,11.4746,0.5493,4.5776
-0.1119,0.0852,0.9663,3.2959,5.1270,-2.0142
-0.0918,0.1587,0.9786,7.0190,-4.0894,7.5684
-0.1312,0.1818,1.0597,12.8174,-2.0752,6.6528
-0.1168,0.1335,1.0166,15.1978,3.2959,0.0610
-0.1017,0.1232,1.0009,11.9629,5.3101,-1.4648
-0.1040,0.1387,1.0006,10.5591,6.7749,-2.3804
-0.1042,0.1860,1.0360,11.0474,7.2021,-4.6387
-0.1262,0.1465,1.1422,4.3335,12.8174,-12.4512
-0.1179,0.1115,1.0675,-0.3662,43.8843,-24.5361
-0.0353,0.1359,0.9106,19.2871,31.7383,-11.2305
-0.0354,0.0992,0.9990,13.9160,19.5923,-13.0615
-0.0353,0.0631,0.9529,33.6304,8.3008,-3.5400
-0.0710,0.1040,1.0143,27.4048,-0.7935,-3.6621
-0.0503,0.1118,0.9772,15.0146,1.2817,-6.9580
-0.0325,0.0851,1.0034,8.1177,-2.6245,-7.2021
-0.0508,0.0621,1.0261,7.0190,-0.9766,-4.6997
-0.0677,0.0317,1.0450,20.2637,-0.6104,1.0376
-0.0686,0.0969,1.0293,11.3525,7.8125,-0.2441
-0.0222,0.0841,0.9851,10.7422,6.0425,-1.7090
-0.0377,0.0309,1.0160,0.0000,9.3994,-5.4932
-0.0436,0.1302,1.0476,-6.1035,12.3901,-3.7231
-0.0367,0.0820,1.0259,-10.5591,22.5220,-10.1318
0.0056,0.0446,0.9271,-10.6201,12.0850,-6.8359
-0.0228,0.1202,0.9990,-5.4932,9.7046,-3.6621
-0.0179,0.1024,0.9985,-0.7324,10.2539,-4.6387
0.0050,0.0762,0.9613,-1.2817,8.3618,-5.8594
0.0020,0.1315,0.9932,7.9956,-0.1221,0.5493
-0.0131,0.0903,1.0131,4.8218,1.0376,-0.3052
-0.0001,0.0804,0.9956,6.5308,-0.4883,1.3428
-0.0249,0.1704,1.0404,10.8032,-2.8076,1.1597
-0.0280,0.0569,0.9902,9.0942,4.0894,-4.3335
-0.0123,0.0984,1.0265,11.1084,-0.3052,1.6479
-0.0081,0.1217,1.0336,21.3623,-3.3569,2.8687
-0.0394,0.0625,1.0376,28.5034,-3.4180,3.1738
-0.0159,0.0659,1.0134,31.9824,-3.4790,5.1270
-0.0153,0.0508,1.0006,38.6963,-5.7983,6.2866
-0.0365,0.0757,1.0415,30.1514,-6.5308,1.1597
-0.0505,0.0332,1.0079,4.6997,-0.1221,-3.4180
-0.0145,0.0430,1.0190,-5.0049,3.0518,-5.9204
-0.0408,0.0610,1.0171,-4.5776,3.1128,-2.8076
-0.0503,0.0304,1.0060,-3.9062,7.5073,-2.5635
-0.0228,0.0337,0.9994,-0.7935,4.4556,1.0376
-0.0289,0.0780,1.0238,2.1362,3.2349,0.6714
-0.0145,0.0681,1.0107,4.0283,2.5024,-0.8545
-0.0201,0.0604,1.0101,0.2441,0.9766,-2.5635
-0.0465,0.0929,1.0480,6.3477,-0.3662,-1.9531
-0.0275,0.0466,0.9856,-2.5635,5.6763,-7.7515
-0.0286,0.0615,1.0319,-3.2349,2.6245,-6.1035
-0.0413,0.0479,1.0204,1.9531,1.9531,-3.4790
-0.0601,0.1296,1.0623,4.9438,4.4556,-1.5869
-0.0203,0.0895,1.0090,3.2349,12.6343,-8.3008
-0.0020,0.0277,0.9618,-0.7324,9.5825,-7.6904
-0.0300,0.0879,1.0315,-2.6855,4.5776,-4.6387
-0.0145,0.0603,0.9813,5.4321,4.7607,-2.6855
0.0000,0.0865,0.9934,2.8076,0.9155,-0.9766
-0.0115,0.0702,0.9996,5.3711,-1.6479,0.7935
-0.0427,0.0792,1.0051,0.3052,-2.1362,0.1221
-0.0184,0.0892,1.0015,-0.1221,-2.5024,-1.0376
-0.0321,0.1600,1.0614,6.2866,-3.9062,-15.5640
-0.0400,0.0709,1.0140,3.1128,3.9673,-3.1738
-0.0403,0.0760,1.0052,5.8594,1.0376,1.4648
-0.0225,0.1007,1.0054,6.6528,-0.7324,0.6104
-0.0182,0.1432,1.0186,7.3242,-0.7324,-1.4648
FIN_VENTANA
Progreso: 18/20
INICIO_VENTANA derecha
-0.0487,0.0873,1.0355,4.3945,1.0986,0.8545
-0.0323,0.0869,1.0072,6.1646,3.2959,-0.4883
-0.0299,0.0592,0.9991,4.9438,2.1973,-0.7324
-0.0470,0.0864,1.0229,2.9297,2.0142,-0.8545
-0.0419,0.0675,1.0135,3.7231,2.7466,-0.9766
-0.0323,0.0752,0.9969,3.1128,2.7466,-0.0610
-0.0447,0.0684,1.0117,2.5024,1.4038,-0.5493
-0.0454,0.0796,1.0201,9.2163,1.6479,1.5259
-0.0571,0.0859,1.0466,7.9956,2.8687,-0.9766
-0.0258,0.0492,0.9927,3.4790,3.4790,-1.7700
-0.0392,0.0880,1.0222,4.6997,0.0000,1.2207
-0.0524,0.0946,1.0262,6.1646,0.6104,-0.1831
-0.0511,0.0515,1.0060,5.0049,3.6011,-2.7466
-0.0345,0.0811,1.0059,4.8218,2.3804,-1.0986
-0.0426,0.0836,1.0126,5.3711,2.0752,-0.6714
-0.0453,0.0708,1.0070,4.0283,1.9531,-0.9155
-0.0491,0.0892,1.0276,4.0283,1.5259,-0.2441
-0.0323,0.0918,1.0131,5.7373,3.1128,-0.7324
-0.0520,0.0817,1.0363,6.4697,2.4414,-1.0986
-0.0457,0.0343,1.0048,7.3853,3.0518,0.3052
-0.0488,0.0992,1.0476,9.5215,0.6104,1.8921
-0.0448,0.0565,1.0144,9.5825,3.7842,-0.6104
-0.0416,0.0695,1.0175,5.5542,1.2817,0.0610
-0.0446,0.0729,1.0184,4.5166,1.0986,0.5493
-0.0526,0.0795,1.0206,6.4697,2.6245,0.4883
-0.0405,0.0763,1.0006,4.7607,2.7466,-0.7324
-0.0403,0.0763,1.0114,5.1270,2.1973,0.0000
-0.0509,0.0707,1.0187,1.8311,1.7090,-0.8545
-0.0555,0.0763,1.0282,3.7842,2.6245,-0.9766
-0.0378,0.0747,1.0016,8.4229,3.6621,-0.8545
-0.0436,0.0874,1.0260,4.8218,2.5635,-1.9531
-0.0427,0.0406,0.9917,4.9438,2.8076,-1.7700
-0.0482,0.0907,1.0276,2.7466,2.0142,-0.9766
-0.0431,0.0803,1.0125,5.6763,1.4648,-0.1221
-0.0471,0.0657,1.0094,7.2021,2.1973,-0.7324
-0.0511,0.0490,1.0181,7.3853,0.4883,1.3428
-0.0513,0.1000,1.0287,5.3711,0.7935,1.2207
-0.0475,0.0861,1.0089,4.2114,1.9531,-0.1221
-0.0546,0.0935,1.0209,3.7842,3.1738,-1.2207
-0.0415,0.0643,0.9929,6.3477,3.2959,-0.6714
-0.0452,0.0601,1.0002,6.4087,3.0518,-0.6104
-0.0596,0.0945,1.0409,5.5542,2.1362,0.4272
-0.0519,0.0846,1.0165,5.0049,4.3335,-0.9766
-0.0370,0.0858,1.0088,5.5542,3.9062,-1.5259
-0.0393,0.0638,1.0027,3.4790,1.7700,-0.9155
-0.0541,0.0658,1.0162,4.1504,1.4038,-0.6714
-0.0631,0.1024,1.0410,8.4229,2.8076,-0.6104
-0.0426,0.0815,1.0161,3.1738,3.7842,-2.5635
-0.0470,0.0656,1.0059,7.9956,3.9062,-1.4038
-0.0665,0.0729,1.0386,8.2397,2.9907,-0.3662
-0.0482,0.0795,1.0320,10.5591,6.7139,-1.0986
-0.0359,0.1498,1.0367,11.4136,6.4697,-2.6245
-0.0444,0.0703,1.0006,13.9771,8.9111,-6.5918
-0.0532,0.0875,1.0497,20.0806,7.9956,-10.6812
-0.0327,0.0173,1.0013,12.5122,15.2588,-10.3149
-0.0289,0.0044,1.0311,8.5449,11.6577,-9.1553
0.0139,0.0549,0.9679,2.7466,9.9487,-3.9062
0.0016,0.1046,0.9879,0.4883,4.5776,-0.5493
-0.0063,0.0569,0.9845,-7.0190,6.4697,-8.7280
0.0239,0.0300,0.9642,1.3428,-3.4180,-0.0610
-0.0214,0.0941,1.0780,0.6104,-7.0801,-0.4272
-0.0446,0.0544,1.0217,6.1035,0.0000,-2.0142
-0.0276,0.0715,1.0037,5.3101,-2.6855,0.1831
-0.0471,0.0924,1.0742,5.6763,-2.7466,-0.7935
-0.0363,0.0494,1.0189,4.8828,3.1738,-0.9155
-0.0156,0.0685,1.0002,-0.2441,3.4790,-0.9155
-0.0345,0.0886,1.0223,1.9531,3.1128,1.0376
-0.0432,0.0726,1.0247,3.8452,3.5400,0.2441
-0.0226,0.0706,1.0022,8.7891,5.8594,0.2441
0.0052,0.0703,0.9646,4.6387,3.1128,-0.3052
-0.0294,0.1344,1.0535,3.4790,-1.9531,0.0610
-0.0420,0.0580,1.0142,7.2021,3.1738,-1.6479
-0.0315,0.0447,1.0017,1.3428,2.8076,-1.9531
-0.0360,0.0771,1.0308,3.9062,1.7090,1.0986
-0.0096,0.1349,1.0005,7.5684,0.9766,3.6621
-0.0255,0.0437,0.9933,4.6997,2.8076,-1.3428
-0.0487,0.0653,1.0247,4.8828,1.1597,0.4883
-0.0421,0.0800,1.0276,4.5776,2.5635,1.7700
-0.0210,0.0811,1.0018,5.1880,2.5635,1.5259
-0.0275,0.1094,1.0276,7.9956,2.2583,0.4883
-0.0289,0.0549,0.9940,2.8687,3.7842,-1.4038
-0.0426,0.0619,1.0217,-0.8545,1.7090,-1.4648
-0.0430,0.0957,1.0338,2.8687,3.3569,-1.5259
-0.0198,0.0480,0.9911,7.2632,4.2114,-1.5259
-0.0171,0.0946,1.0070,5.3101,1.3428,-0.3052
-0.0333,0.0786,1.0018,2.7466,0.9766,-0.3052
-0.0538,0.0873,1.0385,5.6152,0.1221,0.7324
-0.0485,0.0933,1.0326,6.7749,3.8452,-0.3662
-0.0305,0.0854,1.0087,3.1738,5.9814,-2.0752
0.0009,0.1050,0.9912,1.7700,1.2207,-0.3662
-0.0406,0.0997,1.0325,4.6387,-0.6714,-0.7324
-0.0560,0.0950,1.0298,5.7983,2.6855,-1.3428
-0.0403,0.0707,1.0081,2.8076,4.6387,-1.7090
-0.0249,0.0937,1.0116,7.5684,3.3569,0.6714
-0.0209,0.0703,1.0004,9.1553,2.7466,0.1221
-0.0309,0.0969,1.0229,6.1035,0.6714,0.9155
-0.0444,0.0627,1.0264,8.2397,1.9531,1.7700
-0.0397,0.0676,1.0073,7.0801,3.1128,0.3662
-0.0284,0.0979,1.0079,5.7983,1.7700,1.3428
-0.0477,0.0990,1.0396,3.3569,1.3428,-0.5493
FIN_VENTANA
Progreso: 19/20
INICIO_VENTANA derecha
-0.0525,0.0819,1.0026,6.6528,4.9438,-13.1836
-0.0118,0.0487,1.0270,7.9346,2.2583,-7.0801
-0.0513,-0.0189,1.0431,17.7002,0.4272,7.8125
-0.0449,0.1212,1.0449,19.3481,1.0376,6.9580
-0.0073,0.1290,1.0188,4.3945,6.4697,1.7090
0.0168,0.0797,0.9650,-3.2959,6.2866,-4.5776
-0.0165,0.0488,0.9926,0.4272,-1.5259,-2.3804
-0.0577,0.0945,1.0502,4.6387,-1.6479,2.8687
-0.0680,0.0813,1.0457,3.9673,2.9297,-1.2817
-0.0085,0.1058,0.9796,-0.4883,4.8828,-2.5635
-0.0138,0.0853,0.9976,1.4648,-0.2441,-1.4038
-0.0354,0.0891,1.0084,-0.6104,0.6714,-4.8218
-0.0582,0.0339,1.0326,4.4556,-0.2441,0.7324
-0.0520,0.0566,1.0254,1.7700,2.8687,-0.8545
-0.0248,0.1481,1.0260,1.8921,0.0000,3.6011
-0.0256,0.1165,1.0059,0.7935,2.1973,-0.7935
-0.0372,0.0839,1.0142,4.2725,1.2207,-1.4648
-0.0488,0.0446,1.0171,15.6860,0.0000,8.9722
-0.0549,0.1095,1.0388,14.4653,-0.4272,8.6060
-0.0283,0.1500,1.0306,7.9956,3.5400,4.0894
-0.0154,0.1057,0.9810,2.9297,3.4180,-2.2583
-0.0485,0.0690,1.0173,2.0752,2.3804,-2.2583
-0.0529,0.1016,1.0288,3.8452,2.3804,0.6104
-0.0399,0.1124,1.0200,4.8218,4.0283,0.6104
-0.0200,0.0844,0.9836,2.1973,5.6763,-2.6245
-0.0288,0.0815,1.0076,6.4087,0.1831,1.0986
-0.0673,0.0884,1.0397,10.2539,0.3052,2.1973
-0.0515,0.0670,1.0144,10.4370,3.4790,1.5869
-0.0304,0.0908,1.0242,12.5732,0.8545,6.5308
-0.0433,0.0930,1.0162,12.5122,3.6011,5.3101
-0.0532,0.0620,1.0120,8.7891,4.7607,4.5776
-0.0443,0.0797,1.0205,6.4087,2.5635,4.0283
-0.0437,0.1152,1.0381,7.6904,4.3335,3.3569
-0.0312,0.0577,0.9789,2.6855,8.1787,-3.6011
-0.0203,0.0713,0.9999,1.1597,4.6387,-1.2817
-0.0409,0.0918,1.0242,3.8452,0.9155,0.9766
-0.0507,0.1049,1.0361,3.2349,2.8076,-2.0142
-0.0356,0.0723,1.0093,3.7842,4.6387,-2.9297
-0.0287,0.0637,1.0100,1.8921,0.7935,-0.3052
-0.0621,0.0587,1.0446,5.4321,1.5259,0.3052
-0.0486,0.0925,1.0323,7.5073,3.1128,0.4883
-0.0276,0.0994,1.0206,4.9438,2.8687,-1.2207
-0.0367,0.0649,1.0090,3.0518,1.4038,-1.1597
-0.0389,0.0817,1.0283,6.4697,0.3662,0.8545
-0.0430,0.1018,1.0211,7.8735,1.9531,1.0986
-0.0402,0.0880,1.0043,5.0049,4.5776,-2.0142
-0.0365,0.0907,1.0109,3.6011,1.7700,-1.1597
-0.0327,0.0935,1.0131,3.6621,2.5024,-2.0752
-0.0417,0.0765,1.0006,10.4370,1.6479,2.0142
-0.0493,0.0984,1.0037,5.8594,3.2959,-0.7324
-0.0457,0.0881,1.0123,4.4556,2.9297,-1.4648
-0.0402,0.0759,1.0270,5.3101,2.4414,-0.3052
-0.0349,0.0865,1.0168,8.5449,2.9297,0.3662
-0.0417,0.0973,1.0060,7.1411,2.9297,0.4883
-0.0359,0.0802,1.0137,4.8218,0.1831,-0.4883
-0.0414,0.1111,1.0372,4.2725,0.6714,-0.2441
-0.0405,0.0791,1.0161,6.5918,3.1128,-2.3193
-0.0372,0.0757,1.0048,8.7891,0.9766,-0.7324
-0.0520,0.0919,1.0349,7.2632,0.6714,-1.5259
-0.0437,0.0894,1.0212,6.8970,2.6245,-2.5024
-0.0355,0.0721,0.9972,10.8643,4.2114,-1.8311
-0.0446,0.0577,1.0094,7.6904,0.7324,0.0000
-0.0574,0.0667,1.0168,7.5073,2.3193,0.7324
-0.0619,0.0951,1.0455,8.4839,4.0283,0.9766
-0.0446,0.0452,1.0164,-0.6104,8.6670,-2.0142
-0.0184,0.0753,1.0223,3.1128,4.8828,1.8311
-0.0248,0.0695,1.0037,7.9956,2.6245,2.3804
-0.0338,0.1055,1.0446,5.2490,1.0986,1.3428
-0.0385,0.0697,1.0084,9.7046,4.1504,0.9155
-0.0387,0.0635,1.0189,4.0283,4.0283,-1.0986
-0.0305,0.0563,1.0129,4.6997,3.7842,-0.2441
-0.0358,0.0613,1.0217,7.9956,1.8311,1.8921
-0.0452,0.0796,1.0391,7.4463,2.5635,1.8921
-0.0312,0.0820,1.0048,8.1787,5.4321,-0.8545
-0.0358,0.0691,1.0250,6.1646,2.8687,0.9155
-0.0294,0.0594,0.9989,6.0425,3.7231,0.6104
-0.0361,0.0908,1.0414,10.1318,0.5493,4.2725
-0.0336,0.0627,1.0096,9.7656,4.5776,1.2817
-0.0297,0.0723,1.0245,7.1411,4.0894,0.2441
-0.0287,0.0557,1.0186,7.3242,1.7090,1.4648
-0.0405,0.0848,1.0350,9.0942,2.4414,1.0986
-0.0306,0.0378,1.0079,5.2490,3.9062,1.8311
-0.0341,0.0500,1.0105,0.2441,3.8452,-1.4648
-0.0270,0.0693,1.0187,3.2959,2.3804,0.1831
-0.0469,0.0930,1.0417,4.2725,2.8687,0.4272
-0.0256,0.0712,1.0105,2.0752,6.2866,-2.5024
-0.0209,0.0627,1.0009,0.9155,4.6387,-2.1362
-0.0209,0.0804,1.0011,1.8921,3.1128,-1.1597
-0.0369,0.0337,1.0095,6.8359,2.0752,-0.4272
-0.0382,0.0778,1.0348,6.6528,1.2207,0.7935
-0.0243,0.0859,1.0276,3.0518,2.7466,-0.9155
-0.0308,0.0631,1.0164,5.2490,2.8076,-0.9155
-0.0305,0.0709,1.0170,8.6060,2.1973,0.5493
-0.0360,0.0745,1.0225,4.0283,3.1738,-0.2441
-0.0271,0.0453,1.0022,2.0142,4.2725,-1.4648
-0.0255,0.0914,1.0364,5.2490,4.2114,-0.9155
-0.0240,0.0634,1.0009,4.3945,2.9297,-0.7935
-0.0366,0.0781,1.0278,5.7373,1.0986,0.5493
-0.0338,0.0857,1.0212,3.5400,3.4790,-1.7090
-0.0176,0.0806,1.0128,2.3193,3.4180,-2.3804
FIN_VENTANA
Progreso: 20/20
Lote completado: derecha
Listo para nueva etiqueta. Formato: <etiqueta> <numero_de_ventanas>
INICIO_VENTANA izquierda
-0.1449,-0.3020,0.9718,12.8784,8.5449,-0.4883
-0.1251,-0.3152,0.9604,18.7988,4.6997,-0.6714
-0.1423,-0.3124,0.9418,11.6577,3.6621,1.6479
-0.1637,-0.3531,1.0134,10.3760,-2.1362,-2.5024
-0.1714,-0.3160,0.9590,5.0659,4.6997,-1.6479
-0.1561,-0.3236,0.9241,-3.4180,5.3711,-2.5024
-0.1461,-0.3185,0.9856,9.7046,-1.9531,-4.4556
-0.1521,-0.3206,1.0210,20.6299,-1.4648,-3.5400
-0.1620,-0.3400,0.9523,22.1558,2.9907,0.8545
-0.1621,-0.3428,0.9756,23.0713,2.5635,2.3193
-0.1606,-0.3538,0.9675,7.2021,4.9438,1.6479
-0.1400,-0.3497,0.9802,-1.0376,6.2866,2.2583
-0.1306,-0.3304,0.9713,-6.1646,7.1411,1.3428
-0.1454,-0.3256,0.9800,8.9111,2.1362,-0.6104
-0.1603,-0.3643,0.9825,1.8311,4.6997,-2.8076
-0.1434,-0.3273,0.9646,2.0142,3.1128,-1.4648
-0.1487,-0.3209,0.9949,-6.2866,2.6245,-1.6479
-0.1508,-0.3129,0.9805,0.9155,3.6621,-0.3662
-0.1545,-0.3146,0.9542,7.9956,2.5635,0.1831
-0.1527,-0.3297,0.9835,8.3618,-0.3052,-1.4648
-0.1543,-0.3402,0.9922,9.2163,2.7466,-0.3662
-0.1360,-0.3076,0.9696,2.1362,3.1128,0.0610
-0.1443,-0.3051,0.9503,0.5493,4.2114,-0.1831
-0.1649,-0.3273,0.9482,5.7373,0.6714,-2.0752
-0.1512,-0.3250,0.9952,5.4321,3.4180,-0.2441
-0.1567,-0.3358,0.9880,4.4556,6.2866,-0.9766
-0.1447,-0.3339,0.9866,1.4038,3.6621,-0.5493
-0.1429,-0.3229,0.9734,5.5542,3.5400,-0.0610
-0.1547,-0.3306,1.0138,5.6152,4.4556,1.2817
-0.1377,-0.3049,0.9692,6.8359,4.8218,1.9531
-0.1230,-0.2976,0.9675,2.9907,2.5635,-0.4272
-0.1658,-0.3398,0.9845,0.6104,2.9907,-1.5259
-0.1277,-0.2877,0.9915,1.2817,4.5166,0.0000
-0.1538,-0.3157,0.9622,0.4272,3.7231,-3.1128
-0.1426,-0.2894,0.9875,-0.1831,3.7842,-1.5259
-0.1333,-0.2965,0.9985,3.7231,5.2490,-1.4648
-0.1305,-0.2878,1.0027,9.3994,2.2583,-1.6479
-0.1213,-0.2903,1.0269,13.9160,2.1973,-3.8452
-0.1393,-0.3051,0.9658,12.8174,4.2725,-5.4321
-0.1646,-0.3219,0.9739,13.0615,5.4932,-5.3711
-0.1564,-0.3501,0.9622,5.4932,1.5869,-5.3101
-0.1775,-0.3475,0.9293,-1.9531,9.1553,-4.2725
-0.1205,-0.3186,0.9994,2.9907,6.4087,-1.8311
-0.1522,-0.3313,1.0090,-3.5400,4.8218,-2.3804
-0.1279,-0.2883,1.0007,-0.4883,7.6904,0.3662
-0.1235,-0.3003,0.9901,2.6245,5.5542,-1.4038
-0.1017,-0.2606,1.0100,-4.3945,3.4790,0.7324
-0.0876,-0.2317,1.0056,-2.6245,3.4180,-2.5024
-0.1128,-0.2561,0.9785,6.0425,6.1035,-4.3945
-0.1537,-0.3401,1.0249,6.2866,4.0283,-6.2866
-0.1638,-0.3531,0.9951,5.3711,5.0659,-1.1597
-0.1377,-0.3224,0.9791,4.8828,1.4038,-0.0610
-0.1552,-0.3413,0.9916,-4.3945,1.0376,-1.2207
-0.1116,-0.2781,1.0118,10.3149,2.6245,-0.0610
-0.1835,-0.3502,1.0101,10.1318,2.1973,-4.4556
-0.1521,-0.3820,1.0331,23.3154,7.8735,1.0986
-0.1078,-0.2848,1.0505,34.9731,2.1973,1.8921
-0.1250,-0.3174,0.9585,21.1182,7.7515,-1.1597
-0.1090,-0.3042,0.9285,7.8125,8.5449,2.0142
-0.1056,-0.2408,0.7314,-1.2817,3.6621,-4.8828
-0.1399,-0.3180,0.9741,-7.6294,-10.8032,-9.2773
-0.1434,-0.2819,0.9849,-4.3945,-5.1270,-3.2959
-0.1581,-0.3265,0.9462,4.3945,3.1128,-0.7935
-0.1287,-0.3080,0.9373,9.2773,2.8687,1.7090
-0.1160,-0.2655,0.8839,8.0566,3.1128,2.9297
-0.1490,-0.3330,1.0037,3.9673,-7.3242,-0.6104
-0.1744,-0.3519,1.0861,1.8311,4.5776,0.4272
-0.1528,-0.3411,1.0289,6.3477,5.9204,-0.7935
-0.1477,-0.3126,1.0115,6.9580,2.8076,1.2817
-0.1407,-0.3267,1.0498,9.5825,-0.9766,0.5493
-0.1262,-0.3004,1.0518,5.0659,1.7700,2.3804
-0.1443,-0.3071,0.9364,9.3384,6.5308,0.6714
-0.1216,-0.2933,0.9556,15.4419,1.5869,1.7700
-0.1462,-0.2916,0.8909,17.7002,-0.0610,1.3428
-0.1688,-0.3665,0.9872,14.4653,-4.8828,-1.5259
-0.1678,-0.3627,0.9758,6.1646,-0.7935,2.7466
-0.1570,-0.3491,0.9893,0.0000,-3.1128,3.1128
-0.1266,-0.3215,1.0194,-0.3052,-1.0376,2.3193
-0.1433,-0.3131,1.0057,9.0942,-0.9155,1.8311
-0.1488,-0.3359,1.0345,8.1787,4.4556,0.3052
-0.1492,-0.3292,0.9420,5.7983,7.9956,2.4414
-0.1191,-0.2925,0.8318,0.2441,1.5869,2.8076
-0.1100,-0.2833,0.9762,-2.9297,-2.1973,-0.8545
-0.1316,-0.2932,1.0004,-0.1221,-2.3193,-2.8687
-0.1564,-0.3564,1.0068,10.9863,1.1597,-3.9062
-0.1606,-0.3398,1.0043,18.1885,0.6104,-2.4414
-0.1680,-0.3500,0.9799,10.6812,1.5869,-1.5869
-0.1779,-0.3496,0.9700,3.3569,0.9155,1.8921
-0.1414,-0.2992,0.9492,7.0190,-1.2817,6.6528
-0.1106,-0.2678,0.9807,9.0942,-0.7935,3.0518
-0.1426,-0.3168,0.9354,-0.4272,4.0894,-0.7324
-0.1598,-0.3151,0.8912,-2.6855,1.7090,-2.8687
-0.1436,-0.3037,0.9482,1.3428,-4.0283,-0.6714
-0.1622,-0.3319,1.0059,3.6011,-3.3569,-3.9673
-0.1809,-0.3525,1.0518,9.9487,3.6621,-2.0142
-0.1409,-0.3125,0.9225,18.4937,8.6060,5.2490
-0.1442,-0.3333,0.9623,3.2959,3.2959,-0.1831
-0.1677,-0.3489,1.0051,2.6245,2.3804,0.3052
-0.1346,-0.2979,0.9792,8.6670,4.6387,4.5166
-0.1196,-0.2975,0.9297,11.1084,5.6152,1.2207
FIN_VENTANA
Progreso: 1/20
INICIO_VENTANA izquierda
-0.1525,-0.3480,1.0129,7.1411,0.5493,1.2207
-0.1479,-0.3342,0.9827,5.1270,6.1646,1.2817
-0.1315,-0.3252,0.8911,5.9814,4.8218,0.3052
-0.1497,-0.3553,0.9126,8.9111,-0.6714,-2.9907
-0.1544,-0.3572,0.9447,5.4932,-2.0752,-3.3569
-0.1516,-0.4036,1.0525,12.3901,-3.9673,-1.7090
-0.1685,-0.3948,0.9900,13.7939,6.6528,2.9297
-0.1356,-0.3605,0.9602,10.3760,1.5259,2.0142
-0.1436,-0.3672,0.9677,10.0708,1.0986,-0.6104
-0.1555,-0.3820,1.0018,3.4790,1.1597,-2.1973
-0.1630,-0.3702,0.9686,3.6621,7.5684,-0.2441
-0.1307,-0.3391,0.8816,3.2349,8.3008,-0.1831
-0.1455,-0.3387,0.8835,0.7935,0.6714,-2.4414
-0.1816,-0.4028,0.9813,4.7607,-2.1362,-4.3945
-0.1682,-0.3812,1.0201,4.2114,4.3945,1.2207
-0.1494,-0.3491,0.9266,5.4932,6.1035,1.3428
-0.1434,-0.3359,0.9246,0.4272,7.2021,-0.2441
-0.1639,-0.3824,0.9789,1.2207,3.4790,-1.4648
-0.1584,-0.3661,0.9506,0.7324,6.5918,1.8311
-0.1448,-0.3458,0.9548,-3.9673,4.7607,1.4038
-0.1366,-0.3556,0.9894,1.2207,3.2349,-0.4272
-0.1360,-0.3398,0.9574,6.7139,3.7231,1.2817
-0.1538,-0.3807,1.0005,4.2114,3.6011,0.6714
-0.1523,-0.3718,0.9550,10.3760,4.8828,2.0752
-0.1514,-0.3854,0.9288,1.7090,9.3994,1.7090
-0.1367,-0.3518,0.9548,3.6621,2.3193,2.5635
-0.1364,-0.3314,0.9729,-1.1597,5.2490,0.6714
-0.1461,-0.3463,0.9713,1.7700,3.2349,-0.9766
-0.1476,-0.3361,0.9747,9.7046,3.1128,-0.0610
-0.1207,-0.3251,0.9012,6.1035,4.7607,-1.5259
-0.1394,-0.3669,0.9647,0.4883,0.6104,-3.1738
-0.1633,-0.3757,1.0270,0.2441,-0.8545,-1.5869
-0.1515,-0.3545,1.0316,5.6763,3.2349,0.7324
-0.1158,-0.3192,0.9209,4.6997,10.0708,2.4414
-0.1176,-0.3346,0.8912,6.8359,5.0659,0.1831
-0.1428,-0.3625,1.0104,2.8687,-2.9907,-3.1128
-0.1484,-0.3629,1.0093,5.8594,7.4463,1.1597
-0.1183,-0.3351,0.9172,7.9346,4.7607,0.6104
-0.1307,-0.3544,0.9795,5.4321,-1.3428,-3.6011
-0.1538,-0.3732,0.9985,10.9253,-0.5493,-2.0142
-0.1582,-0.3689,0.9449,12.0239,4.0894,2.3804
-0.1268,-0.3424,0.9189,13.7329,4.0283,2.3804
-0.1288,-0.3325,0.9303,11.6577,-0.4272,0.9155
-0.1469,-0.3501,0.9591,13.1226,-1.0376,2.6855
-0.1351,-0.3553,1.0117,13.0005,-0.2441,4.3945
-0.1244,-0.3535,0.9961,11.3525,4.0894,2.4414
-0.1345,-0.3942,0.9731,10.1929,6.4697,1.0986
-0.1416,-0.3987,0.9048,10.9253,3.0518,2.1973
-0.1338,-0.4032,1.0079,8.9722,-1.2817,2.9907
-0.1425,-0.3851,0.9243,1.5259,7.0801,4.9438
-0.1241,-0.3655,0.9135,6.4087,4.2725,5.9204
-0.1017,-0.3405,0.9285,6.7749,4.2114,4.2725
-0.1138,-0.3635,0.9501,1.9531,1.7700,0.1831
-0.1433,-0.3816,0.9919,9.8877,-3.4180,-1.1597
-0.1560,-0.3909,0.9413,4.4556,3.9062,-0.2441
-0.1490,-0.3848,0.9149,3.9062,0.9766,2.0142
-0.1572,-0.3904,0.9999,5.6763,-5.1270,2.9907
-0.1554,-0.4011,0.9668,13.8550,1.2817,8.4839
-0.1462,-0.3937,0.9523,16.2964,3.7842,7.0190
-0.1294,-0.3807,0.9534,9.0942,4.2114,6.6528
-0.1309,-0.3848,0.8706,3.0518,6.8359,7.6904
-0.1157,-0.3722,1.0027,6.7139,-4.4556,4.6387
-0.1171,-0.3710,0.9215,4.3945,4.8828,2.8076
-0.1353,-0.4070,0.9919,0.6104,-0.9155,-0.9155
-0.1198,-0.3676,0.9259,-3.4790,6.2866,3.0518
-0.1146,-0.3489,0.9366,3.5400,-1.9531,-1.5869
-0.1260,-0.4033,0.9885,8.9111,-3.2959,-3.4790
-0.1381,-0.3855,0.9314,13.5498,-1.7090,-2.3804
-0.0980,-0.4033,0.9504,17.3950,-4.9438,-5.0659
-0.1620,-0.4291,0.9364,10.9863,0.4272,-3.7842
-0.1781,-0.4197,0.9921,7.9346,-2.3193,-0.0610
-0.1490,-0.4099,0.9965,8.0566,2.1362,3.4180
-0.1227,-0.3604,0.9259,4.2114,4.8218,1.5259
-0.1150,-0.3561,0.9111,0.0000,5.1880,-0.9766
-0.1294,-0.3582,0.9459,3.6621,1.8311,-1.9531
-0.1359,-0.3754,0.9686,3.6011,2.3804,-2.0142
-0.1592,-0.3958,0.9592,7.1411,4.8218,-3.1128
-0.1566,-0.4244,0.9368,11.9629,3.9062,-2.0142
-0.1632,-0.4182,0.9763,4.0894,-0.4272,-1.4038
-0.1654,-0.4191,0.9445,2.9297,3.8452,0.7324
-0.1461,-0.3872,0.9799,2.2583,2.5024,3.0518
-0.1403,-0.3987,0.9805,4.5166,4.0283,1.0986
-0.1172,-0.3838,0.9724,14.1602,0.4883,0.9155
-0.1298,-0.3922,0.9332,7.9346,4.4556,-1.5869
-0.1396,-0.3998,0.9886,5.8594,1.0376,-0.6104
-0.1262,-0.3873,0.9468,8.6670,4.3945,-0.6714
-0.1179,-0.3823,0.9360,7.8125,5.0049,1.2207
-0.1069,-0.3682,0.8667,2.6855,1.9531,-1.8311
-0.1161,-0.3862,0.9585,0.9155,0.9766,-2.4414
-0.1376,-0.3921,0.9760,5.0659,0.2441,-2.6245
-0.1442,-0.4061,0.9810,4.8218,1.5869,-2.7466
-0.1648,-0.4369,0.9736,5.7373,2.2583,-2.6855
-0.1683,-0.4183,0.9476,2.9297,3.2349,0.1831
-0.1505,-0.4012,0.9613,7.8125,5.8594,1.7090
-0.1531,-0.3962,0.9188,10.3149,2.9907,0.7324
-0.1331,-0.3914,0.9435,10.0098,3.7231,1.7700
-0.1000,-0.3748,0.8944,8.9111,4.3945,2.8076
-0.1058,-0.3771,0.9004,-0.1221,4.1504,0.9766
-0.1379,-0.4066,0.9385,0.7935,-4.6387,-2.3804
-0.1554,-0.4236,1.0372,5.8594,-2.9907,-1.8311
FIN_VENTANA
Progreso: 2/20
INICIO_VENTANA izquierda
-0.1644,-0.4468,0.9313,5.9814,4.2725,-0.0610
-0.1451,-0.4166,0.9192,1.4648,3.4790,0.5493
-0.1570,-0.4454,0.9849,2.0142,2.4414,0.7935
-0.1404,-0.4167,0.9266,1.5259,7.8125,4.8828
-0.0962,-0.3486,0.8207,10.4980,6.7749,7.5073
-0.1528,-0.4044,0.8802,8.6670,-3.3569,-1.7700
-0.1595,-0.4425,1.0140,3.1738,-2.3193,-2.5635
-0.1421,-0.3927,0.9001,-1.9531,5.6763,0.3662
-0.1279,-0.3951,0.9091,1.0986,4.6387,-1.3428
-0.1588,-0.4297,0.9502,0.1831,2.1362,-3.5400
-0.1626,-0.4756,1.0698,1.9531,0.3662,-3.1128
-0.1348,-0.4174,0.9966,7.0190,8.6670,3.4180
-0.1259,-0.3933,0.9192,5.4932,8.7280,-0.3052
-0.0946,-0.3390,0.8606,0.4272,7.7515,-0.9766
-0.0896,-0.3214,0.8920,-0.8545,0.4883,-3.4790
-0.1599,-0.4236,0.8982,-1.7700,2.4414,-1.0376
-0.1781,-0.4059,0.8341,-9.4604,9.5215,4.3335
-0.1522,-0.4032,1.0035,-27.5269,7.8125,6.4087
-0.1213,-0.3407,0.9116,-7.2021,10.3760,12.8174
-0.0826,-0.2894,0.8391,10.6201,6.2256,10.2539
-0.0879,-0.3297,0.9512,44.9829,-10.5591,4.0283
-0.1160,-0.3840,1.0736,49.3774,-8.4839,2.5024
-0.1385,-0.4209,0.9451,42.0532,1.2817,-1.7090
-0.1014,-0.4235,0.9392,35.4004,-1.7700,-4.8218
-0.1362,-0.4332,0.8986,27.8931,-2.0752,-8.1177
-0.1655,-0.4874,0.9824,15.3198,-5.4932,-12.8174
-0.2527,-0.5477,0.8585,-2.3193,0.1831,-13.7329
-0.2056,-0.5004,1.0100,-35.7056,-3.5400,-13.7939
-0.1510,-0.3861,0.9481,-47.2412,16.0522,-15.4419
-0.1735,-0.4054,0.9280,-55.6641,16.2964,-12.0239
-0.1691,-0.3508,0.9363,-22.4609,3.2349,-3.1738
-0.1649,-0.3781,1.0641,13.7939,-1.9531,0.4272
-0.1975,-0.4224,1.0634,29.1138,2.8076,5.3711
-0.0874,-0.3300,1.0000,7.4463,20.0806,14.1602
-0.0144,-0.2028,0.8091,12.3291,7.9956,2.0142
-0.1105,-0.3647,0.9661,6.7139,-5.7983,-10.6812
-0.1974,-0.4934,1.0645,14.8926,-13.6108,-8.6670
-0.2516,-0.5245,1.0354,5.0659,2.1973,-0.3052
-0.1335,-0.3694,1.0845,-6.6528,7.5073,4.0283
-0.1298,-0.4033,0.9716,-20.7520,16.0522,-1.9531
-0.1185,-0.3964,1.0293,-3.7231,6.7139,3.6621
-0.0583,-0.3516,0.9344,26.1230,15.6860,8.6060
-0.0249,-0.2717,0.8884,50.9644,3.2959,7.8125
-0.0631,-0.2992,0.8517,33.2031,2.6245,-0.4883
-0.1592,-0.2965,0.6942,29.4189,-2.1973,-12.0850
-0.2794,-0.5189,0.8691,27.6489,-30.7617,-25.3296
-0.2343,-0.5117,1.0076,10.2539,-13.3057,-10.5591
-0.2339,-0.3844,0.7784,21.6064,-1.8921,-9.7656
-0.2393,-0.4590,0.9156,19.0430,1.0376,-14.7095
-0.2695,-0.5316,1.0625,38.8794,-11.5356,-17.5781
-0.2607,-0.5837,1.0281,50.5371,7.6294,-6.8359
-0.1495,-0.4482,0.8400,45.1660,11.5356,5.6152
-0.0715,-0.3894,0.8146,47.3633,-0.5493,4.4556
-0.0903,-0.4532,0.8994,21.3013,-3.4790,-4.8218
-0.1537,-0.5907,1.0797,7.9346,2.1973,-9.3384
-0.1921,-0.6047,0.9556,4.9438,13.6108,-2.8076
-0.1840,-0.4923,0.7625,-0.4272,16.6016,1.7090
-0.1564,-0.4875,0.8451,18.6157,2.5635,-2.6855
-0.1781,-0.5496,0.9088,6.1035,2.3804,-4.5166
-0.1841,-0.5353,0.8647,2.1973,7.1411,-0.6104
-0.1725,-0.5017,0.8510,11.9019,7.0190,1.7700
-0.2017,-0.5660,0.8861,-2.6245,7.8125,0.9155
-0.1851,-0.5601,0.9414,-9.2773,7.9346,2.6245
-0.1626,-0.5214,0.8884,-3.9062,9.6436,3.9062
-0.1306,-0.4723,0.8582,-2.4414,5.6152,4.1504
-0.1450,-0.4941,0.8920,-7.3853,2.3193,1.7700
-0.1669,-0.5099,0.8735,-14.0381,5.8594,1.9531
-0.1422,-0.4844,0.8652,6.1035,-0.4272,2.1973
-0.1731,-0.5150,0.9313,5.6763,-1.6479,1.7700
-0.1809,-0.5272,0.9509,4.5166,4.2725,5.7373
-0.1532,-0.4691,0.8561,0.6104,9.8267,8.7280
-0.1401,-0.4595,0.8765,-0.3052,3.7842,5.3711
-0.1307,-0.4675,0.9165,3.1738,-0.3052,0.6714
-0.1536,-0.4822,0.9189,-2.1362,0.3052,-1.3428
-0.1584,-0.4921,0.9167,5.4932,-0.9155,-2.5024
-0.2114,-0.5341,0.9463,-5.1270,-4.1504,-6.3477
-0.1580,-0.4910,0.8662,7.5073,4.8218,0.7324
-0.1630,-0.5226,0.8916,21.2402,1.7090,1.5869
-0.1493,-0.5004,0.9175,13.7329,5.3101,5.6763
-0.1456,-0.4896,0.8762,10.9863,5.7983,6.5918
-0.1210,-0.4493,0.8792,9.9487,2.3193,2.1362
-0.1636,-0.5272,0.9238,3.1738,1.2817,-0.3052
-0.1709,-0.5121,0.9437,-0.6714,5.3711,3.8452
-0.1522,-0.4861,0.8922,2.9907,6.5918,5.1270
-0.1384,-0.4652,0.8663,1.4648,5.2490,2.4414
-0.1549,-0.5164,0.9432,6.5918,1.1597,0.0610
-0.1256,-0.4904,0.9240,6.7749,4.6997,2.3193
-0.1342,-0.4780,0.9072,6.8359,5.1880,3.1128
-0.1333,-0.4762,0.8890,5.9814,5.2490,0.7935
-0.1539,-0.5101,0.8970,5.6763,3.2349,-0.3662
-0.1571,-0.5200,0.9100,4.2114,3.1128,0.8545
-0.1488,-0.5106,0.9048,7.6294,1.8311,0.4272
-0.1373,-0.5020,0.8921,4.4556,6.3477,2.9907
-0.1309,-0.4858,0.8909,8.3008,2.8076,2.3804
-0.1360,-0.4896,0.8971,6.0425,2.1973,0.3662
-0.1299,-0.4913,0.8855,6.7139,2.5635,1.0376
-0.1317,-0.4904,0.8837,12.9395,1.5869,-1.2817
-0.1353,-0.5099,0.9174,12.3291,0.9766,-1.8311
-0.1549,-0.5081,0.9093,11.2305,3.0518,-0.7324
-0.1382,-0.5157,0.8939,10.1929,3.4790,-2.6245
FIN_VENTANA
Progreso: 3/20
INICIO_VENTANA izquierda
-0.1337,-0.4976,0.8519,1.9531,5.4321,1.8921
-0.1526,-0.5344,0.8853,4.1504,-0.7324,-2.0142
-0.1580,-0.5442,0.8929,-1.0986,2.6245,3.1738
-0.1382,-0.5034,0.8558,0.0610,1.8311,1.9531
-0.1484,-0.5143,0.8959,2.0142,2.9907,-0.0610
-0.1376,-0.5233,0.9304,-1.8311,4.0283,3.7842
-0.1139,-0.4813,0.9109,5.9814,5.0049,5.0659
-0.1200,-0.4771,0.8994,7.2021,3.2959,2.5635
-0.1221,-0.4830,0.9033,5.8594,2.1362,-2.4414
-0.1504,-0.5088,0.8994,9.2163,1.5869,-0.6714
-0.1504,-0.5427,0.8982,6.6528,2.0752,0.0610
-0.1315,-0.5137,0.9108,8.8501,1.2817,1.5259
-0.1144,-0.5111,0.9335,3.4790,1.7090,1.2207
-0.1313,-0.5182,0.9108,8.7891,0.9155,-0.8545
-0.1268,-0.5266,0.9152,14.0381,0.0000,-2.4414
-0.1449,-0.5148,0.8492,8.9722,2.1973,-0.9766
-0.1584,-0.4330,0.9429,13.1836,1.5259,-5.7983
-0.1447,-0.5416,0.9093,3.9673,7.9956,-6.3477
-0.1367,-0.5115,0.8810,-0.0610,6.1646,-3.9062
-0.1342,-0.5088,0.8770,8.4839,12.2681,-2.7466
-0.1389,-0.5286,0.8970,13.9160,15.9302,-2.5635
-0.1226,-0.4929,0.7860,14.2212,7.2632,-1.2207
-0.1376,-0.5105,0.8473,17.0288,2.2583,0.4272
-0.1312,-0.5637,0.8854,12.2070,1.7090,2.6855
-0.1375,-0.5474,0.8821,1.0376,0.7935,1.2207
-0.1107,-0.5173,0.8719,-2.6245,5.7373,3.6011
-0.1256,-0.5305,0.8790,3.2959,9.4604,3.9673
-0.1271,-0.5385,0.8721,6.8359,10.3149,0.4272
-0.0989,-0.5315,0.9091,1.6479,5.1270,-1.0986
-0.1215,-0.5352,0.8834,8.4839,6.2256,-2.6855
-0.1113,-0.5483,0.9114,-1.8311,5.7983,-2.8687
-0.1136,-0.5199,0.8987,-18.0054,-0.7324,-3.1128
-0.1171,-0.5022,0.8877,-12.6343,1.4038,-2.6245
-0.1689,-0.4745,0.8757,-18.0664,10.8643,-0.4272
-0.1058,-0.4678,0.9136,4.9438,10.3149,-1.8311
-0.1180,-0.5001,0.9053,20.8130,3.2349,-1.2817
-0.1169,-0.5015,0.8934,18.7988,4.8828,3.2959
-0.1132,-0.5015,0.9210,16.0522,5.6152,3.6621
-0.1028,-0.4515,0.8372,9.0332,1.0376,3.4790
-0.1121,-0.5298,0.8922,10.5591,-1.0376,2.3193
-0.1104,-0.5371,0.8961,7.2632,0.5493,-1.2817
-0.0883,-0.5233,0.9036,-0.4883,0.1221,-2.8687
-0.1036,-0.5100,0.8915,0.6104,-1.2207,-1.4648
-0.1053,-0.5240,0.8976,15.5640,0.3052,0.0610
-0.1219,-0.5361,0.8978,9.2773,3.4180,-1.4648
-0.1029,-0.5120,0.9006,9.7656,-1.2207,-2.6245
-0.1146,-0.5161,0.8744,18.6157,-4.2725,-0.1221
-0.1292,-0.5430,0.8738,27.8931,3.7842,2.9297
-0.1295,-0.6029,0.9773,14.2822,-7.3853,-0.9766
-0.1368,-0.5916,0.9102,2.6855,1.3428,3.8452
-0.1124,-0.5060,0.8638,1.8921,5.5542,2.6245
-0.0981,-0.5447,0.8760,5.0049,1.1597,1.6479
-0.1241,-0.5537,0.9191,1.1597,1.7090,1.2817
-0.1401,-0.5422,0.9032,1.4648,3.7842,0.0000
-0.1239,-0.5322,0.8840,4.6997,4.8218,-2.1362
-0.1124,-0.5288,0.8794,6.8359,4.7607,-1.8311
-0.1172,-0.5271,0.8448,6.1646,4.2725,-0.4883
-0.1176,-0.5416,0.8855,1.5869,2.6855,-2.3193
-0.1244,-0.5695,0.9188,4.0894,3.7231,-1.0376
-0.1191,-0.5477,0.8800,5.2490,6.5918,2.1362
-0.1024,-0.5267,0.8533,7.3853,5.7983,1.1597
-0.0876,-0.5189,0.8998,7.3242,2.3804,-1.5259
-0.1025,-0.5474,0.9346,6.1035,2.1973,-2.3804
-0.1200,-0.5582,0.9102,9.9487,2.9297,-3.6011
-0.1267,-0.5552,0.8807,9.0942,3.1738,-1.3428
-0.1079,-0.5096,0.8676,7.7515,3.0518,-1.5869
-0.1162,-0.5162,0.8541,14.5264,4.0283,-0.8545
-0.1204,-0.4984,0.7939,22.1558,2.9297,-1.0376
-0.1219,-0.5781,0.8732,21.9727,-2.1362,-2.3193
-0.1367,-0.6057,0.9242,3.6621,2.7466,2.9297
-0.1141,-0.6118,0.8621,13.1836,2.3193,2.8687
-0.0875,-0.5614,0.8701,-3.5400,3.4790,2.9907
-0.0796,-0.5483,0.8805,3.7231,5.0049,3.4790
-0.0900,-0.5547,0.8796,4.3335,3.7231,0.1221
-0.1039,-0.5685,0.9069,10.3760,0.3052,-4.0283
-0.1177,-0.5902,0.8990,11.9019,2.8076,-2.9907
-0.1049,-0.5591,0.8864,8.1177,5.4932,-1.1597
-0.1061,-0.5596,0.8361,12.5732,4.3945,-3.1738
-0.1165,-0.5844,0.8254,5.0049,4.6997,-2.3804
-0.1324,-0.6036,0.8724,-0.1221,1.7090,-1.3428
-0.1132,-0.5702,0.8754,3.2959,2.6245,1.7090
-0.1117,-0.5688,0.8817,-0.9766,3.2349,2.2583
-0.1003,-0.5637,0.8752,-3.4790,5.4321,4.3945
-0.0912,-0.5394,0.8733,-1.8921,4.5776,2.4414
-0.0916,-0.5356,0.8497,-2.5024,7.9956,2.9907
-0.1167,-0.5640,0.8566,3.1128,1.6479,-0.7324
-0.1042,-0.5447,0.8584,2.6245,4.2725,1.4648
-0.0975,-0.5753,0.9259,8.8501,3.2349,-0.0610
-0.0742,-0.5367,0.8849,9.6436,3.7231,2.1362
-0.0970,-0.5406,0.8456,5.1880,3.3569,-1.0376
-0.0992,-0.5613,0.8950,5.4932,0.7935,-1.5869
-0.0942,-0.5494,0.8705,8.9111,4.3945,0.8545
-0.1013,-0.5531,0.8538,4.3945,2.7466,-0.3052
-0.1033,-0.5597,0.8850,-1.2817,1.5259,-0.1831
-0.0934,-0.5502,0.9052,0.1831,2.4414,0.5493
-0.0670,-0.5281,0.8745,-1.5259,3.3569,0.6104
-0.0779,-0.5402,0.9089,0.4272,-2.0142,-5.3711
-0.1199,-0.5784,0.9276,0.0610,-1.5869,-5.4932
-0.1251,-0.5563,0.8932,2.6245,4.0283,-1.2207
-0.1211,-0.5007,0.8270,-0.4272,5.7373,2.5635
FIN_VENTANA
Progreso: 4/20
INICIO_VENTANA izquierda
-0.1097,-0.5581,0.9252,3.6011,-1.4648,-3.7842
-0.1116,-0.5654,0.9116,4.7607,1.4648,-1.7090
-0.0907,-0.5261,0.8888,4.6387,2.3804,-1.4038
-0.1183,-0.5204,0.8622,5.6152,3.1128,-2.5024
-0.1271,-0.5232,0.8469,4.3335,3.1128,-1.3428
-0.1116,-0.5255,0.8608,3.3569,2.3193,-0.1831
-0.1036,-0.5594,0.9039,5.3101,4.0894,0.5493
-0.0883,-0.5068,0.8790,2.1362,5.2490,3.1738
-0.1011,-0.5322,0.9065,5.9204,2.8076,-0.9766
-0.1062,-0.5116,0.8894,6.0425,3.2349,0.9155
-0.1182,-0.5187,0.8810,6.1035,2.9297,-1.5259
-0.1160,-0.5359,0.8761,2.2583,4.3945,0.9766
-0.1191,-0.5480,0.8826,-0.8545,5.7373,2.2583
-0.0958,-0.5264,0.8887,-1.5259,6.1035,3.3569
-0.0881,-0.5173,0.9167,2.1362,4.8828,3.1128
-0.0931,-0.5193,0.8838,4.8828,5.3101,2.8687
-0.0894,-0.5219,0.8954,8.0566,1.8921,-1.0376
-0.0881,-0.5579,0.9535,4.8218,1.4648,-2.3193
-0.0735,-0.5435,0.9491,6.0425,6.0425,-0.1221
-0.0787,-0.4945,0.8578,7.3242,3.8452,-2.6245
-0.1173,-0.5389,0.8833,10.8032,1.2817,-5.0659
-0.1183,-0.5406,0.8475,15.2588,1.9531,-4.2114
-0.1322,-0.5360,0.8279,17.1509,0.2441,-4.5776
-0.1147,-0.5652,0.9354,17.4561,-1.1597,-2.9907
-0.1047,-0.5424,0.8921,5.5542,3.0518,0.9155
-0.0836,-0.5356,0.9329,1.4038,0.4272,2.5635
-0.0540,-0.5131,0.9059,-5.2490,1.6479,0.6714
-0.0933,-0.5336,0.9308,-8.6670,1.8921,-1.5259
-0.1012,-0.5289,0.8905,-0.3052,4.5776,-2.3804
-0.1083,-0.4973,0.8724,1.1597,0.5493,-2.9297
-0.1327,-0.5573,0.9087,0.4272,3.1128,-3.2959
-0.1089,-0.5066,0.8677,7.5684,3.5400,1.2817
-0.0953,-0.5015,0.8667,2.9297,0.1831,-1.7090
-0.0977,-0.5397,0.9052,8.6060,1.7090,-2.6245
-0.1128,-0.5059,0.8677,7.9346,4.1504,-0.3662
-0.1359,-0.5280,0.8348,7.7515,4.9438,0.0000
-0.1284,-0.5420,0.8691,4.6387,1.1597,1.7700
-0.1112,-0.5559,0.9407,-1.2817,3.9062,3.9062
-0.0590,-0.4961,0.9376,2.3804,5.0659,3.5400
-0.0797,-0.5143,0.8848,6.5308,3.4790,-1.4038
-0.1154,-0.5598,0.9290,7.2632,-0.1221,-2.0142
-0.1251,-0.5590,0.8972,2.2583,4.5776,0.7935
-0.0876,-0.4979,0.8749,0.1221,5.6152,2.8687
-0.0776,-0.4956,0.8877,-0.1831,2.2583,0.6104
-0.0808,-0.5256,0.9243,2.4414,0.6714,-0.6104
-0.0825,-0.5007,0.9127,0.3662,1.3428,-1.2817
-0.1118,-0.5432,0.8904,2.8076,5.7983,-2.2583
-0.1207,-0.5444,0.8882,2.8687,3.8452,-2.1973
-0.0923,-0.5314,0.9235,0.9766,4.4556,0.4272
-0.0699,-0.4678,0.8790,1.5869,6.0425,2.0142
-0.0795,-0.4949,0.8865,1.4648,0.9766,-1.7090
-0.1047,-0.5242,0.9423,2.4414,1.0376,-1.2817
-0.1093,-0.5007,0.8981,6.7749,3.6011,-0.1831
-0.0942,-0.4962,0.8676,6.2256,4.3335,-0.3662
-0.0980,-0.5103,0.9114,4.7607,0.3662,-1.8311
-0.1033,-0.5283,0.9380,3.3569,3.4790,0.7324
-0.0907,-0.4832,0.8687,6.2866,4.5776,2.6245
-0.0895,-0.5087,0.9043,4.8828,2.9907,-1.2207
-0.0900,-0.4982,0.9142,6.8359,2.2583,-0.3662
-0.0962,-0.5331,0.9135,3.9673,3.6621,-2.6855
-0.0914,-0.5278,0.9297,2.0752,3.4790,-1.3428
-0.0819,-0.5037,0.8888,6.6528,2.0752,-3.2349
-0.0807,-0.5107,0.8934,7.6904,1.8921,-3.4790
-0.1100,-0.5117,0.9076,10.3149,0.5493,-1.7700
-0.0983,-0.5039,0.8927,7.3853,4.0283,0.5493
-0.1073,-0.5120,0.9138,3.9673,2.1362,0.7324
-0.0820,-0.4940,0.9036,5.6763,2.5024,-0.7935
-0.0819,-0.4994,0.8972,7.8735,1.7090,-2.6245
-0.1077,-0.5339,0.8997,4.4556,0.4883,-4.9438
-0.1090,-0.5389,0.9319,4.7607,1.6479,-2.9297
-0.0829,-0.5010,0.8640,7.2021,5.0049,1.2817
-0.1064,-0.5238,0.8727,3.2349,2.1362,-1.8921
-0.0941,-0.5261,0.9519,6.1646,-1.2817,-2.2583
-0.0801,-0.5065,0.9808,6.2256,0.6714,-0.7324
-0.0770,-0.4504,0.8820,7.3242,5.6152,-0.4272
-0.1185,-0.4629,0.7853,8.3008,2.5635,-3.9673
-0.1554,-0.5577,0.8929,8.3008,-3.9062,-4.8218
-0.1217,-0.5406,0.9805,0.6104,1.0376,1.8921
-0.0667,-0.4678,0.8521,7.4463,7.5073,1.9531
-0.0989,-0.4884,0.8866,9.8877,1.9531,-1.9531
-0.0946,-0.5171,0.9038,10.3149,3.1738,-2.1362
-0.1125,-0.5454,0.9414,9.8267,3.2349,-2.9907
-0.0973,-0.5250,0.9335,6.1646,6.3477,-1.7090
-0.0862,-0.4812,0.8367,10.8032,5.7373,-1.2817
-0.1058,-0.5017,0.8602,7.8735,0.3662,-2.3804
-0.1152,-0.5541,0.9194,4.9438,1.0986,-1.7090
-0.1019,-0.5168,0.8909,6.1035,2.2583,0.6714
-0.0977,-0.5155,0.8868,7.0801,2.7466,0.6104
-0.1061,-0.5267,0.9053,6.1035,3.2349,1.2207
-0.1101,-0.5347,0.9097,3.6621,3.2349,1.4038
-0.0857,-0.5095,0.9181,0.6714,3.7231,2.1362
-0.0884,-0.5107,0.8755,4.4556,0.6104,-0.1221
-0.1012,-0.5394,0.9127,3.6621,4.0283,-1.5869
-0.1134,-0.5503,0.9205,2.6245,3.6011,-2.5635
-0.0901,-0.4977,0.8877,2.1973,5.0049,-0.2441
-0.0844,-0.4896,0.8788,5.4321,2.8076,-2.2583
-0.1184,-0.5146,0.8409,6.1646,2.8687,-1.1597
-0.1052,-0.5209,0.9114,5.1880,1.7090,1.2207
-0.0675,-0.5127,0.9296,3.2349,3.4790,2.5024
-0.0837,-0.5045,0.9171,4.6997,5.2490,0.6104
FIN_VENTANA
Progreso: 5/20
INICIO_VENTANA izquierda
-0.1011,-0.5286,0.8866,5.2490,0.9155,-1.6479
-0.0889,-0.5094,0.9060,5.9814,2.1362,-1.2207
-0.0818,-0.5182,0.8818,4.8218,1.0986,-3.2959
-0.1073,-0.5667,0.9551,2.3193,0.2441,-4.9438
-0.0909,-0.5146,0.9066,8.1787,1.7700,-2.4414
-0.1067,-0.5359,0.8698,8.3008,2.9297,-2.3193
-0.1073,-0.4868,0.8083,6.8970,2.0142,2.1362
-0.1180,-0.5515,0.9257,7.5073,-2.3804,-2.8076
-0.1139,-0.5461,0.9688,7.5073,1.9531,2.5024
-0.0984,-0.5138,0.8932,4.5776,7.5684,4.2725
-0.0839,-0.5098,0.8724,4.5166,5.4932,1.7700
-0.0997,-0.5323,0.8820,2.1362,2.9907,0.3052
-0.1090,-0.5480,0.9021,1.8921,3.1128,0.9155
-0.0891,-0.5255,0.9182,2.9297,6.4697,4.6387
-0.0706,-0.4869,0.9138,4.8828,5.7983,6.5918
-0.0847,-0.4835,0.8577,7.8125,6.6528,4.9438
-0.0906,-0.5189,0.8616,4.1504,4.3945,2.1362
-0.0830,-0.5393,0.9183,2.1362,1.8311,0.4883
-0.0688,-0.5405,0.9391,1.5259,1.2207,1.8921
-0.0314,-0.5024,0.8939,4.8828,3.2959,0.0000
-0.0516,-0.5013,0.8816,7.8735,-2.5024,-5.7983
-0.0914,-0.5698,0.9906,6.7139,-5.3711,-8.7280
-0.1016,-0.5337,0.8835,7.3853,-0.9766,-6.7749
-0.1036,-0.5327,0.9076,8.3008,-3.7842,-7.9346
-0.1110,-0.4938,0.8641,9.7046,-2.0142,-5.1880
-0.1663,-0.5305,0.8024,7.2632,1.3428,1.7090
-0.1393,-0.5320,0.8740,6.5308,-5.3101,-2.5635
-0.1377,-0.5673,0.9221,8.3008,-2.7466,-0.1221
-0.0957,-0.5579,0.9656,12.0239,0.4883,2.8687
-0.0536,-0.4795,0.8944,10.5591,4.3335,4.8218
-0.0840,-0.5242,0.8751,10.0098,2.1973,-1.8311
-0.1163,-0.5331,0.8899,9.7656,-0.9155,-1.5869
-0.1309,-0.5450,0.9342,10.5591,-2.3193,-1.5259
-0.1017,-0.5103,0.9060,5.4321,3.5400,-0.6104
-0.1125,-0.5303,0.8190,-7.4463,6.4697,-2.8076
-0.1334,-0.5314,0.8550,-4.2114,4.5776,-1.8921
-0.1074,-0.5105,0.9138,-4.2114,3.7842,-0.4272
-0.0962,-0.4596,0.8740,-0.7324,5.8594,-1.4038
-0.1144,-0.5061,0.8313,7.8125,4.0283,-5.9204
-0.1385,-0.5176,0.8247,4.4556,-0.9766,-7.2021
-0.1865,-0.5939,0.8981,3.3569,3.9673,-1.0376
-0.1244,-0.5468,0.9901,8.9722,5.3711,7.9346
-0.0764,-0.5189,0.8754,5.0049,9.1553,6.4087
-0.0583,-0.5399,0.9597,7.6904,2.6855,-2.8076
-0.1033,-0.6232,0.9557,7.2021,5.6763,-2.3193
-0.0759,-0.4854,0.8274,10.1929,8.7280,2.9907
-0.0997,-0.5281,0.8252,5.8594,0.6714,-2.0752
-0.1213,-0.4948,0.9335,3.4180,-1.7700,-0.1221
-0.1281,-0.5640,0.9667,0.0000,4.7607,1.0986
-0.0989,-0.4797,0.8727,3.6621,11.0474,5.3711
-0.0601,-0.4524,0.8481,5.6763,10.0708,-3.6621
-0.0911,-0.5323,0.8905,7.3242,3.6621,-11.1084
-0.1490,-0.5759,0.8547,12.3291,4.2725,-8.7280
-0.1492,-0.5183,0.7242,10.9253,6.2256,0.9155
-0.1031,-0.5131,0.8232,6.6528,-1.2207,3.0518
-0.0999,-0.5338,0.9526,9.4604,-6.0425,4.7607
-0.0421,-0.5524,1.0370,18.3716,0.1221,5.0049
-0.0438,-0.4927,0.9756,14.3433,2.0752,2.0142
-0.0990,-0.5486,0.8854,13.2446,5.4321,-7.2021
-0.1187,-0.5497,0.8448,4.9438,0.0000,-7.9956
-0.1359,-0.5427,0.8372,2.0142,-0.4883,-7.1411
-0.1332,-0.5543,0.8453,3.4180,-2.0752,-5.1270
-0.1278,-0.5444,0.8737,-4.2725,-3.5400,-3.2349
-0.1333,-0.5438,0.8668,0.9155,-1.0376,0.1221
-0.0981,-0.5737,0.9260,-0.6714,-2.5024,1.5869
-0.1230,-0.5216,0.8846,-4.7607,-1.8311,-1.1597
-0.0957,-0.5603,0.9012,5.3101,2.0142,-1.0986
-0.1368,-0.5465,0.8712,1.4648,4.4556,-1.6479
-0.1488,-0.5453,0.8735,-2.1362,3.3569,-0.4883
-0.1217,-0.5684,0.9015,-3.6621,2.7466,2.1973
-0.0995,-0.5283,0.9385,-12.5732,7.8125,8.2397
-0.0515,-0.4182,0.9200,2.3804,10.1318,3.7842
-0.1139,-0.4597,0.8361,15.3198,-0.0610,-3.7842
-0.2007,-0.5801,0.8116,10.8032,-1.5869,-7.0190
-0.2089,-0.5846,0.9100,6.4087,-0.8545,0.1221
-0.1127,-0.5062,0.9553,8.3618,4.2725,5.1880
-0.0457,-0.4291,0.9270,8.6670,4.1504,6.4087
-0.0277,-0.4432,0.9635,5.0049,5.3711,0.1831
-0.1051,-0.5284,0.9329,8.3618,1.5259,-2.6245
-0.1251,-0.5074,0.8577,3.1128,1.5259,-2.6855
-0.1249,-0.5032,0.8616,0.8545,2.1973,-5.3101
-0.1263,-0.4938,0.8971,0.8545,1.9531,-5.0049
-0.1442,-0.5165,0.9133,4.2725,3.7231,-4.3335
-0.1511,-0.5255,0.8441,7.4463,5.3101,-1.5259
-0.1344,-0.5171,0.8331,3.3569,3.8452,1.2207
-0.1254,-0.5306,0.8995,3.7231,-1.0376,2.4414
-0.1084,-0.5394,0.9526,1.8311,5.4321,5.9814
-0.1095,-0.5228,0.9327,6.2256,7.2632,7.1411
-0.0981,-0.5079,0.9030,11.4136,6.6528,7.2632
-0.0842,-0.5095,0.9208,-3.6011,9.3384,-1.8311
-0.0898,-0.5112,0.9301,-3.9673,12.0239,-5.7983
-0.0878,-0.4889,0.9103,-3.7842,8.0566,-7.5684
-0.0824,-0.4769,0.9213,1.6479,5.0049,-5.6763
-0.0763,-0.4534,0.9276,8.1787,-5.4932,2.3804
-0.1115,-0.6134,1.1947,29.6631,-1.5869,10.8032
-0.0800,-0.5225,0.9443,17.7612,0.3052,0.7324
-0.0830,-0.4720,0.8647,10.4980,8.9722,-1.6479
-0.0942,-0.5145,0.8756,10.4370,4.5166,-5.9814
-0.1217,-0.5519,0.9297,9.7656,3.6621,-3.2349
-0.1060,-0.4437,0.8091,10.8643,8.8501,0.0000
FIN_VENTANA
Progreso: 6/20
INICIO_VENTANA izquierda
-0.0640,-0.5020,0.8918,2.8076,4.4556,2.1973
-0.0708,-0.5027,0.8964,5.9204,1.7700,0.1831
-0.0829,-0.5298,0.9247,5.4321,1.8311,-2.0752
-0.0891,-0.5035,0.8961,5.2490,2.5635,-1.5869
-0.0848,-0.5117,0.9177,5.0659,2.5024,-1.4648
-0.0750,-0.5122,0.9091,4.1504,2.0752,-1.7090
-0.0779,-0.5245,0.9160,2.9297,3.5400,0.3052
-0.0785,-0.5073,0.8790,6.3477,4.2114,1.7700
-0.0839,-0.4963,0.8759,4.5166,3.7231,0.3662
-0.0890,-0.5122,0.8793,3.7842,3.6621,0.2441
-0.0750,-0.5107,0.9287,2.5024,0.6104,0.1831
-0.0630,-0.5101,0.9348,3.6011,1.4038,-0.4272
-0.0680,-0.5236,0.9148,4.0894,2.3804,-2.3193
-0.0715,-0.5020,0.8849,5.9204,3.0518,-1.5259
-0.0795,-0.5002,0.8961,5.4932,2.2583,-2.3193
-0.0975,-0.5094,0.8781,5.9814,2.3193,-1.8921
-0.0873,-0.4899,0.8994,8.0566,0.7324,-1.0986
-0.0942,-0.5015,0.8873,5.8594,2.0752,-0.6104
-0.0801,-0.4969,0.9003,4.0283,2.7466,0.9766
-0.0669,-0.5031,0.9216,1.1597,2.4414,1.7700
-0.0665,-0.4956,0.9238,0.2441,2.7466,0.3662
-0.0890,-0.5104,0.9335,2.8076,3.2349,0.7324
-0.0800,-0.4901,0.8920,7.2632,3.7842,0.9155
-0.0576,-0.4751,0.9053,9.3994,1.7700,-2.0752
-0.0784,-0.5146,0.8920,10.0708,1.3428,-4.6997
-0.0967,-0.5322,0.9222,7.3853,-0.0610,-3.9673
-0.0933,-0.5114,0.9048,6.2866,2.4414,-1.5259
-0.0685,-0.5051,0.8929,6.9580,1.0986,-0.6104
-0.0847,-0.5007,0.8969,4.9438,2.8076,2.0142
-0.0746,-0.5161,0.9446,5.9814,3.5400,2.7466
-0.0807,-0.5167,0.9282,4.3945,5.9814,3.2349
-0.0803,-0.4928,0.8799,0.1221,5.1270,3.4180
-0.0718,-0.4816,0.8975,2.7466,3.7842,1.8311
-0.0730,-0.4994,0.8962,8.1177,0.9766,-1.8311
-0.0770,-0.4979,0.8896,3.0518,2.6855,-1.8921
-0.0896,-0.5038,0.8918,4.0283,2.2583,-2.0752
-0.0839,-0.5095,0.9252,6.3477,0.2441,-0.5493
-0.0769,-0.5123,0.9073,6.9580,2.9297,-1.0986
-0.0736,-0.5013,0.9072,5.6152,1.5259,-0.7935
-0.0776,-0.4902,0.9022,7.6294,1.4648,-0.5493
-0.1028,-0.4951,0.8374,5.9204,0.8545,-0.9155
-0.0775,-0.4969,0.9333,6.9580,0.2441,1.2817
-0.0793,-0.5089,0.9495,5.3101,3.1128,1.4038
-0.0648,-0.4830,0.9142,5.1880,5.8594,1.5869
-0.0743,-0.5111,0.9019,6.5308,3.1738,-1.9531
-0.0839,-0.5216,0.9105,6.8970,1.2207,-3.4180
-0.0837,-0.5060,0.8914,5.8594,0.4272,-2.9907
-0.0991,-0.5179,0.9020,1.7090,0.6104,0.5493
-0.0609,-0.4661,0.8822,5.0659,2.0142,-1.8921
-0.1074,-0.5221,0.8956,9.0332,0.1221,-3.2349
-0.1033,-0.5087,0.8890,7.9956,0.4883,-1.2207
-0.0883,-0.5184,0.9554,6.2866,-0.9155,-3.0518
-0.0857,-0.5116,0.9430,5.1270,4.0283,-1.0376
-0.0817,-0.4927,0.8802,6.0425,5.6152,-1.3428
-0.0851,-0.4996,0.8970,5.7373,3.2349,-2.7466
-0.1017,-0.5175,0.8811,7.2632,2.0142,-1.5869
-0.1056,-0.5209,0.9020,3.1128,1.1597,1.4038
-0.1135,-0.5188,0.9001,-0.4272,2.8687,3.3569
-0.0917,-0.4979,0.8938,-2.5635,2.9907,5.0049
-0.0685,-0.4722,0.9169,2.0752,2.9297,5.9814
-0.0853,-0.4845,0.9551,6.2866,4.1504,1.4038
-0.0718,-0.4634,0.9120,8.4839,5.0049,1.0376
-0.0880,-0.5013,0.9001,7.2021,2.2583,-3.7842
-0.1022,-0.5347,0.9160,4.5776,1.8311,-3.4180
-0.0762,-0.4910,0.8950,7.0190,2.6855,-0.4272
-0.0745,-0.5000,0.9060,8.4839,2.0142,-2.0752
-0.0875,-0.5142,0.9248,7.8735,1.5869,-2.9297
-0.0929,-0.5006,0.8945,8.2397,3.5400,-0.7935
-0.1122,-0.4951,0.8822,7.5684,4.2114,0.8545
-0.0837,-0.4833,0.8971,6.6528,2.7466,0.3662
-0.0570,-0.4618,0.8910,6.4087,1.5869,-1.2817
-0.0708,-0.5144,0.9321,5.5542,-2.1973,-5.7373
-0.0912,-0.5343,0.9592,8.6670,-2.6855,-5.6763
-0.0978,-0.5432,0.9271,5.9814,2.5024,-4.4556
-0.0912,-0.4730,0.8596,8.1787,3.2349,-1.2207
-0.1049,-0.4827,0.8419,9.3384,1.8921,-3.6621
-0.1346,-0.5420,0.8958,5.6763,-2.5635,-1.8311
-0.1302,-0.5388,0.9401,3.6621,-0.1831,1.5869
-0.1033,-0.4722,0.8832,2.1362,5.3101,6.2256
-0.0890,-0.4714,0.8717,7.7515,4.8218,3.4790
-0.1082,-0.5157,0.8994,5.4932,3.2349,1.2817
-0.1024,-0.5417,0.9033,4.7607,7.5684,5.6152
-0.0946,-0.5093,0.9111,3.4180,6.9580,4.7607
-0.0684,-0.4905,0.9468,3.9062,5.1270,4.2114
-0.0662,-0.4779,0.8888,5.1270,5.0049,2.1362
-0.0814,-0.4974,0.9193,6.8970,-0.4883,-2.4414
-0.0936,-0.5239,0.9360,8.1177,2.5635,-2.0142
-0.1021,-0.5082,0.8694,4.6997,7.1411,1.2817
-0.0817,-0.4818,0.8715,2.2583,3.2349,1.0986
-0.0873,-0.4989,0.8896,1.9531,1.4648,-0.7324
-0.0850,-0.5052,0.9088,4.3945,1.2817,-1.3428
-0.0840,-0.4916,0.8896,5.1270,0.3662,-1.5259
-0.0944,-0.5046,0.9236,3.9062,0.4272,-1.7700
-0.0958,-0.5021,0.9111,2.1973,1.4648,-1.0986
-0.0999,-0.5282,0.9360,1.0376,1.5869,-1.7700
-0.0933,-0.5018,0.9264,2.3804,3.7842,1.4038
-0.0840,-0.4913,0.9054,4.8218,5.9204,2.5635
-0.0925,-0.4927,0.8491,6.8970,4.3945,1.4648
-0.0878,-0.4855,0.8785,4.0283,7.3853,-4.0283
-0.0607,-0.5037,1.0094,0.9155,5.1880,-4.8828
FIN_VENTANA
Progreso: 7/20
INICIO_VENTANA izquierda
-0.1031,-0.5394,0.9214,5.3711,0.3052,-2.7466
-0.1134,-0.5804,0.9442,4.8218,7.3853,6.1646
-0.0494,-0.4907,0.8853,4.6387,9.5825,9.2773
-0.0444,-0.4697,0.8657,3.1128,6.3477,6.4087
-0.0471,-0.4966,0.8665,6.1646,1.7090,0.9766
-0.0707,-0.5367,0.9663,7.9346,-2.1973,-2.3804
-0.0751,-0.5438,0.9336,8.3008,3.2959,-2.3804
-0.0531,-0.4993,0.8811,4.3945,1.0986,-4.3335
-0.0680,-0.5187,0.9058,1.9531,-0.9155,-6.2256
-0.0812,-0.5236,0.9142,3.6011,-1.3428,-4.7607
-0.0886,-0.5126,0.9175,6.1646,-0.1831,-4.8218
-0.1061,-0.4998,0.8733,5.9204,0.3662,-3.5400
-0.1062,-0.5006,0.8660,5.7373,1.7700,-3.1738
-0.1031,-0.5079,0.8800,3.1738,1.6479,-1.5869
-0.0981,-0.5126,0.8984,2.5635,1.7090,0.2441
-0.0962,-0.5090,0.8898,2.5024,2.3193,1.5259
-0.0919,-0.5271,0.8958,3.8452,2.6855,0.4272
-0.0867,-0.5365,0.9421,3.7842,3.9673,2.0752
-0.0636,-0.5087,0.9465,4.9438,4.0283,3.6011
-0.0602,-0.4928,0.9009,2.1362,5.7373,0.0610
-0.0809,-0.5043,0.8992,4.4556,1.5869,-2.1362
-0.1060,-0.5015,0.8812,4.8828,-2.8076,-3.4790
-0.0964,-0.5010,0.8999,2.3193,-1.5869,-1.7700
-0.0872,-0.4935,0.9194,0.4883,0.3052,-0.6714
-0.0819,-0.5175,0.9358,5.2490,2.5635,0.0610
-0.0874,-0.5084,0.9209,8.7280,2.9297,1.8921
-0.0906,-0.5134,0.9121,12.5732,2.5024,-1.1597
-0.1112,-0.5420,0.9042,9.8267,4.2114,2.1362
-0.0831,-0.4790,0.8990,5.1880,3.7842,1.2817
-0.0779,-0.4994,0.9261,4.3335,2.8076,-1.2817
-0.0836,-0.5132,0.9292,9.5825,2.0752,-3.6621
-0.0994,-0.5385,0.9310,12.0850,3.1738,-3.3569
-0.0751,-0.4906,0.8682,9.2773,5.6763,-0.7324
-0.0873,-0.5049,0.8864,8.9722,2.3804,-1.4648
-0.0957,-0.5232,0.9050,5.3101,2.1973,0.4272
-0.0880,-0.5081,0.8848,1.7700,4.2725,0.5493
-0.0856,-0.5189,0.8900,4.3335,2.0752,-0.9155
-0.0914,-0.5355,0.9158,2.2583,2.5635,0.3052
-0.0758,-0.5021,0.9082,0.0610,4.8218,1.2207
-0.1089,-0.5294,0.8774,0.6714,4.8828,-0.0610
-0.0730,-0.5021,0.8505,0.9766,5.7983,-0.6714
-0.0734,-0.5146,0.8943,5.0049,2.4414,-0.4883
-0.0946,-0.4956,0.8696,5.9814,3.2959,-0.3052
-0.0890,-0.5144,0.9097,5.0049,1.0986,-2.0752
-0.0880,-0.5140,0.9268,3.5400,2.0142,-1.8311
-0.0979,-0.5197,0.8937,1.7700,3.9062,-0.5493
-0.0863,-0.5010,0.8939,3.4180,3.9673,0.0000
-0.0780,-0.5046,0.9071,4.5166,2.6855,-0.0610
-0.0767,-0.4955,0.9176,5.5542,2.4414,0.0610
-0.0851,-0.4994,0.8992,6.1035,2.3804,-2.4414
-0.1008,-0.5057,0.8982,6.2866,2.6855,-1.6479
-0.0857,-0.4980,0.8992,6.2866,2.9297,-0.6714
-0.0824,-0.5006,0.9056,4.3945,2.1362,-1.7090
-0.0865,-0.5031,0.9259,3.9062,2.5635,-0.7935
-0.0793,-0.4875,0.8999,3.9062,4.3335,1.3428
-0.0922,-0.5254,0.9054,3.7842,2.1973,-1.7700
-0.0901,-0.5005,0.9095,3.6621,2.1362,-0.4883
-0.0858,-0.5000,0.9070,2.6855,3.9062,-0.3052
-0.0862,-0.4956,0.9048,3.4180,2.9907,-0.1221
-0.0920,-0.4966,0.8817,4.6997,4.2114,0.3662
-0.0818,-0.4965,0.9169,2.9907,2.6855,0.0000
-0.0867,-0.4990,0.9268,7.7515,1.3428,0.1221
-0.0861,-0.4922,0.8956,4.3335,1.7090,-1.4038
-0.1003,-0.5149,0.9016,4.5776,2.9297,-1.2207
-0.0822,-0.5011,0.9255,6.0425,2.6245,1.0376
-0.0820,-0.4829,0.8932,2.5635,2.8687,-0.1221
-0.0839,-0.4979,0.9178,7.2632,1.6479,-0.6714
-0.0894,-0.4933,0.9292,6.7139,1.1597,-0.9766
-0.0861,-0.4904,0.8999,5.0659,2.9907,-1.1597
-0.0829,-0.4824,0.8827,6.4697,-0.5493,-2.8687
-0.0847,-0.5267,0.9503,7.2632,-4.8218,-5.1270
-0.1016,-0.5591,1.0088,6.8359,-0.6104,-1.9531
-0.1033,-0.3414,0.8595,5.3101,6.6528,2.0752
-0.0862,-0.4076,0.7266,3.2959,4.8218,-5.4932
-0.1025,-0.4716,0.8756,9.0332,5.7373,-1.4648
-0.1278,-0.5178,0.9274,12.8784,6.5918,0.1221
-0.0956,-0.4988,0.9312,7.1411,-1.7090,0.7935
-0.0900,-0.5010,0.8988,13.7329,3.2959,4.7607
-0.0776,-0.5125,0.8892,10.6201,5.3711,-0.6714
-0.0842,-0.5341,0.8992,7.2632,3.6011,-0.6714
-0.0819,-0.5261,0.9337,3.7842,2.1362,-0.1221
-0.0817,-0.5079,0.9315,2.7466,4.8828,0.9155
-0.0923,-0.5005,0.9004,7.2632,3.7842,0.4272
-0.1066,-0.5033,0.8395,6.9580,5.2490,-1.7090
-0.0865,-0.5114,0.8979,5.3711,3.7231,0.2441
-0.0728,-0.4847,0.9032,4.3335,2.9907,1.4038
-0.0846,-0.5002,0.8893,5.2490,2.9297,-0.7935
-0.0957,-0.5325,0.9183,7.0190,2.8076,-0.4883
-0.0714,-0.5031,0.9175,6.7139,3.9673,2.0752
-0.0730,-0.4990,0.8739,5.0049,4.0283,-0.5493
-0.0920,-0.5164,0.9063,5.5542,2.4414,-1.2817
-0.0819,-0.5094,0.8988,3.7842,5.3711,0.1221
-0.0808,-0.4988,0.8702,4.6997,3.9062,0.6714
-0.0796,-0.5177,0.9248,3.5400,0.9155,-0.0610
-0.0750,-0.4941,0.9108,3.1128,2.5635,-0.4272
-0.0862,-0.5082,0.8964,5.0659,1.6479,-1.8311
-0.0880,-0.5203,0.9243,4.5166,1.7090,14.6484
-0.0807,-0.4937,0.9099,3.9673,2.3193,-0.9766
-0.0796,-0.4929,0.8986,3.6621,1.8311,-1.0376
-0.0842,-0.5005,0.9103,4.1504,2.8076,-0.2441
FIN_VENTANA
Progreso: 8/20
INICIO_VENTANA izquierda
-0.0709,-0.4885,0.8773,4.0283,5.2490,2.1362
-0.0721,-0.5006,0.8943,5.4932,2.6855,-0.9155
-0.0880,-0.5164,0.9229,6.7139,2.4414,-1.4038
-0.0780,-0.4709,0.8618,4.2725,5.5542,0.7324
-0.0864,-0.4948,0.8716,3.8452,1.8921,-2.0142
-0.0940,-0.5417,0.9312,2.2583,2.0752,-0.7324
-0.0707,-0.4968,0.8975,4.5776,4.5166,1.2817
-0.0735,-0.5172,0.9186,4.7607,1.8311,-2.0752
-0.0723,-0.5028,0.9318,3.2349,2.0142,-0.5493
-0.0896,-0.5011,0.8796,3.2349,4.2725,-0.5493
-0.0985,-0.5060,0.8885,5.6763,2.6245,-1.2817
-0.0946,-0.5000,0.8768,4.9438,2.4414,0.3662
-0.0753,-0.5043,0.9092,8.2397,0.4272,-0.4272
-0.0847,-0.5260,0.9304,4.6997,1.2207,0.5493
-0.0717,-0.5240,0.9607,3.7842,1.4648,0.4272
-0.0640,-0.5083,0.9346,3.8452,4.3335,-3.3569
-0.0792,-0.4960,0.9061,6.5308,1.7700,-2.6855
-0.0853,-0.5094,0.9047,7.9956,1.8311,-0.7324
-0.0927,-0.5107,0.9116,0.0000,0.6714,-1.0376
-0.0771,-0.4785,0.8904,3.1128,9.3384,4.5776
-0.0781,-0.4889,0.8665,8.1787,5.1270,-0.1221
-0.0980,-0.5157,0.8921,7.0190,1.0376,-1.0986
-0.0853,-0.4979,0.9189,5.4321,1.9531,0.4272
-0.0826,-0.5077,0.9181,8.2397,3.4790,-0.0610
-0.0751,-0.4910,0.8995,7.4463,5.1880,1.6479
-0.0859,-0.5017,0.8765,8.2397,3.7231,-1.6479
-0.0789,-0.5287,0.9258,8.9722,1.8311,-0.9766
-0.0715,-0.5244,0.9230,6.2866,3.5400,1.0376
-0.0599,-0.4813,0.9045,6.0425,2.9297,1.2817
-0.0826,-0.4998,0.8838,6.1035,3.0518,-1.6479
-0.0858,-0.5178,0.9288,3.2349,1.4648,-1.8921
-0.0769,-0.4976,0.9037,2.6245,3.7842,0.6104
-0.0801,-0.4882,0.9042,5.5542,2.8076,-0.5493
-0.0940,-0.5153,0.9041,4.2725,4.3335,-1.4038
-0.0686,-0.5123,0.9254,4.5166,2.3804,-1.1597
-0.0675,-0.5260,0.9193,5.5542,3.4790,-0.7935
-0.0750,-0.5151,0.9031,5.8594,3.7842,0.3052
-0.0774,-0.5035,0.8949,5.1270,3.2349,-0.0610
-0.0745,-0.5010,0.9031,5.4932,1.7700,-2.8687
-0.0823,-0.5214,0.9252,4.9438,2.3193,-0.3052
-0.0798,-0.4955,0.8789,5.9814,3.4790,2.3193
-0.0835,-0.5059,0.8824,3.7842,3.4180,1.5869
-0.0885,-0.5090,0.8914,5.8594,3.6621,3.7231
-0.0442,-0.4761,0.9259,5.6763,2.3804,2.6855
-0.0629,-0.5027,0.9578,5.5542,1.4648,-1.4648
-0.0778,-0.5103,0.9120,7.3242,4.0283,-1.7090
-0.0750,-0.5214,0.9045,5.7373,4.5776,-2.6855
-0.0704,-0.5143,0.8954,5.7983,3.3569,-1.0986
-0.0747,-0.4957,0.8761,5.1880,2.8076,-0.7324
-0.0764,-0.5029,0.9086,5.2490,-0.3052,-2.1973
-0.0748,-0.5093,0.9139,5.5542,-0.2441,-2.3804
-0.0891,-0.5295,0.9205,5.6152,1.6479,-2.3193
-0.0809,-0.5040,0.8951,4.2114,4.6997,-0.7935
-0.0632,-0.4854,0.9011,3.7842,3.6011,-0.8545
-0.0684,-0.5076,0.9208,4.5166,2.8687,-1.5259
-0.0819,-0.5060,0.9141,3.6011,3.0518,0.1831
-0.0737,-0.4916,0.8895,6.1646,3.1738,0.0000
-0.0760,-0.5135,0.9197,6.0425,2.0142,-1.0986
-0.0787,-0.5006,0.9115,5.0659,2.4414,-0.7324
-0.0742,-0.4934,0.8956,5.0659,2.9297,-1.8921
-0.0790,-0.4977,0.8938,5.1880,3.9673,-1.6479
-0.0759,-0.4963,0.8994,5.5542,2.0142,-0.1831
-0.0735,-0.5073,0.9457,4.0283,1.4648,-0.1221
-0.0792,-0.5131,0.9153,7.1411,4.8218,0.8545
-0.0708,-0.4889,0.8870,5.3711,5.7373,2.1362
-0.0728,-0.4866,0.9044,5.0659,2.3804,0.1831
-0.0869,-0.5305,0.9146,2.3804,3.9062,-2.5024
-0.0715,-0.4966,0.9067,2.5024,5.3101,0.6714
-0.0641,-0.4977,0.9232,6.2256,4.1504,-2.2583
-0.0823,-0.4994,0.8827,7.8735,3.9062,-1.4648
-0.0721,-0.4958,0.8917,9.2163,2.0752,-2.0142
-0.0781,-0.5205,0.9086,6.8970,3.0518,0.1831
-0.0895,-0.4954,0.8787,10.7422,4.1504,2.5024
-0.0729,-0.4933,0.8995,13.3057,0.6714,0.3662
-0.0737,-0.5098,0.9293,10.2539,0.9766,0.3662
-0.0579,-0.4987,0.9286,10.7422,2.9907,0.4883
-0.0575,-0.5153,0.9297,8.3618,3.6621,0.3052
-0.0637,-0.5074,0.9136,5.1880,3.6011,0.1831
-0.0747,-0.5081,0.8793,6.4087,4.3335,0.1221
-0.0740,-0.5144,0.9055,4.6387,2.9297,-1.4038
-0.0637,-0.5001,0.8925,5.3101,2.1362,-1.5869
-0.0758,-0.5139,0.8922,4.6997,2.4414,-1.8311
-0.0787,-0.5275,0.9027,5.0049,1.4648,-1.5259
-0.0732,-0.5150,0.9114,5.0659,2.3193,0.1221
-0.0660,-0.5000,0.8715,5.0659,3.4790,0.9766
-0.0674,-0.5035,0.8834,3.2349,1.6479,0.9766
-0.0704,-0.5127,0.9265,2.9297,-0.1221,-1.1597
-0.0767,-0.5278,0.9180,4.8218,3.1128,0.0000
-0.0771,-0.5010,0.8828,4.6997,2.9297,0.2441
-0.0719,-0.5107,0.9231,4.2114,1.8311,-2.0752
-0.0686,-0.5051,0.9075,3.6011,3.7231,-0.7935
-0.0580,-0.4850,0.8948,6.6528,1.5259,-1.2207
-0.0789,-0.5133,0.9216,4.9438,2.0142,-1.6479
-0.0586,-0.5021,0.9183,3.9673,2.3804,-1.4648
-0.0453,-0.4963,0.9399,2.8687,1.2207,-2.1973
-0.0702,-0.5487,0.9336,7.1411,3.1738,-4.5166
-0.0720,-0.5072,0.8918,8.6670,4.2114,-2.1973
-0.0828,-0.5123,0.8748,8.1787,2.0752,-4.5776
-0.1031,-0.5125,0.8685,7.9346,0.7935,-3.4180
-0.0879,-0.5048,0.8906,7.3853,1.1597,-0.8545
FIN_VENTANA
Progreso: 9/20
INICIO_VENTANA izquierda
-0.0901,-0.5603,0.8947,5.7373,3.8452,-0.2441
-0.0648,-0.5354,0.8921,4.1504,2.7466,0.1221
-0.0736,-0.5286,0.9060,5.4932,1.1597,-0.8545
-0.0942,-0.5327,0.8844,4.5776,2.5024,-0.6104
-0.0864,-0.5012,0.8628,4.2114,3.2959,0.5493
-0.0806,-0.5272,0.9054,4.6997,3.1738,-1.1597
-0.0863,-0.5338,0.8761,6.1646,2.0752,0.0000
-0.0776,-0.5310,0.9017,4.4556,0.9155,1.1597
-0.0658,-0.5178,0.9331,1.4648,1.8311,0.3052
-0.0731,-0.5221,0.9045,4.8218,4.2114,-0.9766
-0.0989,-0.5363,0.8885,6.4087,3.2349,-0.1221
-0.0841,-0.5283,0.8923,6.0425,1.9531,0.0610
-0.0833,-0.5243,0.8750,7.2021,3.7231,-0.5493
-0.0667,-0.5273,0.9120,6.4087,2.3804,-2.0752
-0.0937,-0.5398,0.9075,7.8125,4.1504,1.3428
-0.0806,-0.5107,0.8512,5.2490,5.0659,1.3428
-0.0868,-0.5333,0.8889,6.3477,0.7935,-0.3662
-0.0905,-0.5383,0.9119,8.4229,2.3804,0.5493
-0.0808,-0.5264,0.8860,6.6528,3.4790,0.1831
-0.0776,-0.5101,0.8794,8.5449,1.7090,0.9766
-0.0709,-0.5367,0.9431,7.8735,2.9907,-0.2441
-0.0681,-0.5377,0.9117,5.9814,5.3101,-0.6104
-0.0803,-0.5171,0.8527,4.1504,5.3711,0.9155
-0.0900,-0.5327,0.8634,5.1880,1.8311,-0.0610
-0.0795,-0.5485,0.9197,3.6621,1.4648,-0.6714
-0.0776,-0.5276,0.8961,3.4790,3.6621,0.7935
-0.0746,-0.5203,0.8717,4.7607,3.4180,0.1831
-0.0729,-0.5223,0.8704,4.3945,1.2207,-0.9155
-0.0973,-0.5464,0.9014,2.9297,0.4883,-0.1221
-0.0961,-0.5425,0.8910,-0.3662,4.6997,0.5493
-0.0658,-0.5112,0.9031,2.9297,4.3945,0.9155
-0.0470,-0.4877,0.8756,5.1270,3.2959,-2.0752
-0.0840,-0.5525,0.9352,6.9580,1.5869,-2.2583
-0.0760,-0.5341,0.9088,6.0425,3.9062,-0.0610
-0.0660,-0.5103,0.8881,5.9204,3.3569,0.0610
-0.0717,-0.5162,0.9025,4.3335,3.7231,-0.8545
-0.0806,-0.5270,0.8958,6.8359,1.5259,-2.4414
-0.0852,-0.5403,0.9141,6.7139,0.1831,-2.1362
-0.0901,-0.5466,0.8958,4.8218,2.3193,1.4038
-0.0779,-0.5066,0.8798,5.7983,3.3569,2.3193
-0.0551,-0.5051,0.8922,6.7749,4.1504,0.1831
-0.0779,-0.5266,0.8917,3.8452,3.5400,-0.7324
-0.0868,-0.5249,0.8627,2.9907,4.4556,0.1831
-0.0774,-0.5017,0.8894,6.1035,3.8452,2.0142
-0.0718,-0.5061,0.9050,7.0801,3.4180,1.4648
-0.0645,-0.5173,0.8969,5.7373,4.3945,1.3428
-0.0690,-0.5366,0.9073,3.7842,4.8218,-0.1221
-0.0544,-0.5107,0.9049,6.0425,4.3335,0.4883
-0.0530,-0.5165,0.9026,5.4932,2.9907,-0.8545
-0.0646,-0.5289,0.9270,3.9062,1.7090,-1.2207
-0.0703,-0.5337,0.9037,5.1270,2.6245,-1.5259
-0.0717,-0.5140,0.8704,5.5542,2.9297,-2.2583
-0.0745,-0.5165,0.8882,5.1270,3.6621,-1.6479
-0.0826,-0.5320,0.8812,3.9673,4.1504,-0.7935
-0.0656,-0.5193,0.8973,2.9297,2.4414,0.3662
-0.0625,-0.5007,0.8973,5.1880,2.3193,-0.5493
-0.0693,-0.5255,0.9052,6.7749,1.9531,-2.5635
-0.0657,-0.5160,0.8943,5.4321,3.2959,-1.2817
-0.0725,-0.5115,0.8901,5.1270,2.0752,-0.2441
-0.0732,-0.5314,0.9067,8.3008,1.2207,-2.6245
-0.0746,-0.5312,0.9147,9.8877,1.8311,-2.8076
-0.0820,-0.5574,0.9233,6.5308,4.0894,-2.2583
-0.0527,-0.4973,0.8715,6.5308,7.2021,2.9297
-0.0566,-0.4924,0.8607,7.0190,2.9297,-14.8315
-0.0697,-0.5378,0.9344,8.6060,1.8921,-2.0752
-0.0734,-0.5193,0.8849,6.5308,5.3101,1.6479
-0.0613,-0.5131,0.8678,5.7373,3.9062,-0.4272
-0.0645,-0.5333,0.9059,5.4932,2.6855,-2.3193
-0.0715,-0.5262,0.8970,7.1411,2.6245,-0.4272
-0.0668,-0.5077,0.8687,6.8970,4.2725,0.3052
-0.0676,-0.5219,0.8798,4.7607,2.3804,-0.4883
-0.0764,-0.5392,0.9199,4.6997,2.9907,0.2441
-0.0660,-0.5298,0.8806,4.2114,4.7607,1.9531
-0.0516,-0.5040,0.8798,2.1362,2.6855,1.7700
-0.0607,-0.5266,0.9041,5.6152,2.9297,-1.6479
-0.0770,-0.5450,0.8815,6.4087,4.1504,-0.8545
-0.0730,-0.5347,0.8933,5.1880,2.8076,0.0000
-0.0699,-0.5419,0.9264,4.0894,3.3569,-0.1831
-0.0590,-0.5103,0.9015,3.6621,6.2256,5.0049
-0.0586,-0.5051,0.8423,4.3335,5.9814,4.8828
-0.0531,-0.4940,0.8776,6.5308,2.5024,0.9155
-0.0529,-0.5270,0.9463,7.3853,0.0610,-1.6479
-0.0588,-0.5405,0.9531,5.8594,3.0518,-0.5493
-0.0562,-0.5151,0.8739,5.6152,6.9580,0.9766
-0.0331,-0.4896,0.8788,6.2866,2.0142,-2.0142
-0.0532,-0.5276,0.8921,9.1553,2.8076,-1.0376
-0.0638,-0.5330,0.9065,5.9204,2.6245,-0.5493
-0.0598,-0.5262,0.9124,5.0659,3.3569,-0.4883
-0.0538,-0.5253,0.8721,3.7231,4.3945,-0.0610
-0.0398,-0.4966,0.8612,5.6763,2.0752,0.1221
-0.0594,-0.5251,0.9012,6.7139,1.3428,-1.3428
-0.0740,-0.5441,0.9138,7.9346,2.3804,-0.4272
-0.0615,-0.5242,0.8933,6.8359,3.2959,-1.0376
-0.0568,-0.5166,0.9023,7.0190,2.1973,-1.4648
-0.0509,-0.5162,0.8763,6.1035,4.0894,-2.8076
-0.0630,-0.5524,0.8734,5.6763,2.5635,-1.8311
-0.0629,-0.5510,0.9044,5.7983,1.0986,2.0752
-0.0472,-0.5131,0.9042,5.2490,3.4790,-0.2441
-0.0602,-0.5065,0.8757,5.3101,4.0894,-1.4648
-0.0630,-0.5435,0.9045,4.8828,3.6011,-2.4414
FIN_VENTANA
Progreso: 10/20
INICIO_VENTANA izquierda
-0.0670,-0.5463,0.9113,4.3945,1.5259,-0.7935
-0.0509,-0.5197,0.8865,5.3711,3.2959,1.6479
-0.0507,-0.5302,0.8807,7.9956,1.8921,-0.4272
-0.0643,-0.5498,0.8990,6.1035,-0.1831,0.1221
-0.0787,-0.5710,0.9547,4.0894,1.8921,0.9766
-0.0718,-0.5387,0.8800,6.7749,6.7749,3.1738
-0.0271,-0.4739,0.8492,9.3384,4.6997,3.2959
-0.0455,-0.4993,0.8579,9.0332,1.1597,-2.4414
-0.0709,-0.5439,0.9121,9.3994,0.0000,-2.1973
-0.0760,-0.5514,0.9149,11.8408,0.6714,0.5493
-0.0631,-0.5251,0.8700,10.0098,4.2114,1.4038
-0.0443,-0.5262,0.8911,6.4087,2.1973,0.3662
-0.0431,-0.5304,0.9084,7.3242,1.5869,0.3662
-0.0511,-0.5234,0.8911,3.9062,2.5635,-0.6104
-0.0764,-0.5398,0.8652,2.5024,3.1128,0.7935
-0.0673,-0.5267,0.8457,9.8877,1.5869,-1.2207
-0.0521,-0.5715,0.9652,9.3384,-4.5166,-3.4180
-0.0421,-0.5443,0.8890,11.3525,0.9766,-0.2441
-0.0853,-0.5583,0.8727,6.9580,3.5400,-1.2817
-0.0735,-0.6329,0.9003,20.2637,0.9155,-2.9297
-0.0592,-0.5682,0.8660,4.2725,4.3335,0.1831
-0.0491,-0.5500,0.8910,4.5776,2.9907,-0.2441
-0.0618,-0.5559,0.8787,5.0049,1.8921,-0.4272
-0.0532,-0.5338,0.8870,3.9062,0.6104,-0.2441
-0.0710,-0.5565,0.8933,3.9673,2.6245,-2.0752
-0.0728,-0.5287,0.8521,5.9204,3.9673,1.0986
-0.0609,-0.5297,0.8883,8.0566,0.0000,-1.5869
-0.0831,-0.5822,0.8956,5.2490,1.7090,-4.0894
-0.0701,-0.5486,0.8892,5.3101,3.4180,-1.5869
-0.0515,-0.5500,0.8872,4.4556,4.1504,-1.4038
-0.0631,-0.5438,0.8591,3.5400,2.5024,-2.1362
-0.0668,-0.5648,0.9182,3.1738,0.3662,-0.7324
-0.0642,-0.5398,0.8894,3.7842,4.6387,-0.5493
-0.0623,-0.5182,0.8610,4.9438,3.7842,-1.1597
-0.0790,-0.5465,0.8633,3.1738,2.3193,-1.8311
-0.0693,-0.5391,0.8933,1.4648,3.1128,-0.2441
-0.0597,-0.5417,0.8818,3.0518,3.6621,-0.0610
-0.0620,-0.5410,0.8918,5.0049,2.7466,-0.2441
-0.0643,-0.5507,0.9113,5.3101,1.3428,-2.4414
-0.0618,-0.5459,0.9098,3.9062,2.5635,-1.2207
-0.0605,-0.5447,0.8766,5.2490,4.2725,-1.0986
-0.0703,-0.5366,0.8759,4.3335,2.6245,1.0986
-0.0634,-0.5328,0.8860,2.3193,2.8687,-0.5493
-0.0593,-0.5255,0.8790,7.0190,2.3193,0.0610
-0.0718,-0.5419,0.8708,8.4229,2.4414,-1.5869
-0.0610,-0.5100,0.8604,6.9580,0.9766,-0.9766
-0.0535,-0.5179,0.9124,6.2256,-2.9297,-3.9673
-0.0834,-0.5669,0.9075,4.2114,-1.5259,-6.4087
-0.1024,-0.5992,0.9335,1.4648,4.7607,-0.5493
-0.0676,-0.5222,0.8916,4.1504,11.1694,7.0801
-0.0520,-0.4916,0.8419,4.3335,5.5542,2.6855
-0.0646,-0.5532,0.9117,5.4321,-0.1831,-1.0986
-0.0642,-0.5607,0.9242,6.5308,2.8687,0.7324
-0.0508,-0.5332,0.9119,6.5308,3.1128,2.0752
-0.0677,-0.5310,0.8842,6.7139,3.3569,0.3052
-0.0540,-0.5227,0.8828,5.7983,1.5259,-1.7090
-0.0494,-0.5383,0.8888,5.4321,0.5493,-3.5400
-0.0504,-0.5131,0.8600,6.8970,-2.7466,-5.1880
-0.0830,-0.5577,0.9154,6.4697,-5.8594,-7.3242
-0.1047,-0.5756,0.9242,5.3101,-0.6104,-4.8828
-0.1149,-0.5735,0.8798,4.8828,6.5918,0.0610
-0.0684,-0.4749,0.8102,6.5308,6.4697,5.7373
-0.0651,-0.5050,0.8474,5.5542,1.0986,0.1221
-0.0828,-0.5741,0.9342,6.4697,0.0610,-1.4038
-0.0637,-0.5563,0.9401,5.1270,5.0659,4.2114
-0.0468,-0.4983,0.8816,4.2114,5.5542,1.0986
-0.0642,-0.5353,0.8710,5.4321,2.5635,-4.1504
-0.0867,-0.5670,0.8929,6.4697,2.1362,-3.1128
-0.0735,-0.5436,0.8966,5.2490,3.1738,-1.8311
-0.0687,-0.5146,0.8619,5.7983,2.6245,-0.8545
-0.0858,-0.5364,0.8950,4.0894,1.2817,-1.3428
-0.0940,-0.5658,0.8866,3.7231,4.3945,-0.6714
-0.0656,-0.5144,0.8793,2.6855,5.9204,3.2349
-0.0620,-0.5149,0.8776,4.1504,4.9438,0.4883
-0.0669,-0.5508,0.9092,7.0190,2.9297,-1.5869
-0.0673,-0.5404,0.8958,6.2256,4.8828,1.0986
-0.0647,-0.5198,0.8804,4.8828,4.8828,0.3052
-0.0696,-0.5394,0.8999,3.8452,3.8452,-0.6104
-0.0671,-0.5293,0.8921,3.1738,4.0894,0.6714
-0.0553,-0.5159,0.8652,5.0659,3.5400,0.2441
-0.0692,-0.5592,0.9270,5.7373,1.3428,-0.0610
-0.0712,-0.5338,0.8810,6.2256,4.3335,2.3193
-0.0624,-0.5165,0.8871,6.5918,3.3569,1.3428
-0.0430,-0.5065,0.8888,8.9111,2.0752,-1.0986
-0.0630,-0.5502,0.8397,12.2681,5.4932,-3.1738
-0.0618,-0.6066,0.9391,8.2397,1.9531,-1.7090
-0.0677,-0.5380,0.8506,4.2725,4.0894,0.7324
-0.0474,-0.5238,0.8624,3.7842,2.8076,-0.5493
-0.0449,-0.5499,0.9407,6.1646,0.6714,-0.7324
-0.0560,-0.5361,0.8987,9.2773,2.8687,-2.1973
-0.0653,-0.5490,0.9028,5.9204,2.6855,-1.5259
-0.0668,-0.5321,0.8746,8.6670,2.8076,0.0610
-0.0626,-0.5206,0.8589,6.7749,3.0518,-1.6479
-0.0654,-0.5165,0.8595,5.9204,2.4414,-0.4883
-0.0671,-0.5441,0.9086,8.3008,0.3662,-1.8311
-0.0731,-0.5778,0.9088,4.8828,1.9531,-1.8921
-0.0597,-0.5447,0.8652,2.8076,3.5400,0.9766
-0.0509,-0.5278,0.8820,7.8125,-0.2441,-2.6245
-0.0740,-0.5591,0.9003,8.1177,-0.3052,-2.8076
-0.0825,-0.5878,0.9152,8.3008,1.4648,-2.5635
FIN_VENTANA
Progreso: 11/20
INICIO_VENTANA izquierda
-0.0574,-0.5367,0.8796,8.1177,1.9531,-1.4648
-0.0652,-0.5476,0.8685,5.2490,2.3193,-1.3428
-0.0620,-0.5632,0.9005,3.7842,0.7324,2.0752
-0.0708,-0.5656,0.8875,5.5542,1.1597,5.0659
-0.0798,-0.5013,0.8536,8.3008,2.8687,7.6294
-0.0751,-0.5319,0.8828,4.1504,2.1362,1.0376
-0.0795,-0.5333,0.8868,2.4414,4.9438,-2.1362
-0.0725,-0.5426,0.8936,4.0283,3.2959,-3.6011
-0.0647,-0.5225,0.8900,4.5166,3.0518,-1.7090
-0.0663,-0.5458,0.8842,4.6997,5.0659,-3.6621
-0.0569,-0.5361,0.9033,8.4839,3.9673,-2.1973
-0.0571,-0.5432,0.8713,7.8125,2.9297,-1.8921
-0.0643,-0.5566,0.8982,7.9346,-0.2441,-1.2817
-0.0725,-0.5510,0.8950,8.5449,1.3428,0.9766
-0.0786,-0.5233,0.8544,9.4604,3.6621,2.0752
-0.0785,-0.5535,0.8761,17.5781,-1.4648,0.9766
-0.0798,-0.5529,0.9028,23.4985,-3.1738,0.6104
-0.0745,-0.5604,0.8470,12.2681,3.6011,-0.1221
-0.0769,-0.5679,0.8767,4.3335,3.1128,-0.0610
-0.0687,-0.5590,0.8636,5.0049,2.5635,-0.7324
-0.0642,-0.5699,0.8619,5.0659,2.2583,0.6714
-0.0642,-0.5789,0.9027,3.2959,2.5024,1.4648
-0.0636,-0.5496,0.8586,3.2349,3.7231,-1.3428
-0.0817,-0.5873,0.9015,2.7466,1.2207,-3.9673
-0.0735,-0.5684,0.8867,2.7466,3.9673,-0.1831
-0.0571,-0.5209,0.8411,1.8921,3.7231,1.6479
-0.0770,-0.5414,0.8662,1.9531,0.2441,-1.6479
-0.0793,-0.5829,0.9199,3.4790,0.0610,-2.2583
-0.0704,-0.5494,0.8840,4.1504,4.6997,1.0986
-0.0818,-0.5516,0.8430,2.2583,4.3335,-1.0986
-0.0790,-0.5507,0.8864,-0.4272,2.9297,-0.6104
-0.0562,-0.5613,0.9065,2.5024,2.5024,-0.4272
-0.0575,-0.5376,0.9020,4.0894,2.8076,0.7324
-0.0709,-0.5256,0.8621,2.9297,2.8687,-1.6479
-0.0851,-0.5438,0.8754,5.1880,1.4648,-1.4038
-0.0857,-0.5583,0.9072,4.9438,1.0986,-2.5024
-0.0659,-0.5299,0.8959,4.6387,2.3804,-2.2583
-0.0737,-0.5397,0.8828,5.7373,2.1973,-0.9766
-0.0713,-0.5438,0.8870,4.2114,2.5635,-2.0752
-0.0920,-0.5521,0.8767,2.9297,3.9062,0.3052
-0.0776,-0.5394,0.8816,4.3335,3.5400,2.9297
-0.0778,-0.5492,0.8940,4.9438,3.9673,3.1738
-0.0608,-0.5231,0.8691,5.1880,5.6152,3.2959
-0.0608,-0.5229,0.8679,5.0049,3.2349,1.4038
-0.0570,-0.5305,0.8881,6.4697,2.6245,-0.2441
-0.0717,-0.5441,0.8872,4.8218,2.3804,-0.4272
-0.0691,-0.5386,0.8798,3.4180,3.8452,0.1831
-0.0684,-0.5671,0.9116,6.2866,1.0986,-4.5166
-0.0640,-0.5565,0.9121,5.4932,2.1362,-1.4648
-0.0659,-0.5303,0.8942,6.0425,3.0518,-0.5493
-0.0697,-0.5286,0.8535,6.2866,2.9297,-2.4414
-0.0682,-0.5332,0.8862,7.7515,-0.5493,-2.9297
-0.0770,-0.5532,0.8763,10.3149,2.3804,-1.5259
-0.0708,-0.5441,0.8888,6.5918,2.0142,0.0000
-0.0636,-0.5376,0.9064,7.2632,1.2817,-0.7935
-0.0742,-0.5522,0.8800,9.0942,2.5635,-2.3804
-0.0884,-0.5420,0.8679,7.5073,2.9907,0.0000
-0.0713,-0.5497,0.8915,7.4463,1.4038,-0.4272
-0.0613,-0.5450,0.9043,5.9204,2.1973,-0.3052
-0.0591,-0.5312,0.8872,7.3242,2.5635,0.5493
-0.0653,-0.5430,0.8929,7.4463,1.1597,-1.0376
-0.0868,-0.5833,0.8794,5.0049,1.8921,-0.6714
-0.0862,-0.5532,0.8899,3.2349,2.5024,2.7466
-0.0739,-0.5435,0.8571,4.2114,4.3335,-1.0986
-0.0677,-0.5323,0.8656,6.8359,1.9531,-1.4648
-0.0806,-0.5581,0.8831,5.3101,1.9531,-2.1362
-0.0806,-0.5605,0.8781,7.4463,2.9907,0.3052
-0.0692,-0.5414,0.8861,8.8501,0.9155,3.5400
-0.0641,-0.5428,0.8812,7.0801,2.1973,-0.8545
-0.0675,-0.5533,0.8925,5.7983,2.5024,-0.9766
-0.0671,-0.5598,0.8922,6.8359,1.2817,-1.2817
-0.0817,-0.5527,0.8989,4.7607,1.2207,-0.0610
-0.0824,-0.5431,0.8719,0.0000,2.3804,-0.5493
-0.0831,-0.5544,0.8906,-4.2725,3.4180,-0.5493
-0.0720,-0.5494,0.8639,-8.4839,6.0425,0.1831
-0.0653,-0.5237,0.8746,-5.7983,4.3335,-0.4272
-0.0601,-0.5137,0.8973,2.4414,2.9907,-3.3569
-0.0764,-0.5427,0.8854,8.5449,3.6011,-2.6245
-0.0704,-0.5175,0.8715,11.9629,1.3428,0.5493
-0.0757,-0.5791,0.9076,9.3384,2.3193,-3.6011
-0.0756,-0.5627,0.8993,6.1035,2.6245,-0.5493
-0.0635,-0.5386,0.8900,7.1411,2.2583,2.8076
-0.0601,-0.5122,0.8712,9.7656,1.7090,5.4932
-0.0845,-0.5538,0.8701,8.1787,-0.1831,7.1411
-0.0802,-0.5282,0.9082,4.8218,-0.0610,8.7280
-0.0745,-0.5276,0.8972,-0.8545,5.3101,2.9907
-0.0439,-0.5043,0.8940,1.7700,5.2490,-1.2817
-0.0565,-0.5306,0.8677,7.1411,5.7983,-4.8828
-0.0762,-0.5442,0.8744,7.8125,1.9531,-2.6245
-0.0811,-0.5640,0.9272,7.6294,1.0986,-0.9766
-0.0609,-0.5283,0.8666,5.4321,5.0659,1.7090
-0.0640,-0.5240,0.8695,8.9722,0.7324,-0.6104
-0.0734,-0.5337,0.8931,9.0332,0.9155,0.3052
-0.0669,-0.5297,0.8783,4.2725,3.6621,-1.1597
-0.0807,-0.5563,0.9120,3.6621,1.8311,-0.6714
-0.0682,-0.5088,0.8723,6.2866,3.7842,1.5869
-0.0613,-0.5177,0.8701,4.7607,2.9907,-1.8921
-0.0680,-0.5488,0.9160,4.2725,1.4648,-2.9297
-0.0703,-0.5298,0.8949,5.2490,2.9907,-1.3428
-0.0630,-0.5330,0.8943,5.1880,2.8687,-2.6245
FIN_VENTANA
Progreso: 12/20
INICIO_VENTANA izquierda
-0.0736,-0.5312,0.8635,0.1221,3.4180,0.6104
-0.0831,-0.5405,0.8955,3.5400,-0.0610,-0.9766
-0.0953,-0.5784,0.9037,3.4180,2.6855,-1.7090
-0.0796,-0.5421,0.8838,2.6245,4.2725,1.1597
-0.0673,-0.5238,0.8862,5.0659,3.2349,0.9766
-0.0707,-0.5299,0.8754,5.6763,1.8921,-3.6621
-0.0984,-0.5669,0.8998,5.1270,2.9907,-2.6855
-0.0786,-0.5192,0.8804,6.4697,3.1738,0.0000
-0.0654,-0.5128,0.8579,6.8970,0.3052,-2.3193
-0.0643,-0.5143,0.8746,11.5967,-3.7231,-3.6621
-0.1117,-0.6106,0.9548,12.3291,-2.3193,-7.5073
-0.1119,-0.5885,0.9225,8.6670,3.7231,-1.5869
-0.0759,-0.5048,0.8458,5.2490,3.1738,0.0000
-0.0698,-0.5341,0.8540,6.8359,2.5024,-3.6621
-0.1003,-0.5815,0.9276,11.7798,-4.2725,-5.6763
-0.1010,-0.5833,0.8527,6.1035,4.8218,-0.3662
-0.0919,-0.5603,0.9019,6.7139,2.0142,0.2441
-0.0875,-0.5310,0.8517,6.2866,5.0049,0.9766
-0.0852,-0.5477,0.8867,3.9062,1.8921,-0.3052
-0.0880,-0.5529,0.8721,3.2349,3.6621,-0.6104
-0.0984,-0.5520,0.8674,4.5166,2.5024,2.4414
-0.0856,-0.5322,0.8885,5.0049,0.7935,2.6245
-0.0814,-0.5380,0.8921,3.8452,3.3569,-0.9766
-0.0953,-0.5648,0.8817,6.8970,3.2349,0.8545
-0.0825,-0.5387,0.8765,5.6152,2.0752,-0.5493
-0.0909,-0.5592,0.8999,4.6997,2.1362,-0.6714
-0.0958,-0.5442,0.8633,4.8828,4.1504,1.5259
-0.0835,-0.5442,0.8578,4.2725,3.1738,-0.1221
-0.0784,-0.5667,0.9192,2.8687,0.2441,-1.0986
-0.0802,-0.5515,0.8938,7.9346,3.2959,0.0610
-0.0835,-0.5383,0.8672,8.4229,2.8076,-1.7700
-0.0654,-0.5748,0.8973,9.0332,1.4038,-0.0610
-0.0837,-0.5513,0.8733,8.6670,4.7607,-0.3662
-0.0879,-0.5496,0.8547,7.6904,3.1128,-0.9766
-0.0802,-0.5470,0.8688,6.7749,2.1973,-1.5259
-0.0906,-0.5674,0.8925,6.7139,2.3804,-2.7466
-0.0917,-0.5688,0.8942,5.7373,4.0894,-0.3662
-0.0844,-0.5391,0.8645,5.4321,3.7231,2.5024
-0.0830,-0.5446,0.8531,5.5542,2.0142,-2.0142
-0.0752,-0.5701,0.8849,4.1504,0.9766,-1.6479
-0.0747,-0.5513,0.9003,7.5073,1.1597,0.0610
-0.0897,-0.5317,0.8527,8.3618,1.8311,-1.1597
-0.1163,-0.5806,0.8909,6.1035,0.2441,-3.7842
-0.1005,-0.5576,0.8750,4.8218,3.6011,-0.3052
-0.0829,-0.5403,0.8442,4.3335,3.2349,0.7935
-0.0754,-0.5472,0.8733,3.7231,2.0752,-1.1597
-0.0828,-0.5583,0.8903,4.2114,2.8687,-1.7090
-0.0902,-0.5488,0.8719,5.9814,2.0142,0.4883
-0.0905,-0.5452,0.8792,6.2256,3.2349,-1.8921
-0.0942,-0.5619,0.8698,7.0190,3.6621,-1.6479
-0.0878,-0.5592,0.8738,4.8218,0.9155,-0.1221
-0.0840,-0.5613,0.8802,4.4556,2.9907,-1.8311
-0.0844,-0.5488,0.8743,4.6387,3.6621,-0.3662
-0.0927,-0.5466,0.8835,3.4180,1.4648,-0.6714
-0.1154,-0.5941,0.8883,0.9155,4.1504,-0.7935
-0.0834,-0.5437,0.8619,4.4556,4.6387,1.7700
-0.0695,-0.5280,0.8690,6.4697,2.4414,-1.2207
-0.0814,-0.5387,0.8669,6.7749,1.2817,-1.3428
-0.1056,-0.5723,0.8998,5.4932,2.5024,-1.4038
-0.0918,-0.5690,0.8762,7.5073,3.8452,2.3193
-0.0822,-0.5367,0.8567,5.9814,1.4038,2.5635
-0.0937,-0.5415,0.9038,4.8218,0.6104,-0.8545
-0.0895,-0.5637,0.8959,6.4087,2.0142,-2.0752
-0.0996,-0.5579,0.8765,4.0283,2.8687,0.4883
-0.0896,-0.5394,0.8722,3.6011,3.3569,2.2583
-0.0879,-0.5503,0.8762,4.0894,3.4790,-0.9766
-0.0825,-0.5419,0.8647,2.4414,3.6621,-0.1831
-0.0909,-0.5471,0.8822,3.2349,1.7700,-2.0142
-0.0986,-0.5737,0.8862,3.7231,1.8921,-1.1597
-0.0978,-0.5377,0.8746,1.6479,1.3428,2.1362
-0.0674,-0.5363,0.8854,-0.6714,2.9297,-1.2207
-0.0732,-0.5284,0.8762,2.1362,3.3569,-0.6104
-0.0748,-0.5026,0.8933,7.6294,0.4272,0.9155
-0.1250,-0.5598,0.9299,7.6294,1.4648,-0.6104
-0.0966,-0.5624,0.8893,5.9814,3.7231,-1.2207
-0.0670,-0.5171,0.8660,6.1646,2.9297,0.9155
-0.0819,-0.5442,0.8950,5.8594,1.6479,-1.9531
-0.0983,-0.5359,0.8806,5.4932,2.9297,-1.7700
-0.1013,-0.5237,0.8516,7.3853,1.2817,-2.1973
-0.1019,-0.5736,0.9205,7.2632,-0.2441,-3.7842
-0.0808,-0.5314,0.8707,6.0425,2.4414,-0.9155
-0.0790,-0.5197,0.8838,9.0332,0.4272,-2.6855
-0.1090,-0.5715,0.8997,9.0332,0.9766,-2.9907
-0.1263,-0.5496,0.8420,6.7749,5.0659,0.4883
-0.0946,-0.5513,0.8346,7.0801,4.4556,-1.7090
-0.1055,-0.5551,0.8763,6.1035,2.1973,-3.0518
-0.0952,-0.5924,0.8412,2.5024,1.5869,-4.6387
-0.0900,-0.5562,0.9398,0.8545,-2.1973,-3.3569
-0.0901,-0.5685,0.9344,0.4272,3.7842,-0.3052
-0.0830,-0.5026,0.8413,3.0518,6.0425,-0.2441
-0.0994,-0.5300,0.8746,8.6670,0.5493,-4.8828
-0.1091,-0.5430,0.8967,8.2397,1.2207,-2.6855
-0.1224,-0.5515,0.8622,5.1880,3.3569,-3.7842
-0.1210,-0.5536,0.8884,4.7607,5.9204,1.5869
-0.0974,-0.5426,0.8984,3.5400,4.5166,1.8311
-0.0789,-0.5200,0.8960,7.9956,2.4414,0.1831
-0.1029,-0.5442,0.8497,19.2871,-1.2207,-2.9907
-0.1266,-0.6094,0.9263,22.0947,-4.0283,-1.5259
-0.0964,-0.5397,0.9131,14.8315,3.7231,0.1221
-0.0826,-0.5973,0.9403,13.0615,3.0518,0.2441
FIN_VENTANA
Progreso: 13/20
INICIO_VENTANA izquierda
-0.0717,-0.5685,0.9692,8.0566,-4.1504,-0.7935
-0.0756,-0.5350,0.8638,11.6577,0.6714,0.9155
-0.0717,-0.5281,0.8914,12.7563,-1.8311,-0.3662
-0.0856,-0.5482,0.8922,15.1978,1.8921,-2.8687
-0.1018,-0.5627,0.8298,15.2588,2.1362,-1.4648
-0.0773,-0.5671,0.8811,12.6953,1.9531,-2.6855
-0.0682,-0.5292,0.9104,15.3809,-0.4883,-3.3569
-0.0831,-0.5703,0.8483,14.6484,3.4790,-4.6387
-0.0953,-0.5637,0.9232,10.4370,1.8921,-0.6104
-0.0991,-0.5498,0.8463,21.3623,5.4321,-1.4648
-0.0836,-0.5946,0.9114,10.4370,0.4272,-1.5869
-0.0756,-0.5845,0.8643,7.0190,4.5166,-0.4272
-0.0626,-0.5393,0.8337,5.0049,4.5776,1.5869
-0.0947,-0.5933,0.8422,4.5776,2.3804,-0.4272
-0.0874,-0.5847,0.8508,2.0142,2.9907,1.2207
-0.0787,-0.5789,0.8690,4.5776,0.4883,-0.7935
-0.0939,-0.5791,0.8700,4.0283,1.3428,0.9155
-0.0630,-0.5208,0.8281,5.5542,5.1270,0.9155
-0.0773,-0.5706,0.8596,9.4604,1.8311,-2.9297
-0.0933,-0.5839,0.8572,12.1460,2.1973,-2.4414
-0.0752,-0.5811,0.9010,8.9111,1.2817,-2.3804
-0.0861,-0.6056,0.8708,9.3384,1.6479,-2.3804
-0.0989,-0.6302,0.8879,3.2959,1.9531,-0.0610
-0.0686,-0.5725,0.8383,1.4648,4.8828,2.3804
-0.0746,-0.5762,0.8502,2.9907,2.6855,0.9766
-0.0907,-0.5867,0.8729,6.9580,2.2583,1.0986
-0.0964,-0.5833,0.8427,2.8687,2.9907,3.3569
-0.0754,-0.5431,0.8450,1.6479,2.2583,3.4790
-0.0758,-0.5836,0.9000,4.0894,2.3804,0.1221
-0.0756,-0.5773,0.8572,6.0425,2.7466,0.0610
-0.0806,-0.5852,0.8660,7.3242,2.4414,-0.0610
-0.0720,-0.5741,0.8439,6.1035,3.4180,-0.4272
-0.0776,-0.5747,0.8669,3.5400,1.7700,-0.6714
-0.0760,-0.5675,0.8806,0.6104,1.7090,-0.3662
-0.0757,-0.5616,0.8645,1.1597,2.3804,0.4272
-0.0796,-0.5687,0.8503,2.9907,1.6479,0.0610
-0.0829,-0.5878,0.8585,1.9531,0.3662,3.2349
-0.0828,-0.5914,0.8868,0.6714,0.7324,2.8076
-0.0811,-0.5624,0.8650,1.6479,3.4790,2.9907
-0.0734,-0.5511,0.8533,3.4790,5.3711,1.9531
-0.0725,-0.5660,0.8726,5.3711,1.4648,-1.9531
-0.0745,-0.5645,0.8916,6.1646,2.1973,-1.7090
-0.0731,-0.5642,0.8677,6.0425,2.5024,-1.2817
-0.0731,-0.5542,0.8677,5.0659,0.9766,-0.4883
-0.0878,-0.5693,0.8741,2.0142,1.2817,0.3662
-0.0699,-0.5669,0.8766,2.8687,1.7090,-0.9155
-0.0686,-0.5660,0.8802,2.5024,2.5635,-1.2207
-0.0829,-0.5500,0.8638,2.5024,1.2207,-0.5493
-0.0846,-0.5482,0.8752,3.6011,0.4272,-0.9155
-0.0902,-0.5602,0.8925,5.1880,1.2817,-2.9907
-0.0796,-0.5366,0.8656,4.3945,1.8311,-0.6714
-0.0800,-0.5729,0.8828,4.8218,1.9531,-1.7090
-0.0791,-0.5627,0.8641,4.2725,4.5166,0.6714
-0.0743,-0.5380,0.8784,4.3335,3.5400,2.4414
-0.0930,-0.5610,0.8661,6.4697,2.7466,1.4038
-0.0691,-0.5338,0.8861,5.5542,3.2349,3.4180
-0.0710,-0.5474,0.8861,8.2397,2.0752,-1.9531
-0.0768,-0.5631,0.8826,8.7891,0.7324,-2.0752
-0.0824,-0.5658,0.8776,8.1787,1.8921,-2.2583
-0.0876,-0.5773,0.8759,3.8452,3.1738,-1.6479
-0.0764,-0.5452,0.8560,5.6152,2.4414,-0.9766
-0.0854,-0.5656,0.8838,5.2490,1.8311,-0.3052
-0.0757,-0.5338,0.8762,7.2021,2.3193,0.6714
-0.0809,-0.5671,0.8706,5.7983,2.4414,-1.4648
-0.0790,-0.5519,0.8727,4.0283,2.5635,-0.8545
-0.0800,-0.5605,0.8822,7.7515,2.1362,-2.1362
-0.0831,-0.5500,0.8650,6.6528,2.9907,-0.4272
-0.0826,-0.5565,0.8811,6.7749,1.4648,-1.7090
-0.0862,-0.5660,0.8722,7.7515,2.7466,-1.3428
-0.0790,-0.5492,0.8690,6.2256,3.1738,-0.2441
-0.0894,-0.5758,0.8773,5.9204,2.9907,-1.7090
-0.0748,-0.5614,0.8739,8.9722,2.4414,-2.4414
-0.0759,-0.5576,0.8860,6.6528,1.9531,-1.7090
-0.0957,-0.5770,0.8756,5.7373,1.7700,-1.4648
-0.0848,-0.5674,0.8655,6.7139,3.9673,-1.2207
-0.0693,-0.5439,0.8864,7.3853,1.7090,-0.3052
-0.0977,-0.5857,0.8573,7.6904,2.7466,-2.3804
-0.0862,-0.5681,0.8593,4.9438,3.5400,1.3428
-0.0875,-0.5765,0.8717,3.6011,3.2959,0.9155
-0.0806,-0.5679,0.8433,5.6763,4.2114,2.1973
-0.0740,-0.5571,0.8633,7.1411,3.1128,-0.0610
-0.0802,-0.5764,0.8817,6.2866,2.9907,-1.4648
-0.0720,-0.5511,0.8641,5.1880,2.6855,-1.7700
-0.0898,-0.5720,0.8695,4.2114,2.1973,-2.9297
-0.0797,-0.5637,0.8906,6.2866,1.4038,-0.1831
-0.0782,-0.5432,0.8685,6.4697,1.4648,0.4883
-0.0995,-0.5739,0.8621,6.0425,1.7700,-1.0986
-0.0801,-0.5604,0.8906,5.1270,2.8076,0.5493
-0.0763,-0.5502,0.8829,7.8735,2.0752,-1.7090
-0.0895,-0.5841,0.8724,13.7939,1.8311,-2.9297
-0.0620,-0.6284,0.8049,33.0200,3.9673,-3.3569
-0.0895,-0.5747,0.8102,9.5825,7.6904,-0.9155
-0.0693,-0.5862,0.8801,4.0894,3.2349,-0.4883
-0.0814,-0.5851,0.8547,4.6387,1.1597,-2.3193
-0.0905,-0.5795,0.8671,1.8921,0.6714,0.2441
-0.0872,-0.5638,0.8643,2.6855,2.9907,-2.5635
-0.0966,-0.5879,0.8516,4.5166,3.1738,-1.2207
-0.0902,-0.5587,0.8577,2.6855,2.1362,0.7935
-0.0896,-0.5757,0.8813,4.6997,3.0518,-0.9766
-0.0878,-0.5599,0.8503,5.1880,3.9673,1.2817
FIN_VENTANA
Progreso: 14/20
INICIO_VENTANA izquierda
-0.0875,-0.5680,0.8666,5.0659,2.3804,-1.1597
-0.0870,-0.5568,0.8521,7.6904,2.6245,15.3198
-0.1022,-0.5663,0.8502,7.6294,2.8687,-0.2441
-0.0853,-0.5688,0.8481,7.5073,1.6479,0.4272
-0.1055,-0.6161,0.8911,5.7983,0.6714,0.3052
-0.1116,-0.6155,0.8899,2.8687,4.8218,3.1128
-0.1042,-0.5721,0.8619,3.7842,6.5918,5.8594
-0.0494,-0.5424,0.9155,4.2725,2.3193,6.1646
-0.0408,-0.5183,0.8457,5.9814,4.8218,2.4414
-0.0698,-0.5679,0.8566,8.2397,1.1597,-4.7607
-0.1010,-0.5856,0.8358,7.0190,2.1973,-5.7373
-0.1007,-0.5923,0.8525,7.1411,0.8545,-4.7607
-0.0972,-0.5929,0.8840,5.6763,-0.3052,-3.6621
-0.0897,-0.5695,0.8759,5.8594,2.3193,-1.2207
-0.0819,-0.5347,0.8434,4.6387,2.8687,0.7935
-0.1041,-0.5847,0.8888,7.6904,2.5635,-1.7090
-0.0930,-0.6049,0.8894,7.9346,5.0659,-0.6714
-0.0858,-0.5759,0.8279,5.7983,6.8970,-0.2441
-0.0867,-0.5801,0.8673,6.7749,2.6245,-0.3662
-0.0699,-0.5679,0.8646,5.9204,0.9155,0.7324
-0.0880,-0.5673,0.8608,5.1880,1.8311,-0.9766
-0.0953,-0.5881,0.8658,2.9297,3.1738,-0.6714
-0.0786,-0.5699,0.8522,4.6997,3.2959,0.1831
-0.0887,-0.5779,0.8446,5.4321,2.9907,-0.5493
-0.0897,-0.5939,0.8704,4.4556,1.8311,-0.9766
-0.0803,-0.5632,0.8696,4.3335,1.8921,0.9155
-0.0881,-0.5768,0.8741,5.0049,0.4883,-1.4038
-0.0825,-0.5707,0.8619,3.6621,1.2207,-1.2817
-0.0870,-0.5677,0.8795,2.9297,1.7700,-1.0376
-0.0908,-0.5795,0.8739,3.6621,2.1973,-0.7324
-0.0901,-0.5719,0.8557,1.5259,4.3945,-0.6104
-0.0846,-0.5587,0.8611,4.6387,2.1362,-1.1597
-0.0771,-0.5736,0.8781,7.9956,0.8545,-1.6479
-0.0902,-0.5649,0.8621,12.6953,2.5024,-1.7090
-0.0977,-0.5820,0.8738,10.6201,4.3335,-1.3428
-0.0897,-0.5751,0.8583,11.7187,3.7842,-0.7324
-0.0907,-0.5773,0.8672,12.2070,3.7231,-0.6104
-0.0942,-0.5990,0.8668,11.2915,4.0894,-1.0376
-0.1062,-0.5869,0.8372,8.0566,6.5918,0.4272
-0.0785,-0.5859,0.8662,6.5918,5.1270,0.7935
-0.0632,-0.5588,0.8761,6.8359,1.7090,-0.3052
-0.0846,-0.5815,0.8491,8.3008,1.8921,-2.8687
-0.0906,-0.5869,0.8514,4.6387,2.0142,-1.7700
-0.0942,-0.6028,0.8331,2.5024,2.2583,-1.7700
-0.0836,-0.5941,0.8748,1.9531,1.0376,-0.9766
-0.0857,-0.5654,0.8483,5.9204,1.6479,-0.7935
-0.1003,-0.5867,0.8707,4.6997,1.0986,-0.7935
-0.0896,-0.5603,0.8424,4.0894,2.8076,2.0752
-0.0873,-0.5825,0.8584,5.3101,3.2349,0.8545
-0.0732,-0.5774,0.8887,5.4932,3.2349,-0.2441
-0.0914,-0.5979,0.8969,5.7373,1.2817,-2.5635
-0.0873,-0.5673,0.8319,7.8125,4.1504,-2.0752
-0.0999,-0.5912,0.8505,7.8735,1.5259,-2.4414
-0.0984,-0.6111,0.8677,5.4321,2.6245,-1.7700
-0.0937,-0.5867,0.8455,4.5166,2.7466,0.3052
-0.0814,-0.5829,0.8446,5.9204,3.3569,0.1221
-0.0840,-0.5941,0.8696,6.7749,3.2959,-0.0610
-0.0902,-0.5811,0.8494,8.2397,2.4414,-1.4648
-0.0836,-0.5864,0.8650,8.5449,2.3193,-1.3428
-0.0913,-0.5847,0.8607,8.4839,2.0142,-0.9766
-0.0968,-0.5862,0.8488,5.5542,2.5024,-1.7090
-0.0867,-0.5851,0.8612,6.3477,2.8687,-1.0376
-0.0892,-0.5803,0.8605,7.8735,1.5259,-1.5259
-0.0948,-0.5872,0.8448,9.5215,2.0142,-1.6479
-0.0950,-0.6074,0.8575,6.6528,1.7090,-0.1221
-0.0933,-0.5977,0.8563,6.0425,1.7090,0.2441
-0.1135,-0.6201,0.8546,9.8877,0.5493,0.1831
-0.1084,-0.6255,0.8899,7.0801,2.6855,1.9531
-0.0640,-0.5784,0.8584,5.1880,4.8218,1.8921
-0.0490,-0.5684,0.8315,8.1787,2.6245,-1.5869
-0.0828,-0.6122,0.8458,8.1177,5.2490,-2.8076
-0.0822,-0.6005,0.8427,7.2632,4.4556,-2.0142
-0.1165,-0.6229,0.8113,8.6060,4.6997,-1.9531
-0.0870,-0.5819,0.8878,9.9487,1.7700,2.9907
-0.0826,-0.5994,0.8369,10.1318,-0.1831,0.7935
-0.0826,-0.5680,0.7947,10.6812,-0.8545,1.2207
-0.1271,-0.4111,0.9823,12.2070,12.3901,-8.9722
-0.0991,-0.5831,0.8451,1.4648,-0.5493,-15.8081
-0.0980,-0.5828,0.8436,3.9673,-3.2959,-13.6719
-0.1089,-0.6090,0.8438,10.6201,-3.0518,-9.3384
-0.1318,-0.6023,0.8267,7.5684,-0.4272,-5.5542
-0.1248,-0.5913,0.8301,14.9536,-1.2817,-2.8687
-0.1471,-0.6123,0.8124,23.5596,-0.3052,1.3428
-0.1030,-0.5947,0.8201,20.7520,3.4790,2.7466
-0.1227,-0.5282,0.6003,20.0806,20.8130,14.4653
-0.1135,-0.6534,0.8239,11.2915,4.6997,1.5259
-0.0890,-0.6422,0.8175,7.7515,3.1128,1.6479
-0.0945,-0.6317,0.7892,13.2446,4.8218,6.2256
-0.1031,-0.6747,0.8101,12.5732,6.6528,-0.8545
-0.0837,-0.6152,0.7826,7.2021,4.5166,3.0518
-0.0964,-0.6469,0.7861,11.3525,3.1738,-0.8545
-0.1034,-0.6727,0.8126,8.0566,4.3945,1.3428
-0.0933,-0.6501,0.7808,10.3760,5.6152,3.1128
-0.0806,-0.6553,0.8141,9.9487,4.2725,0.1831
-0.0863,-0.6555,0.7743,9.9487,4.8218,0.2441
-0.0885,-0.6490,0.8104,5.6152,2.5635,1.4038
-0.0826,-0.6853,0.8268,4.7607,2.8687,-1.5259
-0.0834,-0.6719,0.8307,3.1128,2.2583,1.0986
-0.0674,-0.6240,0.8065,5.7373,2.9907,-0.2441
-0.0897,-0.6597,0.8190,2.9907,2.2583,-1.7090
FIN_VENTANA
Progreso: 15/20
INICIO_VENTANA izquierda
-0.0759,-0.6649,0.8010,9.0332,4.3945,-1.7090
-0.0825,-0.6614,0.8134,6.1035,2.6855,-0.3052
-0.0924,-0.6539,0.8031,8.4839,2.8076,0.6714
-0.0927,-0.6508,0.7708,8.9722,4.0283,-0.6714
-0.0842,-0.6638,0.8004,8.0566,2.8076,-0.9155
-0.0924,-0.7216,0.7843,15.1978,3.6011,-3.4180
-0.0784,-0.6658,0.8044,7.6294,2.6245,-1.1597
-0.1073,-0.6925,0.7545,9.8877,4.8828,-3.6011
-0.0892,-0.6610,0.7781,5.6152,3.6011,-0.1221
-0.0829,-0.6642,0.7858,6.7139,4.5166,0.6104
-0.0895,-0.6750,0.8015,3.9673,3.2959,0.2441
-0.0840,-0.6674,0.7904,4.4556,2.6245,0.6714
-0.0812,-0.6460,0.7832,4.6387,3.2959,0.3662
-0.0939,-0.6793,0.8066,4.2114,1.9531,-0.9155
-0.0840,-0.6522,0.7844,2.3804,3.8452,-0.1221
-0.0779,-0.6578,0.7930,6.3477,1.6479,-1.7700
-0.0874,-0.6813,0.8075,6.4697,1.4648,-2.1973
-0.0955,-0.6688,0.7909,5.4932,3.4180,-1.1597
-0.0901,-0.6647,0.7811,7.2632,3.5400,-2.3193
-0.0881,-0.6759,0.7998,4.6387,3.2959,-0.5493
-0.0862,-0.6591,0.7937,4.0894,3.1738,0.3052
-0.0981,-0.6765,0.7839,5.4321,3.9062,1.3428
-0.0789,-0.6523,0.7903,5.1270,4.5166,1.6479
-0.0850,-0.6667,0.7994,4.3945,2.3804,0.4883
-0.0825,-0.6770,0.8014,7.9346,1.4038,-1.7090
-0.0883,-0.6823,0.8208,7.4463,3.3569,-0.8545
-0.0812,-0.6642,0.7990,5.4321,2.5024,-0.8545
-0.0820,-0.6733,0.7911,5.1270,1.9531,-0.6104
-0.0804,-0.6788,0.8049,5.3101,2.5024,-0.9766
-0.0775,-0.6660,0.8077,7.2021,1.6479,-2.3804
-0.1002,-0.6700,0.7828,5.0659,2.0752,-1.9531
-0.0917,-0.6609,0.8016,2.6245,1.6479,-0.4883
-0.0781,-0.6538,0.8096,5.3101,1.4038,-1.1597
-0.0905,-0.6547,0.7869,5.6763,1.9531,-0.7324
-0.1008,-0.6790,0.7847,4.3945,1.1597,-1.0376
-0.0978,-0.6644,0.7908,2.9297,0.4272,-0.2441
-0.0853,-0.6692,0.8202,1.5869,2.1362,0.6104
-0.0785,-0.6632,0.8151,1.8921,3.1128,-0.6104
-0.0839,-0.6859,0.8042,2.5024,2.9297,-0.4883
-0.0796,-0.6667,0.8053,1.8311,2.3804,-1.0986
-0.0891,-0.6571,0.7991,0.9155,3.4180,-0.1221
-0.0912,-0.6604,0.7919,4.6997,3.4180,-0.7324
-0.0901,-0.6508,0.7886,6.2866,3.2959,-1.1597
-0.0840,-0.6381,0.7794,5.0659,3.7842,-0.3662
-0.0863,-0.6564,0.8091,2.2583,1.4038,0.0610
-0.0896,-0.6595,0.8285,-2.1973,3.4790,-1.2207
-0.0851,-0.6725,0.8414,-3.6621,3.4180,-0.3662
-0.0875,-0.6261,0.7665,0.7324,5.2490,-0.4883
-0.0872,-0.6525,0.8153,7.2632,2.1362,-1.7700
-0.0885,-0.6411,0.7952,5.9814,3.9673,-0.3662
-0.0914,-0.6398,0.7955,6.9580,3.6011,-1.3428
-0.0864,-0.6417,0.7969,9.2773,2.5024,-1.1597
-0.0862,-0.6506,0.8146,9.3994,2.5024,-0.3052
-0.0864,-0.6543,0.8083,9.0332,3.9062,-0.6104
-0.0828,-0.6544,0.8186,6.4087,3.4790,-1.7090
-0.0771,-0.6556,0.8290,5.6763,2.0752,-2.1973
-0.0930,-0.6538,0.7899,3.3569,3.9673,-2.4414
-0.0879,-0.6523,0.8169,5.7983,1.3428,-0.7324
-0.0931,-0.6624,0.8188,7.3853,1.6479,0.2441
-0.0840,-0.6393,0.7993,6.2256,2.7466,0.6714
-0.0914,-0.6605,0.7975,4.9438,2.8687,-0.2441
-0.0829,-0.6482,0.8005,6.2256,3.0518,0.4272
-0.0861,-0.6642,0.8220,4.7607,2.4414,-1.2817
-0.0880,-0.6606,0.8232,5.5542,1.8921,-0.4883
-0.0964,-0.6672,0.8245,6.2256,2.5635,0.6714
-0.0900,-0.6467,0.7915,2.1362,4.8218,2.0752
-0.0836,-0.6299,0.7819,3.0518,3.1128,2.4414
-0.0665,-0.6300,0.8350,4.4556,1.2207,1.5259
-0.0798,-0.6505,0.8158,6.9580,2.5024,-1.6479
-0.0930,-0.6606,0.8125,4.8828,2.1973,-1.6479
-0.0868,-0.6443,0.7946,2.8687,3.2959,-0.4272
-0.0814,-0.6506,0.8019,3.4790,2.1973,-1.8311
-0.0930,-0.6649,0.8071,2.8076,2.0142,-0.7324
-0.0889,-0.6493,0.8021,2.7466,2.2583,0.3052
-0.0712,-0.6410,0.8171,7.8735,1.8311,-0.3662
-0.0901,-0.6483,0.8180,10.5591,1.7090,-2.1362
-0.0845,-0.6461,0.8190,9.5825,2.9297,-2.5635
-0.0986,-0.6572,0.8088,6.8970,1.9531,-2.8076
-0.0961,-0.6545,0.8021,5.6152,4.2725,-0.4883
-0.0848,-0.6366,0.7938,4.9438,3.7842,-0.6104
-0.0898,-0.6636,0.8109,5.5542,4.7607,-0.4272
-0.0786,-0.6390,0.8209,5.1270,2.5635,0.0610
-0.0840,-0.6582,0.8334,7.6904,1.7090,-2.5635
-0.0887,-0.6696,0.8094,4.3335,4.1504,-1.1597
-0.0894,-0.6473,0.7703,5.3101,3.9062,-0.4883
-0.0892,-0.6655,0.7990,6.1035,2.6245,-1.4648
-0.0800,-0.6477,0.8000,6.1646,2.2583,0.1221
-0.0957,-0.6558,0.8043,4.9438,3.4180,0.7324
-0.0967,-0.6481,0.7902,7.5684,4.3335,0.0000
-0.0757,-0.6564,0.8253,5.1880,3.1738,0.6714
-0.0757,-0.6648,0.8315,2.8687,3.6011,0.9766
-0.0831,-0.6501,0.7910,5.4932,4.7607,0.5493
-0.0819,-0.6407,0.7927,2.3193,4.3335,-0.5493
-0.0847,-0.6511,0.8196,3.2959,2.1362,-1.3428
-0.0886,-0.6604,0.8245,5.8594,3.1128,-1.6479
-0.0774,-0.6361,0.8013,7.1411,2.2583,-0.7324
-0.0803,-0.6584,0.8285,7.6294,1.7700,-1.1597
-0.0861,-0.6582,0.8063,6.4697,3.2959,0.0000
-0.0839,-0.6471,0.7910,6.2866,2.6855,-0.3052
-0.0875,-0.6610,0.8170,5.4932,1.3428,-1.0986
FIN_VENTANA
Progreso: 16/20
INICIO_VENTANA izquierda
-0.0975,-0.6713,0.8081,6.4087,4.0894,-0.6104
-0.0669,-0.6545,0.8080,4.9438,4.2114,0.6104
-0.0728,-0.6538,0.8195,5.1270,1.4648,1.0986
-0.0707,-0.6293,0.8049,5.9814,2.1973,-0.9155
-0.0837,-0.6562,0.8087,6.6528,2.1973,-1.6479
-0.0833,-0.6458,0.8068,5.0659,3.2349,-0.7324
-0.0813,-0.6576,0.7952,5.3101,2.2583,-1.5259
-0.0779,-0.6542,0.8033,2.8687,1.9531,0.4883
-0.0730,-0.6532,0.8136,-0.1221,0.4883,2.2583
-0.0908,-0.6221,0.8246,2.5635,0.9766,2.0142
-0.0878,-0.6481,0.8136,7.5684,1.6479,-2.0142
-0.0856,-0.6542,0.8253,5.9204,4.0894,-0.9766
-0.0736,-0.6409,0.7738,8.6670,5.5542,-2.0752
-0.0728,-0.6669,0.8383,7.8735,-1.2817,-2.9907
-0.0989,-0.6653,0.8158,8.3618,2.0752,-2.0142
-0.0851,-0.6456,0.7799,7.5684,3.7842,-0.3052
-0.0801,-0.6553,0.8070,4.8218,0.8545,0.1831
-0.0814,-0.6619,0.8083,7.3242,0.4272,0.7324
-0.0820,-0.6927,0.9048,9.5215,-3.6621,-2.4414
-0.0929,-0.6589,0.8132,4.2725,5.6763,2.1973
-0.0692,-0.6257,0.7476,6.0425,6.2866,2.1973
-0.0621,-0.6367,0.7952,9.0332,2.3804,-2.2583
-0.0901,-0.6752,0.8348,7.5684,3.2959,-2.8687
-0.0876,-0.6604,0.8020,3.9673,3.1128,-0.9766
-0.0822,-0.6520,0.7903,3.0518,4.1504,0.7324
-0.0737,-0.6333,0.8187,7.3242,3.1738,-0.8545
-0.0986,-0.6790,0.8052,10.2539,2.8687,-1.7700
-0.0848,-0.6697,0.8071,6.8359,5.0049,0.3052
-0.0742,-0.6469,0.7941,7.8735,4.4556,0.9155
-0.0795,-0.6782,0.8175,8.3008,2.0142,-1.5259
-0.0782,-0.6469,0.7834,5.8594,3.4790,-0.7935
-0.0759,-0.6553,0.7921,5.9204,2.9297,-2.6245
-0.0796,-0.6815,0.8293,7.5073,1.0376,-4.0283
-0.0913,-0.6722,0.7792,6.4697,2.6855,-0.5493
-0.0807,-0.6725,0.8031,7.1411,1.7700,1.1597
-0.0752,-0.6595,0.8185,6.7749,1.9531,1.4038
-0.0846,-0.6632,0.8113,6.2866,3.2349,1.3428
-0.0795,-0.6449,0.7905,6.0425,2.9297,-2.1362
-0.0737,-0.6570,0.8074,6.3477,4.0894,-1.2207
-0.0723,-0.6716,0.8065,5.2490,3.1738,-1.9531
-0.0826,-0.6761,0.7792,6.7749,2.8687,-2.1973
-0.0970,-0.7158,0.7977,7.0801,2.5635,-2.1973
-0.0786,-0.6611,0.7954,7.0190,2.6245,0.4883
-0.0677,-0.6523,0.7987,4.5776,1.7700,0.2441
-0.0731,-0.6460,0.8118,7.2021,3.0518,-1.6479
-0.0945,-0.6967,0.7955,6.1646,3.4180,-1.6479
-0.0747,-0.6697,0.7900,6.1646,3.4180,0.3662
-0.0723,-0.6748,0.8015,7.3853,2.2583,-1.2817
-0.0762,-0.6715,0.8054,5.8594,1.8311,-1.5869
-0.0842,-0.6765,0.8055,3.6621,2.5635,-0.2441
-0.0721,-0.6625,0.7922,3.1128,2.8687,-0.5493
-0.0736,-0.6580,0.8025,6.0425,2.3193,-1.6479
-0.0908,-0.6766,0.7905,6.1035,2.8076,-0.9155
-0.0841,-0.6757,0.7878,3.5400,3.5400,-0.2441
-0.0687,-0.6672,0.8043,5.7373,2.1362,-0.5493
-0.0781,-0.6802,0.8024,6.7139,3.1738,-1.4038
-0.0776,-0.6530,0.7874,6.7749,3.6621,-1.3428
-0.0872,-0.6617,0.7913,8.8501,2.1362,-2.8687
-0.0837,-0.6785,0.7880,7.0801,3.4790,-1.7090
-0.0604,-0.6591,0.8093,5.7373,2.4414,1.7700
-0.0852,-0.6572,0.7653,5.4932,2.0752,0.7324
-0.0914,-0.6802,0.8162,6.0425,2.5024,0.3662
-0.0746,-0.6714,0.8037,7.5073,4.0894,0.6714
-0.0667,-0.6523,0.7900,7.8125,3.1738,-1.8921
-0.0885,-0.6909,0.7893,7.6294,4.2725,-2.3804
-0.0770,-0.6565,0.7939,4.0283,4.2114,0.8545
-0.0742,-0.6738,0.7980,5.9814,1.4648,-0.6104
-0.0845,-0.6797,0.7960,5.2490,2.1973,0.1221
-0.0779,-0.6622,0.7871,3.8452,2.9907,0.0000
-0.0769,-0.6720,0.8021,4.7607,1.8921,0.0610
-0.0734,-0.6711,0.8000,5.0049,2.1973,-0.4272
-0.0728,-0.6436,0.7926,4.3945,2.5024,-1.8311
-0.0912,-0.6677,0.7850,8.3618,3.0518,-1.7090
-0.0834,-0.6810,0.7783,6.5308,3.3569,-1.4648
-0.0682,-0.6652,0.7932,6.4087,2.4414,-1.0376
-0.0820,-0.6775,0.7852,5.6763,2.6245,-0.7324
-0.0756,-0.6483,0.8053,5.4321,2.0752,0.3052
-0.0902,-0.6418,0.7715,5.5542,3.1128,0.6714
-0.0870,-0.6842,0.7910,5.9814,1.9531,-0.9766
-0.0687,-0.6632,0.8087,9.2163,3.8452,-2.1973
-0.0934,-0.6940,0.7810,8.5449,3.4790,-2.0752
-0.0835,-0.6637,0.7787,6.2866,3.2959,0.1221
-0.0747,-0.6683,0.7982,5.7373,2.5024,-0.9766
-0.0875,-0.6813,0.7764,8.1177,2.0752,-1.4038
-0.0789,-0.6674,0.8035,7.9956,1.7090,-0.6714
-0.0853,-0.6877,0.7982,5.4932,2.8076,-0.0610
-0.0781,-0.6801,0.7812,8.7891,1.7090,-1.5869
-0.0875,-0.6919,0.7866,9.5825,1.9531,-1.5869
-0.0853,-0.6810,0.7778,10.1929,1.8311,-0.0610
-0.1073,-0.6947,0.7662,10.4980,2.5635,0.1831
-0.0948,-0.7377,0.7559,20.3247,2.8687,-1.7090
-0.0719,-0.6731,0.7612,14.8926,0.2441,0.4883
-0.0813,-0.6766,0.7751,7.2021,6.7749,-4.1504
-0.0887,-0.6860,0.7706,3.7842,4.4556,-0.6104
-0.0908,-0.6998,0.7708,8.9111,4.3335,-1.0986
-0.0697,-0.6670,0.7712,7.9956,5.7373,-2.1362
-0.0818,-0.7051,0.7777,7.8125,2.3193,1.0986
-0.0966,-0.7128,0.7709,4.0283,1.7700,2.4414
-0.0642,-0.6880,0.7627,8.9111,4.0894,2.4414
-0.0684,-0.6921,0.7468,8.2397,4.0894,-0.7935
FIN_VENTANA
Progreso: 17/20
INICIO_VENTANA izquierda
-0.0853,-0.6993,0.7557,6.0425,3.4790,-0.4272
-0.0732,-0.7013,0.7792,6.1646,2.4414,-1.0986
-0.0801,-0.7083,0.7810,4.5166,1.9531,-0.9766
-0.0823,-0.6997,0.7645,4.2725,3.5400,-0.8545
-0.0775,-0.6852,0.7579,4.6997,2.1973,-1.4038
-0.0757,-0.7104,0.7896,6.0425,1.0986,-1.2817
-0.0801,-0.6917,0.7603,6.4087,3.2959,-0.3052
-0.0883,-0.6802,0.7607,3.9673,3.3569,-0.0610
-0.0833,-0.6945,0.7426,7.7515,2.0752,-0.4883
-0.0776,-0.7062,0.7749,6.3477,2.0752,-0.1221
-0.0786,-0.6959,0.7714,6.2256,2.6855,0.2441
-0.0826,-0.6941,0.7758,6.9580,3.1128,-0.3662
-0.0785,-0.6963,0.7740,5.7373,3.0518,-1.4038
-0.0787,-0.7181,0.7885,5.9814,1.8311,-1.2207
-0.0828,-0.7068,0.7682,6.1646,2.6245,-1.2207
-0.0759,-0.7020,0.7715,5.7373,2.9297,-0.0610
-0.0908,-0.7123,0.7622,2.7466,2.1973,1.8921
-0.0804,-0.6906,0.7487,3.9673,2.8687,0.9155
-0.0596,-0.6805,0.7969,6.8359,0.8545,-0.9155
-0.0713,-0.6885,0.7999,5.9814,2.5635,-2.9297
-0.0873,-0.7039,0.7711,5.7983,3.0518,-3.0518
-0.0795,-0.6875,0.7308,4.3945,3.7842,-1.3428
-0.0890,-0.7157,0.7640,5.7983,1.5259,-1.9531
-0.0856,-0.7098,0.7815,5.9814,2.1973,-0.7935
-0.0813,-0.6803,0.7533,5.1880,3.6011,0.3052
-0.0839,-0.6771,0.7529,4.3945,3.3569,-0.6714
-0.0791,-0.6934,0.7729,6.5918,2.3193,-1.0376
-0.0823,-0.7013,0.7854,5.3101,1.4648,-0.9155
-0.0930,-0.7085,0.7610,4.3945,3.4180,-1.1597
-0.0813,-0.6929,0.7614,3.2959,3.1738,0.9155
-0.0751,-0.7045,0.7740,3.7231,1.8311,-0.3662
-0.0823,-0.6932,0.7618,5.4932,2.8687,-1.1597
-0.0824,-0.6877,0.7764,5.0659,3.6621,-0.7935
-0.0908,-0.7018,0.7650,4.5776,3.8452,-0.9155
-0.0754,-0.6969,0.7732,4.6387,3.6011,-0.1831
-0.0664,-0.6896,0.7738,5.3711,2.6245,-0.7935
-0.0853,-0.7007,0.7764,5.2490,1.7090,-1.1597
-0.0859,-0.7058,0.7550,3.1128,2.0142,0.9155
-0.0721,-0.6674,0.7810,5.7983,-0.5493,-2.1362
-0.0835,-0.7159,0.8131,6.1646,1.3428,-3.3569
-0.0885,-0.6980,0.7838,5.9204,4.1504,-2.9907
-0.0914,-0.6896,0.7388,4.7607,5.2490,-2.5635
-0.0981,-0.6967,0.7483,6.8970,3.5400,-1.0376
-0.0792,-0.6948,0.7632,7.8125,2.5635,-0.4272
-0.0833,-0.7002,0.7778,7.6294,2.1362,-0.7935
-0.0829,-0.7067,0.7896,7.0801,2.9907,0.3052
-0.0859,-0.6942,0.7657,7.9346,4.2114,-1.4648
-0.0828,-0.6982,0.7867,8.3618,2.9297,0.2441
-0.0848,-0.6974,0.7600,7.9956,2.0142,0.9766
-0.0815,-0.7012,0.7678,7.1411,2.9297,-0.1221
-0.0878,-0.6794,0.7703,6.7139,3.8452,0.6714
-0.0924,-0.7095,0.7716,6.5308,3.4790,-0.9766
-0.0790,-0.6978,0.7869,5.4932,4.0283,0.7935
-0.0758,-0.7124,0.7634,9.0332,3.9673,-0.8545
-0.0680,-0.7090,0.7432,8.3618,3.7231,-1.2817
-0.0804,-0.7224,0.7673,5.2490,2.6855,-0.3662
-0.0759,-0.6868,0.7722,4.0283,2.6855,-1.1597
-0.0929,-0.7003,0.7490,3.9062,3.5400,-0.3052
-0.0801,-0.7084,0.7689,3.6011,3.4180,-0.6714
-0.0675,-0.6826,0.7581,5.1880,3.6011,-0.0610
-0.0857,-0.7158,0.7657,4.3945,2.7466,-1.5869
-0.0819,-0.7072,0.7670,5.4932,3.4180,0.6714
-0.0703,-0.6772,0.7623,6.5308,3.2959,0.3052
-0.0865,-0.6964,0.7729,5.5542,3.1128,-0.1221
-0.0778,-0.7223,0.7749,5.7373,3.2959,0.7324
-0.0659,-0.7200,0.7748,4.0283,2.8687,0.8545
-0.0664,-0.6913,0.7739,3.6011,3.4790,1.5869
-0.0737,-0.6991,0.7756,5.4932,2.2583,-0.9766
-0.0786,-0.6915,0.7642,5.0049,2.3804,-1.8921
-0.0809,-0.7073,0.7633,5.0659,1.8311,-1.1597
-0.0708,-0.7075,0.7744,5.8594,2.6245,-0.8545
-0.0753,-0.7096,0.7793,6.7139,1.7090,-0.1831
-0.0785,-0.7007,0.7771,7.0801,2.4414,0.6714
-0.0753,-0.6919,0.7744,6.9580,3.6011,-0.8545
-0.0677,-0.6973,0.7697,7.6294,3.2959,-1.6479
-0.0757,-0.7024,0.7638,6.5918,3.2349,-1.4038
-0.0775,-0.7169,0.7535,7.6904,3.3569,-1.5869
-0.0704,-0.7009,0.7709,6.4087,1.5869,-1.2207
-0.0834,-0.7130,0.7697,7.2021,2.7466,-1.5869
-0.0835,-0.7095,0.7524,4.6997,3.2959,0.1221
-0.0684,-0.6824,0.7472,3.7231,3.1128,0.6104
-0.0811,-0.7197,0.7880,5.9204,2.1973,-2.2583
-0.0828,-0.7023,0.7589,5.2490,3.1128,0.3662
-0.0613,-0.6986,0.7834,4.6387,2.3804,-0.4272
-0.0708,-0.6931,0.7590,5.5542,2.7466,-0.4883
-0.0819,-0.6990,0.7682,6.2256,3.4790,-0.9766
-0.0790,-0.7013,0.7783,4.6997,1.9531,-1.5259
-0.0676,-0.6841,0.7531,7.5684,2.6855,-0.5493
-0.0751,-0.7086,0.7533,5.6152,2.1973,-1.8311
-0.0734,-0.7083,0.7727,5.9814,0.4883,-2.1973
-0.0812,-0.7123,0.8040,6.0425,0.0610,-2.3193
-0.0941,-0.7131,0.7791,5.6152,3.0518,0.0610
-0.0913,-0.7032,0.7452,3.9062,3.2959,1.2207
-0.0669,-0.6976,0.7729,5.2490,1.4648,0.9766
-0.0682,-0.7065,0.7806,4.1504,3.8452,3.4790
-0.0665,-0.6783,0.7621,5.7373,3.6011,0.3662
-0.0867,-0.6937,0.7573,4.3945,2.7466,-1.2817
-0.0771,-0.6993,0.7589,4.5166,2.9297,-0.3662
-0.0664,-0.6946,0.7659,5.9814,2.7466,-1.3428
-0.0807,-0.6947,0.7419,7.2021,0.6104,-2.1362
FIN_VENTANA
Progreso: 18/20
INICIO_VENTANA izquierda
-0.0712,-0.6874,0.7786,5.3101,2.6245,0.7935
-0.0789,-0.7131,0.7571,6.5918,3.3569,-0.9766
-0.0771,-0.7076,0.7527,6.4087,2.9297,0.0000
-0.0806,-0.7114,0.7682,5.8594,2.4414,-0.4883
-0.0775,-0.7114,0.7657,6.4087,3.3569,-0.7324
-0.0715,-0.6987,0.7649,6.3477,1.9531,-2.3193
-0.0886,-0.7137,0.7584,4.5776,3.5400,-1.4648
-0.0873,-0.7125,0.7419,4.2725,3.6621,-0.4272
-0.0767,-0.6953,0.7517,3.4790,2.9907,-0.2441
-0.0740,-0.7014,0.7698,5.5542,2.9297,-0.7324
-0.0894,-0.7216,0.7502,6.7749,2.8076,-0.7324
-0.0776,-0.7100,0.7655,3.5400,2.6245,0.9766
-0.0720,-0.7158,0.7784,6.4697,3.3569,-1.2817
-0.0771,-0.7020,0.7560,6.4697,1.4648,-1.8921
-0.0837,-0.6985,0.7716,7.2021,1.5259,-2.2583
-0.0831,-0.7136,0.7661,6.8359,3.0518,-1.7090
-0.0847,-0.7042,0.7543,5.0049,2.2583,0.8545
-0.0787,-0.7174,0.7513,6.1646,2.5024,-0.7324
-0.0731,-0.7085,0.7733,5.9204,1.9531,0.3052
-0.0774,-0.7104,0.7762,7.6904,1.7090,-1.2207
-0.0746,-0.7019,0.7747,6.5308,2.5024,-1.7090
-0.0895,-0.7146,0.7699,6.1035,2.6855,-1.0986
-0.0848,-0.7009,0.7432,4.8828,3.3569,0.3662
-0.0753,-0.7128,0.7484,6.8970,2.5635,-0.2441
-0.0764,-0.7234,0.7716,6.3477,2.1973,-0.4272
-0.0787,-0.7054,0.7684,5.6152,3.7842,-0.7324
-0.0812,-0.7084,0.7474,5.9814,2.8076,-1.4038
-0.0850,-0.7141,0.7428,5.1270,3.7842,-1.0986
-0.0784,-0.7150,0.7502,4.0283,3.3569,-0.4883
-0.0820,-0.6967,0.7424,3.6621,3.1128,0.1831
-0.0819,-0.7075,0.7808,5.2490,1.7700,-0.2441
-0.0872,-0.7145,0.7690,5.6152,2.9907,0.3052
-0.0662,-0.6775,0.7533,6.0425,5.0049,0.5493
-0.0710,-0.7133,0.7758,8.6670,0.5493,-1.5259
-0.0912,-0.7363,0.7750,10.1318,2.5024,-1.2817
-0.0692,-0.6936,0.7571,6.7749,4.5166,0.7324
-0.0767,-0.7089,0.7567,7.3242,2.8076,-1.4648
-0.0848,-0.7201,0.7388,7.7515,4.2725,-1.3428
-0.0764,-0.7056,0.7429,4.9438,4.3945,-0.7324
-0.0753,-0.7169,0.7654,5.9204,4.0283,-2.6855
-0.0800,-0.7205,0.7480,5.6152,3.7231,-1.5259
-0.0699,-0.7162,0.7631,7.0801,2.0142,-0.3662
-0.0793,-0.7181,0.7545,8.6060,2.4414,0.4272
-0.0778,-0.6909,0.7345,7.8735,3.5400,0.3662
-0.0841,-0.7357,0.7505,8.6670,1.7700,-0.7935
-0.0669,-0.7234,0.7546,8.1787,2.9297,0.4883
-0.0830,-0.7148,0.7125,7.3242,2.6855,-0.1831
-0.0930,-0.7615,0.7592,6.2256,0.0610,0.3052
-0.0792,-0.6062,0.8462,4.0283,0.4272,1.8311
-0.0807,-0.6949,0.7356,7.1411,4.2725,-3.9062
-0.0946,-0.7205,0.7411,10.3760,3.4790,-3.1738
-0.0858,-0.7218,0.7715,10.3149,6.4697,-0.5493
-0.0754,-0.7042,0.7327,7.1411,2.6855,0.0000
-0.0852,-0.6907,0.7006,9.3384,7.1411,6.0425
-0.0669,-0.7139,0.7560,7.9346,2.8687,0.8545
-0.0736,-0.7383,0.7354,6.5308,3.3569,1.0376
-0.0573,-0.7224,0.7596,5.7373,2.0752,1.1597
-0.0828,-0.7328,0.7639,6.2866,2.9907,-1.2207
-0.0692,-0.7054,0.7168,4.6387,5.3101,0.9155
-0.0696,-0.7257,0.7494,4.9438,2.9297,-1.2207
-0.0753,-0.7427,0.7513,4.8828,3.1128,-0.7935
-0.0681,-0.7123,0.7224,5.9814,3.4180,-0.1831
-0.0803,-0.7440,0.7415,6.2866,2.6245,-0.6714
-0.0743,-0.7262,0.7366,5.2490,2.9907,1.4038
-0.0654,-0.7119,0.7502,5.5542,2.3193,-0.9766
-0.0771,-0.7219,0.7167,7.2632,5.0659,-0.9155
-0.0714,-0.7303,0.7369,5.5542,3.2959,-0.1831
-0.0699,-0.7267,0.7465,3.7231,2.6245,0.6714
-0.0682,-0.7153,0.7291,6.2866,4.7607,0.8545
-0.0743,-0.7257,0.7340,6.2866,3.6621,0.4883
-0.0587,-0.7262,0.7435,6.3477,3.2959,0.4883
-0.0688,-0.7373,0.7445,4.8828,1.2207,-0.6714
-0.0667,-0.7198,0.7441,2.5635,2.0752,-0.5493
-0.0750,-0.7256,0.7410,3.0518,3.7231,-0.9766
-0.0642,-0.7172,0.7374,4.3335,2.8687,-1.4648
-0.0782,-0.7474,0.7440,4.6387,2.2583,-0.6104
-0.0654,-0.7333,0.7595,3.4180,4.2725,1.4648
-0.0569,-0.7133,0.7240,4.4556,3.1738,0.9155
-0.0658,-0.7334,0.7544,6.4697,2.2583,-0.5493
-0.0685,-0.7196,0.7395,7.0190,4.6997,-0.9155
-0.0603,-0.7157,0.7488,5.9204,3.7231,-1.1597
-0.0658,-0.7358,0.7582,5.6152,2.9297,-2.5635
-0.0656,-0.7327,0.7400,4.6387,3.6621,-0.7324
-0.0573,-0.7141,0.7421,3.4180,2.8076,0.6104
-0.0737,-0.7074,0.7382,3.6621,2.5635,-0.3662
-0.0741,-0.7263,0.7400,4.5776,3.1128,-1.2817
-0.0526,-0.7146,0.7505,4.0283,4.2725,0.6104
-0.0616,-0.7117,0.7555,5.2490,2.8687,0.9155
-0.0670,-0.7303,0.7125,5.0659,5.7983,-0.5493
-0.0616,-0.7351,0.7485,2.2583,5.1880,0.7324
-0.0477,-0.7037,0.7433,5.1880,2.3193,-1.4038
-0.0641,-0.7316,0.7555,4.0894,2.1362,-1.4648
-0.0646,-0.7150,0.7474,5.0049,3.9062,-0.1221
-0.0638,-0.7100,0.7250,6.4697,3.2349,-0.9766
-0.0612,-0.7163,0.7642,6.7749,1.6479,0.1221
-0.0725,-0.7280,0.7524,7.2021,4.8828,0.1831
-0.0638,-0.7346,0.7695,7.5684,5.1270,-0.5493
-0.0535,-0.6907,0.7187,4.8218,3.1738,-0.4272
-0.0297,-0.6569,0.7443,7.2632,4.2114,2.6245
-0.0638,-0.7347,0.7499,9.0942,0.3662,-3.1738
FIN_VENTANA
Progreso: 19/20
INICIO_VENTANA izquierda
-0.0654,-0.7340,0.7216,10.6201,3.7842,-0.8545
-0.0272,-0.6653,0.8077,10.8032,3.0518,-2.4414
-0.0796,-0.7211,0.7037,9.7046,4.2114,0.6104
-0.0703,-0.7533,0.7164,3.2959,4.3945,1.4648
-0.0649,-0.7448,0.7130,4.0283,4.2114,1.2207
-0.0645,-0.7499,0.7085,3.7842,2.3804,-0.2441
-0.0590,-0.7491,0.7441,4.7607,2.0142,0.0610
-0.0626,-0.7534,0.7362,5.1880,3.2959,-1.4038
-0.0593,-0.7241,0.7045,4.5166,2.7466,-1.0376
-0.0698,-0.7782,0.7341,3.3569,1.2817,-2.4414
-0.0610,-0.7395,0.7137,2.1973,3.1738,1.4648
-0.0566,-0.7198,0.7168,3.6621,2.5024,-0.7935
-0.0674,-0.7450,0.7145,4.7607,2.3193,0.1221
-0.0562,-0.7417,0.7366,5.8594,3.1128,-0.7324
-0.0562,-0.7328,0.7166,5.1880,3.4790,-0.6104
-0.0656,-0.7365,0.7158,5.4932,2.8076,-1.4038
-0.0698,-0.7633,0.7393,6.5918,1.4648,-2.0142
-0.0592,-0.7322,0.7257,4.5166,2.3804,0.6104
-0.0601,-0.7334,0.7194,5.1270,2.5635,-0.0610
-0.0693,-0.7517,0.7369,6.6528,2.0752,-1.3428
-0.0569,-0.7312,0.7555,5.3101,2.4414,0.1831
-0.0594,-0.7354,0.7379,5.8594,2.5024,-1.3428
-0.0577,-0.7555,0.7394,6.7139,2.8076,-1.4038
-0.0626,-0.7281,0.7257,3.9673,2.5635,0.6714
-0.0671,-0.7388,0.7086,6.7139,3.1128,-2.4414
-0.0614,-0.7374,0.7159,5.7983,1.8311,-2.0142
-0.0721,-0.7554,0.7305,6.9580,2.5024,-3.9062
-0.0834,-0.7518,0.6835,7.3853,4.4556,-1.4038
-0.0734,-0.7347,0.7047,4.6387,2.1362,0.0610
-0.0630,-0.7488,0.7468,5.0659,2.3193,-1.2207
-0.0762,-0.7594,0.7039,5.4932,4.5776,0.6104
-0.0679,-0.7280,0.7159,5.3101,1.7090,1.3428
-0.0547,-0.7626,0.7621,5.3101,3.1128,0.3052
-0.0687,-0.7415,0.7435,3.1128,5.7983,2.1362
-0.0569,-0.6921,0.6956,4.5776,5.2490,1.7090
-0.0618,-0.7156,0.7019,5.4321,2.9297,-0.2441
-0.0643,-0.7747,0.7593,5.0049,2.5024,-0.3662
-0.0553,-0.7317,0.7350,4.8218,4.4556,3.4180
-0.0449,-0.7135,0.7209,3.8452,3.5400,-0.4272
-0.0529,-0.7491,0.7311,5.2490,1.8921,-1.9531
-0.0629,-0.7478,0.7421,4.0894,2.5024,-1.5259
-0.0563,-0.7195,0.7291,3.7842,3.2959,-0.6104
-0.0641,-0.7271,0.7096,5.4932,2.5635,-0.9155
-0.0645,-0.7572,0.7413,4.3335,1.0376,-1.3428
-0.0519,-0.7306,0.7417,4.9438,2.9297,-0.8545
-0.0656,-0.7422,0.7368,5.0659,2.6245,-1.8921
-0.0690,-0.7450,0.7256,4.6997,1.5869,-0.8545
-0.0542,-0.7334,0.7415,5.1270,1.8921,-1.7090
-0.0649,-0.7480,0.7201,5.3101,3.0518,-1.1597
-0.0577,-0.7291,0.7329,4.4556,3.0518,0.1831
-0.0601,-0.7262,0.7343,5.2490,1.8921,-1.5259
-0.0769,-0.7350,0.7098,6.5918,3.7842,-2.2583
-0.0576,-0.7360,0.7158,6.4697,3.9673,-0.9155
-0.0732,-0.7186,0.7057,5.4321,3.2959,0.3662
-0.0703,-0.7467,0.7382,5.2490,2.0752,-1.0376
-0.0526,-0.7473,0.7671,5.4932,2.9907,0.3662
-0.0548,-0.7230,0.7264,7.0801,3.5400,0.2441
-0.0688,-0.7382,0.7047,6.9580,2.6855,-0.6104
-0.0634,-0.7552,0.7396,6.1646,3.1128,-0.1831
-0.0498,-0.7297,0.7435,5.9204,3.3569,-0.6104
-0.0726,-0.7543,0.7444,3.7842,2.8687,-1.4648
-0.0609,-0.7109,0.7118,3.6621,3.4180,0.4883
-0.0651,-0.7299,0.7301,6.3477,1.5259,-1.4038
-0.0607,-0.7419,0.7375,5.9204,1.9531,-1.0376
-0.0640,-0.7554,0.7454,4.8828,2.4414,-0.9155
-0.0530,-0.7374,0.7316,5.2490,2.9907,-0.4883
-0.0582,-0.7336,0.7257,6.3477,2.6855,-3.3569
-0.0718,-0.7339,0.7411,5.1270,2.5635,-1.5259
-0.0797,-0.7329,0.7286,5.7983,3.5400,-0.9155
-0.0575,-0.7252,0.7106,5.8594,4.2114,-0.5493
-0.0695,-0.7637,0.7388,5.9204,1.2207,-1.2207
-0.0544,-0.7410,0.7552,6.7139,1.3428,0.4272
-0.0632,-0.7164,0.7451,6.1646,2.2583,0.4272
-0.0681,-0.7271,0.7295,5.7373,2.6855,-1.1597
-0.0643,-0.7487,0.7223,7.9956,3.4180,-1.8311
-0.0627,-0.7542,0.7266,7.2021,3.2349,-0.1221
-0.0590,-0.7428,0.7570,6.1035,2.5024,-0.6714
-0.0645,-0.7369,0.7462,6.6528,3.1128,-0.4883
-0.0604,-0.7190,0.7285,5.1880,3.9062,-0.4883
-0.0632,-0.7302,0.6938,7.4463,2.9297,-1.9531
-0.0692,-0.7708,0.7390,7.4463,1.5869,-2.0752
-0.0431,-0.7258,0.7505,5.8594,2.3804,1.4038
-0.0669,-0.7305,0.7084,7.1411,2.8076,-0.7324
-0.0721,-0.7601,0.7318,6.0425,1.8311,-0.5493
-0.0476,-0.7373,0.7501,5.7983,2.7466,0.4883
-0.0555,-0.7299,0.7296,6.0425,3.3569,-2.1362
-0.0706,-0.7532,0.7313,6.8359,2.5024,-1.3428
-0.0540,-0.7253,0.7200,6.2256,3.2349,-0.3052
-0.0685,-0.7410,0.7091,7.2632,3.3569,-0.4883
-0.0616,-0.7426,0.7213,5.4321,2.9297,1.0986
-0.0527,-0.7435,0.7571,4.6387,2.0752,0.5493
-0.0592,-0.7446,0.7509,5.9204,2.9907,-1.4648
-0.0646,-0.7323,0.7335,3.4180,4.2114,0.1831
-0.0675,-0.7535,0.7191,5.4321,3.1738,-1.9531
-0.0543,-0.7413,0.7200,4.8828,3.2349,0.0610
-0.0627,-0.7616,0.7489,4.4556,0.2441,-1.9531
-0.0668,-0.7407,0.7383,4.8218,3.6011,-0.3052
-0.0503,-0.7267,0.7418,4.6997,2.6855,-0.6104
-0.0702,-0.7587,0.7233,5.5542,1.8311,-1.0986
-0.0542,-0.7308,0.7346,4.0283,2.5635,-0.4883
FIN_VENTANA
Progreso: 20/20
Lote completado: izquierda
Listo para nueva etiqueta. Formato: <etiqueta> <numero_de_ventanas>
